# Blender 4.1.1
# www.blender.org
mtllib CrossHair.mtl
o 球.002
v -0.038994 0.531556 -0.018246
v -0.022598 0.531658 -0.027306
v -0.001175 0.531792 -0.032210
v 0.010419 0.531864 -0.032841
v 0.022013 0.531936 -0.032210
v 0.043435 0.532070 -0.027306
v -0.047974 0.548564 -0.006284
v -0.044694 0.564993 -0.012326
v -0.039297 0.580148 -0.017895
v -0.031989 0.593448 -0.022776
v -0.023051 0.604381 -0.026782
v -0.012827 0.612528 -0.029758
v -0.001710 0.617575 -0.031591
v 0.009874 0.619327 -0.032210
v 0.021478 0.617719 -0.031591
v 0.032657 0.612811 -0.029758
v 0.042982 0.604793 -0.026782
v 0.052055 0.593972 -0.022776
v 0.059529 0.580764 -0.017895
v 0.065115 0.565677 -0.012326
v 0.068599 0.549290 -0.006284
v -0.048076 0.564972 -0.005919
v -0.044895 0.597177 -0.011611
v -0.039588 0.626873 -0.016857
v -0.032359 0.652917 -0.021455
v -0.023487 0.674310 -0.025228
v -0.013311 0.690228 -0.028032
v -0.002224 0.700061 -0.029758
v 0.009350 0.703430 -0.030341
v 0.020964 0.700205 -0.029758
v 0.032173 0.690512 -0.028032
v 0.042546 0.674721 -0.025228
v 0.051685 0.653441 -0.021455
v 0.059237 0.627489 -0.016857
v 0.064914 0.597861 -0.011611
v 0.068496 0.565698 -0.005919
v -0.048170 0.580093 -0.005327
v -0.045080 0.626839 -0.010450
v -0.039856 0.669935 -0.015171
v -0.032701 0.707725 -0.019309
v -0.023888 0.738756 -0.022705
v -0.013757 0.761837 -0.025228
v -0.002697 0.776081 -0.026782
v 0.008867 0.780939 -0.027306
v 0.020490 0.776225 -0.026782
v 0.031727 0.762121 -0.025228
v 0.042145 0.739168 -0.022705
v 0.051343 0.708248 -0.019309
v 0.058969 0.670550 -0.015171
v 0.064729 0.627523 -0.010450
v 0.068402 0.580819 -0.005327
v -0.048253 0.593347 -0.004530
v -0.045242 0.652837 -0.008887
v -0.040091 0.707679 -0.012902
v -0.033000 0.755764 -0.016421
v -0.024240 0.795244 -0.019309
v -0.014149 0.824603 -0.021455
v -0.003113 0.842713 -0.022776
v 0.008443 0.848876 -0.023222
v 0.020075 0.842857 -0.022776
v 0.031336 0.824887 -0.021455
v 0.041793 0.795656 -0.019309
v 0.051044 0.756287 -0.016421
v 0.058734 0.708294 -0.012902
v 0.064567 0.653521 -0.008887
v 0.068320 0.594073 -0.004530
v -0.048321 0.604224 -0.003560
v -0.045375 0.674174 -0.006982
v -0.040285 0.738654 -0.010137
v -0.033246 0.795188 -0.012902
v -0.024529 0.841603 -0.015171
v -0.014470 0.876114 -0.016857
v -0.003453 0.897396 -0.017895
v 0.008096 0.904631 -0.018246
v 0.019734 0.897541 -0.017895
v 0.031015 0.876397 -0.016857
v 0.041504 0.842014 -0.015171
v 0.050798 0.795712 -0.012902
v 0.058541 0.739270 -0.010137
v 0.064434 0.674858 -0.006982
v 0.068252 0.604950 -0.003560
v -0.049009 0.531494 0.000000
v -0.048371 0.612306 -0.002452
v -0.045473 0.690028 -0.004809
v -0.040428 0.761671 -0.006982
v -0.033428 0.824483 -0.008887
v -0.024744 0.876050 -0.010450
v -0.014708 0.914390 -0.011611
v -0.003707 0.938030 -0.012326
v 0.007838 0.946060 -0.012568
v 0.019481 0.938174 -0.012326
v 0.030776 0.914673 -0.011611
v 0.041289 0.876461 -0.010450
v 0.050616 0.825007 -0.008887
v 0.058397 0.762287 -0.006982
v 0.064335 0.690712 -0.004809
v 0.068201 0.613033 -0.002452
v -0.048402 0.617284 -0.001250
v -0.045534 0.699791 -0.002452
v -0.040516 0.775845 -0.003560
v -0.033541 0.842523 -0.004530
v -0.024876 0.897263 -0.005327
v -0.014855 0.937960 -0.005919
v -0.003862 0.963051 -0.006284
v 0.007679 0.971573 -0.006407
v 0.019325 0.963196 -0.006284
v 0.030629 0.938244 -0.005919
v 0.041157 0.897674 -0.005327
v 0.050503 0.843047 -0.004530
v 0.058309 0.776461 -0.003560
v 0.064275 0.700475 -0.002452
v 0.068170 0.618010 -0.001250
v -0.048413 0.618964 0.000000
v -0.045555 0.703088 0.000000
v -0.040546 0.780631 0.000000
v -0.033579 0.848614 -0.000000
v -0.024921 0.904425 0.000000
v -0.014904 0.945919 -0.000000
v -0.003915 0.971500 0.000000
v 0.007625 0.980187 0.000000
v 0.019273 0.971645 0.000000
v 0.030580 0.946202 -0.000000
v 0.041112 0.904837 0.000000
v 0.050465 0.849138 -0.000000
v 0.058279 0.781247 0.000000
v 0.064254 0.703772 0.000000
v 0.068160 0.619691 0.000000
v -0.048402 0.617284 0.001250
v -0.045534 0.699791 0.002452
v -0.040516 0.775845 0.003560
v -0.033541 0.842523 0.004530
v -0.024876 0.897263 0.005327
v -0.014855 0.937960 0.005919
v -0.003862 0.963051 0.006284
v 0.007679 0.971573 0.006407
v 0.019325 0.963196 0.006284
v 0.030629 0.938244 0.005919
v 0.041157 0.897674 0.005327
v 0.050503 0.843047 0.004530
v 0.058309 0.776461 0.003560
v 0.064275 0.700475 0.002452
v 0.068170 0.618010 0.001250
v -0.048371 0.612306 0.002452
v -0.045473 0.690028 0.004809
v -0.040428 0.761671 0.006982
v -0.033428 0.824483 0.008887
v -0.024744 0.876050 0.010450
v -0.014708 0.914390 0.011611
v -0.003707 0.938029 0.012326
v 0.007838 0.946060 0.012568
v 0.019481 0.938174 0.012326
v 0.030776 0.914673 0.011611
v 0.041289 0.876461 0.010450
v 0.050616 0.825007 0.008887
v 0.058397 0.762287 0.006982
v 0.064335 0.690712 0.004809
v 0.068201 0.613033 0.002452
v -0.048321 0.604224 0.003560
v -0.045375 0.674173 0.006982
v -0.040285 0.738654 0.010137
v -0.033246 0.795188 0.012902
v -0.024529 0.841603 0.015171
v -0.014470 0.876114 0.016857
v -0.003453 0.897396 0.017895
v 0.008096 0.904631 0.018246
v 0.019734 0.897541 0.017895
v 0.031015 0.876397 0.016857
v 0.041504 0.842014 0.015171
v 0.050798 0.795712 0.012902
v 0.058541 0.739270 0.010137
v 0.064434 0.674858 0.006982
v 0.068252 0.604950 0.003560
v -0.048253 0.593347 0.004530
v -0.045242 0.652837 0.008887
v -0.040091 0.707678 0.012902
v -0.033000 0.755764 0.016421
v -0.024240 0.795244 0.019309
v -0.014149 0.824603 0.021455
v -0.003113 0.842713 0.022776
v 0.008443 0.848876 0.023222
v 0.020075 0.842857 0.022776
v 0.031336 0.824887 0.021455
v 0.041793 0.795656 0.019309
v 0.051044 0.756287 0.016421
v 0.058734 0.708294 0.012902
v 0.064567 0.653521 0.008887
v 0.068320 0.594073 0.004530
v -0.048170 0.580093 0.005327
v -0.045080 0.626839 0.010450
v -0.039856 0.669935 0.015171
v -0.032701 0.707725 0.019309
v -0.023888 0.738756 0.022705
v -0.013757 0.761837 0.025228
v -0.002697 0.776081 0.026782
v 0.008867 0.780939 0.027306
v 0.020490 0.776225 0.026782
v 0.031727 0.762121 0.025228
v 0.042145 0.739168 0.022705
v 0.051343 0.708248 0.019309
v 0.058969 0.670550 0.015171
v 0.064729 0.627523 0.010450
v 0.068402 0.580819 0.005327
v -0.048076 0.564972 0.005919
v -0.044895 0.597177 0.011611
v -0.039588 0.626873 0.016857
v -0.032359 0.652917 0.021455
v -0.023487 0.674310 0.025228
v -0.013311 0.690228 0.028032
v -0.002224 0.700061 0.029758
v 0.009350 0.703430 0.030341
v 0.020964 0.700205 0.029758
v 0.032173 0.690512 0.028032
v 0.042546 0.674721 0.025228
v 0.051685 0.653441 0.021455
v 0.059237 0.627489 0.016857
v 0.064914 0.597861 0.011611
v 0.068496 0.565698 0.005919
v -0.047974 0.548564 0.006284
v -0.044694 0.564993 0.012326
v -0.039297 0.580148 0.017895
v -0.031989 0.593448 0.022776
v -0.023051 0.604381 0.026782
v -0.012827 0.612528 0.029758
v -0.001710 0.617574 0.031591
v 0.009874 0.619327 0.032210
v 0.021478 0.617719 0.031591
v 0.032657 0.612811 0.029758
v 0.042982 0.604793 0.026782
v 0.052055 0.593972 0.022776
v 0.059529 0.580764 0.017895
v 0.065115 0.565677 0.012326
v 0.068599 0.549290 0.006284
v -0.047868 0.531501 0.006407
v -0.044486 0.531522 0.012568
v -0.038994 0.531556 0.018246
v -0.031603 0.531602 0.023222
v -0.022598 0.531658 0.027306
v -0.012323 0.531722 0.030341
v -0.001175 0.531792 0.032210
v 0.010419 0.531864 0.032841
v 0.022013 0.531936 0.032210
v 0.033161 0.532006 0.030341
v 0.043435 0.532070 0.027306
v 0.052441 0.532126 0.023222
v 0.059831 0.532172 0.018246
v 0.065323 0.532206 0.012568
v 0.068705 0.532227 0.006407
v -0.047761 0.514437 0.006284
v -0.044277 0.498051 0.012326
v -0.038691 0.482964 0.017895
v -0.031218 0.469756 0.022776
v -0.022145 0.458935 0.026782
v -0.011820 0.450916 0.029758
v -0.000641 0.446009 0.031591
v 0.010964 0.444400 0.032210
v 0.022547 0.446153 0.031591
v 0.033664 0.451200 0.029758
v 0.043888 0.459346 0.026782
v 0.052826 0.470280 0.022776
v 0.060134 0.483580 0.017895
v 0.065532 0.498735 0.012326
v 0.068811 0.515164 0.006284
v -0.047659 0.498030 0.005919
v -0.044077 0.465866 0.011611
v -0.038400 0.436239 0.016857
v -0.030847 0.410287 0.021455
v -0.021709 0.389006 0.025228
v -0.011336 0.373216 0.028032
v -0.000127 0.363522 0.029758
v 0.011488 0.360298 0.030341
v 0.023061 0.363667 0.029758
v 0.034149 0.373499 0.028032
v 0.044324 0.389418 0.025228
v 0.053197 0.410810 0.021455
v 0.060425 0.436855 0.016857
v 0.065732 0.466551 0.011611
v 0.068913 0.498756 0.005919
v -0.047565 0.482909 0.005327
v -0.043892 0.436205 0.010450
v -0.038132 0.393177 0.015171
v -0.030506 0.355479 0.019309
v -0.021307 0.324560 0.022704
v -0.010890 0.301607 0.025228
v 0.000347 0.287503 0.026782
v 0.011971 0.282789 0.027306
v 0.023535 0.287647 0.026782
v 0.034595 0.301890 0.025228
v 0.044726 0.324971 0.022704
v 0.053538 0.356003 0.019309
v 0.060694 0.393793 0.015171
v 0.065917 0.436889 0.010450
v 0.069008 0.483635 0.005327
v -0.047482 0.469655 0.004530
v -0.043730 0.410206 0.008887
v -0.037897 0.355433 0.012902
v -0.030207 0.307440 0.016421
v -0.020955 0.268072 0.019309
v -0.010498 0.238841 0.021455
v 0.000762 0.220871 0.022776
v 0.012394 0.214852 0.023222
v 0.023950 0.221015 0.022776
v 0.034986 0.239124 0.021455
v 0.045078 0.268484 0.019309
v 0.053838 0.307964 0.016421
v 0.060929 0.356049 0.012902
v 0.066079 0.410891 0.008887
v 0.069090 0.470381 0.004530
v 0.069847 0.532234 0.000000
v -0.047414 0.458777 0.003560
v -0.043597 0.388870 0.006982
v -0.037704 0.324458 0.010137
v -0.029961 0.268016 0.012902
v -0.020666 0.221714 0.015171
v -0.010177 0.187330 0.016857
v 0.001103 0.166187 0.017895
v 0.012741 0.159097 0.018246
v 0.024291 0.166332 0.017895
v 0.035307 0.187614 0.016857
v 0.045367 0.222125 0.015171
v 0.054083 0.268540 0.012902
v 0.061122 0.325074 0.010137
v 0.066212 0.389554 0.006982
v 0.069158 0.459504 0.003560
v -0.047364 0.450695 0.002452
v -0.043498 0.373016 0.004809
v -0.037560 0.301441 0.006982
v -0.029778 0.238721 0.008887
v -0.020452 0.187266 0.010450
v -0.009939 0.149055 0.011611
v 0.001356 0.125554 0.012326
v 0.013000 0.117668 0.012568
v 0.024544 0.125698 0.012326
v 0.035545 0.149338 0.011611
v 0.045581 0.187678 0.010450
v 0.054266 0.239245 0.008887
v 0.061265 0.302057 0.006982
v 0.066311 0.373700 0.004809
v 0.069208 0.451421 0.002452
v -0.047333 0.445718 0.001250
v -0.043437 0.363253 0.002452
v -0.037472 0.287267 0.003560
v -0.029666 0.220681 0.004530
v -0.020320 0.166054 0.005327
v -0.009792 0.125484 0.005919
v 0.001512 0.100532 0.006284
v 0.013159 0.092155 0.006407
v 0.024700 0.100676 0.006284
v 0.035692 0.125768 0.005919
v 0.045713 0.166465 0.005327
v 0.054378 0.221205 0.004530
v 0.061354 0.287883 0.003560
v 0.066372 0.363937 0.002452
v 0.069239 0.446444 0.001250
v -0.047323 0.444037 -0.000000
v -0.043417 0.359956 -0.000000
v -0.037442 0.282481 -0.000000
v -0.029628 0.214590 -0.000000
v -0.020275 0.158891 -0.000000
v -0.009743 0.117526 -0.000000
v 0.001565 0.092083 -0.000000
v 0.013212 0.083541 -0.000000
v 0.024752 0.092228 -0.000000
v 0.035742 0.117809 -0.000000
v 0.045758 0.159303 -0.000000
v 0.054416 0.215113 -0.000000
v 0.061383 0.283097 -0.000000
v 0.066392 0.360640 -0.000000
v 0.069250 0.444764 -0.000000
v -0.047333 0.445718 -0.001250
v -0.043437 0.363253 -0.002452
v -0.037472 0.287267 -0.003560
v -0.029666 0.220681 -0.004530
v -0.020320 0.166054 -0.005327
v -0.009792 0.125484 -0.005919
v 0.001512 0.100532 -0.006284
v 0.013159 0.092156 -0.006407
v 0.024700 0.100676 -0.006284
v 0.035692 0.125768 -0.005919
v 0.045713 0.166465 -0.005327
v 0.054378 0.221205 -0.004530
v 0.061354 0.287883 -0.003560
v 0.066372 0.363937 -0.002452
v 0.069239 0.446444 -0.001250
v -0.047364 0.450695 -0.002452
v -0.043498 0.373016 -0.004809
v -0.037560 0.301441 -0.006982
v -0.029778 0.238721 -0.008887
v -0.020452 0.187266 -0.010450
v -0.009939 0.149055 -0.011611
v 0.001356 0.125554 -0.012326
v 0.013000 0.117668 -0.012568
v 0.024544 0.125698 -0.012326
v 0.035545 0.149338 -0.011611
v 0.045581 0.187678 -0.010450
v 0.054266 0.239245 -0.008887
v 0.061265 0.302057 -0.006982
v 0.066311 0.373700 -0.004809
v 0.069208 0.451421 -0.002452
v -0.047414 0.458777 -0.003560
v -0.043597 0.388870 -0.006982
v -0.037704 0.324458 -0.010137
v -0.029961 0.268016 -0.012902
v -0.020666 0.221714 -0.015171
v -0.010177 0.187330 -0.016857
v 0.001103 0.166187 -0.017895
v 0.012741 0.159097 -0.018246
v 0.024291 0.166332 -0.017895
v 0.035307 0.187614 -0.016857
v 0.045367 0.222125 -0.015171
v 0.054083 0.268540 -0.012902
v 0.061122 0.325074 -0.010137
v 0.066212 0.389554 -0.006982
v 0.069158 0.459504 -0.003560
v -0.047482 0.469655 -0.004530
v -0.043730 0.410206 -0.008887
v -0.037897 0.355434 -0.012902
v -0.030207 0.307440 -0.016421
v -0.020955 0.268072 -0.019309
v -0.010498 0.238841 -0.021455
v 0.000762 0.220871 -0.022776
v 0.012394 0.214852 -0.023222
v 0.023950 0.221015 -0.022776
v 0.034986 0.239124 -0.021455
v 0.045078 0.268484 -0.019309
v 0.053838 0.307964 -0.016421
v 0.060929 0.356049 -0.012902
v 0.066079 0.410891 -0.008887
v 0.069090 0.470381 -0.004530
v -0.047565 0.482909 -0.005327
v -0.043892 0.436205 -0.010450
v -0.038132 0.393178 -0.015171
v -0.030506 0.355479 -0.019309
v -0.021307 0.324560 -0.022704
v -0.010890 0.301607 -0.025228
v 0.000347 0.287503 -0.026782
v 0.011971 0.282789 -0.027306
v 0.023535 0.287647 -0.026782
v 0.034595 0.301890 -0.025228
v 0.044726 0.324971 -0.022704
v 0.053538 0.356003 -0.019309
v 0.060694 0.393793 -0.015171
v 0.065917 0.436889 -0.010450
v 0.069008 0.483635 -0.005327
v -0.047659 0.498030 -0.005919
v -0.044077 0.465866 -0.011611
v -0.038400 0.436239 -0.016857
v -0.030847 0.410287 -0.021455
v -0.021709 0.389007 -0.025228
v -0.011336 0.373216 -0.028032
v -0.000127 0.363523 -0.029758
v 0.011488 0.360298 -0.030341
v 0.023061 0.363667 -0.029758
v 0.034149 0.373500 -0.028032
v 0.044324 0.389418 -0.025228
v 0.053197 0.410810 -0.021455
v 0.060425 0.436855 -0.016857
v 0.065732 0.466551 -0.011611
v 0.068913 0.498756 -0.005919
v -0.047761 0.514437 -0.006284
v -0.044277 0.498051 -0.012326
v -0.038691 0.482964 -0.017895
v -0.031218 0.469756 -0.022776
v -0.022145 0.458935 -0.026782
v -0.011820 0.450916 -0.029758
v -0.000641 0.446009 -0.031591
v 0.010964 0.444401 -0.032210
v 0.022547 0.446153 -0.031591
v 0.033664 0.451200 -0.029758
v 0.043888 0.459347 -0.026782
v 0.052826 0.470280 -0.022776
v 0.060134 0.483580 -0.017895
v 0.065532 0.498735 -0.012326
v 0.068811 0.515164 -0.006284
v -0.047868 0.531501 -0.006407
v -0.044486 0.531522 -0.012568
v -0.031603 0.531602 -0.023222
v -0.012323 0.531722 -0.030341
v 0.033161 0.532006 -0.030341
v 0.052441 0.532126 -0.023222
v 0.059831 0.532172 -0.018246
v 0.065323 0.532206 -0.012568
v 0.068705 0.532227 -0.006407
v -0.593971 0.094250 -0.018246
v -0.593971 0.077854 -0.027306
v -0.593971 0.056431 -0.032210
v -0.593971 0.044837 -0.032841
v -0.593971 0.033243 -0.032210
v -0.593971 0.011820 -0.027306
v -0.576908 0.103124 -0.006284
v -0.560500 0.099742 -0.012326
v -0.545378 0.094250 -0.017895
v -0.532124 0.086860 -0.022776
v -0.521247 0.077854 -0.026782
v -0.513164 0.067579 -0.029758
v -0.508187 0.056431 -0.031591
v -0.506506 0.044837 -0.032210
v -0.508187 0.033243 -0.031591
v -0.513164 0.022094 -0.029758
v -0.521247 0.011820 -0.026782
v -0.532124 0.002814 -0.022776
v -0.545378 -0.004577 -0.017895
v -0.560500 -0.010069 -0.012326
v -0.576908 -0.013451 -0.006284
v -0.560500 0.103124 -0.005919
v -0.528315 0.099742 -0.011611
v -0.498653 0.094250 -0.016857
v -0.472654 0.086860 -0.021455
v -0.451317 0.077854 -0.025228
v -0.435462 0.067579 -0.028032
v -0.425699 0.056431 -0.029758
v -0.422402 0.044837 -0.030341
v -0.425699 0.033243 -0.029758
v -0.435462 0.022094 -0.028032
v -0.451317 0.011820 -0.025228
v -0.472654 0.002814 -0.021455
v -0.498653 -0.004577 -0.016857
v -0.528315 -0.010069 -0.011611
v -0.560500 -0.013451 -0.005919
v -0.545378 0.103124 -0.005327
v -0.498653 0.099742 -0.010450
v -0.455590 0.094250 -0.015171
v -0.417845 0.086860 -0.019309
v -0.386869 0.077854 -0.022705
v -0.363852 0.067579 -0.025228
v -0.349678 0.056431 -0.026782
v -0.344891 0.044837 -0.027306
v -0.349677 0.033243 -0.026782
v -0.363852 0.022094 -0.025228
v -0.386869 0.011820 -0.022705
v -0.417845 0.002814 -0.019309
v -0.455590 -0.004577 -0.015171
v -0.498653 -0.010069 -0.010450
v -0.545378 -0.013451 -0.005327
v -0.532124 0.103124 -0.004530
v -0.472654 0.099742 -0.008887
v -0.417845 0.094250 -0.012902
v -0.369805 0.086860 -0.016421
v -0.330380 0.077854 -0.019309
v -0.301084 0.067579 -0.021455
v -0.283044 0.056431 -0.022776
v -0.276953 0.044837 -0.023222
v -0.283044 0.033243 -0.022776
v -0.301084 0.022094 -0.021455
v -0.330380 0.011820 -0.019309
v -0.369805 0.002814 -0.016421
v -0.417845 -0.004577 -0.012902
v -0.472654 -0.010069 -0.008887
v -0.532124 -0.013451 -0.004530
v -0.521247 0.103124 -0.003560
v -0.451317 0.099742 -0.006982
v -0.386869 0.094250 -0.010137
v -0.330380 0.086860 -0.012902
v -0.284021 0.077854 -0.015171
v -0.249573 0.067579 -0.016857
v -0.228360 0.056431 -0.017895
v -0.221197 0.044837 -0.018246
v -0.228360 0.033243 -0.017895
v -0.249573 0.022094 -0.016857
v -0.284021 0.011820 -0.015171
v -0.330380 0.002814 -0.012902
v -0.386869 -0.004577 -0.010137
v -0.451317 -0.010069 -0.006982
v -0.521247 -0.013451 -0.003560
v -0.593971 0.104266 0.000000
v -0.513164 0.103124 -0.002452
v -0.435462 0.099742 -0.004809
v -0.363852 0.094250 -0.006982
v -0.301084 0.086860 -0.008887
v -0.249573 0.077854 -0.010450
v -0.211296 0.067579 -0.011611
v -0.187726 0.056431 -0.012326
v -0.179767 0.044837 -0.012568
v -0.187726 0.033243 -0.012326
v -0.211296 0.022094 -0.011611
v -0.249573 0.011820 -0.010450
v -0.301084 0.002814 -0.008887
v -0.363852 -0.004577 -0.006982
v -0.435462 -0.010069 -0.004809
v -0.513164 -0.013451 -0.002452
v -0.508187 0.103124 -0.001250
v -0.425699 0.099742 -0.002452
v -0.349678 0.094250 -0.003560
v -0.283044 0.086860 -0.004530
v -0.228360 0.077854 -0.005327
v -0.187726 0.067579 -0.005919
v -0.162703 0.056431 -0.006284
v -0.154254 0.044837 -0.006407
v -0.162703 0.033243 -0.006284
v -0.187726 0.022094 -0.005919
v -0.228360 0.011820 -0.005327
v -0.283044 0.002814 -0.004530
v -0.349678 -0.004577 -0.003560
v -0.425699 -0.010069 -0.002452
v -0.508187 -0.013451 -0.001250
v -0.506506 0.103124 0.000000
v -0.422402 0.099742 0.000000
v -0.344892 0.094250 0.000000
v -0.276953 0.086860 -0.000000
v -0.221197 0.077854 0.000000
v -0.179767 0.067579 -0.000000
v -0.154254 0.056431 0.000000
v -0.145640 0.044837 0.000000
v -0.154254 0.033243 0.000000
v -0.179767 0.022094 -0.000000
v -0.221197 0.011820 0.000000
v -0.276953 0.002814 -0.000000
v -0.344892 -0.004577 0.000000
v -0.422402 -0.010069 0.000000
v -0.506506 -0.013451 0.000000
v -0.508187 0.103124 0.001250
v -0.425699 0.099742 0.002452
v -0.349678 0.094250 0.003560
v -0.283044 0.086860 0.004530
v -0.228360 0.077854 0.005327
v -0.187726 0.067579 0.005919
v -0.162703 0.056431 0.006284
v -0.154254 0.044837 0.006407
v -0.162703 0.033243 0.006284
v -0.187726 0.022094 0.005919
v -0.228360 0.011820 0.005327
v -0.283044 0.002814 0.004530
v -0.349678 -0.004577 0.003560
v -0.425699 -0.010069 0.002452
v -0.508187 -0.013451 0.001250
v -0.513164 0.103124 0.002452
v -0.435462 0.099742 0.004809
v -0.363852 0.094250 0.006982
v -0.301084 0.086860 0.008887
v -0.249573 0.077854 0.010450
v -0.211296 0.067579 0.011611
v -0.187726 0.056431 0.012326
v -0.179767 0.044837 0.012568
v -0.187726 0.033243 0.012326
v -0.211296 0.022094 0.011611
v -0.249573 0.011820 0.010450
v -0.301084 0.002814 0.008887
v -0.363852 -0.004577 0.006982
v -0.435462 -0.010069 0.004809
v -0.513164 -0.013451 0.002452
v -0.521247 0.103124 0.003560
v -0.451317 0.099742 0.006982
v -0.386869 0.094250 0.010137
v -0.330380 0.086860 0.012902
v -0.284021 0.077854 0.015171
v -0.249573 0.067579 0.016857
v -0.228360 0.056431 0.017895
v -0.221197 0.044837 0.018246
v -0.228360 0.033243 0.017895
v -0.249573 0.022094 0.016857
v -0.284021 0.011820 0.015171
v -0.330380 0.002814 0.012902
v -0.386869 -0.004577 0.010137
v -0.451317 -0.010069 0.006982
v -0.521247 -0.013451 0.003560
v -0.532124 0.103124 0.004530
v -0.472654 0.099742 0.008887
v -0.417845 0.094250 0.012902
v -0.369805 0.086860 0.016421
v -0.330380 0.077854 0.019309
v -0.301084 0.067579 0.021455
v -0.283044 0.056431 0.022776
v -0.276953 0.044837 0.023222
v -0.283044 0.033243 0.022776
v -0.301084 0.022094 0.021455
v -0.330380 0.011820 0.019309
v -0.369805 0.002814 0.016421
v -0.417845 -0.004577 0.012902
v -0.472654 -0.010069 0.008887
v -0.532124 -0.013451 0.004530
v -0.545378 0.103124 0.005327
v -0.498653 0.099742 0.010450
v -0.455590 0.094250 0.015171
v -0.417845 0.086860 0.019309
v -0.386869 0.077854 0.022705
v -0.363852 0.067579 0.025228
v -0.349678 0.056431 0.026782
v -0.344892 0.044837 0.027306
v -0.349678 0.033243 0.026782
v -0.363852 0.022094 0.025228
v -0.386869 0.011820 0.022705
v -0.417845 0.002814 0.019309
v -0.455590 -0.004577 0.015171
v -0.498653 -0.010069 0.010450
v -0.545378 -0.013451 0.005327
v -0.560500 0.103124 0.005919
v -0.528315 0.099742 0.011611
v -0.498653 0.094250 0.016857
v -0.472654 0.086860 0.021455
v -0.451317 0.077854 0.025228
v -0.435462 0.067579 0.028032
v -0.425699 0.056431 0.029758
v -0.422402 0.044837 0.030341
v -0.425699 0.033243 0.029758
v -0.435462 0.022094 0.028032
v -0.451317 0.011820 0.025228
v -0.472654 0.002814 0.021455
v -0.498653 -0.004577 0.016857
v -0.528315 -0.010069 0.011611
v -0.560500 -0.013451 0.005919
v -0.576908 0.103124 0.006284
v -0.560500 0.099742 0.012326
v -0.545378 0.094250 0.017895
v -0.532124 0.086860 0.022776
v -0.521247 0.077854 0.026782
v -0.513164 0.067579 0.029758
v -0.508187 0.056431 0.031591
v -0.506506 0.044837 0.032210
v -0.508187 0.033243 0.031591
v -0.513164 0.022094 0.029758
v -0.521247 0.011820 0.026782
v -0.532124 0.002814 0.022776
v -0.545378 -0.004577 0.017895
v -0.560500 -0.010069 0.012326
v -0.576908 -0.013451 0.006284
v -0.593971 0.103124 0.006407
v -0.593971 0.099742 0.012568
v -0.593971 0.094250 0.018246
v -0.593971 0.086860 0.023222
v -0.593971 0.077854 0.027306
v -0.593971 0.067579 0.030341
v -0.593971 0.056431 0.032210
v -0.593972 0.044837 0.032841
v -0.593971 0.033243 0.032210
v -0.593971 0.022094 0.030341
v -0.593971 0.011820 0.027306
v -0.593971 0.002814 0.023222
v -0.593971 -0.004577 0.018246
v -0.593971 -0.010069 0.012568
v -0.593971 -0.013451 0.006407
v -0.611035 0.103124 0.006284
v -0.627443 0.099742 0.012326
v -0.642564 0.094250 0.017895
v -0.655819 0.086860 0.022776
v -0.666696 0.077854 0.026782
v -0.674779 0.067579 0.029758
v -0.679756 0.056431 0.031591
v -0.681437 0.044837 0.032210
v -0.679756 0.033243 0.031591
v -0.674779 0.022094 0.029758
v -0.666696 0.011820 0.026782
v -0.655819 0.002814 0.022776
v -0.642564 -0.004577 0.017895
v -0.627443 -0.010069 0.012326
v -0.611035 -0.013451 0.006284
v -0.627443 0.103124 0.005919
v -0.659628 0.099742 0.011611
v -0.689290 0.094250 0.016857
v -0.715289 0.086860 0.021455
v -0.736626 0.077854 0.025228
v -0.752481 0.067579 0.028032
v -0.762244 0.056431 0.029758
v -0.765541 0.044837 0.030341
v -0.762244 0.033243 0.029758
v -0.752481 0.022094 0.028032
v -0.736626 0.011820 0.025228
v -0.715289 0.002814 0.021455
v -0.689290 -0.004577 0.016857
v -0.659628 -0.010069 0.011611
v -0.627443 -0.013451 0.005919
v -0.642564 0.103124 0.005327
v -0.689290 0.099742 0.010450
v -0.732353 0.094250 0.015171
v -0.770097 0.086860 0.019309
v -0.801074 0.077854 0.022704
v -0.824091 0.067579 0.025228
v -0.838265 0.056431 0.026782
v -0.843051 0.044837 0.027306
v -0.838265 0.033243 0.026782
v -0.824091 0.022094 0.025228
v -0.801074 0.011820 0.022704
v -0.770097 0.002814 0.019309
v -0.732353 -0.004577 0.015171
v -0.689290 -0.010069 0.010450
v -0.642564 -0.013451 0.005327
v -0.655819 0.103124 0.004530
v -0.715289 0.099742 0.008887
v -0.770097 0.094250 0.012902
v -0.818137 0.086860 0.016421
v -0.857562 0.077854 0.019309
v -0.886858 0.067579 0.021455
v -0.904898 0.056431 0.022776
v -0.910990 0.044837 0.023222
v -0.904898 0.033243 0.022776
v -0.886858 0.022094 0.021455
v -0.857562 0.011820 0.019309
v -0.818137 0.002814 0.016421
v -0.770097 -0.004577 0.012902
v -0.715289 -0.010069 0.008887
v -0.655819 -0.013451 0.004530
v -0.593971 -0.014593 0.000000
v -0.666696 0.103124 0.003560
v -0.736626 0.099742 0.006982
v -0.801073 0.094250 0.010137
v -0.857563 0.086860 0.012902
v -0.903922 0.077854 0.015171
v -0.938370 0.067579 0.016857
v -0.959583 0.056431 0.017895
v -0.966745 0.044837 0.018246
v -0.959583 0.033243 0.017895
v -0.938370 0.022094 0.016857
v -0.903922 0.011820 0.015171
v -0.857563 0.002814 0.012902
v -0.801074 -0.004577 0.010137
v -0.736626 -0.010069 0.006982
v -0.666696 -0.013451 0.003560
v -0.674779 0.103124 0.002452
v -0.752481 0.099742 0.004809
v -0.824091 0.094250 0.006982
v -0.886858 0.086860 0.008887
v -0.938370 0.077854 0.010450
v -0.976646 0.067579 0.011611
v -1.000217 0.056431 0.012326
v -1.008176 0.044837 0.012568
v -1.000217 0.033243 0.012326
v -0.976646 0.022094 0.011611
v -0.938370 0.011820 0.010450
v -0.886858 0.002814 0.008887
v -0.824091 -0.004577 0.006982
v -0.752481 -0.010069 0.004809
v -0.674779 -0.013451 0.002452
v -0.679756 0.103124 0.001250
v -0.762244 0.099742 0.002452
v -0.838265 0.094250 0.003560
v -0.904898 0.086860 0.004530
v -0.959583 0.077854 0.005327
v -1.000217 0.067579 0.005919
v -1.025239 0.056431 0.006284
v -1.033688 0.044837 0.006407
v -1.025239 0.033243 0.006284
v -1.000217 0.022094 0.005919
v -0.959583 0.011820 0.005327
v -0.904898 0.002814 0.004530
v -0.838265 -0.004577 0.003560
v -0.762244 -0.010069 0.002452
v -0.679756 -0.013451 0.001250
v -0.681436 0.103124 -0.000000
v -0.765540 0.099742 -0.000000
v -0.843051 0.094250 -0.000000
v -0.910990 0.086860 -0.000000
v -0.966745 0.077854 -0.000000
v -1.008176 0.067579 -0.000000
v -1.033688 0.056431 -0.000000
v -1.042303 0.044837 -0.000000
v -1.033688 0.033243 -0.000000
v -1.008176 0.022094 -0.000000
v -0.966745 0.011820 -0.000000
v -0.910990 0.002814 -0.000000
v -0.843051 -0.004577 -0.000000
v -0.765540 -0.010069 -0.000000
v -0.681436 -0.013451 -0.000000
v -0.679756 0.103124 -0.001250
v -0.762244 0.099742 -0.002452
v -0.838265 0.094250 -0.003560
v -0.904898 0.086860 -0.004530
v -0.959583 0.077854 -0.005327
v -1.000217 0.067579 -0.005919
v -1.025239 0.056431 -0.006284
v -1.033688 0.044837 -0.006407
v -1.025239 0.033243 -0.006284
v -1.000217 0.022094 -0.005919
v -0.959583 0.011820 -0.005327
v -0.904898 0.002814 -0.004530
v -0.838265 -0.004577 -0.003560
v -0.762244 -0.010069 -0.002452
v -0.679756 -0.013451 -0.001250
v -0.674779 0.103124 -0.002452
v -0.752481 0.099742 -0.004809
v -0.824091 0.094250 -0.006982
v -0.886858 0.086860 -0.008887
v -0.938370 0.077854 -0.010450
v -0.976646 0.067579 -0.011611
v -1.000217 0.056431 -0.012326
v -1.008175 0.044837 -0.012568
v -1.000217 0.033243 -0.012326
v -0.976646 0.022094 -0.011611
v -0.938370 0.011820 -0.010450
v -0.886858 0.002814 -0.008887
v -0.824091 -0.004577 -0.006982
v -0.752481 -0.010069 -0.004809
v -0.674779 -0.013451 -0.002452
v -0.666696 0.103124 -0.003560
v -0.736626 0.099742 -0.006982
v -0.801073 0.094250 -0.010137
v -0.857562 0.086860 -0.012902
v -0.903922 0.077854 -0.015171
v -0.938370 0.067579 -0.016857
v -0.959583 0.056431 -0.017895
v -0.966745 0.044837 -0.018246
v -0.959583 0.033243 -0.017895
v -0.938370 0.022094 -0.016857
v -0.903922 0.011820 -0.015171
v -0.857562 0.002814 -0.012902
v -0.801073 -0.004577 -0.010137
v -0.736626 -0.010069 -0.006982
v -0.666696 -0.013451 -0.003560
v -0.655819 0.103124 -0.004530
v -0.715289 0.099742 -0.008887
v -0.770097 0.094250 -0.012902
v -0.818137 0.086860 -0.016421
v -0.857562 0.077854 -0.019309
v -0.886858 0.067579 -0.021455
v -0.904898 0.056431 -0.022776
v -0.910989 0.044837 -0.023222
v -0.904898 0.033243 -0.022776
v -0.886858 0.022094 -0.021455
v -0.857562 0.011820 -0.019309
v -0.818137 0.002814 -0.016421
v -0.770097 -0.004577 -0.012902
v -0.715289 -0.010069 -0.008887
v -0.655819 -0.013451 -0.004530
v -0.642564 0.103124 -0.005327
v -0.689290 0.099742 -0.010450
v -0.732352 0.094250 -0.015171
v -0.770097 0.086860 -0.019309
v -0.801073 0.077854 -0.022704
v -0.824091 0.067579 -0.025228
v -0.838265 0.056431 -0.026782
v -0.843051 0.044837 -0.027306
v -0.838265 0.033243 -0.026782
v -0.824091 0.022094 -0.025228
v -0.801073 0.011820 -0.022704
v -0.770097 0.002814 -0.019309
v -0.732352 -0.004577 -0.015171
v -0.689290 -0.010069 -0.010450
v -0.642564 -0.013451 -0.005327
v -0.627443 0.103124 -0.005919
v -0.659628 0.099742 -0.011611
v -0.689290 0.094250 -0.016857
v -0.715289 0.086860 -0.021455
v -0.736626 0.077854 -0.025228
v -0.752481 0.067579 -0.028032
v -0.762244 0.056431 -0.029758
v -0.765540 0.044837 -0.030341
v -0.762244 0.033243 -0.029758
v -0.752481 0.022094 -0.028032
v -0.736626 0.011820 -0.025228
v -0.715289 0.002814 -0.021455
v -0.689290 -0.004577 -0.016857
v -0.659628 -0.010069 -0.011611
v -0.627443 -0.013451 -0.005919
v -0.611035 0.103124 -0.006284
v -0.627443 0.099742 -0.012326
v -0.642564 0.094250 -0.017895
v -0.655819 0.086860 -0.022776
v -0.666696 0.077854 -0.026782
v -0.674779 0.067579 -0.029758
v -0.679756 0.056431 -0.031591
v -0.681436 0.044837 -0.032210
v -0.679756 0.033243 -0.031591
v -0.674779 0.022094 -0.029758
v -0.666696 0.011820 -0.026782
v -0.655819 0.002814 -0.022776
v -0.642564 -0.004577 -0.017895
v -0.627443 -0.010069 -0.012326
v -0.611035 -0.013451 -0.006284
v -0.593971 0.103124 -0.006407
v -0.593971 0.099742 -0.012568
v -0.593971 0.086860 -0.023222
v -0.593971 0.067579 -0.030341
v -0.593971 0.022094 -0.030341
v -0.593971 0.002814 -0.023222
v -0.593971 -0.004577 -0.018246
v -0.593971 -0.010069 -0.012568
v -0.593971 -0.013451 -0.006407
v 0.556697 0.091473 -0.018246
v 0.556697 0.075077 -0.027306
v 0.556697 0.053654 -0.032210
v 0.556697 0.042060 -0.032841
v 0.556697 0.030465 -0.032210
v 0.556697 0.009042 -0.027306
v 0.573761 0.100347 -0.006284
v 0.590169 0.096965 -0.012326
v 0.605290 0.091473 -0.017895
v 0.618544 0.084082 -0.022776
v 0.629422 0.075077 -0.026782
v 0.637505 0.064802 -0.029758
v 0.642482 0.053654 -0.031591
v 0.644162 0.042060 -0.032210
v 0.642482 0.030465 -0.031591
v 0.637505 0.019317 -0.029758
v 0.629422 0.009042 -0.026782
v 0.618544 0.000037 -0.022776
v 0.605290 -0.007354 -0.017895
v 0.590169 -0.012846 -0.012326
v 0.573761 -0.016228 -0.006284
v 0.590169 0.100347 -0.005919
v 0.622354 0.096965 -0.011611
v 0.652016 0.091473 -0.016857
v 0.678015 0.084082 -0.021455
v 0.699352 0.075077 -0.025228
v 0.715206 0.064802 -0.028032
v 0.724970 0.053654 -0.029758
v 0.728266 0.042060 -0.030341
v 0.724970 0.030466 -0.029758
v 0.715206 0.019317 -0.028032
v 0.699352 0.009042 -0.025228
v 0.678015 0.000037 -0.021455
v 0.652016 -0.007354 -0.016857
v 0.622354 -0.012846 -0.011611
v 0.590169 -0.016228 -0.005919
v 0.605290 0.100347 -0.005327
v 0.652016 0.096965 -0.010450
v 0.695079 0.091473 -0.015171
v 0.732823 0.084082 -0.019309
v 0.763800 0.075077 -0.022705
v 0.786817 0.064802 -0.025228
v 0.800991 0.053654 -0.026782
v 0.805777 0.042060 -0.027306
v 0.800991 0.030466 -0.026782
v 0.786817 0.019317 -0.025228
v 0.763800 0.009042 -0.022705
v 0.732823 0.000037 -0.019309
v 0.695079 -0.007354 -0.015171
v 0.652016 -0.012846 -0.010450
v 0.605290 -0.016228 -0.005327
v 0.618545 0.100347 -0.004530
v 0.678015 0.096965 -0.008887
v 0.732823 0.091473 -0.012902
v 0.780863 0.084082 -0.016421
v 0.820288 0.075077 -0.019309
v 0.849584 0.064802 -0.021455
v 0.867624 0.053654 -0.022776
v 0.873716 0.042060 -0.023222
v 0.867624 0.030466 -0.022776
v 0.849584 0.019317 -0.021455
v 0.820288 0.009042 -0.019309
v 0.780863 0.000037 -0.016421
v 0.732823 -0.007354 -0.012902
v 0.678015 -0.012846 -0.008887
v 0.618545 -0.016228 -0.004530
v 0.629422 0.100347 -0.003560
v 0.699352 0.096965 -0.006982
v 0.763799 0.091473 -0.010137
v 0.820288 0.084082 -0.012902
v 0.866648 0.075077 -0.015171
v 0.901096 0.064802 -0.016857
v 0.922309 0.053654 -0.017895
v 0.929472 0.042060 -0.018246
v 0.922309 0.030465 -0.017895
v 0.901096 0.019317 -0.016857
v 0.866648 0.009042 -0.015171
v 0.820288 0.000037 -0.012902
v 0.763800 -0.007354 -0.010137
v 0.699352 -0.012846 -0.006982
v 0.629422 -0.016228 -0.003560
v 0.556697 0.101489 0.000000
v 0.637505 0.100347 -0.002452
v 0.715206 0.096965 -0.004809
v 0.786817 0.091473 -0.006982
v 0.849584 0.084082 -0.008887
v 0.901096 0.075077 -0.010450
v 0.939372 0.064802 -0.011611
v 0.962943 0.053654 -0.012326
v 0.970902 0.042060 -0.012568
v 0.962943 0.030465 -0.012326
v 0.939372 0.019317 -0.011611
v 0.901096 0.009042 -0.010450
v 0.849584 0.000037 -0.008887
v 0.786817 -0.007354 -0.006982
v 0.715206 -0.012846 -0.004809
v 0.637505 -0.016228 -0.002452
v 0.642482 0.100347 -0.001250
v 0.724970 0.096965 -0.002452
v 0.800991 0.091473 -0.003560
v 0.867624 0.084082 -0.004530
v 0.922309 0.075077 -0.005327
v 0.962943 0.064802 -0.005919
v 0.987965 0.053654 -0.006284
v 0.996414 0.042060 -0.006407
v 0.987965 0.030465 -0.006284
v 0.962943 0.019317 -0.005919
v 0.922309 0.009042 -0.005327
v 0.867624 0.000037 -0.004530
v 0.800991 -0.007354 -0.003560
v 0.724970 -0.012846 -0.002452
v 0.642482 -0.016228 -0.001250
v 0.644162 0.100347 0.000000
v 0.728266 0.096965 0.000000
v 0.805777 0.091473 0.000000
v 0.873716 0.084082 -0.000000
v 0.929471 0.075077 0.000000
v 0.970902 0.064802 -0.000000
v 0.996414 0.053654 0.000000
v 1.005029 0.042060 0.000000
v 0.996414 0.030465 0.000000
v 0.970902 0.019317 -0.000000
v 0.929471 0.009042 0.000000
v 0.873716 0.000037 -0.000000
v 0.805777 -0.007354 0.000000
v 0.728266 -0.012846 0.000000
v 0.644162 -0.016228 0.000000
v 0.642482 0.100347 0.001250
v 0.724970 0.096965 0.002452
v 0.800991 0.091473 0.003560
v 0.867624 0.084082 0.004530
v 0.922309 0.075077 0.005327
v 0.962943 0.064802 0.005919
v 0.987965 0.053654 0.006284
v 0.996414 0.042060 0.006407
v 0.987965 0.030465 0.006284
v 0.962943 0.019317 0.005919
v 0.922309 0.009042 0.005327
v 0.867624 0.000037 0.004530
v 0.800991 -0.007354 0.003560
v 0.724970 -0.012846 0.002452
v 0.642482 -0.016228 0.001250
v 0.637505 0.100347 0.002452
v 0.715206 0.096965 0.004809
v 0.786817 0.091473 0.006982
v 0.849584 0.084082 0.008887
v 0.901096 0.075077 0.010450
v 0.939372 0.064802 0.011611
v 0.962943 0.053654 0.012326
v 0.970902 0.042060 0.012568
v 0.962943 0.030465 0.012326
v 0.939372 0.019317 0.011611
v 0.901096 0.009042 0.010450
v 0.849584 0.000037 0.008887
v 0.786817 -0.007354 0.006982
v 0.715206 -0.012846 0.004809
v 0.637505 -0.016228 0.002452
v 0.629422 0.100347 0.003560
v 0.699352 0.096965 0.006982
v 0.763799 0.091473 0.010137
v 0.820288 0.084082 0.012902
v 0.866648 0.075077 0.015171
v 0.901096 0.064802 0.016857
v 0.922309 0.053654 0.017895
v 0.929471 0.042060 0.018246
v 0.922309 0.030465 0.017895
v 0.901096 0.019317 0.016857
v 0.866648 0.009042 0.015171
v 0.820288 0.000037 0.012902
v 0.763799 -0.007354 0.010137
v 0.699352 -0.012846 0.006982
v 0.629422 -0.016228 0.003560
v 0.618544 0.100347 0.004530
v 0.678015 0.096965 0.008887
v 0.732823 0.091473 0.012902
v 0.780863 0.084082 0.016421
v 0.820288 0.075077 0.019309
v 0.849584 0.064802 0.021455
v 0.867624 0.053654 0.022776
v 0.873716 0.042060 0.023222
v 0.867624 0.030466 0.022776
v 0.849584 0.019317 0.021455
v 0.820288 0.009042 0.019309
v 0.780863 0.000037 0.016421
v 0.732823 -0.007354 0.012902
v 0.678015 -0.012846 0.008887
v 0.618544 -0.016228 0.004530
v 0.605290 0.100347 0.005327
v 0.652016 0.096965 0.010450
v 0.695078 0.091473 0.015171
v 0.732823 0.084082 0.019309
v 0.763799 0.075077 0.022705
v 0.786817 0.064802 0.025228
v 0.800991 0.053654 0.026782
v 0.805777 0.042060 0.027306
v 0.800991 0.030466 0.026782
v 0.786817 0.019317 0.025228
v 0.763799 0.009042 0.022705
v 0.732823 0.000037 0.019309
v 0.695078 -0.007354 0.015171
v 0.652016 -0.012846 0.010450
v 0.605290 -0.016228 0.005327
v 0.590169 0.100347 0.005919
v 0.622354 0.096965 0.011611
v 0.652016 0.091473 0.016857
v 0.678015 0.084082 0.021455
v 0.699352 0.075077 0.025228
v 0.715206 0.064802 0.028032
v 0.724970 0.053654 0.029758
v 0.728266 0.042060 0.030341
v 0.724970 0.030466 0.029758
v 0.715206 0.019317 0.028032
v 0.699352 0.009042 0.025228
v 0.678015 0.000037 0.021455
v 0.652016 -0.007354 0.016857
v 0.622354 -0.012846 0.011611
v 0.590169 -0.016228 0.005919
v 0.573761 0.100347 0.006284
v 0.590169 0.096965 0.012326
v 0.605290 0.091473 0.017895
v 0.618544 0.084082 0.022776
v 0.629422 0.075077 0.026782
v 0.637505 0.064802 0.029758
v 0.642482 0.053654 0.031591
v 0.644162 0.042060 0.032210
v 0.642482 0.030465 0.031591
v 0.637505 0.019317 0.029758
v 0.629422 0.009042 0.026782
v 0.618544 0.000037 0.022776
v 0.605290 -0.007354 0.017895
v 0.590169 -0.012846 0.012326
v 0.573761 -0.016228 0.006284
v 0.556697 0.100347 0.006407
v 0.556697 0.096965 0.012568
v 0.556697 0.091473 0.018246
v 0.556697 0.084082 0.023222
v 0.556697 0.075077 0.027306
v 0.556697 0.064802 0.030341
v 0.556697 0.053654 0.032210
v 0.556697 0.042060 0.032841
v 0.556697 0.030465 0.032210
v 0.556697 0.019317 0.030341
v 0.556697 0.009042 0.027306
v 0.556697 0.000037 0.023222
v 0.556697 -0.007354 0.018246
v 0.556697 -0.012846 0.012568
v 0.556697 -0.016228 0.006407
v 0.539634 0.100347 0.006284
v 0.523226 0.096965 0.012326
v 0.508104 0.091473 0.017895
v 0.494850 0.084082 0.022776
v 0.483973 0.075077 0.026782
v 0.475890 0.064802 0.029758
v 0.470913 0.053654 0.031591
v 0.469232 0.042060 0.032210
v 0.470913 0.030465 0.031591
v 0.475890 0.019317 0.029758
v 0.483973 0.009042 0.026782
v 0.494850 0.000037 0.022776
v 0.508104 -0.007354 0.017895
v 0.523226 -0.012846 0.012326
v 0.539634 -0.016228 0.006284
v 0.523226 0.100347 0.005919
v 0.491041 0.096965 0.011611
v 0.461379 0.091473 0.016857
v 0.435380 0.084082 0.021455
v 0.414043 0.075077 0.025228
v 0.398188 0.064802 0.028032
v 0.388425 0.053654 0.029758
v 0.385128 0.042060 0.030341
v 0.388425 0.030465 0.029758
v 0.398188 0.019317 0.028032
v 0.414043 0.009042 0.025228
v 0.435380 0.000037 0.021455
v 0.461379 -0.007354 0.016857
v 0.491041 -0.012846 0.011611
v 0.523226 -0.016228 0.005919
v 0.508104 0.100347 0.005327
v 0.461379 0.096965 0.010450
v 0.418316 0.091473 0.015171
v 0.380571 0.084082 0.019309
v 0.349595 0.075077 0.022704
v 0.326578 0.064802 0.025228
v 0.312403 0.053654 0.026782
v 0.307618 0.042060 0.027306
v 0.312404 0.030465 0.026782
v 0.326578 0.019317 0.025228
v 0.349595 0.009042 0.022704
v 0.380571 0.000037 0.019309
v 0.418316 -0.007354 0.015171
v 0.461379 -0.012846 0.010450
v 0.508104 -0.016228 0.005327
v 0.494850 0.100347 0.004530
v 0.435380 0.096965 0.008887
v 0.380571 0.091473 0.012902
v 0.332531 0.084082 0.016421
v 0.293106 0.075077 0.019309
v 0.263810 0.064802 0.021455
v 0.245770 0.053654 0.022776
v 0.239679 0.042060 0.023222
v 0.245770 0.030465 0.022776
v 0.263810 0.019317 0.021455
v 0.293106 0.009042 0.019309
v 0.332531 0.000037 0.016421
v 0.380571 -0.007354 0.012902
v 0.435380 -0.012846 0.008887
v 0.494850 -0.016228 0.004530
v 0.556697 -0.017370 0.000000
v 0.483973 0.100347 0.003560
v 0.414043 0.096965 0.006982
v 0.349595 0.091473 0.010137
v 0.293106 0.084082 0.012902
v 0.246747 0.075077 0.015171
v 0.212299 0.064802 0.016857
v 0.191086 0.053654 0.017895
v 0.183923 0.042060 0.018246
v 0.191086 0.030465 0.017895
v 0.212299 0.019317 0.016857
v 0.246747 0.009042 0.015171
v 0.293106 0.000037 0.012902
v 0.349595 -0.007354 0.010137
v 0.414043 -0.012846 0.006982
v 0.483973 -0.016228 0.003560
v 0.475890 0.100347 0.002452
v 0.398188 0.096965 0.004809
v 0.326578 0.091473 0.006982
v 0.263810 0.084082 0.008887
v 0.212299 0.075077 0.010450
v 0.174022 0.064802 0.011611
v 0.150452 0.053654 0.012326
v 0.142493 0.042060 0.012568
v 0.150452 0.030465 0.012326
v 0.174022 0.019317 0.011611
v 0.212299 0.009042 0.010450
v 0.263810 0.000037 0.008887
v 0.326578 -0.007354 0.006982
v 0.398188 -0.012846 0.004809
v 0.475890 -0.016228 0.002452
v 0.470913 0.100347 0.001250
v 0.388425 0.096965 0.002452
v 0.312404 0.091473 0.003560
v 0.245770 0.084082 0.004530
v 0.191086 0.075077 0.005327
v 0.150452 0.064802 0.005919
v 0.125429 0.053654 0.006284
v 0.116980 0.042060 0.006407
v 0.125429 0.030465 0.006284
v 0.150452 0.019317 0.005919
v 0.191086 0.009042 0.005327
v 0.245770 0.000037 0.004530
v 0.312404 -0.007354 0.003560
v 0.388425 -0.012846 0.002452
v 0.470913 -0.016228 0.001250
v 0.469232 0.100347 -0.000000
v 0.385128 0.096965 -0.000000
v 0.307618 0.091473 -0.000000
v 0.239679 0.084082 -0.000000
v 0.183923 0.075077 -0.000000
v 0.142493 0.064802 -0.000000
v 0.116980 0.053654 -0.000000
v 0.108366 0.042060 -0.000000
v 0.116980 0.030465 -0.000000
v 0.142493 0.019317 -0.000000
v 0.183923 0.009042 -0.000000
v 0.239679 0.000037 -0.000000
v 0.307618 -0.007354 -0.000000
v 0.385128 -0.012846 -0.000000
v 0.469232 -0.016228 -0.000000
v 0.470913 0.100347 -0.001250
v 0.388425 0.096965 -0.002452
v 0.312404 0.091473 -0.003560
v 0.245770 0.084082 -0.004530
v 0.191086 0.075077 -0.005327
v 0.150452 0.064802 -0.005919
v 0.125429 0.053654 -0.006284
v 0.116980 0.042060 -0.006407
v 0.125429 0.030465 -0.006284
v 0.150452 0.019317 -0.005919
v 0.191086 0.009042 -0.005327
v 0.245770 0.000037 -0.004530
v 0.312404 -0.007354 -0.003560
v 0.388425 -0.012846 -0.002452
v 0.470913 -0.016228 -0.001250
v 0.475890 0.100347 -0.002452
v 0.398188 0.096965 -0.004809
v 0.326578 0.091473 -0.006982
v 0.263810 0.084082 -0.008887
v 0.212299 0.075077 -0.010450
v 0.174022 0.064802 -0.011611
v 0.150452 0.053654 -0.012326
v 0.142493 0.042060 -0.012568
v 0.150452 0.030465 -0.012326
v 0.174022 0.019317 -0.011611
v 0.212299 0.009042 -0.010450
v 0.263810 0.000037 -0.008887
v 0.326578 -0.007354 -0.006982
v 0.398188 -0.012846 -0.004809
v 0.475890 -0.016228 -0.002452
v 0.483973 0.100347 -0.003560
v 0.414043 0.096965 -0.006982
v 0.349595 0.091473 -0.010137
v 0.293106 0.084082 -0.012902
v 0.246747 0.075077 -0.015171
v 0.212299 0.064802 -0.016857
v 0.191086 0.053654 -0.017895
v 0.183923 0.042060 -0.018246
v 0.191086 0.030465 -0.017895
v 0.212299 0.019317 -0.016857
v 0.246747 0.009042 -0.015171
v 0.293106 0.000037 -0.012902
v 0.349595 -0.007354 -0.010137
v 0.414043 -0.012846 -0.006982
v 0.483973 -0.016228 -0.003560
v 0.494850 0.100347 -0.004530
v 0.435380 0.096965 -0.008887
v 0.380571 0.091473 -0.012902
v 0.332531 0.084082 -0.016421
v 0.293106 0.075077 -0.019309
v 0.263811 0.064802 -0.021455
v 0.245770 0.053654 -0.022776
v 0.239679 0.042060 -0.023222
v 0.245770 0.030465 -0.022776
v 0.263811 0.019317 -0.021455
v 0.293106 0.009042 -0.019309
v 0.332531 0.000037 -0.016421
v 0.380571 -0.007354 -0.012902
v 0.435380 -0.012846 -0.008887
v 0.494850 -0.016228 -0.004530
v 0.508104 0.100347 -0.005327
v 0.461379 0.096965 -0.010450
v 0.418316 0.091473 -0.015171
v 0.380571 0.084082 -0.019309
v 0.349595 0.075077 -0.022704
v 0.326578 0.064802 -0.025228
v 0.312404 0.053654 -0.026782
v 0.307618 0.042060 -0.027306
v 0.312404 0.030465 -0.026782
v 0.326578 0.019317 -0.025228
v 0.349595 0.009042 -0.022704
v 0.380571 0.000037 -0.019309
v 0.418316 -0.007354 -0.015171
v 0.461379 -0.012846 -0.010450
v 0.508104 -0.016228 -0.005327
v 0.523226 0.100347 -0.005919
v 0.491041 0.096965 -0.011611
v 0.461379 0.091473 -0.016857
v 0.435380 0.084082 -0.021455
v 0.414043 0.075077 -0.025228
v 0.398188 0.064802 -0.028032
v 0.388425 0.053654 -0.029758
v 0.385129 0.042060 -0.030341
v 0.388425 0.030465 -0.029758
v 0.398188 0.019317 -0.028032
v 0.414043 0.009042 -0.025228
v 0.435380 0.000037 -0.021455
v 0.461379 -0.007354 -0.016857
v 0.491041 -0.012846 -0.011611
v 0.523226 -0.016228 -0.005919
v 0.539634 0.100347 -0.006284
v 0.523226 0.096965 -0.012326
v 0.508104 0.091473 -0.017895
v 0.494850 0.084082 -0.022776
v 0.483973 0.075077 -0.026782
v 0.475890 0.064802 -0.029758
v 0.470913 0.053654 -0.031591
v 0.469232 0.042060 -0.032210
v 0.470913 0.030465 -0.031591
v 0.475890 0.019317 -0.029758
v 0.483973 0.009042 -0.026782
v 0.494850 0.000037 -0.022776
v 0.508104 -0.007354 -0.017895
v 0.523226 -0.012846 -0.012326
v 0.539634 -0.016228 -0.006284
v 0.556697 0.100347 -0.006407
v 0.556697 0.096965 -0.012568
v 0.556697 0.084082 -0.023222
v 0.556697 0.064802 -0.030341
v 0.556697 0.019317 -0.030341
v 0.556697 0.000037 -0.023222
v 0.556697 -0.007354 -0.018246
v 0.556697 -0.012846 -0.012568
v 0.556697 -0.016228 -0.006407
v -0.038994 -0.468690 -0.018246
v -0.022598 -0.468777 -0.027306
v -0.001175 -0.468889 -0.032210
v 0.010419 -0.468950 -0.032841
v 0.022013 -0.469011 -0.032210
v 0.043435 -0.469124 -0.027306
v -0.047778 -0.451580 -0.006284
v -0.044310 -0.435190 -0.012326
v -0.038739 -0.420098 -0.017895
v -0.031278 -0.406883 -0.022776
v -0.022215 -0.396053 -0.026782
v -0.011898 -0.388024 -0.029758
v -0.000724 -0.383106 -0.031591
v 0.010879 -0.381486 -0.032210
v 0.022464 -0.383228 -0.031591
v 0.033586 -0.388264 -0.029758
v 0.043818 -0.396400 -0.026782
v 0.052766 -0.407325 -0.022776
v 0.060087 -0.420618 -0.017895
v 0.065500 -0.435768 -0.012326
v 0.068795 -0.452194 -0.006284
v -0.047692 -0.435173 -0.005919
v -0.044141 -0.403006 -0.011611
v -0.038493 -0.373373 -0.016857
v -0.030965 -0.347413 -0.021455
v -0.021847 -0.326124 -0.025228
v -0.011490 -0.310324 -0.028032
v -0.000290 -0.300619 -0.029758
v 0.011321 -0.297383 -0.030341
v 0.022898 -0.300741 -0.029758
v 0.033995 -0.310563 -0.028032
v 0.044186 -0.326471 -0.025228
v 0.053079 -0.347855 -0.021455
v 0.060333 -0.373893 -0.016857
v 0.065669 -0.403583 -0.011611
v 0.068881 -0.435786 -0.005919
v -0.047612 -0.420051 -0.005327
v -0.043985 -0.373344 -0.010450
v -0.038266 -0.330311 -0.015171
v -0.030677 -0.292606 -0.019309
v -0.021508 -0.261677 -0.022705
v -0.011113 -0.238714 -0.025228
v 0.000110 -0.224599 -0.026782
v 0.011729 -0.219874 -0.027306
v 0.023298 -0.224721 -0.026782
v 0.034372 -0.238953 -0.025228
v 0.044525 -0.262025 -0.022705
v 0.053368 -0.293048 -0.019309
v 0.060560 -0.330831 -0.015171
v 0.065825 -0.373922 -0.010450
v 0.068961 -0.420665 -0.005327
v -0.047542 -0.406797 -0.004530
v -0.043848 -0.347345 -0.008887
v -0.038068 -0.292567 -0.012902
v -0.030424 -0.244566 -0.016421
v -0.021211 -0.205189 -0.019309
v -0.010783 -0.175948 -0.021455
v 0.000461 -0.157966 -0.022776
v 0.012087 -0.151936 -0.023222
v 0.023649 -0.158088 -0.022776
v 0.034702 -0.176187 -0.021455
v 0.044822 -0.205536 -0.019309
v 0.053620 -0.245009 -0.016421
v 0.060758 -0.293087 -0.012902
v 0.065962 -0.347923 -0.008887
v 0.069031 -0.407411 -0.004530
v -0.047485 -0.395920 -0.003560
v -0.043735 -0.326009 -0.006982
v -0.037905 -0.261591 -0.010137
v -0.030217 -0.205142 -0.012902
v -0.020967 -0.158830 -0.015171
v -0.010512 -0.124437 -0.016857
v 0.000748 -0.103283 -0.017895
v 0.012380 -0.096181 -0.018246
v 0.023936 -0.103405 -0.017895
v 0.034973 -0.124676 -0.016857
v 0.045066 -0.159178 -0.015171
v 0.053828 -0.205584 -0.012902
v 0.060921 -0.262111 -0.010137
v 0.066074 -0.326587 -0.006982
v 0.069088 -0.396533 -0.003560
v -0.049010 -0.468638 0.000000
v -0.047443 -0.387837 -0.002452
v -0.043652 -0.310154 -0.004809
v -0.037783 -0.238574 -0.006982
v -0.030063 -0.175846 -0.008887
v -0.020786 -0.124383 -0.010450
v -0.010310 -0.086161 -0.011611
v 0.000962 -0.062649 -0.012326
v 0.012598 -0.054751 -0.012568
v 0.024150 -0.062771 -0.012326
v 0.035174 -0.086400 -0.011611
v 0.045247 -0.124730 -0.010450
v 0.053982 -0.176289 -0.008887
v 0.061042 -0.239094 -0.006982
v 0.066157 -0.310732 -0.004809
v 0.069130 -0.388451 -0.002452
v -0.047417 -0.382860 -0.001250
v -0.043601 -0.300391 -0.002452
v -0.037709 -0.224400 -0.003560
v -0.029968 -0.157806 -0.004530
v -0.020674 -0.103170 -0.005327
v -0.010186 -0.062590 -0.005919
v 0.001094 -0.037627 -0.006284
v 0.012732 -0.029239 -0.006407
v 0.024282 -0.037749 -0.006284
v 0.035298 -0.062830 -0.005919
v 0.045359 -0.103518 -0.005327
v 0.054077 -0.158249 -0.004530
v 0.061117 -0.224920 -0.003560
v 0.066209 -0.300969 -0.002452
v 0.069157 -0.383474 -0.001250
v -0.047408 -0.381180 0.000000
v -0.043583 -0.297095 0.000000
v -0.037684 -0.219614 0.000000
v -0.029936 -0.151715 -0.000000
v -0.020637 -0.096008 0.000000
v -0.010144 -0.054632 -0.000000
v 0.001138 -0.029178 0.000000
v 0.012778 -0.020625 0.000000
v 0.024326 -0.029300 0.000000
v 0.035340 -0.054871 -0.000000
v 0.045397 -0.096355 0.000000
v 0.054109 -0.152157 -0.000000
v 0.061142 -0.220134 0.000000
v 0.066226 -0.297672 0.000000
v 0.069165 -0.381793 0.000000
v -0.047417 -0.382860 0.001250
v -0.043601 -0.300391 0.002452
v -0.037709 -0.224400 0.003560
v -0.029968 -0.157806 0.004530
v -0.020674 -0.103170 0.005327
v -0.010186 -0.062590 0.005919
v 0.001094 -0.037627 0.006284
v 0.012732 -0.029239 0.006407
v 0.024282 -0.037749 0.006284
v 0.035298 -0.062830 0.005919
v 0.045359 -0.103518 0.005327
v 0.054077 -0.158249 0.004530
v 0.061117 -0.224920 0.003560
v 0.066209 -0.300969 0.002452
v 0.069157 -0.383474 0.001250
v -0.047443 -0.387837 0.002452
v -0.043652 -0.310154 0.004809
v -0.037783 -0.238574 0.006982
v -0.030063 -0.175846 0.008887
v -0.020786 -0.124383 0.010450
v -0.010310 -0.086161 0.011611
v 0.000962 -0.062649 0.012326
v 0.012598 -0.054752 0.012568
v 0.024150 -0.062771 0.012326
v 0.035174 -0.086400 0.011611
v 0.045247 -0.124730 0.010450
v 0.053982 -0.176289 0.008887
v 0.061042 -0.239094 0.006982
v 0.066157 -0.310732 0.004809
v 0.069130 -0.388451 0.002452
v -0.047485 -0.395920 0.003560
v -0.043735 -0.326009 0.006982
v -0.037905 -0.261591 0.010137
v -0.030217 -0.205142 0.012902
v -0.020967 -0.158830 0.015171
v -0.010512 -0.124437 0.016857
v 0.000748 -0.103283 0.017895
v 0.012380 -0.096181 0.018246
v 0.023936 -0.103405 0.017895
v 0.034973 -0.124676 0.016857
v 0.045066 -0.159178 0.015171
v 0.053828 -0.205584 0.012902
v 0.060921 -0.262111 0.010137
v 0.066074 -0.326587 0.006982
v 0.069088 -0.396533 0.003560
v -0.047542 -0.406797 0.004530
v -0.043848 -0.347345 0.008887
v -0.038068 -0.292567 0.012902
v -0.030424 -0.244566 0.016421
v -0.021211 -0.205189 0.019309
v -0.010783 -0.175948 0.021455
v 0.000461 -0.157967 0.022776
v 0.012087 -0.151936 0.023222
v 0.023649 -0.158089 0.022776
v 0.034702 -0.176187 0.021455
v 0.044822 -0.205537 0.019309
v 0.053620 -0.245009 0.016421
v 0.060758 -0.293087 0.012902
v 0.065962 -0.347923 0.008887
v 0.069031 -0.407411 0.004530
v -0.047612 -0.420051 0.005327
v -0.043985 -0.373344 0.010450
v -0.038266 -0.330311 0.015171
v -0.030677 -0.292606 0.019309
v -0.021508 -0.261677 0.022705
v -0.011113 -0.238714 0.025228
v 0.000110 -0.224599 0.026782
v 0.011729 -0.219874 0.027306
v 0.023298 -0.224721 0.026782
v 0.034372 -0.238953 0.025228
v 0.044525 -0.262025 0.022705
v 0.053368 -0.293048 0.019309
v 0.060560 -0.330831 0.015171
v 0.065825 -0.373922 0.010450
v 0.068961 -0.420665 0.005327
v -0.047692 -0.435173 0.005919
v -0.044141 -0.403006 0.011611
v -0.038493 -0.373373 0.016857
v -0.030965 -0.347413 0.021455
v -0.021847 -0.326124 0.025228
v -0.011490 -0.310324 0.028032
v -0.000290 -0.300619 0.029758
v 0.011321 -0.297384 0.030341
v 0.022898 -0.300741 0.029758
v 0.033995 -0.310563 0.028032
v 0.044186 -0.326472 0.025228
v 0.053079 -0.347855 0.021455
v 0.060333 -0.373893 0.016857
v 0.065669 -0.403584 0.011611
v 0.068881 -0.435786 0.005919
v -0.047778 -0.451580 0.006284
v -0.044310 -0.435190 0.012326
v -0.038739 -0.420098 0.017895
v -0.031278 -0.406883 0.022776
v -0.022215 -0.396053 0.026782
v -0.011898 -0.388024 0.029758
v -0.000724 -0.383106 0.031591
v 0.010879 -0.381487 0.032210
v 0.022464 -0.383228 0.031591
v 0.033586 -0.388264 0.029758
v 0.043818 -0.396400 0.026782
v 0.052766 -0.407325 0.022776
v 0.060087 -0.420618 0.017895
v 0.065500 -0.435768 0.012326
v 0.068795 -0.452194 0.006284
v -0.047868 -0.468644 0.006407
v -0.044486 -0.468661 0.012568
v -0.038994 -0.468690 0.018246
v -0.031604 -0.468729 0.023222
v -0.022598 -0.468777 0.027306
v -0.012324 -0.468831 0.030341
v -0.001175 -0.468889 0.032210
v 0.010419 -0.468950 0.032841
v 0.022013 -0.469011 0.032210
v 0.033161 -0.469070 0.030341
v 0.043435 -0.469124 0.027306
v 0.052441 -0.469171 0.023222
v 0.059832 -0.469210 0.018246
v 0.065323 -0.469239 0.012568
v 0.068705 -0.469257 0.006407
v -0.047958 -0.485707 0.006284
v -0.044662 -0.502132 0.012326
v -0.039250 -0.517283 0.017895
v -0.031929 -0.530576 0.022776
v -0.022981 -0.541500 0.026782
v -0.012749 -0.549637 0.029758
v -0.001627 -0.554673 0.031591
v 0.009958 -0.556414 0.032210
v 0.021561 -0.554795 0.031591
v 0.032736 -0.549876 0.029758
v 0.043053 -0.541848 0.026782
v 0.052116 -0.531018 0.022776
v 0.059576 -0.517803 0.017895
v 0.065147 -0.502710 0.012326
v 0.068615 -0.486320 0.006284
v -0.048044 -0.502115 0.005919
v -0.044832 -0.534317 0.011611
v -0.039496 -0.564008 0.016857
v -0.032242 -0.590045 0.021455
v -0.023349 -0.611429 0.025228
v -0.013158 -0.627338 0.028032
v -0.002061 -0.637160 0.029758
v 0.009516 -0.640517 0.030341
v 0.021127 -0.637281 0.029758
v 0.032327 -0.627577 0.028032
v 0.042685 -0.611777 0.025228
v 0.051803 -0.590487 0.021455
v 0.059330 -0.564528 0.016857
v 0.064978 -0.534895 0.011611
v 0.068529 -0.502728 0.005919
v -0.048124 -0.517236 0.005327
v -0.044988 -0.563979 0.010450
v -0.039722 -0.607070 0.015171
v -0.032530 -0.644853 0.019309
v -0.023688 -0.675876 0.022704
v -0.013534 -0.698947 0.025228
v -0.002461 -0.713180 0.026782
v 0.009108 -0.718027 0.027306
v 0.020727 -0.713302 0.026782
v 0.031950 -0.699187 0.025228
v 0.042346 -0.676223 0.022704
v 0.051514 -0.645295 0.019309
v 0.059104 -0.607590 0.015171
v 0.064822 -0.564557 0.010450
v 0.068450 -0.517849 0.005327
v -0.048193 -0.530490 0.004530
v -0.045124 -0.589977 0.008887
v -0.039921 -0.644814 0.012902
v -0.032783 -0.692892 0.016421
v -0.023985 -0.732364 0.019309
v -0.013865 -0.761713 0.021455
v -0.002811 -0.779812 0.022776
v 0.008751 -0.785964 0.023222
v 0.020377 -0.779934 0.022776
v 0.031620 -0.761953 0.021455
v 0.042048 -0.732712 0.019309
v 0.051261 -0.693334 0.016421
v 0.058905 -0.645334 0.012902
v 0.064685 -0.590555 0.008887
v 0.068380 -0.531103 0.004530
v 0.069847 -0.469263 0.000000
v -0.048251 -0.541367 0.003560
v -0.045237 -0.611314 0.006982
v -0.040084 -0.675790 0.010137
v -0.032991 -0.732317 0.012902
v -0.024229 -0.778723 0.015171
v -0.014136 -0.813224 0.016857
v -0.003099 -0.834496 0.017895
v 0.008457 -0.841719 0.018246
v 0.020089 -0.834618 0.017895
v 0.031349 -0.813464 0.016857
v 0.041805 -0.779070 0.015171
v 0.051054 -0.732759 0.012902
v 0.058742 -0.676310 0.010137
v 0.064573 -0.611892 0.006982
v 0.068323 -0.541981 0.003560
v -0.048293 -0.549450 0.002452
v -0.045320 -0.627168 0.004809
v -0.040205 -0.698807 0.006982
v -0.033145 -0.761612 0.008887
v -0.024410 -0.813170 0.010450
v -0.014337 -0.851500 0.011611
v -0.003313 -0.875129 0.012326
v 0.008239 -0.883149 0.012568
v 0.019875 -0.875251 0.012326
v 0.031147 -0.851740 0.011611
v 0.041623 -0.813518 0.010450
v 0.050900 -0.762054 0.008887
v 0.058621 -0.699327 0.006982
v 0.064489 -0.627746 0.004809
v 0.068280 -0.550063 0.002452
v -0.048319 -0.554427 0.001250
v -0.045371 -0.636931 0.002452
v -0.040280 -0.712981 0.003560
v -0.033240 -0.779652 0.004530
v -0.024522 -0.834383 0.005327
v -0.014461 -0.875071 0.005919
v -0.003444 -0.900151 0.006284
v 0.008105 -0.908661 0.006407
v 0.019743 -0.900273 0.006284
v 0.031023 -0.875310 0.005919
v 0.041512 -0.834730 0.005327
v 0.050805 -0.780094 0.004530
v 0.058546 -0.713501 0.003560
v 0.064438 -0.637509 0.002452
v 0.068254 -0.555040 0.001250
v -0.048328 -0.556107 -0.000000
v -0.045389 -0.640228 -0.000000
v -0.040305 -0.717766 -0.000000
v -0.033272 -0.785743 -0.000000
v -0.024559 -0.841546 -0.000000
v -0.014503 -0.883030 -0.000000
v -0.003489 -0.908600 -0.000000
v 0.008060 -0.917275 -0.000000
v 0.019699 -0.908722 -0.000000
v 0.030982 -0.883269 -0.000000
v 0.041474 -0.841893 -0.000000
v 0.050773 -0.786185 -0.000000
v 0.058521 -0.718286 -0.000000
v 0.064421 -0.640806 -0.000000
v 0.068245 -0.556721 -0.000000
v -0.048319 -0.554427 -0.001250
v -0.045371 -0.636931 -0.002452
v -0.040280 -0.712981 -0.003560
v -0.033240 -0.779652 -0.004530
v -0.024522 -0.834383 -0.005327
v -0.014461 -0.875071 -0.005919
v -0.003444 -0.900151 -0.006284
v 0.008105 -0.908661 -0.006407
v 0.019743 -0.900273 -0.006284
v 0.031023 -0.875310 -0.005919
v 0.041512 -0.834730 -0.005327
v 0.050805 -0.780094 -0.004530
v 0.058546 -0.713501 -0.003560
v 0.064438 -0.637509 -0.002452
v 0.068254 -0.555040 -0.001250
v -0.048293 -0.549450 -0.002452
v -0.045320 -0.627168 -0.004809
v -0.040205 -0.698807 -0.006982
v -0.033145 -0.761612 -0.008887
v -0.024410 -0.813170 -0.010450
v -0.014337 -0.851500 -0.011611
v -0.003313 -0.875129 -0.012326
v 0.008239 -0.883149 -0.012568
v 0.019875 -0.875251 -0.012326
v 0.031147 -0.851740 -0.011611
v 0.041623 -0.813518 -0.010450
v 0.050900 -0.762054 -0.008887
v 0.058621 -0.699327 -0.006982
v 0.064489 -0.627746 -0.004809
v 0.068280 -0.550063 -0.002452
v -0.048251 -0.541367 -0.003560
v -0.045237 -0.611314 -0.006982
v -0.040084 -0.675790 -0.010137
v -0.032991 -0.732317 -0.012902
v -0.024229 -0.778723 -0.015171
v -0.014136 -0.813224 -0.016857
v -0.003099 -0.834496 -0.017895
v 0.008457 -0.841719 -0.018246
v 0.020089 -0.834618 -0.017895
v 0.031349 -0.813464 -0.016857
v 0.041805 -0.779070 -0.015171
v 0.051054 -0.732759 -0.012902
v 0.058742 -0.676310 -0.010137
v 0.064573 -0.611892 -0.006982
v 0.068323 -0.541981 -0.003560
v -0.048193 -0.530490 -0.004530
v -0.045124 -0.589977 -0.008887
v -0.039921 -0.644814 -0.012902
v -0.032783 -0.692892 -0.016421
v -0.023985 -0.732364 -0.019309
v -0.013865 -0.761713 -0.021455
v -0.002811 -0.779812 -0.022776
v 0.008751 -0.785964 -0.023222
v 0.020377 -0.779934 -0.022776
v 0.031620 -0.761953 -0.021455
v 0.042048 -0.732711 -0.019309
v 0.051261 -0.693334 -0.016421
v 0.058905 -0.645334 -0.012902
v 0.064685 -0.590555 -0.008887
v 0.068380 -0.531103 -0.004530
v -0.048124 -0.517236 -0.005327
v -0.044988 -0.563979 -0.010450
v -0.039722 -0.607070 -0.015171
v -0.032530 -0.644853 -0.019309
v -0.023688 -0.675876 -0.022704
v -0.013534 -0.698947 -0.025228
v -0.002461 -0.713180 -0.026782
v 0.009108 -0.718026 -0.027306
v 0.020727 -0.713302 -0.026782
v 0.031950 -0.699187 -0.025228
v 0.042346 -0.676223 -0.022704
v 0.051514 -0.645295 -0.019309
v 0.059104 -0.607589 -0.015171
v 0.064822 -0.564556 -0.010450
v 0.068450 -0.517849 -0.005327
v -0.048044 -0.502115 -0.005919
v -0.044832 -0.534317 -0.011611
v -0.039496 -0.564008 -0.016857
v -0.032242 -0.590045 -0.021455
v -0.023349 -0.611429 -0.025228
v -0.013158 -0.627338 -0.028032
v -0.002061 -0.637159 -0.029758
v 0.009516 -0.640517 -0.030341
v 0.021127 -0.637281 -0.029758
v 0.032327 -0.627577 -0.028032
v 0.042685 -0.611776 -0.025228
v 0.051803 -0.590487 -0.021455
v 0.059330 -0.564528 -0.016857
v 0.064978 -0.534895 -0.011611
v 0.068529 -0.502728 -0.005919
v -0.047958 -0.485707 -0.006284
v -0.044662 -0.502132 -0.012326
v -0.039250 -0.517283 -0.017895
v -0.031929 -0.530576 -0.022776
v -0.022981 -0.541500 -0.026782
v -0.012749 -0.549637 -0.029758
v -0.001627 -0.554673 -0.031591
v 0.009958 -0.556414 -0.032210
v 0.021561 -0.554795 -0.031591
v 0.032736 -0.549876 -0.029758
v 0.043053 -0.541848 -0.026782
v 0.052116 -0.531018 -0.022776
v 0.059576 -0.517803 -0.017895
v 0.065147 -0.502710 -0.012326
v 0.068615 -0.486320 -0.006284
v -0.047868 -0.468644 -0.006407
v -0.044486 -0.468661 -0.012568
v -0.031604 -0.468729 -0.023222
v -0.012324 -0.468831 -0.030341
v 0.033161 -0.469070 -0.030341
v 0.052441 -0.469171 -0.023222
v 0.059832 -0.469210 -0.018246
v 0.065323 -0.469239 -0.012568
v 0.068705 -0.469257 -0.006407
vn -0.4130 0.0040 -0.9107
vn 0.5585 0.0095 -0.8295
vn -0.2833 0.0052 -0.9590
vn 0.7187 0.0095 -0.6952
vn -0.1654 0.0061 -0.9862
vn 0.8766 0.0089 -0.4812
vn -0.0544 0.0069 -0.9985
vn -0.9845 -0.0049 -0.1755
vn 0.9845 0.0074 -0.1755
vn 0.0543 0.0075 -0.9985
vn -0.8766 -0.0020 -0.4812
vn 0.1653 0.0081 -0.9862
vn -0.7188 0.0005 -0.6952
vn 0.2832 0.0087 -0.9590
vn -0.5586 0.0025 -0.8295
vn 0.4130 0.0091 -0.9107
vn -0.5736 0.0146 -0.8190
vn 0.4264 0.0228 -0.9043
vn -0.4266 0.0174 -0.9043
vn 0.5734 0.0218 -0.8190
vn -0.2937 0.0194 -0.9557
vn 0.7321 0.0197 -0.6810
vn -0.1718 0.0208 -0.9849
vn 0.8842 0.0159 -0.4668
vn -0.0566 0.0218 -0.9982
vn -0.9856 -0.0024 -0.1689
vn 0.9856 0.0099 -0.1689
vn 0.0564 0.0225 -0.9982
vn -0.8844 0.0049 -0.4668
vn 0.1716 0.0230 -0.9849
vn -0.7322 0.0106 -0.6810
vn 0.2934 0.0231 -0.9557
vn -0.0615 0.0387 -0.9974
vn -0.9878 -0.0000 -0.1560
vn 0.9877 0.0123 -0.1560
vn 0.0610 0.0394 -0.9974
vn -0.8992 0.0115 -0.4374
vn 0.1855 0.0396 -0.9818
vn -0.7591 0.0207 -0.6506
vn 0.3158 0.0391 -0.9480
vn -0.6049 0.0274 -0.7958
vn 0.4551 0.0377 -0.8897
vn -0.4555 0.0320 -0.8897
vn 0.6045 0.0349 -0.7958
vn -0.3162 0.0351 -0.9480
vn 0.7588 0.0302 -0.6506
vn -0.1860 0.0373 -0.9818
vn 0.8990 0.0227 -0.4374
vn 0.5032 0.0550 -0.8624
vn -0.5038 0.0487 -0.8624
vn 0.6541 0.0495 -0.7548
vn -0.3552 0.0539 -0.9332
vn 0.7987 0.0411 -0.6003
vn -0.2110 0.0573 -0.9758
vn 0.9194 0.0293 -0.3921
vn -0.0701 0.0594 -0.9958
vn -0.9906 0.0021 -0.1371
vn 0.9904 0.0144 -0.1371
vn 0.0694 0.0603 -0.9958
vn -0.9197 0.0178 -0.3921
vn 0.2102 0.0600 -0.9758
vn -0.7992 0.0311 -0.6003
vn 0.3545 0.0583 -0.9332
vn -0.6546 0.0413 -0.7548
vn -0.9936 0.0039 -0.1129
vn 0.9935 0.0163 -0.1129
vn 0.0842 0.0891 -0.9925
vn -0.9436 0.0236 -0.3301
vn 0.2528 0.0876 -0.9635
vn -0.8505 0.0415 -0.5243
vn 0.4185 0.0833 -0.9044
vn -0.7252 0.0567 -0.6862
vn 0.5777 0.0761 -0.8127
vn -0.5786 0.0689 -0.8127
vn 0.7244 0.0658 -0.6862
vn -0.4195 0.0781 -0.9044
vn 0.8500 0.0521 -0.5243
vn -0.2539 0.0844 -0.9635
vn 0.9433 0.0353 -0.3301
vn -0.0853 0.0881 -0.9925
vn -0.6888 0.0942 -0.7188
vn 0.8149 0.0837 -0.5736
vn -0.5263 0.1122 -0.8429
vn 0.9073 0.0626 -0.4158
vn -0.3317 0.1261 -0.9349
vn 0.9670 0.0405 -0.2515
vn -0.1139 0.1342 -0.9844
vn -0.9964 0.0053 -0.0841
vn 0.9963 0.0177 -0.0841
vn 0.1123 0.1356 -0.9844
vn -0.9674 0.0284 -0.2515
vn 0.3301 0.1302 -0.9349
vn -0.9080 0.0513 -0.4159
vn 0.5249 0.1188 -0.8429
vn -0.8158 0.0735 -0.5736
vn 0.6876 0.1028 -0.7188
vn 0.1770 0.2321 -0.9565
vn -0.9869 0.0320 -0.1580
vn 0.4864 0.2080 -0.8486
vn -0.9608 0.0594 -0.2710
vn 0.7005 0.1717 -0.6927
vn -0.9140 0.0899 -0.3957
vn 0.8331 0.1347 -0.5364
vn -0.8348 0.1243 -0.5364
vn 0.9128 0.1012 -0.3957
vn -0.7025 0.1629 -0.6927
vn 0.9599 0.0714 -0.2710
vn -0.4890 0.2019 -0.8486
vn 0.9864 0.0443 -0.1580
vn -0.1799 0.2298 -0.9565
vn -0.9986 0.0063 -0.0519
vn 0.9985 0.0188 -0.0519
vn 0.9831 0.1132 -0.1439
vn -0.9248 0.2233 -0.3079
vn 0.9926 0.0765 -0.0946
vn -0.8090 0.3475 -0.4740
vn 0.9975 0.0463 -0.0540
vn -0.4088 0.5430 -0.7335
vn -0.9998 0.0068 -0.0176
vn 0.9997 0.0193 -0.0176
vn 0.4019 0.5481 -0.7335
vn -0.9980 0.0339 -0.0539
vn 0.8046 0.3576 -0.4740
vn -0.9934 0.0642 -0.0946
vn 0.9220 0.2348 -0.3079
vn -0.9844 0.1009 -0.1439
vn 0.9643 0.1619 -0.2096
vn -0.9662 0.1499 -0.2096
vn 0.8046 0.3576 0.4740
vn -0.9934 0.0642 0.0946
vn 0.9220 0.2348 0.3079
vn -0.9844 0.1009 0.1439
vn 0.9643 0.1619 0.2096
vn -0.9662 0.1499 0.2096
vn 0.9831 0.1132 0.1439
vn -0.9248 0.2233 0.3079
vn 0.9926 0.0765 0.0946
vn -0.8090 0.3475 0.4740
vn 0.9975 0.0463 0.0539
vn -0.4087 0.5430 0.7335
vn -0.9998 0.0068 0.0176
vn 0.9997 0.0193 0.0176
vn 0.4019 0.5481 0.7335
vn -0.9980 0.0339 0.0539
vn 0.9599 0.0714 0.2710
vn -0.4890 0.2019 0.8486
vn 0.9864 0.0443 0.1580
vn -0.1799 0.2298 0.9565
vn -0.9986 0.0063 0.0519
vn 0.9985 0.0188 0.0519
vn 0.1770 0.2321 0.9565
vn -0.9869 0.0320 0.1580
vn 0.4864 0.2080 0.8486
vn -0.9608 0.0594 0.2710
vn 0.7005 0.1717 0.6927
vn -0.9140 0.0899 0.3957
vn 0.8331 0.1347 0.5364
vn -0.8348 0.1243 0.5364
vn 0.9128 0.1012 0.3957
vn -0.7025 0.1629 0.6927
vn -0.9080 0.0513 0.4159
vn 0.5249 0.1188 0.8429
vn -0.8158 0.0735 0.5736
vn 0.6876 0.1028 0.7188
vn -0.6888 0.0942 0.7188
vn 0.8149 0.0837 0.5736
vn -0.5263 0.1122 0.8429
vn 0.9073 0.0626 0.4159
vn -0.3317 0.1261 0.9349
vn 0.9670 0.0405 0.2515
vn -0.1139 0.1342 0.9844
vn -0.9964 0.0053 0.0841
vn 0.9963 0.0177 0.0841
vn 0.1123 0.1356 0.9844
vn -0.9674 0.0284 0.2515
vn 0.3301 0.1302 0.9349
vn -0.2539 0.0844 0.9635
vn 0.9433 0.0353 0.3301
vn -0.0853 0.0881 0.9925
vn -0.9936 0.0039 0.1129
vn 0.9935 0.0163 0.1129
vn 0.0842 0.0891 0.9925
vn -0.9436 0.0236 0.3301
vn 0.2528 0.0876 0.9635
vn -0.8505 0.0415 0.5243
vn 0.4185 0.0833 0.9044
vn -0.7252 0.0567 0.6862
vn 0.5777 0.0761 0.8127
vn -0.5786 0.0689 0.8127
vn 0.7244 0.0658 0.6862
vn -0.4195 0.0781 0.9044
vn 0.8500 0.0521 0.5243
vn 0.3545 0.0583 0.9332
vn -0.6546 0.0413 0.7548
vn 0.5032 0.0550 0.8624
vn -0.5038 0.0487 0.8624
vn 0.6541 0.0495 0.7548
vn -0.3552 0.0539 0.9332
vn 0.7987 0.0411 0.6003
vn -0.2110 0.0573 0.9758
vn 0.9195 0.0293 0.3921
vn -0.0701 0.0594 0.9958
vn -0.9906 0.0021 0.1371
vn 0.9904 0.0144 0.1371
vn 0.0694 0.0603 0.9958
vn -0.9197 0.0178 0.3921
vn 0.2102 0.0600 0.9758
vn -0.7992 0.0311 0.6003
vn 0.8990 0.0227 0.4374
vn -0.0615 0.0387 0.9974
vn -0.9878 -0.0000 0.1560
vn 0.9877 0.0123 0.1560
vn 0.0610 0.0394 0.9974
vn -0.8992 0.0115 0.4374
vn 0.1855 0.0396 0.9818
vn -0.7591 0.0207 0.6506
vn 0.3158 0.0391 0.9480
vn -0.6049 0.0274 0.7958
vn 0.4551 0.0377 0.8897
vn -0.4555 0.0320 0.8897
vn 0.6045 0.0349 0.7958
vn -0.3162 0.0351 0.9480
vn 0.7588 0.0302 0.6506
vn -0.1860 0.0373 0.9818
vn -0.5736 0.0146 0.8190
vn 0.4264 0.0228 0.9043
vn -0.4266 0.0174 0.9043
vn 0.5734 0.0218 0.8190
vn -0.2937 0.0194 0.9557
vn 0.7320 0.0197 0.6810
vn -0.1718 0.0208 0.9849
vn 0.8842 0.0159 0.4668
vn -0.0566 0.0218 0.9982
vn -0.9856 -0.0024 0.1689
vn 0.9856 0.0099 0.1689
vn 0.0564 0.0225 0.9982
vn -0.8844 0.0049 0.4668
vn 0.1716 0.0230 0.9849
vn -0.7322 0.0106 0.6810
vn 0.2934 0.0231 0.9557
vn -0.0544 0.0069 0.9985
vn -0.9845 -0.0049 0.1755
vn 0.9845 0.0074 0.1755
vn 0.0543 0.0075 0.9985
vn -0.8766 -0.0020 0.4812
vn 0.1653 0.0081 0.9862
vn -0.7188 0.0005 0.6952
vn 0.2832 0.0087 0.9590
vn -0.5586 0.0025 0.8295
vn 0.4130 0.0091 0.9107
vn -0.4130 0.0040 0.9107
vn 0.5585 0.0095 0.8295
vn -0.2833 0.0052 0.9590
vn 0.7187 0.0095 0.6952
vn -0.1654 0.0061 0.9862
vn 0.8766 0.0089 0.4812
vn 0.4130 -0.0040 0.9107
vn -0.4130 -0.0091 0.9107
vn 0.5586 -0.0025 0.8295
vn -0.2832 -0.0087 0.9590
vn 0.7188 -0.0005 0.6952
vn -0.1653 -0.0081 0.9862
vn 0.8766 0.0020 0.4812
vn -0.0543 -0.0075 0.9985
vn -0.9845 -0.0074 0.1755
vn 0.9845 0.0049 0.1755
vn 0.0544 -0.0069 0.9985
vn -0.8766 -0.0089 0.4812
vn 0.1654 -0.0061 0.9862
vn -0.7187 -0.0095 0.6952
vn 0.2833 -0.0052 0.9590
vn -0.5585 -0.0095 0.8295
vn 0.9856 0.0024 0.1689
vn 0.0566 -0.0218 0.9982
vn -0.8842 -0.0159 0.4668
vn 0.1718 -0.0208 0.9849
vn -0.7321 -0.0197 0.6810
vn 0.2937 -0.0194 0.9557
vn -0.5734 -0.0218 0.8190
vn 0.4266 -0.0174 0.9043
vn -0.4264 -0.0228 0.9043
vn 0.5736 -0.0146 0.8190
vn -0.2934 -0.0231 0.9557
vn 0.7322 -0.0106 0.6810
vn -0.1716 -0.0230 0.9849
vn 0.8844 -0.0049 0.4668
vn -0.0564 -0.0225 0.9982
vn -0.9856 -0.0099 0.1689
vn 0.6049 -0.0274 0.7958
vn -0.3158 -0.0391 0.9480
vn 0.7591 -0.0207 0.6506
vn -0.1855 -0.0396 0.9818
vn 0.8992 -0.0115 0.4374
vn -0.0610 -0.0394 0.9974
vn -0.9877 -0.0123 0.1560
vn 0.9878 -0.0000 0.1560
vn 0.0615 -0.0387 0.9974
vn -0.8990 -0.0227 0.4374
vn 0.1860 -0.0373 0.9818
vn -0.7588 -0.0302 0.6506
vn 0.3162 -0.0351 0.9480
vn -0.6045 -0.0349 0.7958
vn 0.4555 -0.0320 0.8897
vn -0.4551 -0.0377 0.8897
vn -0.9195 -0.0293 0.3921
vn 0.2110 -0.0573 0.9758
vn -0.7987 -0.0411 0.6003
vn 0.3552 -0.0539 0.9332
vn -0.6541 -0.0495 0.7548
vn 0.5038 -0.0487 0.8624
vn -0.5032 -0.0550 0.8624
vn 0.6546 -0.0413 0.7548
vn -0.3545 -0.0583 0.9332
vn 0.7992 -0.0311 0.6003
vn -0.2102 -0.0600 0.9758
vn 0.9197 -0.0178 0.3921
vn -0.0694 -0.0603 0.9958
vn -0.9904 -0.0144 0.1371
vn 0.9906 -0.0021 0.1371
vn 0.0701 -0.0594 0.9958
vn -0.4185 -0.0833 0.9044
vn 0.8505 -0.0415 0.5243
vn -0.2528 -0.0876 0.9635
vn 0.9436 -0.0236 0.3301
vn -0.0842 -0.0891 0.9925
vn -0.9935 -0.0163 0.1129
vn 0.9936 -0.0039 0.1129
vn 0.0853 -0.0881 0.9925
vn -0.9433 -0.0353 0.3301
vn 0.2539 -0.0844 0.9635
vn -0.8500 -0.0521 0.5243
vn 0.4195 -0.0781 0.9044
vn -0.7244 -0.0658 0.6862
vn 0.5786 -0.0689 0.8127
vn -0.5777 -0.0761 0.8127
vn 0.7252 -0.0567 0.6862
vn 0.3317 -0.1261 0.9349
vn -0.9073 -0.0626 0.4159
vn 0.5263 -0.1122 0.8429
vn -0.8149 -0.0837 0.5736
vn 0.6888 -0.0942 0.7188
vn -0.6876 -0.1028 0.7188
vn 0.8158 -0.0735 0.5736
vn -0.5249 -0.1188 0.8429
vn 0.9080 -0.0513 0.4159
vn -0.3301 -0.1302 0.9349
vn 0.9674 -0.0284 0.2515
vn -0.1123 -0.1356 0.9844
vn -0.9963 -0.0177 0.0841
vn 0.9964 -0.0053 0.0841
vn 0.1139 -0.1342 0.9844
vn -0.9670 -0.0405 0.2515
vn 0.9608 -0.0594 0.2709
vn -0.4864 -0.2080 0.8486
vn 0.9869 -0.0320 0.1580
vn -0.1770 -0.2321 0.9565
vn -0.9985 -0.0188 0.0519
vn 0.9986 -0.0063 0.0519
vn 0.1799 -0.2298 0.9565
vn -0.9864 -0.0443 0.1580
vn 0.4890 -0.2019 0.8486
vn -0.9599 -0.0714 0.2710
vn 0.7025 -0.1629 0.6928
vn -0.9128 -0.1012 0.3957
vn 0.8348 -0.1243 0.5364
vn -0.8331 -0.1347 0.5364
vn 0.9140 -0.0899 0.3957
vn -0.7005 -0.1717 0.6927
vn -0.9926 -0.0765 0.0946
vn 0.9248 -0.2233 0.3079
vn -0.9831 -0.1132 0.1439
vn 0.9662 -0.1499 0.2096
vn -0.9643 -0.1619 0.2096
vn 0.9844 -0.1009 0.1439
vn -0.9220 -0.2348 0.3079
vn 0.9934 -0.0642 0.0946
vn -0.8046 -0.3576 0.4740
vn 0.9980 -0.0339 0.0540
vn -0.4019 -0.5481 0.7335
vn -0.9997 -0.0193 0.0176
vn 0.9998 -0.0068 0.0175
vn 0.4087 -0.5430 0.7335
vn -0.9975 -0.0463 0.0539
vn 0.8090 -0.3475 0.4740
vn -0.8046 -0.3576 -0.4741
vn 0.9980 -0.0339 -0.0540
vn -0.4019 -0.5481 -0.7335
vn -0.9997 -0.0193 -0.0176
vn 0.9998 -0.0068 -0.0175
vn 0.4087 -0.5430 -0.7335
vn -0.9975 -0.0463 -0.0539
vn 0.8090 -0.3475 -0.4740
vn -0.9926 -0.0765 -0.0946
vn 0.9248 -0.2233 -0.3079
vn -0.9831 -0.1132 -0.1439
vn 0.9662 -0.1499 -0.2096
vn -0.9643 -0.1619 -0.2096
vn 0.9844 -0.1009 -0.1439
vn -0.9220 -0.2348 -0.3079
vn 0.9934 -0.0642 -0.0946
vn 0.7025 -0.1629 -0.6927
vn -0.9128 -0.1012 -0.3957
vn 0.8348 -0.1243 -0.5364
vn -0.8331 -0.1347 -0.5364
vn 0.9140 -0.0899 -0.3957
vn -0.7005 -0.1717 -0.6928
vn 0.9608 -0.0594 -0.2710
vn -0.4864 -0.2080 -0.8486
vn 0.9869 -0.0320 -0.1580
vn -0.1770 -0.2321 -0.9565
vn -0.9985 -0.0188 -0.0519
vn 0.9986 -0.0063 -0.0519
vn 0.1799 -0.2298 -0.9565
vn -0.9864 -0.0443 -0.1580
vn 0.4890 -0.2019 -0.8486
vn -0.9599 -0.0714 -0.2710
vn 0.9674 -0.0284 -0.2515
vn -0.1123 -0.1356 -0.9844
vn -0.9963 -0.0177 -0.0841
vn 0.9964 -0.0053 -0.0841
vn 0.1139 -0.1342 -0.9844
vn -0.9670 -0.0405 -0.2515
vn 0.3317 -0.1261 -0.9349
vn -0.9073 -0.0626 -0.4159
vn 0.5263 -0.1122 -0.8429
vn -0.8149 -0.0837 -0.5736
vn 0.6888 -0.0942 -0.7188
vn -0.6876 -0.1028 -0.7188
vn 0.8158 -0.0735 -0.5736
vn -0.5249 -0.1188 -0.8429
vn 0.9080 -0.0513 -0.4159
vn -0.3301 -0.1302 -0.9349
vn 0.5786 -0.0689 -0.8127
vn -0.5777 -0.0761 -0.8127
vn 0.7252 -0.0567 -0.6862
vn -0.4185 -0.0833 -0.9044
vn 0.8505 -0.0415 -0.5243
vn -0.2528 -0.0876 -0.9635
vn 0.9436 -0.0236 -0.3302
vn -0.0842 -0.0891 -0.9925
vn -0.9935 -0.0163 -0.1129
vn 0.9936 -0.0039 -0.1129
vn 0.0853 -0.0881 -0.9925
vn -0.9433 -0.0353 -0.3301
vn 0.2539 -0.0844 -0.9635
vn -0.8500 -0.0521 -0.5243
vn 0.4195 -0.0781 -0.9044
vn -0.7244 -0.0658 -0.6862
vn -0.9904 -0.0144 -0.1371
vn 0.9906 -0.0021 -0.1371
vn 0.0701 -0.0594 -0.9958
vn -0.9195 -0.0293 -0.3921
vn 0.2110 -0.0573 -0.9758
vn -0.7987 -0.0411 -0.6003
vn 0.3552 -0.0539 -0.9332
vn -0.6541 -0.0495 -0.7548
vn 0.5038 -0.0487 -0.8624
vn -0.5032 -0.0550 -0.8624
vn 0.6546 -0.0413 -0.7548
vn -0.3545 -0.0583 -0.9332
vn 0.7992 -0.0311 -0.6003
vn -0.2102 -0.0600 -0.9758
vn 0.9197 -0.0178 -0.3921
vn -0.0694 -0.0603 -0.9958
vn -0.4551 -0.0377 -0.8897
vn 0.6049 -0.0274 -0.7958
vn -0.3158 -0.0391 -0.9480
vn 0.7591 -0.0207 -0.6506
vn -0.1855 -0.0396 -0.9818
vn 0.8992 -0.0115 -0.4374
vn -0.0610 -0.0394 -0.9974
vn -0.9877 -0.0123 -0.1560
vn 0.9878 -0.0000 -0.1560
vn 0.0615 -0.0387 -0.9974
vn -0.8990 -0.0227 -0.4374
vn 0.1860 -0.0373 -0.9818
vn -0.7588 -0.0302 -0.6506
vn 0.3162 -0.0351 -0.9480
vn -0.6045 -0.0349 -0.7958
vn 0.4555 -0.0320 -0.8897
vn 0.0566 -0.0218 -0.9982
vn -0.8842 -0.0159 -0.4668
vn 0.1718 -0.0208 -0.9849
vn -0.7321 -0.0197 -0.6810
vn 0.2937 -0.0194 -0.9557
vn -0.5734 -0.0218 -0.8190
vn 0.4266 -0.0174 -0.9043
vn -0.4264 -0.0228 -0.9043
vn 0.5736 -0.0146 -0.8190
vn -0.2934 -0.0231 -0.9557
vn 0.7322 -0.0106 -0.6810
vn -0.1716 -0.0230 -0.9849
vn 0.8844 -0.0049 -0.4668
vn -0.0564 -0.0225 -0.9982
vn -0.9856 -0.0099 -0.1689
vn 0.9856 0.0024 -0.1689
vn 0.5586 -0.0025 -0.8295
vn -0.2832 -0.0087 -0.9590
vn 0.7188 -0.0005 -0.6952
vn -0.1653 -0.0081 -0.9862
vn 0.8766 0.0020 -0.4812
vn -0.0543 -0.0075 -0.9985
vn -0.9845 -0.0074 -0.1755
vn 0.9845 0.0049 -0.1755
vn 0.0544 -0.0069 -0.9985
vn -0.8766 -0.0089 -0.4812
vn 0.1654 -0.0061 -0.9862
vn -0.7187 -0.0095 -0.6952
vn 0.2833 -0.0052 -0.9590
vn -0.5585 -0.0095 -0.8295
vn 0.4130 -0.0040 -0.9107
vn -0.4130 -0.0091 -0.9107
vn 0.0066 0.4130 -0.9107
vn 0.0060 -0.5585 -0.8295
vn 0.0069 0.2833 -0.9590
vn 0.0050 -0.7188 -0.6952
vn 0.0071 0.1653 -0.9862
vn 0.0035 -0.8766 -0.4812
vn 0.0072 0.0543 -0.9985
vn 0.0013 0.9845 -0.1755
vn 0.0013 -0.9845 -0.1755
vn 0.0072 -0.0543 -0.9985
vn 0.0035 0.8766 -0.4812
vn 0.0071 -0.1653 -0.9862
vn 0.0050 0.7188 -0.6952
vn 0.0069 -0.2833 -0.9590
vn 0.0060 0.5585 -0.8295
vn 0.0066 -0.4130 -0.9107
vn 0.0182 0.5735 -0.8190
vn 0.0201 -0.4265 -0.9043
vn 0.0201 0.4265 -0.9043
vn 0.0182 -0.5735 -0.8190
vn 0.0212 0.2936 -0.9557
vn 0.0151 -0.7322 -0.6810
vn 0.0219 0.1717 -0.9849
vn 0.0104 -0.8843 -0.4668
vn 0.0222 0.0565 -0.9982
vn 0.0038 0.9856 -0.1689
vn 0.0038 -0.9856 -0.1689
vn 0.0222 -0.0565 -0.9982
vn 0.0104 0.8843 -0.4668
vn 0.0219 -0.1717 -0.9849
vn 0.0151 0.7322 -0.6810
vn 0.0212 -0.2936 -0.9557
vn 0.0391 0.0613 -0.9974
vn 0.0061 0.9877 -0.1560
vn 0.0061 -0.9877 -0.1560
vn 0.0391 -0.0613 -0.9974
vn 0.0171 0.8991 -0.4374
vn 0.0384 -0.1857 -0.9818
vn 0.0255 0.7590 -0.6506
vn 0.0371 -0.3160 -0.9480
vn 0.0312 0.6047 -0.7958
vn 0.0348 -0.4553 -0.8897
vn 0.0348 0.4553 -0.8897
vn 0.0312 -0.6047 -0.7958
vn 0.0371 0.3160 -0.9480
vn 0.0255 -0.7590 -0.6506
vn 0.0384 0.1857 -0.9818
vn 0.0171 -0.8991 -0.4374
vn 0.0518 -0.5035 -0.8624
vn 0.0518 0.5035 -0.8624
vn 0.0454 -0.6544 -0.7548
vn 0.0561 0.3549 -0.9332
vn 0.0361 -0.7990 -0.6003
vn 0.0587 0.2106 -0.9758
vn 0.0236 -0.9196 -0.3921
vn 0.0599 0.0698 -0.9958
vn 0.0082 0.9905 -0.1371
vn 0.0082 -0.9905 -0.1372
vn 0.0599 -0.0698 -0.9958
vn 0.0236 0.9196 -0.3921
vn 0.0587 -0.2106 -0.9758
vn 0.0361 0.7990 -0.6003
vn 0.0561 -0.3549 -0.9332
vn 0.0454 0.6544 -0.7548
vn 0.0101 0.9936 -0.1129
vn 0.0101 -0.9936 -0.1129
vn 0.0886 -0.0847 -0.9925
vn 0.0295 0.9435 -0.3301
vn 0.0860 -0.2534 -0.9635
vn 0.0468 0.8503 -0.5243
vn 0.0807 -0.4191 -0.9044
vn 0.0612 0.7248 -0.6862
vn 0.0725 -0.5782 -0.8127
vn 0.0725 0.5782 -0.8127
vn 0.0612 -0.7248 -0.6862
vn 0.0807 0.4191 -0.9044
vn 0.0468 -0.8503 -0.5243
vn 0.0860 0.2534 -0.9635
vn 0.0295 -0.9435 -0.3302
vn 0.0886 0.0847 -0.9925
vn 0.0985 0.6882 -0.7188
vn 0.0786 -0.8154 -0.5736
vn 0.1155 0.5256 -0.8429
vn 0.0570 -0.9076 -0.4158
vn 0.1281 0.3309 -0.9349
vn 0.0345 -0.9672 -0.2515
vn 0.1349 0.1131 -0.9844
vn 0.0115 0.9964 -0.0841
vn 0.0115 -0.9964 -0.0841
vn 0.1349 -0.1131 -0.9844
vn 0.0345 0.9672 -0.2515
vn 0.1281 -0.3309 -0.9349
vn 0.0570 0.9076 -0.4158
vn 0.1155 -0.5256 -0.8429
vn 0.0786 0.8154 -0.5736
vn 0.0985 -0.6882 -0.7188
vn 0.2310 -0.1785 -0.9565
vn 0.0382 0.9867 -0.1580
vn 0.2049 -0.4877 -0.8486
vn 0.0654 0.9604 -0.2710
vn 0.1673 -0.7015 -0.6928
vn 0.0955 0.9134 -0.3957
vn 0.1295 -0.8340 -0.5364
vn 0.1295 0.8340 -0.5364
vn 0.0955 -0.9134 -0.3957
vn 0.1673 0.7015 -0.6928
vn 0.0654 -0.9604 -0.2710
vn 0.2049 0.4877 -0.8486
vn 0.0382 -0.9867 -0.1580
vn 0.2310 0.1785 -0.9565
vn 0.0125 0.9986 -0.0519
vn 0.0125 -0.9986 -0.0519
vn 0.1070 -0.9838 -0.1439
vn 0.2290 0.9234 -0.3079
vn 0.0704 -0.9930 -0.0946
vn 0.3526 0.8068 -0.4740
vn 0.0401 -0.9977 -0.0539
vn 0.5456 0.4054 -0.7335
vn 0.0131 0.9998 -0.0176
vn 0.0131 -0.9998 -0.0175
vn 0.5456 -0.4054 -0.7335
vn 0.0401 0.9977 -0.0539
vn 0.3526 -0.8068 -0.4741
vn 0.0704 0.9930 -0.0946
vn 0.2290 -0.9234 -0.3079
vn 0.1070 0.9838 -0.1439
vn 0.1559 -0.9653 -0.2096
vn 0.1559 0.9653 -0.2096
vn 0.3526 -0.8068 0.4741
vn 0.0704 0.9930 0.0946
vn 0.2290 -0.9234 0.3079
vn 0.1070 0.9838 0.1439
vn 0.1559 -0.9653 0.2096
vn 0.1559 0.9653 0.2096
vn 0.1070 -0.9838 0.1439
vn 0.2290 0.9234 0.3079
vn 0.0704 -0.9930 0.0946
vn 0.3526 0.8068 0.4740
vn 0.0401 -0.9977 0.0539
vn 0.5456 0.4053 0.7335
vn 0.0131 0.9998 0.0176
vn 0.0131 -0.9998 0.0175
vn 0.5456 -0.4054 0.7335
vn 0.0401 0.9977 0.0539
vn 0.0654 -0.9604 0.2710
vn 0.2049 0.4877 0.8486
vn 0.0382 -0.9867 0.1580
vn 0.2310 0.1785 0.9565
vn 0.0125 0.9986 0.0519
vn 0.0125 -0.9986 0.0519
vn 0.2310 -0.1785 0.9565
vn 0.0382 0.9867 0.1580
vn 0.2049 -0.4877 0.8486
vn 0.0654 0.9604 0.2710
vn 0.1673 -0.7015 0.6928
vn 0.0955 0.9134 0.3957
vn 0.1295 -0.8340 0.5364
vn 0.1295 0.8340 0.5364
vn 0.0955 -0.9134 0.3957
vn 0.1673 0.7015 0.6928
vn 0.0570 0.9076 0.4158
vn 0.1155 -0.5256 0.8429
vn 0.0786 0.8154 0.5736
vn 0.0985 -0.6882 0.7188
vn 0.0985 0.6882 0.7188
vn 0.0786 -0.8154 0.5736
vn 0.1155 0.5256 0.8429
vn 0.0570 -0.9076 0.4158
vn 0.1281 0.3309 0.9349
vn 0.0345 -0.9672 0.2515
vn 0.1349 0.1131 0.9844
vn 0.0115 0.9964 0.0841
vn 0.0115 -0.9964 0.0841
vn 0.1349 -0.1131 0.9844
vn 0.0345 0.9672 0.2515
vn 0.1281 -0.3309 0.9349
vn 0.0860 0.2534 0.9635
vn 0.0295 -0.9435 0.3302
vn 0.0886 0.0847 0.9925
vn 0.0101 0.9936 0.1129
vn 0.0101 -0.9936 0.1129
vn 0.0886 -0.0847 0.9925
vn 0.0295 0.9435 0.3301
vn 0.0860 -0.2534 0.9635
vn 0.0468 0.8503 0.5243
vn 0.0807 -0.4191 0.9044
vn 0.0612 0.7248 0.6862
vn 0.0725 -0.5782 0.8127
vn 0.0725 0.5782 0.8127
vn 0.0612 -0.7248 0.6862
vn 0.0807 0.4190 0.9044
vn 0.0468 -0.8503 0.5243
vn 0.0561 -0.3549 0.9332
vn 0.0454 0.6544 0.7548
vn 0.0518 -0.5035 0.8624
vn 0.0518 0.5035 0.8624
vn 0.0454 -0.6544 0.7548
vn 0.0561 0.3549 0.9332
vn 0.0361 -0.7990 0.6003
vn 0.0587 0.2106 0.9758
vn 0.0236 -0.9196 0.3921
vn 0.0599 0.0698 0.9958
vn 0.0082 0.9905 0.1371
vn 0.0082 -0.9905 0.1372
vn 0.0599 -0.0698 0.9958
vn 0.0236 0.9196 0.3921
vn 0.0587 -0.2106 0.9758
vn 0.0361 0.7990 0.6003
vn 0.0171 -0.8991 0.4374
vn 0.0391 0.0613 0.9974
vn 0.0061 0.9877 0.1560
vn 0.0061 -0.9877 0.1560
vn 0.0391 -0.0613 0.9974
vn 0.0171 0.8991 0.4374
vn 0.0384 -0.1857 0.9818
vn 0.0255 0.7590 0.6506
vn 0.0371 -0.3160 0.9480
vn 0.0312 0.6047 0.7958
vn 0.0348 -0.4553 0.8897
vn 0.0348 0.4553 0.8897
vn 0.0312 -0.6047 0.7958
vn 0.0371 0.3160 0.9480
vn 0.0255 -0.7590 0.6506
vn 0.0384 0.1857 0.9818
vn 0.0182 0.5735 0.8190
vn 0.0201 -0.4265 0.9043
vn 0.0201 0.4265 0.9043
vn 0.0182 -0.5735 0.8190
vn 0.0212 0.2936 0.9557
vn 0.0151 -0.7322 0.6810
vn 0.0219 0.1717 0.9849
vn 0.0104 -0.8843 0.4668
vn 0.0222 0.0565 0.9982
vn 0.0038 0.9856 0.1689
vn 0.0038 -0.9856 0.1689
vn 0.0222 -0.0565 0.9982
vn 0.0104 0.8843 0.4668
vn 0.0219 -0.1717 0.9849
vn 0.0151 0.7322 0.6810
vn 0.0212 -0.2936 0.9557
vn 0.0072 0.0543 0.9985
vn 0.0013 0.9845 0.1755
vn 0.0013 -0.9845 0.1755
vn 0.0072 -0.0543 0.9985
vn 0.0035 0.8766 0.4812
vn 0.0071 -0.1653 0.9862
vn 0.0050 0.7188 0.6952
vn 0.0069 -0.2833 0.9590
vn 0.0060 0.5585 0.8295
vn 0.0066 -0.4130 0.9107
vn 0.0066 0.4130 0.9107
vn 0.0060 -0.5585 0.8295
vn 0.0069 0.2833 0.9590
vn 0.0050 -0.7188 0.6952
vn 0.0071 0.1653 0.9862
vn 0.0035 -0.8766 0.4812
vn -0.0066 -0.4130 0.9107
vn -0.0066 0.4130 0.9107
vn -0.0060 -0.5585 0.8295
vn -0.0069 0.2833 0.9590
vn -0.0050 -0.7188 0.6952
vn -0.0071 0.1653 0.9862
vn -0.0035 -0.8766 0.4812
vn -0.0072 0.0543 0.9985
vn -0.0013 0.9845 0.1755
vn -0.0013 -0.9845 0.1755
vn -0.0072 -0.0543 0.9985
vn -0.0035 0.8766 0.4812
vn -0.0071 -0.1653 0.9862
vn -0.0050 0.7188 0.6952
vn -0.0069 -0.2833 0.9590
vn -0.0060 0.5585 0.8295
vn -0.0038 -0.9856 0.1689
vn -0.0222 -0.0565 0.9982
vn -0.0104 0.8843 0.4668
vn -0.0219 -0.1717 0.9849
vn -0.0151 0.7322 0.6810
vn -0.0212 -0.2936 0.9557
vn -0.0182 0.5735 0.8190
vn -0.0201 -0.4265 0.9043
vn -0.0201 0.4265 0.9043
vn -0.0182 -0.5735 0.8190
vn -0.0212 0.2936 0.9557
vn -0.0151 -0.7322 0.6810
vn -0.0219 0.1717 0.9849
vn -0.0104 -0.8843 0.4668
vn -0.0222 0.0565 0.9982
vn -0.0038 0.9856 0.1689
vn -0.0312 -0.6047 0.7958
vn -0.0371 0.3160 0.9480
vn -0.0255 -0.7590 0.6506
vn -0.0384 0.1857 0.9818
vn -0.0171 -0.8991 0.4374
vn -0.0391 0.0613 0.9974
vn -0.0061 0.9877 0.1560
vn -0.0061 -0.9877 0.1560
vn -0.0391 -0.0613 0.9974
vn -0.0171 0.8991 0.4374
vn -0.0384 -0.1857 0.9818
vn -0.0255 0.7590 0.6506
vn -0.0371 -0.3160 0.9480
vn -0.0312 0.6047 0.7958
vn -0.0348 -0.4553 0.8897
vn -0.0348 0.4553 0.8897
vn -0.0236 0.9196 0.3921
vn -0.0587 -0.2106 0.9758
vn -0.0361 0.7990 0.6003
vn -0.0561 -0.3549 0.9332
vn -0.0454 0.6544 0.7548
vn -0.0518 -0.5035 0.8624
vn -0.0518 0.5035 0.8624
vn -0.0454 -0.6544 0.7548
vn -0.0561 0.3549 0.9332
vn -0.0361 -0.7990 0.6003
vn -0.0587 0.2106 0.9758
vn -0.0236 -0.9196 0.3921
vn -0.0599 0.0698 0.9958
vn -0.0082 0.9905 0.1371
vn -0.0082 -0.9905 0.1372
vn -0.0599 -0.0698 0.9958
vn -0.0807 0.4191 0.9044
vn -0.0468 -0.8503 0.5243
vn -0.0860 0.2534 0.9635
vn -0.0295 -0.9435 0.3301
vn -0.0886 0.0847 0.9925
vn -0.0101 0.9936 0.1129
vn -0.0101 -0.9936 0.1129
vn -0.0886 -0.0847 0.9925
vn -0.0295 0.9435 0.3301
vn -0.0860 -0.2534 0.9635
vn -0.0468 0.8503 0.5243
vn -0.0807 -0.4191 0.9044
vn -0.0612 0.7248 0.6862
vn -0.0725 -0.5782 0.8127
vn -0.0725 0.5782 0.8127
vn -0.0612 -0.7248 0.6862
vn -0.1281 -0.3309 0.9349
vn -0.0570 0.9076 0.4159
vn -0.1155 -0.5256 0.8429
vn -0.0786 0.8154 0.5736
vn -0.0985 -0.6882 0.7188
vn -0.0985 0.6882 0.7188
vn -0.0786 -0.8154 0.5736
vn -0.1155 0.5256 0.8429
vn -0.0570 -0.9076 0.4158
vn -0.1281 0.3309 0.9349
vn -0.0345 -0.9673 0.2515
vn -0.1349 0.1131 0.9844
vn -0.0115 0.9964 0.0841
vn -0.0115 -0.9964 0.0841
vn -0.1349 -0.1131 0.9844
vn -0.0345 0.9672 0.2515
vn -0.0654 -0.9604 0.2710
vn -0.2049 0.4877 0.8486
vn -0.0382 -0.9867 0.1580
vn -0.2310 0.1785 0.9565
vn -0.0125 0.9986 0.0519
vn -0.0125 -0.9986 0.0519
vn -0.2310 -0.1785 0.9565
vn -0.0382 0.9867 0.1580
vn -0.2049 -0.4877 0.8486
vn -0.0654 0.9604 0.2709
vn -0.1673 -0.7015 0.6927
vn -0.0955 0.9134 0.3957
vn -0.1295 -0.8340 0.5364
vn -0.1295 0.8340 0.5364
vn -0.0955 -0.9134 0.3957
vn -0.1673 0.7015 0.6928
vn -0.0704 0.9930 0.0946
vn -0.2290 -0.9234 0.3079
vn -0.1070 0.9838 0.1439
vn -0.1559 -0.9653 0.2096
vn -0.1559 0.9653 0.2096
vn -0.1070 -0.9838 0.1439
vn -0.2290 0.9234 0.3079
vn -0.0704 -0.9930 0.0946
vn -0.3526 0.8068 0.4740
vn -0.0401 -0.9977 0.0539
vn -0.5456 0.4053 0.7335
vn -0.0131 0.9998 0.0175
vn -0.0131 -0.9998 0.0175
vn -0.5456 -0.4053 0.7335
vn -0.0401 0.9977 0.0539
vn -0.3526 -0.8068 0.4740
vn -0.3526 0.8068 -0.4740
vn -0.0401 -0.9977 -0.0539
vn -0.5456 0.4054 -0.7335
vn -0.0131 0.9998 -0.0175
vn -0.0131 -0.9998 -0.0175
vn -0.5455 -0.4053 -0.7335
vn -0.0401 0.9977 -0.0539
vn -0.3526 -0.8068 -0.4740
vn -0.0704 0.9930 -0.0946
vn -0.2290 -0.9234 -0.3079
vn -0.1070 0.9838 -0.1439
vn -0.1559 -0.9653 -0.2096
vn -0.1559 0.9653 -0.2096
vn -0.1070 -0.9838 -0.1439
vn -0.2290 0.9234 -0.3079
vn -0.0704 -0.9930 -0.0946
vn -0.1673 -0.7015 -0.6927
vn -0.0955 0.9134 -0.3957
vn -0.1295 -0.8340 -0.5364
vn -0.1295 0.8340 -0.5364
vn -0.0955 -0.9134 -0.3957
vn -0.1673 0.7015 -0.6928
vn -0.0654 -0.9604 -0.2710
vn -0.2049 0.4877 -0.8486
vn -0.0382 -0.9867 -0.1580
vn -0.2310 0.1785 -0.9565
vn -0.0125 0.9986 -0.0519
vn -0.0125 -0.9986 -0.0519
vn -0.2310 -0.1785 -0.9565
vn -0.0382 0.9867 -0.1580
vn -0.2049 -0.4877 -0.8486
vn -0.0654 0.9604 -0.2709
vn -0.0345 -0.9673 -0.2515
vn -0.1349 0.1131 -0.9844
vn -0.0115 0.9964 -0.0841
vn -0.0115 -0.9964 -0.0841
vn -0.1349 -0.1131 -0.9844
vn -0.0345 0.9672 -0.2515
vn -0.1281 -0.3309 -0.9349
vn -0.0570 0.9076 -0.4159
vn -0.1155 -0.5256 -0.8429
vn -0.0786 0.8154 -0.5736
vn -0.0985 -0.6882 -0.7188
vn -0.0985 0.6882 -0.7188
vn -0.0786 -0.8154 -0.5736
vn -0.1155 0.5256 -0.8429
vn -0.0570 -0.9076 -0.4158
vn -0.1281 0.3309 -0.9349
vn -0.0725 -0.5782 -0.8127
vn -0.0725 0.5782 -0.8127
vn -0.0612 -0.7248 -0.6862
vn -0.0807 0.4191 -0.9044
vn -0.0468 -0.8503 -0.5243
vn -0.0860 0.2534 -0.9635
vn -0.0295 -0.9435 -0.3301
vn -0.0886 0.0847 -0.9925
vn -0.0101 0.9936 -0.1129
vn -0.0101 -0.9936 -0.1129
vn -0.0886 -0.0847 -0.9925
vn -0.0295 0.9435 -0.3301
vn -0.0860 -0.2534 -0.9635
vn -0.0468 0.8503 -0.5243
vn -0.0807 -0.4190 -0.9044
vn -0.0612 0.7248 -0.6862
vn -0.0082 0.9905 -0.1371
vn -0.0082 -0.9905 -0.1372
vn -0.0599 -0.0698 -0.9958
vn -0.0236 0.9196 -0.3921
vn -0.0587 -0.2106 -0.9758
vn -0.0361 0.7990 -0.6003
vn -0.0561 -0.3549 -0.9332
vn -0.0454 0.6544 -0.7548
vn -0.0518 -0.5035 -0.8624
vn -0.0518 0.5035 -0.8624
vn -0.0454 -0.6544 -0.7548
vn -0.0561 0.3549 -0.9332
vn -0.0361 -0.7990 -0.6003
vn -0.0587 0.2106 -0.9758
vn -0.0236 -0.9196 -0.3921
vn -0.0599 0.0698 -0.9958
vn -0.0348 0.4553 -0.8897
vn -0.0312 -0.6047 -0.7958
vn -0.0371 0.3160 -0.9480
vn -0.0255 -0.7590 -0.6506
vn -0.0384 0.1857 -0.9818
vn -0.0171 -0.8991 -0.4374
vn -0.0391 0.0613 -0.9974
vn -0.0061 0.9877 -0.1560
vn -0.0061 -0.9877 -0.1560
vn -0.0391 -0.0613 -0.9974
vn -0.0171 0.8991 -0.4374
vn -0.0384 -0.1857 -0.9818
vn -0.0255 0.7590 -0.6506
vn -0.0371 -0.3160 -0.9480
vn -0.0312 0.6047 -0.7958
vn -0.0348 -0.4553 -0.8897
vn -0.0222 -0.0565 -0.9982
vn -0.0104 0.8843 -0.4668
vn -0.0219 -0.1717 -0.9849
vn -0.0151 0.7322 -0.6810
vn -0.0212 -0.2936 -0.9557
vn -0.0182 0.5735 -0.8190
vn -0.0201 -0.4265 -0.9043
vn -0.0201 0.4265 -0.9043
vn -0.0182 -0.5735 -0.8190
vn -0.0212 0.2936 -0.9557
vn -0.0151 -0.7322 -0.6810
vn -0.0219 0.1717 -0.9849
vn -0.0104 -0.8843 -0.4668
vn -0.0222 0.0565 -0.9982
vn -0.0038 0.9856 -0.1689
vn -0.0038 -0.9856 -0.1689
vn -0.0060 -0.5585 -0.8295
vn -0.0069 0.2833 -0.9590
vn -0.0050 -0.7188 -0.6952
vn -0.0071 0.1653 -0.9862
vn -0.0035 -0.8766 -0.4812
vn -0.0072 0.0543 -0.9985
vn -0.0013 0.9845 -0.1755
vn -0.0013 -0.9845 -0.1755
vn -0.0072 -0.0543 -0.9985
vn -0.0035 0.8766 -0.4812
vn -0.0071 -0.1653 -0.9862
vn -0.0050 0.7188 -0.6952
vn -0.0069 -0.2833 -0.9590
vn -0.0060 0.5585 -0.8295
vn -0.0066 -0.4130 -0.9107
vn -0.0066 0.4130 -0.9107
vn 0.0101 -0.9936 -0.1128
vn 0.0295 -0.9435 -0.3301
vn 0.0654 0.9604 -0.2709
vn 0.0381 -0.9867 -0.1580
vn 0.0125 -0.9986 -0.0520
vn 0.0131 0.9998 -0.0175
vn 0.3526 -0.8068 -0.4740
vn 0.3526 -0.8068 0.4740
vn 0.5455 0.4053 0.7335
vn 0.0131 0.9998 0.0175
vn 0.0381 -0.9867 0.1580
vn 0.0125 -0.9986 0.0520
vn 0.0654 0.9604 0.2709
vn 0.0570 0.9076 0.4159
vn 0.0295 -0.9435 0.3301
vn 0.0101 -0.9936 0.1128
vn 0.0295 0.9435 0.3302
vn -0.0807 -0.4190 0.9044
vn -0.0570 -0.9077 0.4158
vn -0.1673 -0.7015 0.6928
vn -0.0131 0.9998 0.0176
vn -0.3526 0.8068 -0.4741
vn -0.5456 0.4053 -0.7335
vn -0.0131 0.9998 -0.0176
vn -0.5456 -0.4053 -0.7335
vn -0.1673 -0.7015 -0.6928
vn -0.0570 -0.9077 -0.4158
vn -0.4130 0.0087 -0.9107
vn 0.5585 0.0030 -0.8295
vn -0.2832 0.0084 -0.9590
vn 0.7188 0.0012 -0.6952
vn -0.1653 0.0080 -0.9862
vn 0.8766 -0.0011 -0.4812
vn -0.0543 0.0075 -0.9985
vn -0.9845 0.0064 -0.1755
vn 0.9845 -0.0039 -0.1755
vn 0.0544 0.0069 -0.9985
vn -0.8766 0.0081 -0.4812
vn 0.1654 0.0062 -0.9862
vn -0.7187 0.0088 -0.6952
vn 0.2833 0.0054 -0.9590
vn -0.5585 0.0089 -0.8295
vn 0.4130 0.0044 -0.9107
vn -0.5734 0.0212 -0.8190
vn 0.4266 0.0178 -0.9043
vn -0.4264 0.0223 -0.9043
vn 0.5736 0.0152 -0.8190
vn -0.2935 0.0228 -0.9557
vn 0.7322 0.0113 -0.6810
vn -0.1716 0.0228 -0.9849
vn 0.8844 0.0057 -0.4668
vn -0.0564 0.0225 -0.9982
vn -0.9856 0.0089 -0.1689
vn 0.9856 -0.0014 -0.1689
vn 0.0566 0.0219 -0.9982
vn -0.8842 0.0150 -0.4668
vn 0.1718 0.0210 -0.9849
vn -0.7321 0.0190 -0.6810
vn 0.2937 0.0197 -0.9557
vn -0.0610 0.0394 -0.9974
vn -0.9877 0.0113 -0.1560
vn 0.9878 0.0009 -0.1560
vn 0.0615 0.0387 -0.9974
vn -0.8990 0.0219 -0.4374
vn 0.1859 0.0375 -0.9818
vn -0.7589 0.0295 -0.6506
vn 0.3162 0.0355 -0.9480
vn -0.6045 0.0343 -0.7958
vn 0.4555 0.0324 -0.8897
vn -0.4551 0.0372 -0.8897
vn 0.6049 0.0280 -0.7958
vn -0.3158 0.0388 -0.9480
vn 0.7591 0.0215 -0.6506
vn -0.1855 0.0394 -0.9818
vn 0.8992 0.0124 -0.4374
vn 0.5038 0.0492 -0.8624
vn -0.5033 0.0545 -0.8624
vn 0.6546 0.0419 -0.7548
vn -0.3546 0.0580 -0.9332
vn 0.7992 0.0319 -0.6003
vn -0.2103 0.0598 -0.9758
vn 0.9197 0.0187 -0.3921
vn -0.0695 0.0602 -0.9958
vn -0.9905 0.0135 -0.1371
vn 0.9905 0.0030 -0.1371
vn 0.0701 0.0595 -0.9958
vn -0.9195 0.0284 -0.3921
vn 0.2109 0.0576 -0.9758
vn -0.7988 0.0403 -0.6003
vn 0.3552 0.0542 -0.9332
vn -0.6541 0.0488 -0.7548
vn -0.9935 0.0153 -0.1129
vn 0.9936 0.0048 -0.1129
vn 0.0852 0.0881 -0.9925
vn -0.9433 0.0344 -0.3301
vn 0.2538 0.0847 -0.9635
vn -0.8500 0.0513 -0.5243
vn 0.4195 0.0785 -0.9044
vn -0.7245 0.0651 -0.6862
vn 0.5785 0.0695 -0.8127
vn -0.5778 0.0756 -0.8127
vn 0.7251 0.0574 -0.6862
vn -0.4186 0.0829 -0.9044
vn 0.8505 0.0423 -0.5243
vn -0.2529 0.0873 -0.9635
vn 0.9436 0.0245 -0.3301
vn -0.0843 0.0890 -0.9925
vn -0.6877 0.1021 -0.7188
vn 0.8158 0.0743 -0.5736
vn -0.5250 0.1183 -0.8429
vn 0.9079 0.0522 -0.4158
vn -0.3302 0.1299 -0.9349
vn 0.9674 0.0294 -0.2515
vn -0.1124 0.1355 -0.9844
vn -0.9963 0.0168 -0.0841
vn 0.9964 0.0063 -0.0841
vn 0.1138 0.1343 -0.9844
vn -0.9670 0.0396 -0.2515
vn 0.3315 0.1264 -0.9349
vn -0.9073 0.0618 -0.4159
vn 0.5262 0.1127 -0.8429
vn -0.8149 0.0829 -0.5736
vn 0.6887 0.0949 -0.7188
vn 0.1797 0.2300 -0.9565
vn -0.9865 0.0433 -0.1580
vn 0.4888 0.2024 -0.8486
vn -0.9600 0.0705 -0.2710
vn 0.7024 0.1636 -0.6927
vn -0.9129 0.1004 -0.3957
vn 0.8346 0.1251 -0.5364
vn -0.8333 0.1339 -0.5364
vn 0.9139 0.0907 -0.3957
vn -0.7006 0.1710 -0.6928
vn 0.9607 0.0604 -0.2709
vn -0.4866 0.2075 -0.8486
vn 0.9869 0.0330 -0.1580
vn -0.1773 0.2319 -0.9565
vn -0.9985 0.0178 -0.0519
vn 0.9986 0.0073 -0.0519
vn 0.9843 0.1018 -0.1439
vn -0.9222 0.2339 -0.3079
vn 0.9934 0.0651 -0.0946
vn -0.8050 0.3568 -0.4740
vn 0.9979 0.0349 -0.0540
vn -0.4025 0.5477 -0.7335
vn -0.9997 0.0183 -0.0176
vn 0.9998 0.0078 -0.0175
vn 0.4082 0.5434 -0.7335
vn -0.9975 0.0454 -0.0539
vn 0.8087 0.3483 -0.4740
vn -0.9926 0.0756 -0.0946
vn 0.9246 0.2241 -0.3079
vn -0.9832 0.1122 -0.1439
vn 0.9661 0.1508 -0.2096
vn -0.9644 0.1610 -0.2096
vn 0.8087 0.3483 0.4740
vn -0.9926 0.0756 0.0946
vn 0.9246 0.2241 0.3079
vn -0.9832 0.1122 0.1439
vn 0.9661 0.1508 0.2096
vn -0.9644 0.1610 0.2096
vn 0.9843 0.1018 0.1439
vn -0.9222 0.2339 0.3079
vn 0.9934 0.0651 0.0946
vn -0.8050 0.3568 0.4740
vn 0.9979 0.0349 0.0540
vn -0.4025 0.5477 0.7335
vn -0.9997 0.0183 0.0176
vn 0.9998 0.0078 0.0175
vn 0.4082 0.5434 0.7335
vn -0.9975 0.0454 0.0539
vn 0.9607 0.0604 0.2709
vn -0.4866 0.2075 0.8486
vn 0.9869 0.0330 0.1580
vn -0.1772 0.2319 0.9565
vn -0.9985 0.0178 0.0519
vn 0.9986 0.0073 0.0519
vn 0.1797 0.2300 0.9565
vn -0.9865 0.0433 0.1580
vn 0.4888 0.2024 0.8486
vn -0.9600 0.0705 0.2710
vn 0.7024 0.1636 0.6927
vn -0.9129 0.1004 0.3957
vn 0.8346 0.1251 0.5364
vn -0.8333 0.1339 0.5364
vn 0.9139 0.0907 0.3957
vn -0.7006 0.1710 0.6928
vn -0.9073 0.0618 0.4159
vn 0.5262 0.1127 0.8429
vn -0.8149 0.0829 0.5736
vn 0.6887 0.0949 0.7188
vn -0.6877 0.1021 0.7188
vn 0.8158 0.0743 0.5736
vn -0.5250 0.1183 0.8429
vn 0.9079 0.0522 0.4158
vn -0.3302 0.1299 0.9349
vn 0.9674 0.0294 0.2515
vn -0.1124 0.1355 0.9844
vn -0.9963 0.0168 0.0841
vn 0.9964 0.0063 0.0841
vn 0.1138 0.1343 0.9844
vn -0.9670 0.0396 0.2515
vn 0.3315 0.1264 0.9349
vn -0.2529 0.0873 0.9635
vn 0.9436 0.0245 0.3302
vn -0.0843 0.0890 0.9925
vn -0.9935 0.0153 0.1129
vn 0.9936 0.0048 0.1129
vn 0.0852 0.0881 0.9925
vn -0.9433 0.0344 0.3301
vn 0.2538 0.0847 0.9635
vn -0.8500 0.0513 0.5243
vn 0.4195 0.0785 0.9044
vn -0.7245 0.0651 0.6862
vn 0.5785 0.0695 0.8127
vn -0.5778 0.0756 0.8127
vn 0.7251 0.0574 0.6862
vn -0.4186 0.0829 0.9044
vn 0.8505 0.0423 0.5243
vn 0.3552 0.0542 0.9332
vn -0.6541 0.0488 0.7548
vn 0.5038 0.0492 0.8624
vn -0.5033 0.0545 0.8624
vn 0.6546 0.0419 0.7548
vn -0.3546 0.0580 0.9332
vn 0.7992 0.0319 0.6003
vn -0.2103 0.0598 0.9758
vn 0.9197 0.0187 0.3921
vn -0.0695 0.0602 0.9958
vn -0.9905 0.0135 0.1371
vn 0.9905 0.0030 0.1371
vn 0.0701 0.0595 0.9958
vn -0.9195 0.0284 0.3921
vn 0.2109 0.0576 0.9758
vn -0.7988 0.0403 0.6003
vn 0.8992 0.0124 0.4374
vn -0.0610 0.0394 0.9974
vn -0.9877 0.0113 0.1560
vn 0.9878 0.0009 0.1560
vn 0.0615 0.0387 0.9974
vn -0.8990 0.0219 0.4374
vn 0.1859 0.0375 0.9818
vn -0.7589 0.0295 0.6506
vn 0.3162 0.0355 0.9480
vn -0.6045 0.0343 0.7958
vn 0.4555 0.0324 0.8897
vn -0.4551 0.0372 0.8897
vn 0.6049 0.0280 0.7958
vn -0.3158 0.0388 0.9480
vn 0.7591 0.0215 0.6506
vn -0.1855 0.0394 0.9818
vn -0.5734 0.0212 0.8190
vn 0.4266 0.0178 0.9043
vn -0.4264 0.0223 0.9043
vn 0.5736 0.0152 0.8190
vn -0.2935 0.0228 0.9557
vn 0.7322 0.0113 0.6810
vn -0.1716 0.0228 0.9849
vn 0.8844 0.0057 0.4668
vn -0.0564 0.0225 0.9982
vn -0.9856 0.0089 0.1689
vn 0.9856 -0.0014 0.1689
vn 0.0566 0.0219 0.9982
vn -0.8842 0.0150 0.4668
vn 0.1718 0.0210 0.9849
vn -0.7321 0.0190 0.6810
vn 0.2937 0.0197 0.9557
vn -0.0543 0.0075 0.9985
vn -0.9845 0.0064 0.1755
vn 0.9845 -0.0039 0.1755
vn 0.0544 0.0069 0.9985
vn -0.8766 0.0081 0.4812
vn 0.1654 0.0062 0.9862
vn -0.7187 0.0088 0.6952
vn 0.2833 0.0054 0.9590
vn -0.5585 0.0089 0.8295
vn 0.4130 0.0044 0.9107
vn -0.4130 0.0087 0.9107
vn 0.5586 0.0030 0.8295
vn -0.2832 0.0084 0.9590
vn 0.7188 0.0012 0.6952
vn -0.1653 0.0080 0.9862
vn 0.8766 -0.0011 0.4812
vn 0.4130 -0.0087 0.9107
vn -0.4130 -0.0044 0.9107
vn 0.5585 -0.0089 0.8295
vn -0.2833 -0.0054 0.9590
vn 0.7187 -0.0088 0.6952
vn -0.1654 -0.0062 0.9862
vn 0.8766 -0.0081 0.4812
vn -0.0544 -0.0069 0.9985
vn -0.9845 0.0039 0.1755
vn 0.9845 -0.0064 0.1755
vn 0.0543 -0.0075 0.9985
vn -0.8766 0.0011 0.4812
vn 0.1653 -0.0080 0.9862
vn -0.7188 -0.0012 0.6952
vn 0.2832 -0.0084 0.9590
vn -0.5586 -0.0030 0.8295
vn 0.9856 -0.0089 0.1689
vn 0.0564 -0.0225 0.9982
vn -0.8844 -0.0057 0.4668
vn 0.1716 -0.0228 0.9849
vn -0.7322 -0.0113 0.6810
vn 0.2935 -0.0228 0.9557
vn -0.5736 -0.0152 0.8190
vn 0.4264 -0.0223 0.9043
vn -0.4266 -0.0178 0.9043
vn 0.5734 -0.0212 0.8190
vn -0.2937 -0.0197 0.9557
vn 0.7321 -0.0190 0.6810
vn -0.1718 -0.0210 0.9849
vn 0.8842 -0.0150 0.4668
vn -0.0566 -0.0219 0.9982
vn -0.9856 0.0014 0.1689
vn 0.6045 -0.0343 0.7958
vn -0.3162 -0.0355 0.9480
vn 0.7589 -0.0295 0.6506
vn -0.1859 -0.0375 0.9818
vn 0.8990 -0.0219 0.4374
vn -0.0615 -0.0387 0.9974
vn -0.9878 -0.0009 0.1560
vn 0.9877 -0.0113 0.1560
vn 0.0610 -0.0394 0.9974
vn -0.8992 -0.0124 0.4374
vn 0.1855 -0.0394 0.9818
vn -0.7591 -0.0215 0.6506
vn 0.3158 -0.0388 0.9480
vn -0.6049 -0.0280 0.7958
vn 0.4551 -0.0372 0.8897
vn -0.4555 -0.0324 0.8897
vn -0.9197 -0.0187 0.3921
vn 0.2103 -0.0598 0.9758
vn -0.7992 -0.0319 0.6003
vn 0.3546 -0.0580 0.9332
vn -0.6546 -0.0419 0.7548
vn 0.5033 -0.0545 0.8624
vn -0.5038 -0.0492 0.8624
vn 0.6541 -0.0488 0.7548
vn -0.3552 -0.0542 0.9332
vn 0.7988 -0.0403 0.6003
vn -0.2109 -0.0576 0.9758
vn 0.9195 -0.0284 0.3921
vn -0.0701 -0.0595 0.9958
vn -0.9905 -0.0030 0.1371
vn 0.9905 -0.0135 0.1371
vn 0.0695 -0.0602 0.9958
vn -0.4195 -0.0785 0.9044
vn 0.8500 -0.0513 0.5243
vn -0.2538 -0.0847 0.9635
vn 0.9433 -0.0344 0.3301
vn -0.0852 -0.0881 0.9925
vn -0.9936 -0.0048 0.1129
vn 0.9935 -0.0153 0.1129
vn 0.0843 -0.0890 0.9925
vn -0.9436 -0.0245 0.3301
vn 0.2529 -0.0873 0.9635
vn -0.8505 -0.0423 0.5243
vn 0.4186 -0.0829 0.9044
vn -0.7251 -0.0574 0.6862
vn 0.5778 -0.0756 0.8127
vn -0.5785 -0.0695 0.8127
vn 0.7245 -0.0651 0.6862
vn 0.3302 -0.1299 0.9349
vn -0.9079 -0.0522 0.4159
vn 0.5250 -0.1183 0.8429
vn -0.8158 -0.0743 0.5736
vn 0.6877 -0.1021 0.7188
vn -0.6887 -0.0949 0.7188
vn 0.8149 -0.0829 0.5736
vn -0.5262 -0.1127 0.8429
vn 0.9073 -0.0618 0.4159
vn -0.3315 -0.1264 0.9349
vn 0.9670 -0.0396 0.2515
vn -0.1138 -0.1343 0.9844
vn -0.9964 -0.0063 0.0841
vn 0.9963 -0.0168 0.0841
vn 0.1124 -0.1355 0.9844
vn -0.9674 -0.0294 0.2515
vn 0.9600 -0.0705 0.2709
vn -0.4888 -0.2024 0.8486
vn 0.9865 -0.0433 0.1580
vn -0.1797 -0.2300 0.9565
vn -0.9986 -0.0073 0.0519
vn 0.9985 -0.0178 0.0519
vn 0.1772 -0.2319 0.9565
vn -0.9869 -0.0330 0.1580
vn 0.4866 -0.2075 0.8486
vn -0.9607 -0.0604 0.2710
vn 0.7006 -0.1710 0.6927
vn -0.9139 -0.0907 0.3957
vn 0.8333 -0.1339 0.5364
vn -0.8346 -0.1251 0.5364
vn 0.9129 -0.1004 0.3957
vn -0.7024 -0.1636 0.6928
vn -0.9934 -0.0651 0.0946
vn 0.9222 -0.2339 0.3079
vn -0.9843 -0.1018 0.1439
vn 0.9644 -0.1610 0.2096
vn -0.9661 -0.1508 0.2096
vn 0.9832 -0.1122 0.1439
vn -0.9246 -0.2241 0.3079
vn 0.9926 -0.0756 0.0946
vn -0.8087 -0.3483 0.4741
vn 0.9975 -0.0454 0.0539
vn -0.4082 -0.5434 0.7335
vn -0.9998 -0.0078 0.0176
vn 0.9997 -0.0183 0.0176
vn 0.4025 -0.5477 0.7335
vn -0.9979 -0.0349 0.0539
vn 0.8050 -0.3568 0.4740
vn -0.8087 -0.3483 -0.4741
vn 0.9975 -0.0454 -0.0539
vn -0.4082 -0.5434 -0.7335
vn -0.9998 -0.0078 -0.0176
vn 0.9997 -0.0183 -0.0176
vn 0.4025 -0.5477 -0.7335
vn -0.9979 -0.0349 -0.0539
vn 0.8050 -0.3568 -0.4740
vn -0.9934 -0.0651 -0.0946
vn 0.9222 -0.2339 -0.3079
vn -0.9843 -0.1018 -0.1439
vn 0.9644 -0.1610 -0.2096
vn -0.9661 -0.1508 -0.2096
vn 0.9832 -0.1122 -0.1439
vn -0.9246 -0.2241 -0.3079
vn 0.9926 -0.0756 -0.0946
vn 0.7006 -0.1710 -0.6928
vn -0.9139 -0.0907 -0.3957
vn 0.8333 -0.1339 -0.5364
vn -0.8346 -0.1251 -0.5364
vn 0.9129 -0.1004 -0.3957
vn -0.7024 -0.1636 -0.6927
vn 0.9600 -0.0705 -0.2709
vn -0.4888 -0.2024 -0.8486
vn 0.9865 -0.0433 -0.1580
vn -0.1797 -0.2300 -0.9565
vn -0.9986 -0.0073 -0.0519
vn 0.9985 -0.0178 -0.0519
vn 0.1772 -0.2319 -0.9565
vn -0.9869 -0.0330 -0.1580
vn 0.4866 -0.2075 -0.8486
vn -0.9607 -0.0604 -0.2710
vn 0.9670 -0.0396 -0.2515
vn -0.1138 -0.1343 -0.9844
vn -0.9964 -0.0063 -0.0841
vn 0.9963 -0.0168 -0.0841
vn 0.1124 -0.1355 -0.9844
vn -0.9674 -0.0294 -0.2515
vn 0.3302 -0.1299 -0.9349
vn -0.9079 -0.0522 -0.4159
vn 0.5250 -0.1183 -0.8429
vn -0.8158 -0.0743 -0.5736
vn 0.6877 -0.1021 -0.7188
vn -0.6887 -0.0949 -0.7188
vn 0.8149 -0.0829 -0.5736
vn -0.5262 -0.1127 -0.8429
vn 0.9073 -0.0618 -0.4159
vn -0.3315 -0.1264 -0.9349
vn 0.5778 -0.0756 -0.8127
vn -0.5785 -0.0695 -0.8127
vn 0.7245 -0.0651 -0.6862
vn -0.4195 -0.0785 -0.9044
vn 0.8500 -0.0513 -0.5243
vn -0.2538 -0.0847 -0.9635
vn 0.9433 -0.0344 -0.3301
vn -0.0852 -0.0881 -0.9925
vn -0.9936 -0.0048 -0.1129
vn 0.9935 -0.0153 -0.1129
vn 0.0843 -0.0890 -0.9925
vn -0.9436 -0.0245 -0.3301
vn 0.2529 -0.0873 -0.9635
vn -0.8505 -0.0423 -0.5243
vn 0.4186 -0.0829 -0.9044
vn -0.7251 -0.0574 -0.6862
vn -0.9905 -0.0030 -0.1371
vn 0.9905 -0.0135 -0.1371
vn 0.0695 -0.0602 -0.9958
vn -0.9197 -0.0187 -0.3921
vn 0.2103 -0.0598 -0.9758
vn -0.7992 -0.0319 -0.6003
vn 0.3546 -0.0580 -0.9332
vn -0.6546 -0.0419 -0.7548
vn 0.5033 -0.0545 -0.8624
vn -0.5038 -0.0492 -0.8624
vn 0.6541 -0.0488 -0.7548
vn -0.3552 -0.0542 -0.9332
vn 0.7988 -0.0403 -0.6003
vn -0.2109 -0.0576 -0.9758
vn 0.9195 -0.0284 -0.3921
vn -0.0701 -0.0595 -0.9958
vn -0.4555 -0.0324 -0.8897
vn 0.6045 -0.0343 -0.7958
vn -0.3162 -0.0355 -0.9480
vn 0.7589 -0.0295 -0.6506
vn -0.1859 -0.0375 -0.9818
vn 0.8990 -0.0219 -0.4374
vn -0.0615 -0.0387 -0.9974
vn -0.9878 -0.0009 -0.1560
vn 0.9877 -0.0113 -0.1560
vn 0.0610 -0.0394 -0.9974
vn -0.8992 -0.0124 -0.4374
vn 0.1855 -0.0394 -0.9818
vn -0.7591 -0.0215 -0.6506
vn 0.3158 -0.0388 -0.9480
vn -0.6049 -0.0280 -0.7958
vn 0.4551 -0.0372 -0.8897
vn 0.0564 -0.0225 -0.9982
vn -0.8844 -0.0057 -0.4668
vn 0.1716 -0.0228 -0.9849
vn -0.7322 -0.0113 -0.6810
vn 0.2935 -0.0228 -0.9557
vn -0.5736 -0.0152 -0.8190
vn 0.4264 -0.0223 -0.9043
vn -0.4266 -0.0178 -0.9043
vn 0.5734 -0.0212 -0.8190
vn -0.2937 -0.0197 -0.9557
vn 0.7321 -0.0190 -0.6810
vn -0.1718 -0.0210 -0.9849
vn 0.8842 -0.0150 -0.4668
vn -0.0566 -0.0219 -0.9982
vn -0.9856 0.0014 -0.1689
vn 0.9856 -0.0089 -0.1689
vn 0.5585 -0.0089 -0.8295
vn -0.2833 -0.0054 -0.9590
vn 0.7187 -0.0088 -0.6952
vn -0.1654 -0.0062 -0.9862
vn 0.8766 -0.0081 -0.4812
vn -0.0544 -0.0069 -0.9985
vn -0.9845 0.0039 -0.1755
vn 0.9845 -0.0064 -0.1755
vn 0.0543 -0.0075 -0.9985
vn -0.8766 0.0011 -0.4812
vn 0.1653 -0.0080 -0.9862
vn -0.7188 -0.0012 -0.6952
vn 0.2832 -0.0084 -0.9590
vn -0.5585 -0.0030 -0.8295
vn 0.4130 -0.0087 -0.9107
vn -0.4130 -0.0044 -0.9107
vn 0.9195 0.0293 -0.3921
vn 0.9073 0.0626 -0.4159
vn -0.7025 0.1629 -0.6928
vn -0.9249 0.2233 -0.3079
vn 0.9975 0.0463 -0.0539
vn -0.4087 0.5430 -0.7335
vn 0.4020 0.5481 -0.7335
vn 0.8046 0.3576 -0.4741
vn -0.9249 0.2233 0.3079
vn -0.7025 0.1629 0.6928
vn 0.7321 0.0197 0.6810
vn -0.9073 -0.0626 0.4158
vn 0.9608 -0.0594 0.2710
vn 0.7025 -0.1629 0.6927
vn -0.7005 -0.1717 0.6928
vn 0.9249 -0.2233 0.3079
vn 0.9980 -0.0339 0.0539
vn -0.8046 -0.3576 -0.4740
vn 0.9980 -0.0339 -0.0539
vn 0.8090 -0.3475 -0.4741
vn 0.7025 -0.1629 -0.6928
vn 0.9436 -0.0236 -0.3301
vn -0.7320 -0.0197 -0.6810
vn 0.4131 -0.0040 -0.9107
vn 0.0807 0.4190 -0.9044
vn 0.0570 -0.9077 -0.4158
vn 0.3526 0.8068 -0.4741
vn 0.0401 0.9977 -0.0540
vn 0.3526 0.8068 0.4741
vn 0.5456 -0.4053 0.7335
vn 0.0401 0.9977 0.0540
vn 0.0570 -0.9077 0.4158
vn 0.0807 0.4191 0.9044
vn -0.0570 0.9076 0.4158
vn -0.0570 -0.9076 0.4159
vn -0.0345 -0.9672 0.2515
vn -0.0654 0.9604 0.2710
vn -0.0401 -0.9977 0.0540
vn -0.0401 -0.9977 -0.0540
vn -0.3526 -0.8068 -0.4741
vn -0.0654 0.9604 -0.2710
vn -0.0345 -0.9672 -0.2515
vn -0.0570 -0.9076 -0.4159
vn -0.0807 -0.4191 -0.9044
vn 0.1673 0.7015 -0.6927
vn 0.5456 0.4053 -0.7335
vn 0.5456 0.4054 0.7335
vn 0.0570 0.9077 0.4158
vn -0.0401 0.9977 0.0540
vn -0.3526 -0.8068 0.4741
vn -0.0401 0.9977 -0.0540
vn 0.5586 0.0030 -0.8295
vn 0.7024 0.1636 -0.6928
vn 0.9607 0.0604 -0.2710
vn 0.9979 0.0349 -0.0539
vn 0.8087 0.3483 0.4741
vn 0.9979 0.0349 0.0539
vn 0.9607 0.0604 0.2710
vn 0.7024 0.1636 0.6928
vn 0.9436 0.0245 0.3301
vn 0.9073 -0.0618 0.4158
vn 0.9600 -0.0705 0.2710
vn -0.9607 -0.0604 0.2709
vn -0.7024 -0.1636 0.6927
vn 0.7006 -0.1710 -0.6927
vn 0.9600 -0.0705 -0.2710
vn -0.9079 -0.0522 -0.4158
vn -0.5586 -0.0030 -0.8295
vt 0.312846 0.440128
vt 0.283693 0.475735
vt 0.304424 0.437114
vt 0.242661 0.435187
vt 0.256928 0.473530
vt 0.233699 0.437729
vt 0.295649 0.434386
vt 0.280899 0.476135
vt 0.244700 0.472018
vt 0.225375 0.440014
vt 0.286963 0.432498
vt 0.278282 0.476269
vt 0.227587 0.460987
vt 0.217686 0.442124
vt 0.276252 0.476321
vt 0.278413 0.431691
vt 0.338125 0.453723
vt 0.345344 0.460106
vt 0.321524 0.472771
vt 0.210519 0.445951
vt 0.274071 0.476216
vt 0.269706 0.431535
vt 0.330526 0.449811
vt 0.303257 0.473559
vt 0.271360 0.475985
vt 0.260792 0.432116
vt 0.321723 0.444653
vt 0.293553 0.474404
vt 0.268359 0.475461
vt 0.251628 0.433479
vt 0.287639 0.475164
vt 0.263879 0.474614
vt 0.278856 0.483157
vt 0.274807 0.483571
vt 0.273461 0.483168
vt 0.277606 0.483563
vt 0.270642 0.482469
vt 0.277006 0.483777
vt 0.262695 0.480997
vt 0.276530 0.483911
vt 0.239395 0.479182
vt 0.276232 0.483938
vt 0.337383 0.472536
vt 0.308335 0.478266
vt 0.207919 0.447092
vt 0.275929 0.483903
vt 0.287514 0.481219
vt 0.275438 0.483779
vt 0.281346 0.482481
vt 0.276282 0.484811
vt 0.276246 0.484820
vt 0.327071 0.476316
vt 0.300380 0.480906
vt 0.217066 0.478164
vt 0.249001 0.481761
vt 0.276210 0.484812
vt 0.281075 0.483669
vt 0.276137 0.484783
vt 0.277780 0.484348
vt 0.276042 0.484741
vt 0.276890 0.484589
vt 0.275582 0.484609
vt 0.276446 0.484734
vt 0.274632 0.484389
vt 0.276353 0.484778
vt 0.270878 0.483758
vt 0.276092 0.484860
vt 0.276401 0.484854
vt 0.276289 0.484894
vt 0.275718 0.484789
vt 0.276265 0.484905
vt 0.273446 0.484467
vt 0.276253 0.484911
vt 0.254428 0.483006
vt 0.276248 0.484913
vt 0.317829 0.478994
vt 0.295799 0.482224
vt 0.228527 0.480638
vt 0.276243 0.484911
vt 0.278869 0.484383
vt 0.276230 0.484906
vt 0.276764 0.484770
vt 0.276206 0.484895
vt 0.318488 0.479084
vt 0.291947 0.483418
vt 0.228141 0.480889
vt 0.258934 0.484126
vt 0.276248 0.484922
vt 0.277534 0.484753
vt 0.276245 0.484921
vt 0.276492 0.484867
vt 0.276238 0.484919
vt 0.276296 0.484906
vt 0.276199 0.484908
vt 0.276258 0.484918
vt 0.276000 0.484877
vt 0.276251 0.484921
vt 0.274914 0.484806
vt 0.276249 0.484922
vt 0.276248 0.484922
vt 0.276267 0.484920
vt 0.276251 0.484922
vt 0.276229 0.484920
vt 0.276104 0.484907
vt 0.276249 0.484923
vt 0.275192 0.484867
vt 0.276248 0.484923
vt 0.260730 0.484491
vt 0.276248 0.484923
vt 0.306388 0.482443
vt 0.290377 0.483824
vt 0.242584 0.483888
vt 0.276248 0.484923
vt 0.277273 0.484823
vt 0.276248 0.484923
vt 0.276391 0.484901
vt 0.276245 0.484922
vt 0.276248 0.484923
vt 0.277113 0.484879
vt 0.276248 0.484923
vt 0.276357 0.484913
vt 0.276247 0.484923
vt 0.276260 0.484923
vt 0.276236 0.484923
vt 0.276250 0.484923
vt 0.276139 0.484917
vt 0.276248 0.484923
vt 0.275363 0.484917
vt 0.276248 0.484923
vt 0.261837 0.484828
vt 0.276248 0.484923
vt 0.304505 0.483055
vt 0.289527 0.484108
vt 0.242455 0.483982
vt 0.276238 0.484925
vt 0.276147 0.484924
vt 0.276248 0.484923
vt 0.275401 0.484945
vt 0.262159 0.485078
vt 0.304064 0.483532
vt 0.289254 0.484335
vt 0.245137 0.484706
vt 0.276248 0.484923
vt 0.277078 0.484907
vt 0.276248 0.484923
vt 0.276349 0.484920
vt 0.276247 0.484923
vt 0.276259 0.484924
vt 0.276249 0.484923
vt 0.276248 0.484923
vt 0.277117 0.484935
vt 0.276358 0.484927
vt 0.276247 0.484924
vt 0.276260 0.484925
vt 0.276236 0.484926
vt 0.276250 0.484924
vt 0.276138 0.484932
vt 0.276248 0.484923
vt 0.275363 0.484975
vt 0.276248 0.484923
vt 0.261850 0.485314
vt 0.304333 0.483620
vt 0.289554 0.484537
vt 0.245937 0.485286
vt 0.276248 0.484923
vt 0.276098 0.484948
vt 0.275177 0.485036
vt 0.276249 0.484924
vt 0.276248 0.484923
vt 0.260892 0.485591
vt 0.276248 0.484923
vt 0.307995 0.484507
vt 0.290620 0.484809
vt 0.245144 0.485805
vt 0.276248 0.484923
vt 0.277304 0.484986
vt 0.276248 0.484924
vt 0.276399 0.484941
vt 0.276245 0.484925
vt 0.276268 0.484929
vt 0.276229 0.484930
vt 0.276252 0.484925
vt 0.276530 0.484983
vt 0.276246 0.484926
vt 0.276237 0.484931
vt 0.276299 0.484942
vt 0.276198 0.484944
vt 0.276260 0.484930
vt 0.275969 0.484996
vt 0.276251 0.484926
vt 0.274586 0.485189
vt 0.276249 0.484925
vt 0.258571 0.486176
vt 0.276248 0.484925
vt 0.313734 0.485312
vt 0.292912 0.485247
vt 0.237248 0.487480
vt 0.276248 0.484925
vt 0.277894 0.485108
vt 0.276261 0.484943
vt 0.276253 0.484938
vt 0.272867 0.485641
vt 0.254132 0.487317
vt 0.276249 0.484936
vt 0.323414 0.486850
vt 0.297409 0.486118
vt 0.228202 0.489615
vt 0.276244 0.484938
vt 0.279570 0.485459
vt 0.276236 0.484944
vt 0.276934 0.485127
vt 0.276196 0.484963
vt 0.276413 0.485001
vt 0.276087 0.485008
vt 0.276302 0.484961
vt 0.275567 0.485160
vt 0.276163 0.485089
vt 0.275969 0.485180
vt 0.276860 0.485289
vt 0.275649 0.485320
vt 0.276538 0.485166
vt 0.274160 0.485769
vt 0.276341 0.485084
vt 0.269395 0.486693
vt 0.276288 0.485055
vt 0.248733 0.488608
vt 0.276251 0.485046
vt 0.323709 0.487267
vt 0.302955 0.487116
vt 0.228329 0.489915
vt 0.276214 0.485057
vt 0.283075 0.486327
vt 0.278352 0.485658
vt 0.261060 0.489435
vt 0.235264 0.495141
vt 0.276572 0.486109
vt 0.276276 0.486068
vt 0.349942 0.498517
vt 0.316806 0.492780
vt 0.202546 0.502968
vt 0.275982 0.486124
vt 0.291298 0.488561
vt 0.275618 0.486281
vt 0.282635 0.487660
vt 0.274694 0.486642
vt 0.279075 0.486967
vt 0.273497 0.487124
vt 0.277875 0.486554
vt 0.269913 0.488022
vt 0.276942 0.486245
vt 0.289060 0.496235
vt 0.263886 0.497008
vt 0.284799 0.495447
vt 0.255096 0.498270
vt 0.280985 0.495028
vt 0.241322 0.501369
vt 0.278639 0.494750
vt 0.224914 0.514074
vt 0.276499 0.494691
vt 0.347553 0.524265
vt 0.328328 0.510619
vt 0.206446 0.529331
vt 0.274360 0.494879
vt 0.311349 0.499218
vt 0.272016 0.495299
vt 0.297713 0.496974
vt 0.268183 0.495955
vt 0.287009 0.543537
vt 0.277891 0.544107
vt 0.345852 0.523788
vt 0.339252 0.528002
vt 0.208286 0.528427
vt 0.215170 0.532192
vt 0.268741 0.544165
vt 0.331457 0.530874
vt 0.259582 0.543490
vt 0.323663 0.533842
vt 0.249919 0.541787
vt 0.314507 0.537285
vt 0.240677 0.539782
vt 0.305515 0.539895
vt 0.231222 0.536956
vt 0.296057 0.542241
vt 0.223203 0.534526
vt 0.238566 0.601065
vt 0.321008 0.598035
vt 0.312086 0.608935
vt 0.229484 0.587810
vt 0.302326 0.617092
vt 0.220898 0.572084
vt 0.291751 0.622251
vt 0.213677 0.553312
vt 0.280722 0.624263
vt 0.347206 0.526908
vt 0.342268 0.548835
vt 0.207111 0.531680
vt 0.269573 0.623084
vt 0.336452 0.568002
vt 0.258638 0.618728
vt 0.329049 0.584238
vt 0.248285 0.611307
vt 0.206601 0.533615
vt 0.213014 0.572152
vt 0.272627 0.701052
vt 0.344292 0.567515
vt 0.337759 0.600666
vt 0.261531 0.692275
vt 0.330959 0.629772
vt 0.250745 0.677728
vt 0.323325 0.654701
vt 0.240494 0.658024
vt 0.314651 0.675171
vt 0.230933 0.633696
vt 0.305029 0.690535
vt 0.222006 0.605157
vt 0.294654 0.700173
vt 0.283762 0.703722
vt 0.347876 0.528743
vt 0.242374 0.709732
vt 0.232348 0.674536
vt 0.307879 0.758439
vt 0.222955 0.634168
vt 0.297632 0.772391
vt 0.213493 0.588131
vt 0.286714 0.777407
vt 0.350433 0.533349
vt 0.344892 0.582950
vt 0.204240 0.537315
vt 0.275431 0.773268
vt 0.339010 0.629526
vt 0.264102 0.760159
vt 0.332780 0.670657
vt 0.252933 0.738561
vt 0.325555 0.706496
vt 0.317301 0.736027
vt 0.340472 0.654445
vt 0.265944 0.820869
vt 0.334766 0.706175
vt 0.254334 0.792586
vt 0.328031 0.751919
vt 0.243486 0.755273
vt 0.320185 0.789943
vt 0.233154 0.710170
vt 0.310860 0.819070
vt 0.223422 0.658995
vt 0.300533 0.837240
vt 0.213779 0.601396
vt 0.289347 0.843709
vt 0.350505 0.534337
vt 0.345634 0.596218
vt 0.204151 0.540172
vt 0.277683 0.838152
vt 0.313884 0.870536
vt 0.223340 0.679132
vt 0.303332 0.892635
vt 0.213728 0.612300
vt 0.291618 0.900545
vt 0.350656 0.534395
vt 0.346530 0.607102
vt 0.204007 0.540245
vt 0.279310 0.893587
vt 0.342115 0.674512
vt 0.267032 0.872387
vt 0.337025 0.735518
vt 0.254990 0.838279
vt 0.330851 0.789727
vt 0.243676 0.793224
vt 0.323174 0.835593
vt 0.233216 0.739726
vt 0.267116 0.912355
vt 0.339603 0.757647
vt 0.254737 0.873494
vt 0.333998 0.818419
vt 0.242837 0.822021
vt 0.326225 0.870669
vt 0.232433 0.761945
vt 0.316976 0.910375
vt 0.222637 0.694216
vt 0.305980 0.936226
vt 0.213357 0.620184
vt 0.293406 0.945542
vt 0.350857 0.536841
vt 0.347508 0.614928
vt 0.203985 0.542520
vt 0.280132 0.937254
vt 0.343963 0.689476
vt 0.221292 0.703662
vt 0.320533 0.936472
vt 0.307867 0.965211
vt 0.212646 0.625050
vt 0.294593 0.975383
vt 0.351019 0.537352
vt 0.348592 0.619725
vt 0.203866 0.543125
vt 0.280552 0.966297
vt 0.346044 0.698793
vt 0.265644 0.938654
vt 0.342449 0.771371
vt 0.253075 0.896102
vt 0.337466 0.836495
vt 0.240817 0.840321
vt 0.329678 0.893070
vt 0.230687 0.775855
vt 0.348312 0.701996
vt 0.345683 0.776139
vt 0.261696 0.949335
vt 0.249170 0.904684
vt 0.341557 0.842981
vt 0.237255 0.847110
vt 0.334250 0.901314
vt 0.227841 0.780867
vt 0.325316 0.946805
vt 0.219281 0.707036
vt 0.311111 0.977992
vt 0.211605 0.626765
vt 0.295132 0.988950
vt 0.351189 0.537550
vt 0.349763 0.621355
vt 0.203710 0.543339
vt 0.278334 0.979296
vt 0.321058 0.019415
vt 0.328200 0.056336
vt 0.317678 0.030805
vt 0.226872 0.273925
vt 0.218377 0.353018
vt 0.217414 0.351333
vt 0.306644 0.007740
vt 0.305743 0.021564
vt 0.350618 0.360161
vt 0.349946 0.441518
vt 0.349443 0.361714
vt 0.207664 0.431786
vt 0.292710 0.029178
vt 0.290837 0.017446
vt 0.351189 0.281873
vt 0.348915 0.284912
vt 0.278965 0.053123
vt 0.276219 0.043285
vt 0.350725 0.210384
vt 0.347475 0.214942
vt 0.260435 0.084836
vt 0.263896 0.093190
vt 0.343515 0.151299
vt 0.347527 0.145189
vt 0.251444 0.145313
vt 0.248259 0.138728
vt 0.342458 0.090190
vt 0.337942 0.098023
vt 0.236601 0.203024
vt 0.239236 0.207969
vt 0.332201 0.046937
vt 0.228732 0.277227
vt 0.278563 0.077577
vt 0.265071 0.114801
vt 0.339940 0.168668
vt 0.252735 0.163010
vt 0.333972 0.119296
vt 0.240628 0.221498
vt 0.325424 0.080637
vt 0.229796 0.286380
vt 0.315246 0.056754
vt 0.218940 0.357740
vt 0.304008 0.048181
vt 0.349773 0.441741
vt 0.348272 0.366344
vt 0.207807 0.432002
vt 0.291753 0.055222
vt 0.346675 0.293861
vt 0.344342 0.228168
vt 0.230088 0.300980
vt 0.219108 0.365460
vt 0.312251 0.097476
vt 0.301298 0.089764
vt 0.349543 0.443268
vt 0.347107 0.374019
vt 0.207852 0.433462
vt 0.289438 0.095988
vt 0.344495 0.308324
vt 0.276882 0.115970
vt 0.341267 0.249326
vt 0.264613 0.148293
vt 0.336468 0.196467
vt 0.252567 0.191044
vt 0.330081 0.152561
vt 0.240935 0.242888
vt 0.322109 0.118923
vt 0.251273 0.227995
vt 0.332959 0.233241
vt 0.326131 0.196136
vt 0.240255 0.271291
vt 0.318012 0.168188
vt 0.229664 0.320562
vt 0.308409 0.150438
vt 0.218870 0.375812
vt 0.297768 0.143961
vt 0.349324 0.444703
vt 0.345969 0.384563
vt 0.207983 0.433607
vt 0.286378 0.149002
vt 0.342387 0.327794
vt 0.274555 0.165356
vt 0.338269 0.277533
vt 0.262881 0.192020
vt 0.349047 0.446898
vt 0.344834 0.397876
vt 0.207897 0.436433
vt 0.218281 0.388988
vt 0.282624 0.211419
vt 0.340352 0.351757
vt 0.271333 0.223789
vt 0.335388 0.311772
vt 0.260123 0.244233
vt 0.329409 0.277141
vt 0.249094 0.272047
vt 0.322110 0.248236
vt 0.238657 0.305599
vt 0.313644 0.226528
vt 0.228578 0.344397
vt 0.304053 0.212809
vt 0.293625 0.207713
vt 0.325842 0.326882
vt 0.318081 0.306991
vt 0.246146 0.321813
vt 0.236335 0.345004
vt 0.309207 0.291959
vt 0.226936 0.372433
vt 0.299435 0.282398
vt 0.217343 0.403987
vt 0.289012 0.278707
vt 0.348902 0.446951
vt 0.343807 0.413082
vt 0.208036 0.436455
vt 0.278196 0.281022
vt 0.338308 0.379997
vt 0.267253 0.289250
vt 0.332515 0.351165
vt 0.256494 0.303019
vt 0.273235 0.355926
vt 0.335927 0.412457
vt 0.262603 0.359900
vt 0.329131 0.395384
vt 0.252419 0.366830
vt 0.321886 0.381607
vt 0.242775 0.376526
vt 0.313705 0.370762
vt 0.233762 0.388779
vt 0.304587 0.362586
vt 0.225054 0.404288
vt 0.294606 0.357292
vt 0.217467 0.422450
vt 0.284033 0.355026
vt 0.347380 0.452489
vt 0.341718 0.432061
vt 0.209991 0.441535
vt 0.346396 0.455034
vt 0.210182 0.442155
vt 0.569281 0.552635
vt 0.582420 0.511127
vt 0.587635 0.510409
vt 0.631179 0.550144
vt 0.617088 0.512227
vt 0.639601 0.547376
vt 0.578199 0.554561
vt 0.591169 0.509894
vt 0.629553 0.515053
vt 0.646998 0.544871
vt 0.587049 0.555812
vt 0.593729 0.509593
vt 0.644846 0.525372
vt 0.653937 0.542539
vt 0.595811 0.556355
vt 0.595811 0.509506
vt 0.537686 0.542540
vt 0.531163 0.539026
vt 0.546777 0.525372
vt 0.660459 0.539026
vt 0.597893 0.509593
vt 0.604574 0.555812
vt 0.544624 0.544871
vt 0.562069 0.515053
vt 0.600453 0.509894
vt 0.613424 0.554561
vt 0.552021 0.547377
vt 0.574534 0.512227
vt 0.603987 0.510409
vt 0.622341 0.552635
vt 0.560444 0.550144
vt 0.609202 0.511127
vt 0.588663 0.503024
vt 0.592443 0.502224
vt 0.599179 0.502224
vt 0.594191 0.501709
vt 0.602959 0.503024
vt 0.595052 0.501387
vt 0.611658 0.504465
vt 0.595512 0.501220
vt 0.634609 0.509563
vt 0.595811 0.501172
vt 0.529713 0.537454
vt 0.557013 0.509564
vt 0.661909 0.537453
vt 0.596110 0.501220
vt 0.579964 0.504465
vt 0.596570 0.501387
vt 0.597431 0.501709
vt 0.595768 0.500153
vt 0.595811 0.500141
vt 0.528483 0.516412
vt 0.568756 0.503858
vt 0.663139 0.516412
vt 0.622866 0.503857
vt 0.595854 0.500153
vt 0.588182 0.501710
vt 0.595937 0.500196
vt 0.593255 0.500911
vt 0.596141 0.500294
vt 0.594922 0.500493
vt 0.596700 0.500493
vt 0.595480 0.500294
vt 0.598367 0.500911
vt 0.595685 0.500197
vt 0.603440 0.501710
vt 0.596074 0.500122
vt 0.595548 0.500122
vt 0.595737 0.500054
vt 0.596790 0.500294
vt 0.595788 0.500028
vt 0.599683 0.500694
vt 0.595804 0.500019
vt 0.615894 0.501873
vt 0.595811 0.500017
vt 0.542212 0.506693
vt 0.575728 0.501873
vt 0.649409 0.506693
vt 0.595817 0.500019
vt 0.591939 0.500694
vt 0.595834 0.500028
vt 0.594831 0.500294
vt 0.595885 0.500054
vt 0.553586 0.503377
vt 0.579532 0.500979
vt 0.638036 0.503376
vt 0.612090 0.500979
vt 0.595812 0.500002
vt 0.593613 0.500287
vt 0.595816 0.500004
vt 0.595388 0.500098
vt 0.595830 0.500011
vt 0.595724 0.500032
vt 0.595898 0.500032
vt 0.595792 0.500011
vt 0.596233 0.500098
vt 0.595806 0.500004
vt 0.598009 0.500287
vt 0.595810 0.500002
vt 0.595811 0.500002
vt 0.595776 0.500008
vt 0.595805 0.500002
vt 0.596035 0.500033
vt 0.595810 0.500000
vt 0.597327 0.500122
vt 0.595811 0.500000
vt 0.610105 0.500508
vt 0.595811 0.500000
vt 0.561337 0.501837
vt 0.581517 0.500508
vt 0.630284 0.501836
vt 0.595811 0.500000
vt 0.594294 0.500122
vt 0.595812 0.500000
vt 0.595586 0.500033
vt 0.595817 0.500002
vt 0.595846 0.500008
vt 0.595811 0.500000
vt 0.582466 0.500217
vt 0.594540 0.500046
vt 0.595811 0.500000
vt 0.595650 0.500010
vt 0.595814 0.500000
vt 0.595790 0.500002
vt 0.595832 0.500002
vt 0.595808 0.500000
vt 0.595972 0.500010
vt 0.595811 0.500000
vt 0.597082 0.500046
vt 0.595811 0.500000
vt 0.609155 0.500217
vt 0.595811 0.500000
vt 0.565848 0.500974
vt 0.625774 0.500974
vt 0.595959 0.500000
vt 0.595809 0.500000
vt 0.595811 0.500000
vt 0.597023 0.500000
vt 0.608880 0.500000
vt 0.595811 0.500000
vt 0.568100 0.500412
vt 0.582742 0.500000
vt 0.623522 0.500411
vt 0.594599 0.500000
vt 0.595811 0.500000
vt 0.595663 0.500000
vt 0.595813 0.500000
vt 0.595793 0.500000
vt 0.595829 0.500000
vt 0.595811 0.500000
vt 0.595811 0.500000
vt 0.595650 0.499989
vt 0.595814 0.499999
vt 0.595790 0.499998
vt 0.595832 0.499998
vt 0.595808 0.499999
vt 0.595972 0.499989
vt 0.595811 0.500000
vt 0.597082 0.499954
vt 0.595811 0.500000
vt 0.609155 0.499783
vt 0.595811 0.500000
vt 0.568100 0.499588
vt 0.582466 0.499783
vt 0.623522 0.499588
vt 0.594540 0.499954
vt 0.596035 0.499967
vt 0.597327 0.499878
vt 0.595811 0.500000
vt 0.610105 0.499492
vt 0.595811 0.500000
vt 0.565848 0.499026
vt 0.581517 0.499492
vt 0.625774 0.499026
vt 0.595811 0.500000
vt 0.594294 0.499878
vt 0.595812 0.499999
vt 0.595586 0.499967
vt 0.595817 0.499997
vt 0.595776 0.499991
vt 0.595846 0.499991
vt 0.595805 0.499997
vt 0.595810 0.499999
vt 0.595388 0.499902
vt 0.595816 0.499996
vt 0.595830 0.499989
vt 0.595724 0.499968
vt 0.595898 0.499968
vt 0.595792 0.499989
vt 0.596233 0.499902
vt 0.595806 0.499996
vt 0.598009 0.499712
vt 0.595810 0.499997
vt 0.612090 0.499021
vt 0.595811 0.499998
vt 0.561337 0.498164
vt 0.579532 0.499021
vt 0.630284 0.498163
vt 0.595812 0.499997
vt 0.593613 0.499712
vt 0.595804 0.499981
vt 0.599683 0.499306
vt 0.615894 0.498126
vt 0.595811 0.499983
vt 0.553586 0.496624
vt 0.575728 0.498127
vt 0.638035 0.496623
vt 0.595817 0.499981
vt 0.591939 0.499306
vt 0.595834 0.499971
vt 0.594831 0.499706
vt 0.595885 0.499946
vt 0.595548 0.499877
vt 0.596074 0.499877
vt 0.595737 0.499946
vt 0.596790 0.499706
vt 0.595788 0.499971
vt 0.595937 0.499803
vt 0.596141 0.499706
vt 0.594922 0.499506
vt 0.596700 0.499506
vt 0.595480 0.499706
vt 0.598367 0.499089
vt 0.595685 0.499803
vt 0.603440 0.498290
vt 0.595768 0.499847
vt 0.622866 0.496142
vt 0.595811 0.499858
vt 0.542212 0.493307
vt 0.568756 0.496143
vt 0.649409 0.493306
vt 0.595854 0.499847
vt 0.588182 0.498290
vt 0.593255 0.499089
vt 0.611658 0.495535
vt 0.634609 0.490436
vt 0.595811 0.498828
vt 0.528483 0.483588
vt 0.557013 0.490436
vt 0.663139 0.483588
vt 0.596110 0.498780
vt 0.579964 0.495535
vt 0.596570 0.498613
vt 0.588663 0.496976
vt 0.597431 0.498291
vt 0.592443 0.497776
vt 0.599179 0.497775
vt 0.594191 0.498291
vt 0.602958 0.496976
vt 0.595052 0.498613
vt 0.595512 0.498780
vt 0.582420 0.488873
vt 0.603987 0.489591
vt 0.609201 0.488873
vt 0.587635 0.489591
vt 0.617088 0.487772
vt 0.591169 0.490106
vt 0.629553 0.484947
vt 0.593728 0.490407
vt 0.644845 0.474628
vt 0.595811 0.490494
vt 0.529713 0.462546
vt 0.546776 0.474628
vt 0.661909 0.462546
vt 0.597893 0.490407
vt 0.562069 0.484947
vt 0.600453 0.490106
vt 0.574533 0.487773
vt 0.595811 0.443644
vt 0.531162 0.460974
vt 0.537685 0.457461
vt 0.660459 0.460973
vt 0.653936 0.457460
vt 0.604573 0.444188
vt 0.544624 0.455129
vt 0.613423 0.445439
vt 0.552020 0.452623
vt 0.622341 0.447365
vt 0.560443 0.449856
vt 0.631178 0.449855
vt 0.569280 0.447365
vt 0.639601 0.452623
vt 0.578198 0.445439
vt 0.646998 0.455128
vt 0.587048 0.444188
vt 0.636024 0.390956
vt 0.555596 0.390956
vt 0.564596 0.380543
vt 0.644115 0.404045
vt 0.574447 0.372893
vt 0.651329 0.419943
vt 0.584956 0.368194
vt 0.656935 0.438484
vt 0.595810 0.366620
vt 0.530440 0.458553
vt 0.534686 0.438485
vt 0.661181 0.458552
vt 0.606664 0.368194
vt 0.540292 0.419944
vt 0.617174 0.372893
vt 0.547506 0.404046
vt 0.627025 0.380543
vt 0.662190 0.457995
vt 0.659059 0.420407
vt 0.606702 0.291536
vt 0.532562 0.420408
vt 0.539354 0.387618
vt 0.617291 0.300672
vt 0.546755 0.359576
vt 0.627319 0.315488
vt 0.555062 0.335367
vt 0.636557 0.335367
vt 0.564300 0.315489
vt 0.644865 0.359576
vt 0.574328 0.300672
vt 0.652266 0.387617
vt 0.584918 0.291536
vt 0.595810 0.288449
vt 0.529431 0.457996
vt 0.645323 0.319437
vt 0.563854 0.255012
vt 0.573951 0.233161
vt 0.652725 0.359464
vt 0.584702 0.219632
vt 0.659584 0.404693
vt 0.595809 0.215049
vt 0.526120 0.455149
vt 0.532037 0.404694
vt 0.665501 0.455148
vt 0.606916 0.219632
vt 0.538895 0.359465
vt 0.617667 0.233161
vt 0.546296 0.319437
vt 0.627765 0.255011
vt 0.554604 0.284206
vt 0.637015 0.284205
vt 0.531605 0.391573
vt 0.538202 0.335203
vt 0.618397 0.172376
vt 0.545424 0.284067
vt 0.628703 0.200881
vt 0.553635 0.238686
vt 0.637984 0.238686
vt 0.562915 0.200882
vt 0.646195 0.284066
vt 0.573221 0.172377
vt 0.653418 0.335202
vt 0.584302 0.154639
vt 0.660015 0.391573
vt 0.595809 0.148606
vt 0.525388 0.452579
vt 0.666233 0.452578
vt 0.607316 0.154639
vt 0.561662 0.155298
vt 0.572326 0.120865
vt 0.654463 0.315319
vt 0.583878 0.099309
vt 0.660591 0.381051
vt 0.595809 0.091991
vt 0.525124 0.451071
vt 0.531030 0.381051
vt 0.666497 0.451069
vt 0.607739 0.099309
vt 0.537156 0.315320
vt 0.619292 0.120865
vt 0.544065 0.254776
vt 0.629956 0.155298
vt 0.552186 0.200682
vt 0.639432 0.200681
vt 0.647554 0.254776
vt 0.620292 0.081153
vt 0.535742 0.300438
vt 0.542217 0.232754
vt 0.631629 0.120437
vt 0.550229 0.171922
vt 0.641389 0.171921
vt 0.559988 0.120437
vt 0.649401 0.232754
vt 0.571325 0.081153
vt 0.655878 0.300437
vt 0.583420 0.056661
vt 0.661349 0.373319
vt 0.595808 0.048321
vt 0.524940 0.450124
vt 0.530271 0.373320
vt 0.666681 0.450123
vt 0.608197 0.056661
vt 0.657661 0.291154
vt 0.569611 0.055605
vt 0.583066 0.029185
vt 0.662289 0.368576
vt 0.595808 0.020284
vt 0.524767 0.449476
vt 0.529332 0.368577
vt 0.666854 0.449474
vt 0.608551 0.029185
vt 0.533958 0.291155
vt 0.622006 0.055605
vt 0.539820 0.218952
vt 0.634106 0.098205
vt 0.547557 0.153728
vt 0.644061 0.153727
vt 0.557511 0.098205
vt 0.651799 0.218951
vt 0.531809 0.287920
vt 0.536750 0.214063
vt 0.638246 0.089764
vt 0.543765 0.147100
vt 0.647853 0.147099
vt 0.553371 0.089764
vt 0.654868 0.214062
vt 0.565806 0.045393
vt 0.659811 0.287919
vt 0.580668 0.017195
vt 0.663394 0.366945
vt 0.595808 0.007740
vt 0.524590 0.449143
vt 0.528227 0.366946
vt 0.667031 0.449142
vt 0.610948 0.017195
vt 0.625810 0.045393
vt 0.565811 0.954607
vt 0.583070 0.970815
vt 0.580673 0.982805
vt 0.663395 0.633054
vt 0.657663 0.708845
vt 0.662290 0.631423
vt 0.595813 0.979716
vt 0.595813 0.992260
vt 0.528228 0.633055
vt 0.524590 0.550857
vt 0.529333 0.631423
vt 0.667031 0.550857
vt 0.610953 0.982805
vt 0.608555 0.970815
vt 0.533960 0.708845
vt 0.531811 0.712081
vt 0.625815 0.954607
vt 0.622010 0.944395
vt 0.539823 0.781049
vt 0.536753 0.785938
vt 0.638250 0.910236
vt 0.634110 0.901794
vt 0.547560 0.846272
vt 0.543768 0.852901
vt 0.647856 0.852900
vt 0.644064 0.846272
vt 0.557515 0.901795
vt 0.553375 0.910236
vt 0.654871 0.785937
vt 0.651801 0.781048
vt 0.569615 0.944395
vt 0.659813 0.712080
vt 0.620296 0.918847
vt 0.631633 0.879563
vt 0.550232 0.828079
vt 0.641392 0.828078
vt 0.559992 0.879563
vt 0.649404 0.767246
vt 0.571329 0.918847
vt 0.655880 0.699562
vt 0.583424 0.943339
vt 0.661351 0.626680
vt 0.595813 0.951679
vt 0.524767 0.550525
vt 0.530272 0.626680
vt 0.666855 0.550525
vt 0.608201 0.943339
vt 0.535743 0.699563
vt 0.542220 0.767246
vt 0.654465 0.684680
vt 0.660592 0.618948
vt 0.595813 0.908008
vt 0.524940 0.549876
vt 0.531031 0.618949
vt 0.666682 0.549876
vt 0.607743 0.900690
vt 0.537158 0.684681
vt 0.619295 0.879135
vt 0.544067 0.745224
vt 0.629959 0.844701
vt 0.552189 0.799319
vt 0.639435 0.799318
vt 0.561666 0.844702
vt 0.647557 0.745223
vt 0.572329 0.879135
vt 0.583882 0.900691
vt 0.628706 0.799118
vt 0.637987 0.761314
vt 0.562918 0.799118
vt 0.646197 0.715933
vt 0.573224 0.827624
vt 0.653420 0.664797
vt 0.584305 0.845361
vt 0.660016 0.608427
vt 0.595812 0.851394
vt 0.525125 0.548930
vt 0.531606 0.608427
vt 0.666497 0.548930
vt 0.607320 0.845361
vt 0.538204 0.664797
vt 0.618400 0.827623
vt 0.545426 0.715933
vt 0.553637 0.761314
vt 0.525389 0.547422
vt 0.532038 0.595306
vt 0.666233 0.547421
vt 0.659585 0.595306
vt 0.595812 0.784951
vt 0.606919 0.780368
vt 0.538896 0.640536
vt 0.617670 0.766839
vt 0.546298 0.680563
vt 0.627767 0.744988
vt 0.554606 0.715794
vt 0.637017 0.715794
vt 0.563857 0.744988
vt 0.645325 0.680562
vt 0.573954 0.766839
vt 0.652727 0.640535
vt 0.584705 0.780368
vt 0.564302 0.684511
vt 0.636559 0.664632
vt 0.644866 0.640424
vt 0.574330 0.699328
vt 0.652267 0.612382
vt 0.584920 0.708463
vt 0.659060 0.579592
vt 0.595812 0.711550
vt 0.526121 0.544851
vt 0.532563 0.579593
vt 0.665502 0.544851
vt 0.606704 0.708463
vt 0.539355 0.612383
vt 0.617293 0.699328
vt 0.546757 0.640424
vt 0.627321 0.684511
vt 0.555064 0.664633
vt 0.595811 0.633379
vt 0.606665 0.631806
vt 0.540293 0.580057
vt 0.617175 0.627107
vt 0.547507 0.595954
vt 0.627026 0.619457
vt 0.555597 0.609044
vt 0.636025 0.609043
vt 0.564597 0.619457
vt 0.644116 0.595954
vt 0.574448 0.627107
vt 0.651330 0.580056
vt 0.584957 0.631806
vt 0.656936 0.561515
vt 0.529431 0.542004
vt 0.534686 0.561515
vt 0.662191 0.542004
vt 0.530441 0.541447
vt 0.661182 0.541447
vt 0.464420 0.447365
vt 0.451280 0.488873
vt 0.446066 0.489591
vt 0.402522 0.449855
vt 0.416612 0.487772
vt 0.394099 0.452623
vt 0.455502 0.445438
vt 0.442532 0.490106
vt 0.404148 0.484947
vt 0.386703 0.455129
vt 0.446652 0.444188
vt 0.439972 0.490407
vt 0.388855 0.474628
vt 0.379764 0.457460
vt 0.437890 0.443644
vt 0.437890 0.490494
vt 0.496015 0.457460
vt 0.502538 0.460974
vt 0.486924 0.474628
vt 0.373241 0.460974
vt 0.435807 0.490407
vt 0.429127 0.444188
vt 0.489077 0.455129
vt 0.471632 0.484947
vt 0.433247 0.490106
vt 0.420277 0.445438
vt 0.481680 0.452623
vt 0.459167 0.487772
vt 0.429714 0.489591
vt 0.411359 0.447365
vt 0.473257 0.449856
vt 0.424499 0.488873
vt 0.445037 0.496976
vt 0.441258 0.497775
vt 0.434521 0.497775
vt 0.439510 0.498291
vt 0.430742 0.496976
vt 0.438648 0.498613
vt 0.422043 0.495535
vt 0.438189 0.498780
vt 0.399092 0.490436
vt 0.437890 0.498828
vt 0.503988 0.462546
vt 0.476687 0.490436
vt 0.371792 0.462546
vt 0.437591 0.498780
vt 0.453736 0.495535
vt 0.437131 0.498613
vt 0.436270 0.498291
vt 0.437932 0.499847
vt 0.437890 0.499858
vt 0.505218 0.483588
vt 0.464945 0.496142
vt 0.370561 0.483588
vt 0.410835 0.496142
vt 0.437847 0.499847
vt 0.445519 0.498290
vt 0.437763 0.499803
vt 0.440445 0.499089
vt 0.437559 0.499705
vt 0.438779 0.499506
vt 0.437001 0.499506
vt 0.438220 0.499705
vt 0.435334 0.499089
vt 0.438016 0.499803
vt 0.430261 0.498290
vt 0.437627 0.499877
vt 0.438153 0.499877
vt 0.437964 0.499946
vt 0.436910 0.499706
vt 0.437912 0.499971
vt 0.434017 0.499306
vt 0.437896 0.499981
vt 0.417807 0.498126
vt 0.437890 0.499983
vt 0.491488 0.493307
vt 0.457973 0.498126
vt 0.384291 0.493306
vt 0.437883 0.499981
vt 0.441762 0.499306
vt 0.437867 0.499971
vt 0.438869 0.499706
vt 0.437815 0.499946
vt 0.480114 0.496623
vt 0.454169 0.499021
vt 0.395665 0.496623
vt 0.421610 0.499021
vt 0.437889 0.499997
vt 0.440088 0.499712
vt 0.437885 0.499995
vt 0.438312 0.499901
vt 0.437870 0.499989
vt 0.437977 0.499968
vt 0.437803 0.499968
vt 0.437909 0.499989
vt 0.437467 0.499901
vt 0.437894 0.499995
vt 0.435692 0.499712
vt 0.437891 0.499997
vt 0.437890 0.499998
vt 0.437925 0.499991
vt 0.437896 0.499997
vt 0.437665 0.499966
vt 0.437891 0.499999
vt 0.436373 0.499878
vt 0.437890 0.499999
vt 0.423596 0.499492
vt 0.437890 0.500000
vt 0.472363 0.498163
vt 0.452183 0.499492
vt 0.403416 0.498163
vt 0.437889 0.499999
vt 0.439406 0.499878
vt 0.437889 0.499999
vt 0.438114 0.499966
vt 0.437884 0.499997
vt 0.437854 0.499991
vt 0.437890 0.500000
vt 0.451234 0.499783
vt 0.439161 0.499954
vt 0.437889 0.500000
vt 0.438051 0.499989
vt 0.437887 0.499999
vt 0.437910 0.499998
vt 0.437869 0.499998
vt 0.437892 0.499999
vt 0.437729 0.499989
vt 0.437890 0.500000
vt 0.436618 0.499954
vt 0.437890 0.500000
vt 0.424545 0.499783
vt 0.437890 0.500000
vt 0.467853 0.499026
vt 0.407927 0.499026
vt 0.437742 0.500000
vt 0.437892 0.500000
vt 0.437890 0.500000
vt 0.436677 0.500000
vt 0.437890 0.500000
vt 0.424821 0.500000
vt 0.437890 0.500000
vt 0.465601 0.499588
vt 0.450959 0.500000
vt 0.410178 0.499588
vt 0.437890 0.500000
vt 0.439102 0.500000
vt 0.437889 0.500000
vt 0.438038 0.500000
vt 0.437887 0.500000
vt 0.437908 0.500000
vt 0.437872 0.500000
vt 0.437890 0.500000
vt 0.437889 0.500000
vt 0.438051 0.500010
vt 0.437887 0.500000
vt 0.437910 0.500002
vt 0.437869 0.500002
vt 0.437892 0.500000
vt 0.437729 0.500010
vt 0.437890 0.500000
vt 0.436618 0.500046
vt 0.437890 0.500000
vt 0.424545 0.500217
vt 0.465601 0.500411
vt 0.451234 0.500217
vt 0.410178 0.500411
vt 0.439161 0.500046
vt 0.437665 0.500033
vt 0.436373 0.500122
vt 0.437890 0.500000
vt 0.423596 0.500508
vt 0.437890 0.500000
vt 0.467853 0.500974
vt 0.452183 0.500508
vt 0.407927 0.500974
vt 0.437889 0.500000
vt 0.439406 0.500122
vt 0.437889 0.500001
vt 0.438114 0.500033
vt 0.437884 0.500002
vt 0.437925 0.500008
vt 0.437854 0.500008
vt 0.437896 0.500002
vt 0.437891 0.500001
vt 0.438312 0.500098
vt 0.437885 0.500004
vt 0.437870 0.500011
vt 0.437977 0.500032
vt 0.437803 0.500032
vt 0.437909 0.500011
vt 0.437467 0.500098
vt 0.437894 0.500004
vt 0.435692 0.500287
vt 0.437891 0.500002
vt 0.421610 0.500979
vt 0.437890 0.500002
vt 0.472363 0.501836
vt 0.454169 0.500979
vt 0.403416 0.501836
vt 0.437889 0.500002
vt 0.440088 0.500287
vt 0.437896 0.500019
vt 0.434017 0.500694
vt 0.417807 0.501873
vt 0.437890 0.500017
vt 0.480114 0.503376
vt 0.457973 0.501873
vt 0.395665 0.503376
vt 0.437883 0.500019
vt 0.441762 0.500694
vt 0.437867 0.500028
vt 0.438869 0.500293
vt 0.437815 0.500054
vt 0.438153 0.500122
vt 0.437627 0.500122
vt 0.437964 0.500054
vt 0.436910 0.500293
vt 0.437912 0.500028
vt 0.437763 0.500196
vt 0.437559 0.500294
vt 0.438779 0.500493
vt 0.437001 0.500493
vt 0.438220 0.500294
vt 0.435334 0.500911
vt 0.438016 0.500196
vt 0.430261 0.501710
vt 0.437932 0.500153
vt 0.410835 0.503857
vt 0.437890 0.500141
vt 0.491488 0.506693
vt 0.464945 0.503857
vt 0.384291 0.506693
vt 0.437847 0.500153
vt 0.445519 0.501710
vt 0.440445 0.500911
vt 0.422043 0.504465
vt 0.399092 0.509563
vt 0.437890 0.501172
vt 0.505218 0.516412
vt 0.476687 0.509564
vt 0.370561 0.516412
vt 0.437591 0.501220
vt 0.453736 0.504465
vt 0.437131 0.501387
vt 0.445037 0.503024
vt 0.436270 0.501709
vt 0.441258 0.502224
vt 0.434521 0.502224
vt 0.439510 0.501709
vt 0.430742 0.503024
vt 0.438648 0.501387
vt 0.438189 0.501220
vt 0.451280 0.511127
vt 0.429714 0.510409
vt 0.424499 0.511127
vt 0.446066 0.510409
vt 0.416612 0.512227
vt 0.442532 0.509894
vt 0.404148 0.515053
vt 0.439972 0.509593
vt 0.388855 0.525372
vt 0.437890 0.509506
vt 0.503988 0.537454
vt 0.486924 0.525372
vt 0.371791 0.537453
vt 0.435807 0.509593
vt 0.471632 0.515053
vt 0.433247 0.509894
vt 0.459167 0.512227
vt 0.437890 0.556355
vt 0.502538 0.539026
vt 0.496015 0.542540
vt 0.373241 0.539026
vt 0.379764 0.542539
vt 0.429127 0.555812
vt 0.489077 0.544871
vt 0.420277 0.554561
vt 0.481680 0.547377
vt 0.411359 0.552635
vt 0.473257 0.550144
vt 0.402522 0.550144
vt 0.464420 0.552635
vt 0.394099 0.547377
vt 0.455502 0.554561
vt 0.386703 0.544871
vt 0.446652 0.555812
vt 0.397675 0.609043
vt 0.478103 0.609044
vt 0.469104 0.619457
vt 0.389585 0.595954
vt 0.459253 0.627107
vt 0.382371 0.580056
vt 0.448743 0.631806
vt 0.376765 0.561515
vt 0.437889 0.633379
vt 0.503260 0.541447
vt 0.499014 0.561515
vt 0.372519 0.541447
vt 0.427035 0.631806
vt 0.493408 0.580056
vt 0.416526 0.627107
vt 0.486194 0.595954
vt 0.406675 0.619457
vt 0.371510 0.542004
vt 0.374641 0.579592
vt 0.426997 0.708463
vt 0.501138 0.579593
vt 0.494345 0.612383
vt 0.416408 0.699328
vt 0.486944 0.640424
vt 0.406380 0.684511
vt 0.478637 0.664633
vt 0.397142 0.664633
vt 0.469399 0.684511
vt 0.388835 0.640424
vt 0.459371 0.699328
vt 0.381433 0.612382
vt 0.448781 0.708463
vt 0.437889 0.711551
vt 0.504269 0.542004
vt 0.388376 0.680562
vt 0.469844 0.744988
vt 0.459747 0.766839
vt 0.380974 0.640535
vt 0.448996 0.780368
vt 0.374116 0.595306
vt 0.437889 0.784951
vt 0.507580 0.544851
vt 0.501663 0.595306
vt 0.368199 0.544851
vt 0.426782 0.780368
vt 0.494805 0.640535
vt 0.416031 0.766839
vt 0.487403 0.680563
vt 0.405934 0.744988
vt 0.479095 0.715794
vt 0.396684 0.715794
vt 0.502094 0.608427
vt 0.495497 0.664797
vt 0.415301 0.827623
vt 0.488275 0.715933
vt 0.404995 0.799118
vt 0.480064 0.761314
vt 0.395714 0.761314
vt 0.470783 0.799118
vt 0.387504 0.715933
vt 0.460477 0.827623
vt 0.380281 0.664797
vt 0.449396 0.845361
vt 0.373685 0.608427
vt 0.437889 0.851394
vt 0.508312 0.547421
vt 0.367467 0.547421
vt 0.426382 0.845361
vt 0.472036 0.844702
vt 0.461372 0.879135
vt 0.379236 0.684680
vt 0.449820 0.900690
vt 0.373109 0.618949
vt 0.437889 0.908009
vt 0.508576 0.548930
vt 0.502670 0.618949
vt 0.367203 0.548930
vt 0.425958 0.900690
vt 0.496543 0.684680
vt 0.414406 0.879135
vt 0.489634 0.745224
vt 0.403742 0.844702
vt 0.481512 0.799318
vt 0.394266 0.799318
vt 0.386144 0.745224
vt 0.413405 0.918847
vt 0.497957 0.699563
vt 0.491481 0.767246
vt 0.402068 0.879563
vt 0.483469 0.828078
vt 0.392309 0.828078
vt 0.473710 0.879563
vt 0.384297 0.767246
vt 0.462372 0.918847
vt 0.377821 0.699563
vt 0.450277 0.943339
vt 0.372350 0.626680
vt 0.437889 0.951679
vt 0.508760 0.549876
vt 0.503429 0.626680
vt 0.367019 0.549876
vt 0.425500 0.943339
vt 0.376038 0.708845
vt 0.464086 0.944395
vt 0.450631 0.970815
vt 0.371411 0.631423
vt 0.437889 0.979716
vt 0.508933 0.550525
vt 0.504368 0.631423
vt 0.366846 0.550525
vt 0.425146 0.970815
vt 0.499741 0.708845
vt 0.411691 0.944394
vt 0.493878 0.781048
vt 0.399591 0.901794
vt 0.486141 0.846272
vt 0.389637 0.846272
vt 0.476186 0.901795
vt 0.381900 0.781048
vt 0.501890 0.712081
vt 0.496948 0.785938
vt 0.395451 0.910236
vt 0.489933 0.852901
vt 0.385845 0.852901
vt 0.480327 0.910236
vt 0.378830 0.785937
vt 0.467891 0.954607
vt 0.373888 0.712081
vt 0.453029 0.982805
vt 0.370306 0.633054
vt 0.437889 0.992260
vt 0.509110 0.550857
vt 0.505473 0.633054
vt 0.366669 0.550857
vt 0.422749 0.982805
vt 0.407887 0.954607
vt 0.467892 0.045393
vt 0.450633 0.029185
vt 0.453030 0.017195
vt 0.370306 0.366945
vt 0.376038 0.291155
vt 0.371411 0.368576
vt 0.437890 0.020284
vt 0.437890 0.007740
vt 0.505473 0.366945
vt 0.509110 0.449143
vt 0.504368 0.368576
vt 0.366669 0.449143
vt 0.422750 0.017195
vt 0.425148 0.029185
vt 0.499741 0.291155
vt 0.501891 0.287919
vt 0.407888 0.045393
vt 0.411693 0.055605
vt 0.493879 0.218951
vt 0.496949 0.214062
vt 0.395452 0.089764
vt 0.399593 0.098205
vt 0.486142 0.153728
vt 0.489934 0.147099
vt 0.385846 0.147099
vt 0.389638 0.153728
vt 0.476188 0.098205
vt 0.480328 0.089764
vt 0.378831 0.214062
vt 0.381901 0.218951
vt 0.464088 0.055605
vt 0.373889 0.287919
vt 0.413407 0.081153
vt 0.402070 0.120437
vt 0.483470 0.171922
vt 0.392310 0.171921
vt 0.473711 0.120437
vt 0.384298 0.232754
vt 0.462374 0.081153
vt 0.377822 0.300437
vt 0.450279 0.056661
vt 0.372351 0.373320
vt 0.437890 0.048321
vt 0.508933 0.449474
vt 0.503429 0.373320
vt 0.366846 0.449475
vt 0.425502 0.056661
vt 0.497958 0.300437
vt 0.491482 0.232754
vt 0.379236 0.315319
vt 0.373109 0.381051
vt 0.437890 0.091991
vt 0.508760 0.450124
vt 0.502670 0.381051
vt 0.367019 0.450124
vt 0.425959 0.099309
vt 0.496543 0.315319
vt 0.414407 0.120865
vt 0.489635 0.254776
vt 0.403743 0.155298
vt 0.481513 0.200682
vt 0.394267 0.200682
vt 0.472037 0.155298
vt 0.386145 0.254776
vt 0.461373 0.120865
vt 0.449821 0.099309
vt 0.404996 0.200882
vt 0.395715 0.238686
vt 0.470784 0.200882
vt 0.387505 0.284066
vt 0.460478 0.172376
vt 0.380282 0.335202
vt 0.449398 0.154639
vt 0.373685 0.391573
vt 0.437890 0.148606
vt 0.508576 0.451070
vt 0.502095 0.391573
vt 0.367204 0.451070
vt 0.426383 0.154639
vt 0.495498 0.335203
vt 0.415302 0.172376
vt 0.488275 0.284067
vt 0.480065 0.238686
vt 0.508312 0.452578
vt 0.501663 0.404694
vt 0.367467 0.452578
vt 0.374116 0.404694
vt 0.437890 0.215049
vt 0.426783 0.219632
vt 0.494805 0.359464
vt 0.416032 0.233161
vt 0.487403 0.319437
vt 0.405935 0.255011
vt 0.479095 0.284206
vt 0.396685 0.284205
vt 0.469845 0.255012
vt 0.388377 0.319437
vt 0.459748 0.233161
vt 0.380975 0.359464
vt 0.448997 0.219632
vt 0.469399 0.315489
vt 0.397142 0.335367
vt 0.388835 0.359576
vt 0.459371 0.300672
vt 0.381434 0.387617
vt 0.448782 0.291536
vt 0.374641 0.420407
vt 0.437890 0.288449
vt 0.507580 0.455149
vt 0.501138 0.420407
vt 0.368199 0.455149
vt 0.426998 0.291536
vt 0.494346 0.387617
vt 0.416409 0.300671
vt 0.486945 0.359576
vt 0.406380 0.315489
vt 0.478637 0.335367
vt 0.437890 0.366620
vt 0.427036 0.368194
vt 0.493408 0.419943
vt 0.416526 0.372893
vt 0.486194 0.404046
vt 0.406675 0.380543
vt 0.478104 0.390956
vt 0.397676 0.390956
vt 0.469104 0.380543
vt 0.389585 0.404045
vt 0.459253 0.372893
vt 0.382371 0.419943
vt 0.448744 0.368194
vt 0.376765 0.438484
vt 0.504269 0.457996
vt 0.499015 0.438484
vt 0.371510 0.457996
vt 0.503260 0.458553
vt 0.372519 0.458552
vt 0.056420 0.545858
vt 0.063961 0.503687
vt 0.069015 0.502603
vt 0.121347 0.525716
vt 0.086010 0.500891
vt 0.091112 0.501163
vt 0.065760 0.545910
vt 0.072352 0.501769
vt 0.128495 0.519575
vt 0.099793 0.501413
vt 0.074702 0.545224
vt 0.074709 0.501181
vt 0.136353 0.512362
vt 0.117260 0.501564
vt 0.083217 0.543815
vt 0.076594 0.500818
vt 0.021183 0.541951
vt 0.013600 0.539094
vt 0.028531 0.522015
vt 0.140420 0.505051
vt 0.091354 0.541694
vt 0.078360 0.500634
vt 0.029216 0.542905
vt 0.043439 0.509015
vt 0.099179 0.538856
vt 0.080287 0.500599
vt 0.037559 0.543933
vt 0.056123 0.505263
vt 0.106755 0.535279
vt 0.082683 0.500690
vt 0.046875 0.545113
vt 0.114129 0.530922
vt 0.069392 0.495706
vt 0.072787 0.494892
vt 0.076733 0.494004
vt 0.077711 0.494272
vt 0.074305 0.494378
vt 0.079839 0.494725
vt 0.075034 0.494049
vt 0.085229 0.495485
vt 0.075416 0.493863
vt 0.103811 0.496976
vt 0.075667 0.493785
vt 0.011820 0.537510
vt 0.037332 0.503470
vt 0.133014 0.500755
vt 0.075905 0.493784
vt 0.061155 0.497276
vt 0.076219 0.493854
vt 0.075491 0.493004
vt 0.075522 0.492990
vt 0.007740 0.511973
vt 0.049378 0.496943
vt 0.121926 0.497561
vt 0.095994 0.494989
vt 0.075552 0.492991
vt 0.068909 0.494477
vt 0.075599 0.493007
vt 0.073464 0.493682
vt 0.075697 0.493044
vt 0.074847 0.493302
vt 0.075945 0.493123
vt 0.075281 0.493128
vt 0.076706 0.493298
vt 0.075432 0.493044
vt 0.079526 0.493706
vt 0.075533 0.492917
vt 0.075600 0.492937
vt 0.075325 0.492989
vt 0.075457 0.492935
vt 0.075921 0.493002
vt 0.075490 0.492916
vt 0.077587 0.493204
vt 0.075499 0.492909
vt 0.091685 0.494074
vt 0.075503 0.492907
vt 0.022781 0.500349
vt 0.056338 0.494804
vt 0.112207 0.495610
vt 0.075507 0.492907
vt 0.072297 0.493507
vt 0.075514 0.492910
vt 0.074766 0.493136
vt 0.034432 0.496543
vt 0.060094 0.493875
vt 0.105982 0.494498
vt 0.089213 0.493591
vt 0.075501 0.492898
vt 0.075502 0.492898
vt 0.073744 0.493141
vt 0.075503 0.492899
vt 0.075201 0.492973
vt 0.075507 0.492900
vt 0.075447 0.492920
vt 0.075533 0.492907
vt 0.075491 0.492904
vt 0.075712 0.492935
vt 0.075499 0.492900
vt 0.076876 0.493040
vt 0.075501 0.492899
vt 0.075481 0.492903
vt 0.075498 0.492899
vt 0.075518 0.492900
vt 0.075640 0.492913
vt 0.075501 0.492898
vt 0.076570 0.492969
vt 0.075501 0.492898
vt 0.087779 0.493296
vt 0.075501 0.492898
vt 0.042175 0.494830
vt 0.062047 0.493399
vt 0.102282 0.493819
vt 0.075501 0.492898
vt 0.074317 0.492998
vt 0.075501 0.492898
vt 0.075349 0.492922
vt 0.075503 0.492898
vt 0.075501 0.492897
vt 0.062978 0.493111
vt 0.074518 0.492935
vt 0.075501 0.492898
vt 0.075395 0.492905
vt 0.075502 0.492898
vt 0.075490 0.492899
vt 0.075513 0.492898
vt 0.075500 0.492898
vt 0.075611 0.492904
vt 0.075501 0.492898
vt 0.076434 0.492929
vt 0.087014 0.493083
vt 0.046663 0.493905
vt 0.100305 0.493344
vt 0.075511 0.492897
vt 0.075603 0.492897
vt 0.075500 0.492897
vt 0.075501 0.492897
vt 0.076392 0.492897
vt 0.086767 0.492897
vt 0.048905 0.493319
vt 0.063247 0.492897
vt 0.099693 0.492945
vt 0.074566 0.492897
vt 0.075501 0.492897
vt 0.075404 0.492897
vt 0.075502 0.492897
vt 0.075491 0.492897
vt 0.075501 0.492897
vt 0.075395 0.492890
vt 0.075502 0.492897
vt 0.075490 0.492896
vt 0.075513 0.492896
vt 0.075500 0.492897
vt 0.075611 0.492891
vt 0.075501 0.492897
vt 0.076434 0.492866
vt 0.087014 0.492712
vt 0.048905 0.492476
vt 0.062978 0.492684
vt 0.099694 0.492850
vt 0.074518 0.492860
vt 0.076570 0.492826
vt 0.075501 0.492897
vt 0.087779 0.492499
vt 0.075501 0.492897
vt 0.046663 0.491890
vt 0.062047 0.492396
vt 0.100305 0.492451
vt 0.075501 0.492897
vt 0.074317 0.492797
vt 0.075501 0.492897
vt 0.075349 0.492873
vt 0.075503 0.492897
vt 0.075481 0.492892
vt 0.075518 0.492894
vt 0.075498 0.492896
vt 0.075640 0.492882
vt 0.075501 0.492897
vt 0.075201 0.492822
vt 0.075507 0.492895
vt 0.075447 0.492875
vt 0.075533 0.492888
vt 0.075491 0.492891
vt 0.075712 0.492860
vt 0.075499 0.492895
vt 0.076876 0.492755
vt 0.075501 0.492896
vt 0.089213 0.492204
vt 0.075501 0.492897
vt 0.042175 0.490965
vt 0.060094 0.491920
vt 0.102282 0.491976
vt 0.075502 0.492897
vt 0.073744 0.492654
vt 0.075503 0.492896
vt 0.075499 0.492886
vt 0.091685 0.491721
vt 0.075503 0.492888
vt 0.034432 0.489251
vt 0.056338 0.490991
vt 0.105982 0.491297
vt 0.075507 0.492888
vt 0.072297 0.492288
vt 0.075514 0.492885
vt 0.074766 0.492659
vt 0.075533 0.492878
vt 0.075325 0.492806
vt 0.075600 0.492858
vt 0.075457 0.492860
vt 0.075921 0.492793
vt 0.075490 0.492879
vt 0.077587 0.492591
vt 0.075697 0.492750
vt 0.074847 0.492493
vt 0.075945 0.492672
vt 0.075281 0.492666
vt 0.076706 0.492497
vt 0.075432 0.492751
vt 0.079526 0.492089
vt 0.075491 0.492791
vt 0.095994 0.490806
vt 0.075522 0.492805
vt 0.022781 0.485446
vt 0.049378 0.488852
vt 0.112207 0.490185
vt 0.075552 0.492804
vt 0.068909 0.491318
vt 0.075599 0.492788
vt 0.073464 0.492113
vt 0.103811 0.488819
vt 0.075667 0.492010
vt 0.007740 0.473822
vt 0.037332 0.482325
vt 0.121926 0.488234
vt 0.075905 0.492010
vt 0.061155 0.488518
vt 0.076219 0.491941
vt 0.069392 0.490089
vt 0.076733 0.491790
vt 0.072787 0.490903
vt 0.077711 0.491523
vt 0.074305 0.491417
vt 0.079839 0.491069
vt 0.075034 0.491745
vt 0.085229 0.490310
vt 0.075416 0.491932
vt 0.063961 0.482108
vt 0.086010 0.484904
vt 0.069015 0.483192
vt 0.091112 0.484632
vt 0.072352 0.484026
vt 0.099794 0.484382
vt 0.074709 0.484613
vt 0.117260 0.484231
vt 0.076594 0.484977
vt 0.011821 0.448285
vt 0.028531 0.463780
vt 0.133014 0.485040
vt 0.078360 0.485160
vt 0.043439 0.476780
vt 0.080287 0.485196
vt 0.056123 0.480532
vt 0.082683 0.485105
vt 0.083217 0.441980
vt 0.013601 0.446701
vt 0.021183 0.443844
vt 0.140420 0.480744
vt 0.136353 0.473433
vt 0.091354 0.444101
vt 0.029216 0.442890
vt 0.099179 0.446939
vt 0.037559 0.441862
vt 0.106755 0.450516
vt 0.046875 0.440681
vt 0.114129 0.454873
vt 0.056420 0.439937
vt 0.121347 0.460079
vt 0.065761 0.439885
vt 0.128496 0.466220
vt 0.074702 0.440571
vt 0.133263 0.397560
vt 0.065558 0.374897
vt 0.138596 0.411802
vt 0.076516 0.369145
vt 0.142473 0.428996
vt 0.087563 0.366374
vt 0.144452 0.449681
vt 0.098439 0.366702
vt 0.013824 0.442712
vt 0.024014 0.424526
vt 0.145434 0.476457
vt 0.108785 0.370152
vt 0.034174 0.408446
vt 0.118226 0.376598
vt 0.044322 0.394785
vt 0.126450 0.385811
vt 0.054813 0.383495
vt 0.146078 0.471297
vt 0.150316 0.431055
vt 0.121933 0.295037
vt 0.039345 0.377825
vt 0.130777 0.305857
vt 0.051589 0.351523
vt 0.138072 0.322180
vt 0.063920 0.329129
vt 0.143669 0.343313
vt 0.076303 0.311252
vt 0.147523 0.368455
vt 0.088599 0.298467
vt 0.149690 0.397151
vt 0.100534 0.291308
vt 0.111757 0.290134
vt 0.014245 0.440478
vt 0.026856 0.407918
vt 0.155000 0.329264
vt 0.099490 0.232094
vt 0.155189 0.369732
vt 0.112320 0.220542
vt 0.153800 0.415459
vt 0.124045 0.217850
vt 0.014476 0.439073
vt 0.029254 0.393195
vt 0.150206 0.466970
vt 0.134264 0.224219
vt 0.043785 0.350276
vt 0.142625 0.239402
vt 0.057938 0.312048
vt 0.148882 0.262728
vt 0.072016 0.278891
vt 0.152971 0.293156
vt 0.085943 0.251868
vt 0.047266 0.326293
vt 0.153410 0.179183
vt 0.063014 0.277268
vt 0.158962 0.209265
vt 0.078599 0.234173
vt 0.161764 0.248345
vt 0.093877 0.198563
vt 0.162038 0.294616
vt 0.108560 0.172085
vt 0.160158 0.346132
vt 0.122289 0.156203
vt 0.156597 0.402582
vt 0.134662 0.151957
vt 0.014576 0.438096
vt 0.031109 0.380502
vt 0.151709 0.463941
vt 0.145200 0.159744
vt 0.115345 0.120912
vt 0.164693 0.326825
vt 0.129840 0.100983
vt 0.159042 0.392335
vt 0.142847 0.095184
vt 0.014610 0.437307
vt 0.032351 0.370161
vt 0.152352 0.462264
vt 0.153903 0.104200
vt 0.049641 0.306536
vt 0.162395 0.127683
vt 0.066587 0.248284
vt 0.167698 0.163977
vt 0.083360 0.196572
vt 0.169675 0.210869
vt 0.099731 0.153416
vt 0.168479 0.265952
vt 0.169195 0.087417
vt 0.068441 0.226269
vt 0.174952 0.129146
vt 0.086010 0.167793
vt 0.176457 0.182534
vt 0.103181 0.118639
vt 0.174123 0.244479
vt 0.119490 0.081317
vt 0.168707 0.312448
vt 0.134551 0.057999
vt 0.161161 0.384877
vt 0.148078 0.050709
vt 0.014600 0.436633
vt 0.032930 0.362475
vt 0.152751 0.461252
vt 0.159936 0.060617
vt 0.050792 0.291657
vt 0.172097 0.303623
vt 0.136134 0.030068
vt 0.162923 0.380390
vt 0.150061 0.021604
vt 0.014519 0.436223
vt 0.032819 0.357662
vt 0.153062 0.460571
vt 0.163034 0.031771
vt 0.050618 0.282233
vt 0.174483 0.061177
vt 0.068357 0.212280
vt 0.180921 0.106929
vt 0.086197 0.149387
vt 0.182157 0.164733
vt 0.103816 0.096162
vt 0.178881 0.231194
vt 0.120650 0.055526
vt 0.066135 0.206982
vt 0.186458 0.098882
vt 0.083476 0.142327
vt 0.187066 0.158680
vt 0.100870 0.087398
vt 0.182773 0.226858
vt 0.117912 0.045123
vt 0.174784 0.300812
vt 0.134175 0.017854
vt 0.164296 0.378985
vt 0.149811 0.007740
vt 0.014382 0.436092
vt 0.032011 0.355869
vt 0.153303 0.460262
vt 0.166644 0.018820
vt 0.049051 0.278690
vt 0.179795 0.050887
vt 0.134174 0.967942
vt 0.120650 0.930270
vt 0.136134 0.955728
vt 0.164296 0.606810
vt 0.172097 0.682173
vt 0.162923 0.605406
vt 0.149811 0.978056
vt 0.150061 0.964192
vt 0.032011 0.629926
vt 0.014382 0.549703
vt 0.032819 0.628133
vt 0.153303 0.525533
vt 0.166643 0.966976
vt 0.163034 0.954025
vt 0.049051 0.707106
vt 0.050617 0.703562
vt 0.179794 0.934909
vt 0.174483 0.924619
vt 0.066134 0.778814
vt 0.068357 0.773515
vt 0.186458 0.886913
vt 0.180921 0.878867
vt 0.083476 0.843469
vt 0.086197 0.836409
vt 0.187066 0.827115
vt 0.182157 0.821063
vt 0.100870 0.898398
vt 0.103816 0.889634
vt 0.182774 0.758938
vt 0.178881 0.754601
vt 0.117912 0.940673
vt 0.174784 0.684983
vt 0.169195 0.898379
vt 0.174952 0.856650
vt 0.068441 0.759526
vt 0.086010 0.818003
vt 0.176457 0.803261
vt 0.103181 0.867156
vt 0.174123 0.741316
vt 0.119490 0.904479
vt 0.168707 0.673347
vt 0.134551 0.927797
vt 0.161161 0.600918
vt 0.148078 0.935086
vt 0.014519 0.549573
vt 0.032930 0.623321
vt 0.153063 0.525223
vt 0.159936 0.925179
vt 0.050792 0.694139
vt 0.164693 0.658971
vt 0.159042 0.593460
vt 0.129840 0.884813
vt 0.142847 0.890611
vt 0.014600 0.549162
vt 0.032351 0.615635
vt 0.152752 0.524543
vt 0.153902 0.881595
vt 0.049641 0.679259
vt 0.162395 0.858112
vt 0.066587 0.737511
vt 0.167698 0.821818
vt 0.083360 0.789224
vt 0.169675 0.774927
vt 0.099730 0.832379
vt 0.168479 0.719843
vt 0.115345 0.864884
vt 0.158962 0.776531
vt 0.161764 0.737450
vt 0.078599 0.751622
vt 0.093877 0.787232
vt 0.162038 0.691180
vt 0.108560 0.813711
vt 0.160158 0.639663
vt 0.122289 0.829592
vt 0.156598 0.583213
vt 0.134661 0.833839
vt 0.014610 0.548488
vt 0.031109 0.605294
vt 0.152352 0.523532
vt 0.145200 0.826051
vt 0.047266 0.659502
vt 0.153410 0.806613
vt 0.063014 0.708527
vt 0.014576 0.547699
vt 0.029254 0.592601
vt 0.151709 0.521854
vt 0.153800 0.570336
vt 0.124045 0.767945
vt 0.134264 0.761577
vt 0.043785 0.635519
vt 0.142625 0.746393
vt 0.057938 0.673748
vt 0.148881 0.723067
vt 0.072016 0.706904
vt 0.152971 0.692639
vt 0.085943 0.733927
vt 0.155000 0.656531
vt 0.099490 0.753702
vt 0.155189 0.616063
vt 0.112320 0.765254
vt 0.063920 0.656666
vt 0.076303 0.674543
vt 0.143669 0.642482
vt 0.147523 0.617340
vt 0.088599 0.687329
vt 0.149690 0.588644
vt 0.100533 0.694487
vt 0.150316 0.554740
vt 0.111757 0.695661
vt 0.014476 0.546722
vt 0.026856 0.577877
vt 0.150206 0.518825
vt 0.121933 0.690758
vt 0.039345 0.607970
vt 0.130777 0.679939
vt 0.051588 0.634272
vt 0.138072 0.663615
vt 0.098439 0.619092
vt 0.108785 0.615644
vt 0.024014 0.561269
vt 0.034174 0.577349
vt 0.118226 0.609197
vt 0.044322 0.591010
vt 0.126450 0.599984
vt 0.054813 0.602300
vt 0.133263 0.588235
vt 0.065558 0.610898
vt 0.138596 0.573993
vt 0.076516 0.616650
vt 0.142473 0.556799
vt 0.087563 0.619421
vt 0.144452 0.536114
vt 0.014244 0.545316
vt 0.146078 0.514498
vt 0.013824 0.543082
vt 0.145434 0.509338
s 0
usemtl マテリアル
f 476/1/1 11/2/1 2/3/1
f 479/4/2 19/5/2 480/6/2
f 477/7/3 11/2/3 12/8/3
f 480/6/4 20/9/4 481/10/4
f 3/11/5 12/8/5 13/12/5
f 481/10/6 21/13/6 482/14/6
f 3/11/7 14/15/7 4/16/7
f 474/17/8 82/18/8 7/19/8
f 308/20/9 482/14/9 21/13/9
f 4/16/10 15/21/10 5/22/10
f 475/23/11 7/19/11 8/24/11
f 5/22/12 16/25/12 478/26/12
f 1/27/13 8/24/13 9/28/13
f 478/26/14 17/29/14 6/30/14
f 476/1/15 9/28/15 10/31/15
f 479/4/16 17/29/16 18/32/16
f 9/28/17 25/33/17 10/31/17
f 18/32/18 32/34/18 33/35/18
f 10/31/19 26/36/19 11/2/19
f 19/5/20 33/35/20 34/37/20
f 11/2/21 27/38/21 12/8/21
f 20/9/22 34/37/22 35/39/22
f 13/12/23 27/38/23 28/40/23
f 20/9/24 36/41/24 21/13/24
f 13/12/25 29/42/25 14/15/25
f 7/19/26 82/43/26 22/44/26
f 308/45/27 21/13/27 36/41/27
f 14/15/28 30/46/28 15/21/28
f 7/19/29 23/47/29 8/24/29
f 15/21/30 31/48/30 16/25/30
f 8/24/31 24/49/31 9/28/31
f 17/29/32 31/48/32 32/34/32
f 29/42/33 43/50/33 44/51/33
f 22/44/34 82/52/34 37/53/34
f 308/54/35 36/41/35 51/55/35
f 29/42/36 45/56/36 30/46/36
f 22/44/37 38/57/37 23/47/37
f 30/46/38 46/58/38 31/48/38
f 23/47/39 39/59/39 24/49/39
f 32/34/40 46/58/40 47/60/40
f 24/49/41 40/61/41 25/33/41
f 33/35/42 47/60/42 48/62/42
f 25/33/43 41/63/43 26/36/43
f 34/37/44 48/62/44 49/64/44
f 26/36/45 42/65/45 27/38/45
f 35/39/46 49/64/46 50/66/46
f 28/40/47 42/65/47 43/50/47
f 36/41/48 50/66/48 51/55/48
f 47/60/49 63/67/49 48/62/49
f 41/63/50 55/68/50 56/69/50
f 49/64/51 63/67/51 64/70/51
f 41/63/52 57/71/52 42/65/52
f 50/66/53 64/70/53 65/72/53
f 43/50/54 57/71/54 58/73/54
f 51/55/55 65/72/55 66/74/55
f 44/51/56 58/73/56 59/75/56
f 37/53/57 82/76/57 52/77/57
f 308/78/58 51/55/58 66/74/58
f 44/51/59 60/79/59 45/56/59
f 37/53/60 53/80/60 38/57/60
f 45/56/61 61/81/61 46/58/61
f 38/57/62 54/82/62 39/59/62
f 47/60/63 61/81/63 62/83/63
f 39/59/64 55/68/64 40/61/64
f 52/77/65 82/84/65 67/85/65
f 308/86/66 66/74/66 81/87/66
f 59/75/67 75/88/67 60/79/67
f 53/80/68 67/85/68 68/89/68
f 60/79/69 76/90/69 61/81/69
f 54/82/70 68/89/70 69/91/70
f 62/83/71 76/90/71 77/92/71
f 54/82/72 70/93/72 55/68/72
f 62/83/73 78/94/73 63/67/73
f 56/69/74 70/93/74 71/95/74
f 64/70/75 78/94/75 79/96/75
f 56/69/76 72/97/76 57/71/76
f 64/70/77 80/98/77 65/72/77
f 58/73/78 72/97/78 73/99/78
f 65/72/79 81/87/79 66/74/79
f 59/75/80 73/99/80 74/100/80
f 71/95/81 86/101/81 87/102/81
f 79/96/82 94/103/82 95/104/82
f 71/95/83 88/105/83 72/97/83
f 80/98/84 95/104/84 96/106/84
f 73/99/85 88/105/85 89/107/85
f 81/87/86 96/106/86 97/108/86
f 74/100/87 89/107/87 90/109/87
f 67/85/88 82/110/88 83/111/88
f 308/112/89 81/87/89 97/108/89
f 74/100/90 91/113/90 75/88/90
f 67/85/91 84/114/91 68/89/91
f 75/88/92 92/115/92 76/90/92
f 68/89/93 85/116/93 69/91/93
f 77/92/94 92/115/94 93/117/94
f 69/91/95 86/101/95 70/93/95
f 77/92/96 94/103/96 78/94/96
f 90/109/97 106/118/97 91/113/97
f 83/111/98 99/119/98 84/114/98
f 91/113/99 107/120/99 92/115/99
f 85/116/100 99/119/100 100/121/100
f 93/117/101 107/120/101 108/122/101
f 85/116/102 101/123/102 86/101/102
f 93/117/103 109/124/103 94/103/103
f 87/102/104 101/123/104 102/125/104
f 95/104/105 109/124/105 110/126/105
f 87/102/106 103/127/106 88/105/106
f 95/104/107 111/128/107 96/106/107
f 89/107/108 103/127/108 104/129/108
f 96/106/109 112/130/109 97/108/109
f 90/109/110 104/129/110 105/131/110
f 83/111/111 82/132/111 98/133/111
f 308/134/112 97/108/112 112/130/112
f 110/126/113 124/135/113 125/136/113
f 102/125/114 118/137/114 103/127/114
f 111/128/115 125/136/115 126/138/115
f 104/129/116 118/137/116 119/131/116
f 111/128/117 127/139/117 112/130/117
f 105/131/118 119/131/118 120/131/118
f 98/133/119 82/140/119 113/141/119
f 308/142/120 112/130/120 127/139/120
f 105/131/121 121/143/121 106/118/121
f 98/133/122 114/144/122 99/119/122
f 106/118/123 122/145/123 107/120/123
f 99/119/124 115/146/124 100/121/124
f 108/122/125 122/145/125 123/147/125
f 100/121/126 116/148/126 101/123/126
f 108/122/127 124/135/127 109/124/127
f 102/125/128 116/148/128 117/149/128
f 121/143/129 137/150/129 122/145/129
f 115/146/130 129/151/130 130/152/130
f 123/147/131 137/150/131 138/153/131
f 115/146/132 131/154/132 116/148/132
f 123/147/133 139/155/133 124/135/133
f 117/149/134 131/154/134 132/156/134
f 125/136/135 139/155/135 140/157/135
f 117/149/136 133/158/136 118/137/136
f 125/136/137 141/159/137 126/138/137
f 119/131/138 133/158/138 134/160/138
f 126/138/139 142/161/139 127/139/139
f 120/131/140 134/160/140 135/131/140
f 113/141/141 82/162/141 128/163/141
f 308/164/142 127/139/142 142/161/142
f 120/131/143 136/165/143 121/143/143
f 114/144/144 128/163/144 129/151/144
f 141/159/145 155/166/145 156/167/145
f 134/160/146 148/168/146 149/169/146
f 141/159/147 157/170/147 142/161/147
f 135/131/148 149/169/148 150/171/148
f 128/163/149 82/172/149 143/173/149
f 308/174/150 142/161/150 157/170/150
f 135/131/151 151/175/151 136/165/151
f 128/163/152 144/176/152 129/151/152
f 136/165/153 152/177/153 137/150/153
f 129/151/154 145/178/154 130/152/154
f 138/153/155 152/177/155 153/179/155
f 130/152/156 146/180/156 131/154/156
f 138/153/157 154/181/157 139/155/157
f 132/156/158 146/180/158 147/182/158
f 140/157/159 154/181/159 155/166/159
f 132/156/160 148/168/160 133/158/160
f 144/176/161 160/183/161 145/178/161
f 153/179/162 167/184/162 168/185/162
f 145/178/163 161/186/163 146/180/163
f 153/179/164 169/187/164 154/181/164
f 147/182/165 161/186/165 162/188/165
f 155/166/166 169/187/166 170/189/166
f 147/182/167 163/190/167 148/168/167
f 156/167/168 170/189/168 171/191/168
f 149/169/169 163/190/169 164/192/169
f 157/170/170 171/191/170 172/193/170
f 150/171/171 164/192/171 165/194/171
f 143/173/172 82/195/172 158/196/172
f 308/197/173 157/170/173 172/193/173
f 150/171/174 166/198/174 151/175/174
f 143/173/175 159/199/175 144/176/175
f 151/175/176 167/184/176 152/177/176
f 164/192/177 178/200/177 179/201/177
f 172/193/178 186/202/178 187/203/178
f 165/194/179 179/201/179 180/204/179
f 158/196/180 82/205/180 173/206/180
f 308/207/181 172/193/181 187/203/181
f 165/194/182 181/208/182 166/198/182
f 158/196/183 174/209/183 159/199/183
f 166/198/184 182/210/184 167/184/184
f 159/199/185 175/211/185 160/183/185
f 168/185/186 182/210/186 183/212/186
f 160/183/187 176/213/187 161/186/187
f 168/185/188 184/214/188 169/187/188
f 162/188/189 176/213/189 177/215/189
f 170/189/190 184/214/190 185/216/190
f 162/188/191 178/200/191 163/190/191
f 171/191/192 185/216/192 186/202/192
f 183/212/193 197/217/193 198/218/193
f 175/211/194 191/219/194 176/213/194
f 183/212/195 199/220/195 184/214/195
f 177/215/196 191/219/196 192/221/196
f 185/216/197 199/220/197 200/222/197
f 177/215/198 193/223/198 178/200/198
f 185/216/199 201/224/199 186/202/199
f 179/201/200 193/223/200 194/225/200
f 186/202/201 202/226/201 187/203/201
f 180/204/202 194/225/202 195/227/202
f 173/206/203 82/228/203 188/229/203
f 308/230/204 187/203/204 202/226/204
f 180/204/205 196/231/205 181/208/205
f 174/209/206 188/229/206 189/232/206
f 181/208/207 197/217/207 182/210/207
f 175/211/208 189/232/208 190/233/208
f 202/226/209 216/234/209 217/235/209
f 195/227/210 209/236/210 210/237/210
f 188/229/211 82/238/211 203/239/211
f 308/240/212 202/226/212 217/235/212
f 195/227/213 211/241/213 196/231/213
f 188/229/214 204/242/214 189/232/214
f 196/231/215 212/243/215 197/217/215
f 189/232/216 205/244/216 190/233/216
f 198/218/217 212/243/217 213/245/217
f 190/233/218 206/246/218 191/219/218
f 198/218/219 214/247/219 199/220/219
f 192/221/220 206/246/220 207/248/220
f 200/222/221 214/247/221 215/249/221
f 192/221/222 208/250/222 193/223/222
f 201/224/223 215/249/223 216/234/223
f 194/225/224 208/250/224 209/236/224
f 205/244/225 221/251/225 206/246/225
f 213/245/226 229/252/226 214/247/226
f 207/248/227 221/251/227 222/253/227
f 215/249/228 229/252/228 230/254/228
f 207/248/229 223/255/229 208/250/229
f 216/234/230 230/254/230 231/256/230
f 209/236/231 223/255/231 224/257/231
f 217/235/232 231/256/232 232/258/232
f 210/237/233 224/257/233 225/259/233
f 203/239/234 82/260/234 218/261/234
f 308/262/235 217/235/235 232/258/235
f 210/237/236 226/263/236 211/241/236
f 203/239/237 219/264/237 204/242/237
f 211/241/238 227/265/238 212/243/238
f 204/242/239 220/266/239 205/244/239
f 213/245/240 227/265/240 228/267/240
f 225/259/241 239/268/241 240/269/241
f 218/261/242 82/270/242 233/271/242
f 308/272/243 232/258/243 247/273/243
f 225/259/244 241/274/244 226/263/244
f 219/264/245 233/271/245 234/275/245
f 226/263/246 242/276/246 227/265/246
f 219/264/247 235/277/247 220/266/247
f 228/267/248 242/276/248 243/278/248
f 220/266/249 236/279/249 221/251/249
f 228/267/250 244/280/250 229/252/250
f 222/253/251 236/279/251 237/281/251
f 230/254/252 244/280/252 245/282/252
f 222/253/253 238/283/253 223/255/253
f 231/256/254 245/282/254 246/284/254
f 224/257/255 238/283/255 239/268/255
f 231/256/256 247/273/256 232/258/256
f 243/278/257 259/285/257 244/280/257
f 237/281/258 251/286/258 252/287/258
f 245/282/259 259/285/259 260/288/259
f 237/281/260 253/289/260 238/283/260
f 245/282/261 261/290/261 246/284/261
f 239/268/262 253/289/262 254/291/262
f 246/284/263 262/292/263 247/273/263
f 240/269/264 254/291/264 255/293/264
f 233/271/265 82/294/265 248/295/265
f 308/296/266 247/273/266 262/292/266
f 240/269/267 256/297/267 241/274/267
f 234/275/268 248/295/268 249/298/268
f 241/274/269 257/299/269 242/276/269
f 235/277/270 249/298/270 250/300/270
f 243/278/271 257/299/271 258/301/271
f 235/277/272 251/286/272 236/279/272
f 308/302/273 262/292/273 277/303/273
f 255/293/274 271/304/274 256/297/274
f 249/298/275 263/305/275 264/306/275
f 256/297/276 272/307/276 257/299/276
f 249/298/277 265/308/277 250/300/277
f 258/301/278 272/307/278 273/309/278
f 250/300/279 266/310/279 251/286/279
f 258/301/280 274/311/280 259/285/280
f 252/287/281 266/310/281 267/312/281
f 260/288/282 274/311/282 275/313/282
f 252/287/283 268/314/283 253/289/283
f 261/290/284 275/313/284 276/315/284
f 254/291/285 268/314/285 269/316/285
f 261/290/286 277/303/286 262/292/286
f 255/293/287 269/316/287 270/317/287
f 248/295/288 82/318/288 263/305/288
f 275/313/289 289/319/289 290/320/289
f 267/312/290 283/321/290 268/314/290
f 275/313/291 291/322/291 276/315/291
f 269/316/292 283/321/292 284/323/292
f 276/315/293 292/324/293 277/303/293
f 270/317/294 284/323/294 285/325/294
f 263/305/295 82/326/295 278/327/295
f 308/328/296 277/303/296 292/324/296
f 270/317/297 286/329/297 271/304/297
f 263/305/298 279/330/298 264/306/298
f 271/304/299 287/331/299 272/307/299
f 264/306/300 280/332/300 265/308/300
f 273/309/301 287/331/301 288/333/301
f 265/308/302 281/334/302 266/310/302
f 273/309/303 289/319/303 274/311/303
f 267/312/304 281/334/304 282/335/304
f 278/327/305 294/336/305 279/330/305
f 286/329/306 302/337/306 287/331/306
f 280/332/307 294/336/307 295/338/307
f 288/333/308 302/337/308 303/339/308
f 280/332/309 296/340/309 281/334/309
f 288/333/310 304/341/310 289/319/310
f 282/335/311 296/340/311 297/342/311
f 290/320/312 304/341/312 305/343/312
f 282/335/313 298/344/313 283/321/313
f 290/320/314 306/345/314 291/322/314
f 284/323/315 298/344/315 299/346/315
f 292/324/316 306/345/316 307/347/316
f 285/325/317 299/346/317 300/348/317
f 278/327/318 82/349/318 293/350/318
f 308/351/319 292/324/319 307/347/319
f 285/325/320 301/352/320 286/329/320
f 297/342/321 314/353/321 298/344/321
f 305/343/322 322/354/322 306/345/322
f 299/346/323 314/353/323 315/355/323
f 306/345/324 323/356/324 307/347/324
f 300/348/325 315/355/325 316/357/325
f 293/350/326 82/358/326 309/359/326
f 308/360/327 307/347/327 323/356/327
f 300/348/328 317/361/328 301/352/328
f 294/336/329 309/359/329 310/362/329
f 301/352/330 318/363/330 302/337/330
f 295/338/331 310/362/331 311/364/331
f 303/339/332 318/363/332 319/365/332
f 295/338/333 312/366/333 296/340/333
f 303/339/334 320/367/334 304/341/334
f 297/342/335 312/366/335 313/368/335
f 305/343/336 320/367/336 321/369/336
f 317/361/337 333/370/337 318/363/337
f 310/362/338 326/371/338 311/364/338
f 319/365/339 333/370/339 334/372/339
f 311/364/340 327/373/340 312/366/340
f 319/365/341 335/374/341 320/367/341
f 313/368/342 327/373/342 328/375/342
f 321/369/343 335/374/343 336/376/343
f 313/368/344 329/377/344 314/353/344
f 321/369/345 337/378/345 322/354/345
f 315/355/346 329/377/346 330/379/346
f 323/356/347 337/378/347 338/380/347
f 316/357/348 330/379/348 331/381/348
f 309/359/349 82/382/349 324/383/349
f 308/384/350 323/356/350 338/380/350
f 316/357/351 332/385/351 317/361/351
f 309/359/352 325/386/352 310/362/352
f 336/376/353 352/387/353 337/378/353
f 330/379/354 344/388/354 345/389/354
f 338/380/355 352/387/355 353/390/355
f 331/381/356 345/389/356 346/391/356
f 324/383/357 82/392/357 339/393/357
f 308/394/358 338/380/358 353/390/358
f 331/381/359 347/395/359 332/385/359
f 324/383/360 340/396/360 325/386/360
f 332/385/361 348/397/361 333/370/361
f 326/371/362 340/396/362 341/398/362
f 334/372/363 348/397/363 349/399/363
f 326/371/364 342/400/364 327/373/364
f 334/372/365 350/401/365 335/374/365
f 328/375/366 342/400/366 343/402/366
f 336/376/367 350/401/367 351/403/367
f 328/375/368 344/388/368 329/377/368
f 341/398/369 355/404/369 356/405/369
f 349/399/370 363/406/370 364/407/370
f 341/398/371 357/408/371 342/400/371
f 349/399/372 365/409/372 350/401/372
f 343/402/373 357/408/373 358/410/373
f 351/403/374 365/409/374 366/411/374
f 343/402/375 359/412/375 344/388/375
f 351/403/376 367/413/376 352/387/376
f 345/389/377 359/412/377 360/414/377
f 353/390/378 367/413/378 368/415/378
f 346/391/379 360/414/379 361/416/379
f 339/393/380 82/417/380 354/418/380
f 308/419/381 353/390/381 368/415/381
f 346/391/382 362/420/382 347/395/382
f 339/393/383 355/404/383 340/396/383
f 347/395/384 363/406/384 348/397/384
f 360/421/385 374/422/385 375/423/385
f 367/424/386 383/425/386 368/426/386
f 361/427/387 375/423/387 376/428/387
f 354/429/388 82/430/388 369/431/388
f 308/432/389 368/426/389 383/425/389
f 361/427/390 377/433/390 362/434/390
f 355/435/391 369/431/391 370/436/391
f 362/434/392 378/437/392 363/438/392
f 356/439/393 370/436/393 371/440/393
f 364/441/394 378/437/394 379/442/394
f 356/439/395 372/443/395 357/444/395
f 364/441/396 380/445/396 365/446/396
f 358/447/397 372/443/397 373/448/397
f 366/449/398 380/445/398 381/450/398
f 358/447/399 374/422/399 359/451/399
f 366/449/400 382/452/400 367/424/400
f 379/442/401 393/453/401 394/454/401
f 371/440/402 387/455/402 372/443/402
f 379/442/403 395/456/403 380/445/403
f 373/448/404 387/455/404 388/457/404
f 381/450/405 395/456/405 396/458/405
f 373/448/406 389/459/406 374/422/406
f 381/450/407 397/460/407 382/452/407
f 375/423/408 389/459/408 390/461/408
f 382/452/409 398/462/409 383/425/409
f 376/428/410 390/461/410 391/463/410
f 369/431/411 82/464/411 384/465/411
f 308/466/412 383/425/412 398/462/412
f 376/428/413 392/467/413 377/433/413
f 370/436/414 384/465/414 385/468/414
f 377/433/415 393/453/415 378/437/415
f 371/440/416 385/468/416 386/469/416
f 398/462/417 412/470/417 413/471/417
f 391/463/418 405/472/418 406/473/418
f 384/465/419 82/474/419 399/475/419
f 308/476/420 398/462/420 413/471/420
f 391/463/421 407/477/421 392/467/421
f 384/465/422 400/478/422 385/468/422
f 392/467/423 408/479/423 393/453/423
f 386/469/424 400/478/424 401/480/424
f 394/454/425 408/479/425 409/481/425
f 386/469/426 402/482/426 387/455/426
f 394/454/427 410/483/427 395/456/427
f 388/457/428 402/482/428 403/484/428
f 396/458/429 410/483/429 411/485/429
f 388/457/430 404/486/430 389/459/430
f 396/458/431 412/470/431 397/460/431
f 390/461/432 404/486/432 405/472/432
f 409/481/433 425/487/433 410/483/433
f 403/484/434 417/488/434 418/489/434
f 411/485/435 425/487/435 426/490/435
f 403/484/436 419/491/436 404/486/436
f 411/485/437 427/492/437 412/470/437
f 405/472/438 419/491/438 420/493/438
f 412/470/439 428/494/439 413/471/439
f 406/473/440 420/493/440 421/495/440
f 399/475/441 82/496/441 414/497/441
f 308/498/442 413/471/442 428/494/442
f 406/473/443 422/499/443 407/477/443
f 399/475/444 415/500/444 400/478/444
f 407/477/445 423/501/445 408/479/445
f 401/480/446 415/500/446 416/502/446
f 409/481/447 423/501/447 424/503/447
f 401/480/448 417/488/448 402/482/448
f 414/497/449 82/504/449 429/505/449
f 308/506/450 428/494/450 443/507/450
f 421/495/451 437/508/451 422/499/451
f 414/497/452 430/509/452 415/500/452
f 422/499/453 438/510/453 423/501/453
f 416/502/454 430/509/454 431/511/454
f 424/503/455 438/510/455 439/512/455
f 416/502/456 432/513/456 417/488/456
f 424/503/457 440/514/457 425/487/457
f 418/489/458 432/513/458 433/515/458
f 426/490/459 440/514/459 441/516/459
f 418/489/460 434/517/460 419/491/460
f 426/490/461 442/518/461 427/492/461
f 420/493/462 434/517/462 435/519/462
f 428/494/463 442/518/463 443/507/463
f 421/495/464 435/519/464 436/520/464
f 433/515/465 447/521/465 448/522/465
f 441/516/466 455/523/466 456/524/466
f 433/515/467 449/525/467 434/517/467
f 441/516/468 457/526/468 442/518/468
f 435/519/469 449/525/469 450/527/469
f 442/518/470 458/528/470 443/507/470
f 436/520/471 450/527/471 451/529/471
f 429/505/472 82/530/472 444/531/472
f 308/532/473 443/507/473 458/528/473
f 436/520/474 452/533/474 437/508/474
f 430/509/475 444/531/475 445/534/475
f 437/508/476 453/535/476 438/510/476
f 431/511/477 445/534/477 446/536/477
f 439/512/478 453/535/478 454/537/478
f 431/511/479 447/521/479 432/513/479
f 439/512/480 455/523/480 440/514/480
f 451/529/481 467/538/481 452/533/481
f 444/531/482 460/539/482 445/534/482
f 452/533/483 468/540/483 453/535/483
f 446/536/484 460/539/484 461/541/484
f 454/537/485 468/540/485 469/542/485
f 446/536/486 462/543/486 447/521/486
f 454/537/487 470/544/487 455/523/487
f 448/522/488 462/543/488 463/545/488
f 456/524/489 470/544/489 471/546/489
f 448/522/490 464/547/490 449/525/490
f 456/524/491 472/548/491 457/526/491
f 450/527/492 464/547/492 465/549/492
f 458/528/493 472/548/493 473/550/493
f 451/529/494 465/549/494 466/551/494
f 444/531/495 82/552/495 459/553/495
f 308/554/496 458/528/496 473/550/496
f 471/546/497 479/4/497 480/6/497
f 464/547/498 2/3/498 477/7/498
f 471/546/499 481/10/499 472/548/499
f 465/549/500 477/7/500 3/11/500
f 472/548/501 482/14/501 473/550/501
f 466/551/502 3/11/502 4/16/502
f 459/553/503 82/555/503 474/17/503
f 308/556/504 473/550/504 482/14/504
f 466/551/505 5/22/505 467/538/505
f 459/553/506 475/23/506 460/539/506
f 467/538/507 478/26/507 468/540/507
f 461/541/508 475/23/508 1/27/508
f 468/540/509 6/30/509 469/542/509
f 462/543/510 1/27/510 476/1/510
f 469/542/511 479/4/511 470/544/511
f 463/545/512 476/1/512 2/3/512
f 484/557/513 492/558/513 493/559/513
f 961/560/514 501/561/514 962/562/514
f 959/563/515 493/559/515 494/564/515
f 962/562/516 502/565/516 963/566/516
f 485/567/517 494/564/517 495/568/517
f 963/566/518 503/569/518 964/570/518
f 486/571/519 495/568/519 496/572/519
f 956/573/520 564/574/520 489/575/520
f 790/576/521 964/570/521 503/569/521
f 486/571/522 497/577/522 487/578/522
f 957/579/523 489/575/523 490/580/523
f 487/578/524 498/581/524 960/582/524
f 483/583/525 490/580/525 491/584/525
f 960/582/526 499/585/526 488/586/526
f 958/587/527 491/584/527 492/558/527
f 488/586/528 500/588/528 961/560/528
f 492/558/529 506/589/529 507/590/529
f 499/585/530 515/591/530 500/588/530
f 493/559/531 507/590/531 508/592/531
f 500/588/532 516/593/532 501/561/532
f 494/564/533 508/592/533 509/594/533
f 501/561/534 517/595/534 502/565/534
f 495/568/535 509/594/535 510/596/535
f 502/565/536 518/597/536 503/569/536
f 496/572/537 510/596/537 511/598/537
f 489/575/538 564/599/538 504/600/538
f 790/601/539 503/569/539 518/597/539
f 496/572/540 512/602/540 497/577/540
f 490/580/541 504/600/541 505/603/541
f 497/577/542 513/604/542 498/581/542
f 491/584/543 505/603/543 506/589/543
f 498/581/544 514/605/544 499/585/544
f 511/598/545 525/606/545 526/607/545
f 504/600/546 564/608/546 519/609/546
f 790/610/547 518/597/547 533/611/547
f 511/598/548 527/612/548 512/602/548
f 505/603/549 519/609/549 520/613/549
f 512/602/550 528/614/550 513/604/550
f 506/589/551 520/613/551 521/615/551
f 513/604/552 529/616/552 514/605/552
f 507/590/553 521/615/553 522/617/553
f 514/605/554 530/618/554 515/591/554
f 508/592/555 522/617/555 523/619/555
f 515/591/556 531/620/556 516/593/556
f 509/594/557 523/619/557 524/621/557
f 516/593/558 532/622/558 517/595/558
f 510/596/559 524/621/559 525/606/559
f 517/595/560 533/611/560 518/597/560
f 529/616/561 545/623/561 530/618/561
f 523/619/562 537/624/562 538/625/562
f 530/618/563 546/626/563 531/620/563
f 524/621/564 538/625/564 539/627/564
f 531/620/565 547/628/565 532/622/565
f 525/606/566 539/627/566 540/629/566
f 532/622/567 548/630/567 533/611/567
f 526/607/568 540/629/568 541/631/568
f 519/609/569 564/632/569 534/633/569
f 790/634/570 533/611/570 548/630/570
f 526/607/571 542/635/571 527/612/571
f 520/613/572 534/633/572 535/636/572
f 527/612/573 543/637/573 528/614/573
f 521/615/574 535/636/574 536/638/574
f 528/614/575 544/639/575 529/616/575
f 522/617/576 536/638/576 537/624/576
f 534/633/577 564/640/577 549/641/577
f 790/642/578 548/630/578 563/643/578
f 541/631/579 557/644/579 542/635/579
f 535/636/580 549/641/580 550/645/580
f 542/635/581 558/646/581 543/637/581
f 536/638/582 550/645/582 551/647/582
f 543/637/583 559/648/583 544/639/583
f 537/624/584 551/647/584 552/649/584
f 544/639/585 560/650/585 545/623/585
f 538/625/586 552/649/586 553/651/586
f 545/623/587 561/652/587 546/626/587
f 539/627/588 553/651/588 554/653/588
f 546/626/589 562/654/589 547/628/589
f 540/629/590 554/653/590 555/655/590
f 547/628/591 563/643/591 548/630/591
f 541/631/592 555/655/592 556/656/592
f 553/651/593 568/657/593 569/658/593
f 560/650/594 577/659/594 561/652/594
f 554/653/595 569/658/595 570/660/595
f 561/652/596 578/661/596 562/654/596
f 555/655/597 570/660/597 571/662/597
f 562/654/598 579/663/598 563/643/598
f 556/656/599 571/662/599 572/664/599
f 549/641/600 564/665/600 565/666/600
f 790/667/601 563/643/601 579/663/601
f 556/656/602 573/668/602 557/644/602
f 550/645/603 565/666/603 566/669/603
f 557/644/604 574/670/604 558/646/604
f 551/647/605 566/669/605 567/671/605
f 558/646/606 575/672/606 559/648/606
f 552/649/607 567/671/607 568/657/607
f 559/648/608 576/673/608 560/650/608
f 572/664/609 588/674/609 573/668/609
f 566/669/610 580/675/610 581/676/610
f 573/668/611 589/677/611 574/670/611
f 567/671/612 581/676/612 582/678/612
f 574/670/613 590/679/613 575/672/613
f 568/657/614 582/678/614 583/680/614
f 575/672/615 591/681/615 576/673/615
f 569/658/616 583/680/616 584/682/616
f 576/673/617 592/683/617 577/659/617
f 570/660/618 584/682/618 585/684/618
f 577/659/619 593/685/619 578/661/619
f 571/662/620 585/684/620 586/686/620
f 578/661/621 594/687/621 579/663/621
f 572/664/622 586/686/622 587/688/622
f 565/666/623 564/689/623 580/675/623
f 790/690/624 579/663/624 594/687/624
f 591/681/625 607/691/625 592/683/625
f 585/684/626 599/692/626 600/693/626
f 592/683/627 608/694/627 593/685/627
f 586/686/628 600/693/628 601/688/628
f 593/685/629 609/695/629 594/687/629
f 587/688/630 601/688/630 602/696/630
f 580/675/631 564/697/631 595/698/631
f 790/699/632 594/687/632 609/695/632
f 587/688/633 603/674/633 588/674/633
f 581/676/634 595/698/634 596/700/634
f 588/674/635 604/701/635 589/677/635
f 582/678/636 596/700/636 597/702/636
f 589/677/637 605/703/637 590/679/637
f 583/680/638 597/702/638 598/704/638
f 590/679/639 606/705/639 591/681/639
f 584/682/640 598/704/640 599/692/640
f 604/701/641 618/706/641 619/707/641
f 596/700/642 612/708/642 597/702/642
f 605/703/643 619/707/643 620/709/643
f 597/702/644 613/710/644 598/704/644
f 606/705/645 620/709/645 621/711/645
f 598/704/646 614/712/646 599/692/646
f 607/691/647 621/711/647 622/713/647
f 599/692/648 615/714/648 600/693/648
f 608/694/649 622/713/649 623/715/649
f 600/693/650 616/716/650 601/688/650
f 609/695/651 623/715/651 624/717/651
f 601/688/652 617/718/652 602/696/652
f 595/698/653 564/719/653 610/720/653
f 790/721/654 609/695/654 624/717/654
f 603/674/655 617/718/655 618/706/655
f 595/698/656 611/722/656 596/700/656
f 623/715/657 637/723/657 638/724/657
f 615/714/658 631/725/658 616/716/658
f 624/717/659 638/724/659 639/726/659
f 616/716/660 632/727/660 617/718/660
f 610/720/661 564/728/661 625/729/661
f 790/730/662 624/717/662 639/726/662
f 618/706/663 632/727/663 633/731/663
f 610/720/664 626/732/664 611/722/664
f 619/707/665 633/731/665 634/733/665
f 611/722/666 627/734/666 612/708/666
f 620/709/667 634/733/667 635/735/667
f 612/708/668 628/736/668 613/710/668
f 621/711/669 635/735/669 636/737/669
f 613/710/670 629/738/670 614/712/670
f 622/713/671 636/737/671 637/723/671
f 614/712/672 630/739/672 615/714/672
f 626/732/673 642/740/673 627/734/673
f 635/735/674 649/741/674 650/742/674
f 627/734/675 643/743/675 628/736/675
f 636/737/676 650/742/676 651/744/676
f 628/736/677 644/745/677 629/738/677
f 637/723/678 651/744/678 652/746/678
f 629/738/679 645/747/679 630/739/679
f 638/724/680 652/746/680 653/748/680
f 630/739/681 646/749/681 631/725/681
f 639/726/682 653/748/682 654/750/682
f 631/725/683 647/751/683 632/727/683
f 625/729/684 564/752/684 640/753/684
f 790/754/685 639/726/685 654/750/685
f 633/731/686 647/751/686 648/755/686
f 625/729/687 641/756/687 626/732/687
f 634/733/688 648/755/688 649/741/688
f 645/747/689 661/757/689 646/749/689
f 654/750/690 668/758/690 669/759/690
f 646/749/691 662/760/691 647/751/691
f 640/753/692 564/761/692 655/762/692
f 790/763/693 654/750/693 669/759/693
f 648/755/694 662/760/694 663/764/694
f 640/753/695 656/765/695 641/756/695
f 649/741/696 663/764/696 664/766/696
f 641/756/697 657/767/697 642/740/697
f 650/742/698 664/766/698 665/768/698
f 642/740/699 658/769/699 643/743/699
f 651/744/700 665/768/700 666/770/700
f 643/743/701 659/771/701 644/745/701
f 652/746/702 666/770/702 667/772/702
f 644/745/703 660/773/703 645/747/703
f 653/748/704 667/772/704 668/758/704
f 665/768/705 679/774/705 680/775/705
f 657/767/706 673/776/706 658/769/706
f 666/770/707 680/775/707 681/777/707
f 658/769/708 674/778/708 659/771/708
f 667/772/709 681/777/709 682/779/709
f 659/771/710 675/780/710 660/773/710
f 668/758/711 682/779/711 683/781/711
f 660/773/712 676/782/712 661/757/712
f 669/759/713 683/781/713 684/783/713
f 661/757/714 677/784/714 662/760/714
f 655/762/715 564/785/715 670/786/715
f 790/787/716 669/759/716 684/783/716
f 663/764/717 677/784/717 678/788/717
f 655/762/718 671/789/718 656/765/718
f 664/766/719 678/788/719 679/774/719
f 656/765/720 672/790/720 657/767/720
f 684/783/721 698/791/721 699/792/721
f 676/782/722 692/793/722 677/784/722
f 670/786/723 564/794/723 685/795/723
f 790/796/724 684/783/724 699/792/724
f 678/788/725 692/793/725 693/797/725
f 670/786/726 686/798/726 671/789/726
f 679/774/727 693/797/727 694/799/727
f 671/789/728 687/800/728 672/790/728
f 680/775/729 694/799/729 695/801/729
f 672/790/730 688/802/730 673/776/730
f 681/777/731 695/801/731 696/803/731
f 673/776/732 689/804/732 674/778/732
f 682/779/733 696/803/733 697/805/733
f 674/778/734 690/806/734 675/780/734
f 683/781/735 697/805/735 698/791/735
f 675/780/736 691/807/736 676/782/736
f 687/800/737 703/808/737 688/802/737
f 696/803/738 710/809/738 711/810/738
f 688/802/739 704/811/739 689/804/739
f 697/805/740 711/810/740 712/812/740
f 689/804/741 705/813/741 690/806/741
f 698/791/742 712/812/742 713/814/742
f 690/806/743 706/815/743 691/807/743
f 699/792/744 713/814/744 714/816/744
f 691/807/745 707/817/745 692/793/745
f 685/795/746 564/818/746 700/819/746
f 790/820/747 699/792/747 714/816/747
f 693/797/748 707/817/748 708/821/748
f 685/795/749 701/822/749 686/798/749
f 694/799/750 708/821/750 709/823/750
f 686/798/751 702/824/751 687/800/751
f 695/801/752 709/823/752 710/809/752
f 706/815/753 722/825/753 707/817/753
f 700/819/754 564/826/754 715/827/754
f 790/828/755 714/816/755 729/829/755
f 708/821/756 722/825/756 723/830/756
f 700/819/757 716/831/757 701/822/757
f 709/823/758 723/830/758 724/832/758
f 701/822/759 717/833/759 702/824/759
f 710/809/760 724/832/760 725/834/760
f 702/824/761 718/835/761 703/808/761
f 711/810/762 725/834/762 726/836/762
f 703/808/763 719/837/763 704/811/763
f 712/812/764 726/836/764 727/838/764
f 704/811/765 720/839/765 705/813/765
f 713/814/766 727/838/766 728/840/766
f 705/813/767 721/841/767 706/815/767
f 714/816/768 728/840/768 729/829/768
f 725/834/769 741/842/769 726/836/769
f 719/837/770 733/843/770 734/844/770
f 726/836/771 742/845/771 727/838/771
f 720/839/772 734/844/772 735/846/772
f 727/838/773 743/847/773 728/840/773
f 721/841/774 735/846/774 736/848/774
f 728/840/775 744/849/775 729/829/775
f 722/825/776 736/848/776 737/850/776
f 715/827/777 564/851/777 730/852/777
f 790/853/778 729/829/778 744/849/778
f 722/825/779 738/854/779 723/830/779
f 716/831/780 730/852/780 731/855/780
f 723/830/781 739/856/781 724/832/781
f 717/833/782 731/855/782 732/857/782
f 724/832/783 740/858/783 725/834/783
f 718/835/784 732/857/784 733/843/784
f 790/859/785 744/849/785 759/860/785
f 737/850/786 753/861/786 738/854/786
f 731/855/787 745/862/787 746/863/787
f 738/854/788 754/864/788 739/856/788
f 732/857/789 746/863/789 747/865/789
f 739/856/790 755/866/790 740/858/790
f 733/843/791 747/865/791 748/867/791
f 740/858/792 756/868/792 741/842/792
f 734/844/793 748/867/793 749/869/793
f 741/842/794 757/870/794 742/845/794
f 735/846/795 749/869/795 750/871/795
f 742/845/796 758/872/796 743/847/796
f 736/848/797 750/871/797 751/873/797
f 743/847/798 759/860/798 744/849/798
f 737/850/799 751/873/799 752/874/799
f 730/852/800 564/875/800 745/862/800
f 756/868/801 772/876/801 757/870/801
f 750/871/802 764/877/802 765/878/802
f 757/870/803 773/879/803 758/872/803
f 751/873/804 765/878/804 766/880/804
f 758/872/805 774/881/805 759/860/805
f 752/874/806 766/880/806 767/882/806
f 745/862/807 564/883/807 760/884/807
f 790/885/808 759/860/808 774/881/808
f 752/874/809 768/886/809 753/861/809
f 746/863/810 760/884/810 761/887/810
f 753/861/811 769/888/811 754/864/811
f 747/865/812 761/887/812 762/889/812
f 754/864/813 770/890/813 755/866/813
f 748/867/814 762/889/814 763/891/814
f 755/866/815 771/892/815 756/868/815
f 749/869/816 763/891/816 764/877/816
f 761/887/817 775/893/817 776/894/817
f 768/886/818 784/895/818 769/888/818
f 762/889/819 776/894/819 777/896/819
f 769/888/820 785/897/820 770/890/820
f 763/891/821 777/896/821 778/898/821
f 770/890/822 786/899/822 771/892/822
f 764/877/823 778/898/823 779/900/823
f 771/892/824 787/901/824 772/876/824
f 765/878/825 779/900/825 780/902/825
f 772/876/826 788/903/826 773/879/826
f 766/880/827 780/902/827 781/904/827
f 773/879/828 789/905/828 774/881/828
f 767/882/829 781/904/829 782/906/829
f 760/884/830 564/907/830 775/893/830
f 790/908/831 774/881/831 789/905/831
f 767/882/832 783/909/832 768/886/832
f 780/902/833 795/910/833 796/911/833
f 787/901/834 804/912/834 788/903/834
f 781/904/835 796/911/835 797/913/835
f 788/903/836 805/914/836 789/905/836
f 782/906/837 797/913/837 798/915/837
f 775/893/838 564/916/838 791/917/838
f 790/918/839 789/905/839 805/914/839
f 782/906/840 799/919/840 783/909/840
f 776/894/841 791/917/841 792/920/841
f 783/909/842 800/921/842 784/895/842
f 777/896/843 792/920/843 793/922/843
f 784/895/844 801/923/844 785/897/844
f 778/898/845 793/922/845 794/924/845
f 785/897/846 802/925/846 786/899/846
f 779/900/847 794/924/847 795/910/847
f 786/899/848 803/926/848 787/901/848
f 799/919/849 815/927/849 800/921/849
f 793/922/850 807/928/850 808/929/850
f 800/921/851 816/930/851 801/923/851
f 794/924/852 808/929/852 809/931/852
f 801/923/853 817/932/853 802/925/853
f 795/910/854 809/931/854 810/933/854
f 802/925/855 818/934/855 803/926/855
f 796/911/856 810/933/856 811/935/856
f 803/926/857 819/936/857 804/912/857
f 797/913/858 811/935/858 812/937/858
f 804/912/859 820/938/859 805/914/859
f 798/915/860 812/937/860 813/939/860
f 791/917/861 564/940/861 806/941/861
f 790/942/862 805/914/862 820/938/862
f 798/915/863 814/943/863 799/919/863
f 792/920/864 806/941/864 807/928/864
f 818/934/865 834/944/865 819/936/865
f 812/937/866 826/945/866 827/946/866
f 819/936/867 835/947/867 820/938/867
f 813/939/868 827/946/868 828/948/868
f 806/941/869 564/949/869 821/950/869
f 790/951/870 820/938/870 835/947/870
f 813/939/871 829/952/871 814/943/871
f 807/928/872 821/950/872 822/953/872
f 814/943/873 830/954/873 815/927/873
f 808/929/874 822/953/874 823/955/874
f 815/927/875 831/956/875 816/930/875
f 809/931/876 823/955/876 824/957/876
f 816/930/877 832/958/877 817/932/877
f 810/933/878 824/957/878 825/959/878
f 817/932/879 833/960/879 818/934/879
f 811/935/880 825/959/880 826/945/880
f 823/955/881 837/961/881 838/962/881
f 830/954/882 846/963/882 831/956/882
f 824/957/883 838/962/883 839/964/883
f 831/956/884 847/965/884 832/958/884
f 825/959/885 839/964/885 840/966/885
f 832/958/886 848/967/886 833/960/886
f 826/945/887 840/966/887 841/968/887
f 833/960/888 849/969/888 834/944/888
f 827/946/889 841/968/889 842/970/889
f 834/944/890 850/971/890 835/947/890
f 828/948/891 842/970/891 843/972/891
f 821/950/892 564/973/892 836/974/892
f 790/975/893 835/947/893 850/971/893
f 828/948/894 844/976/894 829/952/894
f 822/953/895 836/974/895 837/961/895
f 829/952/896 845/977/896 830/954/896
f 841/978/897 857/979/897 842/980/897
f 850/981/898 864/982/898 865/983/898
f 842/980/899 858/984/899 843/985/899
f 836/986/900 564/987/900 851/988/900
f 790/989/901 850/981/901 865/983/901
f 844/990/902 858/984/902 859/991/902
f 836/986/903 852/992/903 837/993/903
f 845/994/904 859/991/904 860/995/904
f 837/993/905 853/996/905 838/997/905
f 846/998/906 860/995/906 861/999/906
f 838/997/907 854/1000/907 839/1001/907
f 847/1002/908 861/999/908 862/1003/908
f 839/1001/909 855/1004/909 840/1005/909
f 848/1006/910 862/1003/910 863/1007/910
f 840/1005/911 856/1008/911 841/978/911
f 849/1009/912 863/1007/912 864/982/912
f 861/999/913 875/1010/913 876/1011/913
f 853/996/914 869/1012/914 854/1000/914
f 862/1003/915 876/1011/915 877/1013/915
f 854/1000/916 870/1014/916 855/1004/916
f 863/1007/917 877/1013/917 878/1015/917
f 855/1004/918 871/1016/918 856/1008/918
f 864/982/919 878/1015/919 879/1017/919
f 856/1008/920 872/1018/920 857/979/920
f 865/983/921 879/1017/921 880/1019/921
f 857/979/922 873/1020/922 858/984/922
f 851/988/923 564/1021/923 866/1022/923
f 790/1023/924 865/983/924 880/1019/924
f 859/991/925 873/1020/925 874/1024/925
f 851/988/926 867/1025/926 852/992/926
f 860/995/927 874/1024/927 875/1010/927
f 852/992/928 868/1026/928 853/996/928
f 880/1019/929 894/1027/929 895/1028/929
f 872/1018/930 888/1029/930 873/1020/930
f 866/1022/931 564/1030/931 881/1031/931
f 790/1032/932 880/1019/932 895/1028/932
f 874/1024/933 888/1029/933 889/1033/933
f 866/1022/934 882/1034/934 867/1025/934
f 875/1010/935 889/1033/935 890/1035/935
f 867/1025/936 883/1036/936 868/1026/936
f 876/1011/937 890/1035/937 891/1037/937
f 868/1026/938 884/1038/938 869/1012/938
f 877/1013/939 891/1037/939 892/1039/939
f 869/1012/940 885/1040/940 870/1014/940
f 878/1015/941 892/1039/941 893/1041/941
f 870/1014/942 886/1042/942 871/1016/942
f 879/1017/943 893/1041/943 894/1027/943
f 871/1016/944 887/1043/944 872/1018/944
f 892/1039/945 906/1044/945 907/1045/945
f 884/1038/946 900/1046/946 885/1040/946
f 893/1041/947 907/1045/947 908/1047/947
f 885/1040/948 901/1048/948 886/1042/948
f 894/1027/949 908/1047/949 909/1049/949
f 886/1042/950 902/1050/950 887/1043/950
f 895/1028/951 909/1049/951 910/1051/951
f 887/1043/952 903/1052/952 888/1029/952
f 881/1031/953 564/1053/953 896/1054/953
f 790/1055/954 895/1028/954 910/1051/954
f 889/1033/955 903/1052/955 904/1056/955
f 881/1031/956 897/1057/956 882/1034/956
f 890/1035/957 904/1056/957 905/1058/957
f 882/1034/958 898/1059/958 883/1036/958
f 891/1037/959 905/1058/959 906/1044/959
f 883/1036/960 899/1060/960 884/1038/960
f 896/1054/961 564/1061/961 911/1062/961
f 790/1063/962 910/1051/962 925/1064/962
f 904/1056/963 918/1065/963 919/1066/963
f 896/1054/964 912/1067/964 897/1057/964
f 905/1058/965 919/1066/965 920/1068/965
f 897/1057/966 913/1069/966 898/1059/966
f 906/1044/967 920/1068/967 921/1070/967
f 898/1059/968 914/1071/968 899/1060/968
f 907/1045/969 921/1070/969 922/1072/969
f 899/1060/970 915/1073/970 900/1046/970
f 908/1047/971 922/1072/971 923/1074/971
f 900/1046/972 916/1075/972 901/1048/972
f 909/1049/973 923/1074/973 924/1076/973
f 901/1048/974 917/1077/974 902/1050/974
f 910/1051/975 924/1076/975 925/1064/975
f 902/1050/976 918/1065/976 903/1052/976
f 914/1071/977 930/1078/977 915/1073/977
f 923/1074/978 937/1079/978 938/1080/978
f 915/1073/979 931/1081/979 916/1075/979
f 924/1076/980 938/1080/980 939/1082/980
f 916/1075/981 932/1083/981 917/1077/981
f 925/1064/982 939/1082/982 940/1084/982
f 917/1077/983 933/1085/983 918/1065/983
f 911/1062/984 564/1086/984 926/1087/984
f 790/1088/985 925/1064/985 940/1084/985
f 919/1066/986 933/1085/986 934/1089/986
f 911/1062/987 927/1090/987 912/1067/987
f 920/1068/988 934/1089/988 935/1091/988
f 912/1067/989 928/1092/989 913/1069/989
f 921/1070/990 935/1091/990 936/1093/990
f 913/1069/991 929/1094/991 914/1071/991
f 922/1072/992 936/1093/992 937/1079/992
f 934/1089/993 948/1095/993 949/1096/993
f 926/1087/994 942/1097/994 927/1090/994
f 935/1091/995 949/1096/995 950/1098/995
f 927/1090/996 943/1099/996 928/1092/996
f 936/1093/997 950/1098/997 951/1100/997
f 928/1092/998 944/1101/998 929/1094/998
f 937/1079/999 951/1100/999 952/1102/999
f 929/1094/1000 945/1103/1000 930/1078/1000
f 938/1080/1001 952/1102/1001 953/1104/1001
f 930/1078/1002 946/1105/1002 931/1081/1002
f 939/1082/1003 953/1104/1003 954/1106/1003
f 931/1081/1004 947/1107/1004 932/1083/1004
f 940/1084/1005 954/1106/1005 955/1108/1005
f 932/1083/1006 948/1095/1006 933/1085/1006
f 926/1087/1007 564/1109/1007 941/1110/1007
f 790/1111/1008 940/1084/1008 955/1108/1008
f 953/1104/1009 961/560/1009 962/562/1009
f 945/1103/1010 959/563/1010 946/1105/1010
f 954/1106/1011 962/562/1011 963/566/1011
f 946/1105/1012 485/567/1012 947/1107/1012
f 955/1108/1013 963/566/1013 964/570/1013
f 947/1107/1014 486/571/1014 948/1095/1014
f 941/1110/1015 564/1112/1015 956/573/1015
f 790/1113/1016 955/1108/1016 964/570/1016
f 949/1096/1017 486/571/1017 487/578/1017
f 941/1110/1018 957/579/1018 942/1097/1018
f 950/1098/1019 487/578/1019 960/582/1019
f 942/1097/1020 483/583/1020 943/1099/1020
f 951/1100/1021 960/582/1021 488/586/1021
f 943/1099/1022 958/587/1022 944/1101/1022
f 952/1102/1023 488/586/1023 961/560/1023
f 944/1101/1024 484/557/1024 945/1103/1024
f 966/1114/513 974/1115/513 975/1116/513
f 1443/1117/514 983/1118/514 1444/1119/514
f 1441/1120/515 975/1116/515 976/1121/515
f 1444/1119/516 984/1122/516 1445/1123/516
f 967/1124/517 976/1121/517 977/1125/517
f 1445/1123/518 985/1126/518 1446/1127/518
f 968/1128/519 977/1125/519 978/1129/519
f 1438/1130/520 1046/1131/520 971/1132/520
f 1272/1133/521 1446/1127/521 985/1126/521
f 968/1128/522 979/1134/522 969/1135/522
f 1439/1136/523 971/1132/523 972/1137/523
f 969/1135/524 980/1138/524 1442/1139/524
f 965/1140/525 972/1137/525 973/1141/525
f 1442/1139/526 981/1142/526 970/1143/526
f 1440/1144/527 973/1141/527 974/1115/527
f 970/1143/528 982/1145/528 1443/1117/528
f 974/1115/529 988/1146/529 989/1147/529
f 981/1142/530 997/1148/530 982/1145/530
f 975/1116/531 989/1147/531 990/1149/531
f 982/1145/532 998/1150/532 983/1118/532
f 976/1121/533 990/1149/533 991/1151/533
f 983/1118/534 999/1152/534 984/1122/534
f 977/1125/535 991/1151/535 992/1153/535
f 984/1122/536 1000/1154/536 985/1126/536
f 978/1129/537 992/1153/537 993/1155/537
f 971/1132/538 1046/1156/538 986/1157/538
f 1272/1158/539 985/1126/539 1000/1154/539
f 978/1129/540 994/1159/540 979/1134/540
f 972/1137/541 986/1157/541 987/1160/541
f 979/1134/542 995/1161/542 980/1138/542
f 973/1141/543 987/1160/543 988/1146/543
f 980/1138/544 996/1162/544 981/1142/544
f 993/1155/545 1007/1163/545 1008/1164/545
f 986/1157/546 1046/1165/546 1001/1166/546
f 1272/1167/547 1000/1154/547 1015/1168/547
f 993/1155/548 1009/1169/548 994/1159/548
f 987/1160/549 1001/1166/549 1002/1170/549
f 994/1159/550 1010/1171/550 995/1161/550
f 988/1146/551 1002/1170/551 1003/1172/551
f 995/1161/552 1011/1173/552 996/1162/552
f 989/1147/553 1003/1172/553 1004/1174/553
f 996/1162/554 1012/1175/554 997/1148/554
f 990/1149/555 1004/1174/555 1005/1176/555
f 997/1148/556 1013/1177/556 998/1150/556
f 991/1151/557 1005/1176/557 1006/1178/557
f 998/1150/558 1014/1179/558 999/1152/558
f 992/1153/559 1006/1178/559 1007/1163/559
f 999/1152/560 1015/1168/560 1000/1154/560
f 1011/1173/561 1027/1180/561 1012/1175/561
f 1005/1176/562 1019/1181/562 1020/1182/562
f 1012/1175/563 1028/1183/563 1013/1177/563
f 1006/1178/564 1020/1182/564 1021/1184/564
f 1013/1177/565 1029/1185/565 1014/1179/565
f 1007/1163/566 1021/1184/566 1022/1186/566
f 1014/1179/567 1030/1187/567 1015/1168/567
f 1008/1164/568 1022/1186/568 1023/1188/568
f 1001/1166/569 1046/1189/569 1016/1190/569
f 1272/1191/570 1015/1168/570 1030/1187/570
f 1008/1164/571 1024/1192/571 1009/1169/571
f 1002/1170/572 1016/1190/572 1017/1193/572
f 1009/1169/573 1025/1194/573 1010/1171/573
f 1003/1172/574 1017/1193/574 1018/1195/574
f 1010/1171/575 1026/1196/575 1011/1173/575
f 1004/1174/576 1018/1195/576 1019/1181/576
f 1016/1190/577 1046/1197/577 1031/1198/577
f 1272/1199/1025 1030/1187/1025 1045/1200/1025
f 1023/1188/579 1039/1201/579 1024/1192/579
f 1017/1193/580 1031/1198/580 1032/1202/580
f 1024/1192/581 1040/1203/581 1025/1194/581
f 1018/1195/582 1032/1202/582 1033/1204/582
f 1025/1194/583 1041/1205/583 1026/1196/583
f 1019/1181/584 1033/1204/584 1034/1206/584
f 1026/1196/585 1042/1207/585 1027/1180/585
f 1020/1182/586 1034/1206/586 1035/1208/586
f 1027/1180/587 1043/1209/587 1028/1183/587
f 1021/1184/588 1035/1208/588 1036/1210/588
f 1028/1183/589 1044/1211/589 1029/1185/589
f 1022/1186/590 1036/1210/590 1037/1212/590
f 1029/1185/1026 1045/1200/1026 1030/1187/1026
f 1023/1188/592 1037/1212/592 1038/1213/592
f 1035/1208/593 1050/1214/593 1051/1215/593
f 1042/1207/594 1059/1216/594 1043/1209/594
f 1036/1210/595 1051/1215/595 1052/1217/595
f 1043/1209/596 1060/1218/596 1044/1211/596
f 1037/1212/597 1052/1217/597 1053/1219/597
f 1044/1211/598 1061/1220/598 1045/1200/598
f 1038/1213/599 1053/1219/599 1054/1221/599
f 1031/1198/600 1046/1222/600 1047/1223/600
f 1272/1224/601 1045/1200/601 1061/1220/601
f 1038/1213/602 1055/1225/602 1039/1201/602
f 1032/1202/603 1047/1223/603 1048/1226/603
f 1039/1201/604 1056/1227/604 1040/1203/604
f 1033/1204/605 1048/1226/605 1049/1228/605
f 1040/1203/606 1057/1229/606 1041/1205/606
f 1034/1206/607 1049/1228/607 1050/1214/607
f 1041/1205/608 1058/1230/608 1042/1207/608
f 1054/1221/609 1070/1231/609 1055/1225/609
f 1048/1226/610 1062/1232/610 1063/1233/610
f 1055/1225/611 1071/1234/611 1056/1227/611
f 1049/1228/1027 1063/1233/1027 1064/1235/1027
f 1056/1227/613 1072/1236/613 1057/1229/613
f 1050/1214/614 1064/1235/614 1065/1237/614
f 1057/1229/615 1073/1238/615 1058/1230/615
f 1051/1215/616 1065/1237/616 1066/1239/616
f 1058/1230/617 1074/1240/617 1059/1216/617
f 1052/1217/618 1066/1239/618 1067/1241/618
f 1059/1216/619 1075/1242/619 1060/1218/619
f 1053/1219/620 1067/1241/620 1068/1243/620
f 1060/1218/1028 1076/1244/1028 1061/1220/1028
f 1054/1221/622 1068/1243/622 1069/1245/622
f 1047/1223/623 1046/1246/623 1062/1232/623
f 1272/1247/1029 1061/1220/1029 1076/1244/1029
f 1073/1238/625 1089/1248/625 1074/1240/625
f 1067/1241/626 1081/1249/626 1082/1250/626
f 1074/1240/627 1090/1251/627 1075/1242/627
f 1068/1243/628 1082/1250/628 1083/1252/628
f 1075/1242/629 1091/1253/629 1076/1244/629
f 1069/1245/630 1083/1252/630 1084/1254/630
f 1062/1232/1030 1046/1255/1030 1077/1256/1030
f 1272/1257/632 1076/1244/632 1091/1253/632
f 1069/1245/633 1085/1258/633 1070/1231/633
f 1063/1233/634 1077/1256/634 1078/1259/634
f 1070/1231/1031 1086/1260/1031 1071/1234/1031
f 1064/1235/636 1078/1259/636 1079/1261/636
f 1071/1234/637 1087/1262/637 1072/1236/637
f 1065/1237/638 1079/1261/638 1080/1263/638
f 1072/1236/639 1088/1264/639 1073/1238/639
f 1066/1239/640 1080/1263/640 1081/1249/640
f 1086/1260/1032 1100/1265/1032 1101/1266/1032
f 1078/1259/642 1094/1267/642 1079/1261/642
f 1087/1262/643 1101/1266/643 1102/1268/643
f 1079/1261/644 1095/1269/644 1080/1263/644
f 1088/1264/645 1102/1268/645 1103/1270/645
f 1080/1263/646 1096/1271/646 1081/1249/646
f 1089/1248/647 1103/1270/647 1104/1272/647
f 1081/1249/648 1097/1273/648 1082/1250/648
f 1090/1251/649 1104/1272/649 1105/1274/649
f 1082/1250/650 1098/1275/650 1083/1252/650
f 1091/1253/651 1105/1274/651 1106/1276/651
f 1083/1252/1033 1099/1245/1033 1084/1254/1033
f 1077/1256/1034 1046/1277/1034 1092/1278/1034
f 1272/1279/654 1091/1253/654 1106/1276/654
f 1085/1258/655 1099/1245/655 1100/1265/655
f 1077/1256/656 1093/1280/656 1078/1259/656
f 1105/1274/657 1119/1281/657 1120/1282/657
f 1097/1273/658 1113/1283/658 1098/1275/658
f 1106/1276/1035 1120/1282/1035 1121/1284/1035
f 1098/1275/660 1114/1285/660 1099/1245/660
f 1092/1278/661 1046/1286/661 1107/1287/661
f 1272/1288/1036 1106/1276/1036 1121/1284/1036
f 1100/1265/663 1114/1285/663 1115/1289/663
f 1092/1278/664 1108/1290/664 1093/1280/664
f 1101/1266/665 1115/1289/665 1116/1291/665
f 1093/1280/1037 1109/1292/1037 1094/1267/1037
f 1102/1268/667 1116/1291/667 1117/1293/667
f 1094/1267/668 1110/1294/668 1095/1269/668
f 1103/1270/669 1117/1293/669 1118/1295/669
f 1095/1269/670 1111/1296/670 1096/1271/670
f 1104/1272/671 1118/1295/671 1119/1281/671
f 1096/1271/672 1112/1297/672 1097/1273/672
f 1108/1290/1038 1124/1298/1038 1109/1292/1038
f 1117/1293/674 1131/1299/674 1132/1300/674
f 1109/1292/675 1125/1301/675 1110/1294/675
f 1118/1295/676 1132/1300/676 1133/1302/676
f 1110/1294/677 1126/1303/677 1111/1296/677
f 1119/1281/678 1133/1302/678 1134/1304/678
f 1111/1296/679 1127/1305/679 1112/1297/679
f 1120/1282/680 1134/1304/680 1135/1306/680
f 1112/1297/681 1128/1307/681 1113/1283/681
f 1121/1284/682 1135/1306/682 1136/1308/682
f 1113/1283/683 1129/1309/683 1114/1285/683
f 1107/1287/684 1046/1310/684 1122/1311/684
f 1272/1312/685 1121/1284/685 1136/1308/685
f 1115/1289/686 1129/1309/686 1130/1313/686
f 1107/1287/687 1123/1314/687 1108/1290/687
f 1116/1291/688 1130/1313/688 1131/1299/688
f 1127/1305/689 1143/1315/689 1128/1307/689
f 1136/1308/1039 1150/1316/1039 1151/1317/1039
f 1128/1307/691 1144/1318/691 1129/1309/691
f 1122/1311/692 1046/1319/692 1137/1320/692
f 1272/1321/1040 1136/1308/1040 1151/1317/1040
f 1130/1313/694 1144/1318/694 1145/1322/694
f 1122/1311/1041 1138/1323/1041 1123/1314/1041
f 1131/1299/696 1145/1322/696 1146/1324/696
f 1123/1314/697 1139/1325/697 1124/1298/697
f 1132/1300/698 1146/1324/698 1147/1326/698
f 1124/1298/699 1140/1327/699 1125/1301/699
f 1133/1302/700 1147/1326/700 1148/1328/700
f 1125/1301/701 1141/1329/701 1126/1303/701
f 1134/1304/702 1148/1328/702 1149/1330/702
f 1126/1303/703 1142/1331/703 1127/1305/703
f 1135/1306/704 1149/1330/704 1150/1316/704
f 1147/1326/705 1161/1332/705 1162/1333/705
f 1139/1325/706 1155/1334/706 1140/1327/706
f 1148/1328/707 1162/1333/707 1163/1335/707
f 1140/1327/708 1156/1336/708 1141/1329/708
f 1149/1330/709 1163/1335/709 1164/1337/709
f 1141/1329/710 1157/1338/710 1142/1331/710
f 1150/1316/711 1164/1337/711 1165/1339/711
f 1142/1331/712 1158/1340/712 1143/1315/712
f 1151/1317/713 1165/1339/713 1166/1341/713
f 1143/1315/714 1159/1342/714 1144/1318/714
f 1137/1320/715 1046/1343/715 1152/1344/715
f 1272/1345/716 1151/1317/716 1166/1341/716
f 1145/1322/717 1159/1342/717 1160/1346/717
f 1137/1320/718 1153/1347/718 1138/1323/718
f 1146/1324/719 1160/1346/719 1161/1332/719
f 1138/1323/720 1154/1348/720 1139/1325/720
f 1166/1341/721 1180/1349/721 1181/1350/721
f 1158/1340/722 1174/1351/722 1159/1342/722
f 1152/1344/723 1046/1352/723 1167/1353/723
f 1272/1354/724 1166/1341/724 1181/1350/724
f 1160/1346/725 1174/1351/725 1175/1355/725
f 1152/1344/726 1168/1356/726 1153/1347/726
f 1161/1332/727 1175/1355/727 1176/1357/727
f 1153/1347/728 1169/1358/728 1154/1348/728
f 1162/1333/729 1176/1357/729 1177/1359/729
f 1154/1348/730 1170/1360/730 1155/1334/730
f 1163/1335/731 1177/1359/731 1178/1361/731
f 1155/1334/732 1171/1362/732 1156/1336/732
f 1164/1337/733 1178/1361/733 1179/1363/733
f 1156/1336/734 1172/1364/734 1157/1338/734
f 1165/1339/735 1179/1363/735 1180/1349/735
f 1157/1338/736 1173/1365/736 1158/1340/736
f 1169/1358/737 1185/1366/737 1170/1360/737
f 1178/1361/738 1192/1367/738 1193/1368/738
f 1170/1360/739 1186/1369/739 1171/1362/739
f 1179/1363/740 1193/1368/740 1194/1370/740
f 1171/1362/741 1187/1371/741 1172/1364/741
f 1180/1349/742 1194/1370/742 1195/1372/742
f 1172/1364/743 1188/1373/743 1173/1365/743
f 1181/1350/744 1195/1372/744 1196/1374/744
f 1173/1365/745 1189/1375/745 1174/1351/745
f 1167/1353/746 1046/1376/746 1182/1377/746
f 1272/1378/747 1181/1350/747 1196/1374/747
f 1175/1355/748 1189/1375/748 1190/1379/748
f 1167/1353/749 1183/1380/749 1168/1356/749
f 1176/1357/750 1190/1379/750 1191/1381/750
f 1168/1356/751 1184/1382/751 1169/1358/751
f 1177/1359/752 1191/1381/752 1192/1367/752
f 1188/1373/753 1204/1383/753 1189/1375/753
f 1182/1377/754 1046/1384/754 1197/1385/754
f 1272/1386/755 1196/1374/755 1211/1387/755
f 1190/1379/756 1204/1383/756 1205/1388/756
f 1182/1377/757 1198/1389/757 1183/1380/757
f 1191/1381/758 1205/1388/758 1206/1390/758
f 1183/1380/759 1199/1391/759 1184/1382/759
f 1192/1367/760 1206/1390/760 1207/1392/760
f 1184/1382/761 1200/1393/761 1185/1366/761
f 1193/1368/762 1207/1392/762 1208/1394/762
f 1185/1366/763 1201/1395/763 1186/1369/763
f 1194/1370/764 1208/1394/764 1209/1396/764
f 1186/1369/765 1202/1397/765 1187/1371/765
f 1195/1372/766 1209/1396/766 1210/1398/766
f 1187/1371/767 1203/1399/767 1188/1373/767
f 1196/1374/768 1210/1398/768 1211/1387/768
f 1207/1392/769 1223/1400/769 1208/1394/769
f 1201/1395/770 1215/1401/770 1216/1402/770
f 1208/1394/771 1224/1403/771 1209/1396/771
f 1202/1397/772 1216/1402/772 1217/1404/772
f 1209/1396/773 1225/1405/773 1210/1398/773
f 1203/1399/774 1217/1404/774 1218/1406/774
f 1210/1398/775 1226/1407/775 1211/1387/775
f 1204/1383/776 1218/1406/776 1219/1408/776
f 1197/1385/777 1046/1409/777 1212/1410/777
f 1272/1411/778 1211/1387/778 1226/1407/778
f 1204/1383/779 1220/1412/779 1205/1388/779
f 1198/1389/780 1212/1410/780 1213/1413/780
f 1205/1388/781 1221/1414/781 1206/1390/781
f 1199/1391/782 1213/1413/782 1214/1415/782
f 1206/1390/783 1222/1416/783 1207/1392/783
f 1200/1393/784 1214/1415/784 1215/1401/784
f 1272/1417/785 1226/1407/785 1241/1418/785
f 1219/1408/786 1235/1419/786 1220/1412/786
f 1213/1413/787 1227/1420/787 1228/1421/787
f 1220/1412/788 1236/1422/788 1221/1414/788
f 1214/1415/789 1228/1421/789 1229/1423/789
f 1221/1414/790 1237/1424/790 1222/1416/790
f 1215/1401/791 1229/1423/791 1230/1425/791
f 1222/1416/792 1238/1426/792 1223/1400/792
f 1216/1402/793 1230/1425/793 1231/1427/793
f 1223/1400/794 1239/1428/794 1224/1403/794
f 1217/1404/795 1231/1427/795 1232/1429/795
f 1224/1403/796 1240/1430/796 1225/1405/796
f 1218/1406/797 1232/1429/797 1233/1431/797
f 1225/1405/798 1241/1418/798 1226/1407/798
f 1219/1408/799 1233/1431/799 1234/1432/799
f 1212/1410/800 1046/1433/800 1227/1420/800
f 1238/1426/801 1254/1434/801 1239/1428/801
f 1232/1429/802 1246/1435/802 1247/1436/802
f 1239/1428/803 1255/1437/803 1240/1430/803
f 1233/1431/804 1247/1436/804 1248/1438/804
f 1240/1430/805 1256/1439/805 1241/1418/805
f 1234/1432/806 1248/1438/806 1249/1440/806
f 1227/1420/807 1046/1441/807 1242/1442/807
f 1272/1443/808 1241/1418/808 1256/1439/808
f 1234/1432/809 1250/1444/809 1235/1419/809
f 1228/1421/810 1242/1442/810 1243/1445/810
f 1235/1419/811 1251/1446/811 1236/1422/811
f 1229/1423/812 1243/1445/812 1244/1447/812
f 1236/1422/813 1252/1448/813 1237/1424/813
f 1230/1425/814 1244/1447/814 1245/1449/814
f 1237/1424/815 1253/1450/815 1238/1426/815
f 1231/1427/816 1245/1449/816 1246/1435/816
f 1243/1445/817 1257/1451/817 1258/1452/817
f 1250/1444/818 1266/1453/818 1251/1446/818
f 1244/1447/819 1258/1452/819 1259/1454/819
f 1251/1446/820 1267/1455/820 1252/1448/820
f 1245/1449/821 1259/1454/821 1260/1456/821
f 1252/1448/822 1268/1457/822 1253/1450/822
f 1246/1435/823 1260/1456/823 1261/1458/823
f 1253/1450/824 1269/1459/824 1254/1434/824
f 1247/1436/825 1261/1458/825 1262/1460/825
f 1254/1434/826 1270/1461/826 1255/1437/826
f 1248/1438/827 1262/1460/827 1263/1462/827
f 1255/1437/828 1271/1463/828 1256/1439/828
f 1249/1440/829 1263/1462/829 1264/1464/829
f 1242/1442/830 1046/1465/830 1257/1451/830
f 1272/1466/831 1256/1439/831 1271/1463/831
f 1249/1440/832 1265/1467/832 1250/1444/832
f 1262/1460/833 1277/1468/833 1278/1469/833
f 1269/1459/834 1286/1470/834 1270/1461/834
f 1263/1462/835 1278/1469/835 1279/1471/835
f 1270/1461/836 1287/1472/836 1271/1463/836
f 1264/1464/837 1279/1471/837 1280/1473/837
f 1257/1451/838 1046/1474/838 1273/1475/838
f 1272/1476/839 1271/1463/839 1287/1472/839
f 1264/1464/840 1281/1477/840 1265/1467/840
f 1258/1452/841 1273/1475/841 1274/1478/841
f 1265/1467/842 1282/1479/842 1266/1453/842
f 1259/1454/843 1274/1478/843 1275/1480/843
f 1266/1453/1042 1283/1481/1042 1267/1455/1042
f 1260/1456/845 1275/1480/845 1276/1482/845
f 1267/1455/846 1284/1483/846 1268/1457/846
f 1261/1458/847 1276/1482/847 1277/1468/847
f 1268/1457/848 1285/1484/848 1269/1459/848
f 1281/1477/849 1297/1485/849 1282/1479/849
f 1275/1480/850 1289/1486/850 1290/1487/850
f 1282/1479/851 1298/1488/851 1283/1481/851
f 1276/1482/852 1290/1487/852 1291/1489/852
f 1283/1481/853 1299/1490/853 1284/1483/853
f 1277/1468/854 1291/1489/854 1292/1491/854
f 1284/1483/855 1300/1492/855 1285/1484/855
f 1278/1469/856 1292/1491/856 1293/1493/856
f 1285/1484/1043 1301/1494/1043 1286/1470/1043
f 1279/1471/858 1293/1493/858 1294/1495/858
f 1286/1470/859 1302/1496/859 1287/1472/859
f 1280/1473/860 1294/1495/860 1295/1497/860
f 1273/1475/861 1046/1498/861 1288/1499/861
f 1272/1500/862 1287/1472/862 1302/1496/862
f 1280/1473/863 1296/1501/863 1281/1477/863
f 1274/1478/864 1288/1499/864 1289/1486/864
f 1300/1492/865 1316/1502/865 1301/1494/865
f 1294/1495/866 1308/1503/866 1309/1504/866
f 1301/1494/867 1317/1505/867 1302/1496/867
f 1295/1497/868 1309/1504/868 1310/1506/868
f 1288/1499/869 1046/1507/869 1303/1508/869
f 1272/1509/870 1302/1496/870 1317/1505/870
f 1295/1497/871 1311/1510/871 1296/1501/871
f 1289/1486/872 1303/1508/872 1304/1511/872
f 1296/1501/873 1312/1512/873 1297/1485/873
f 1290/1487/874 1304/1511/874 1305/1513/874
f 1297/1485/1044 1313/1514/1044 1298/1488/1044
f 1291/1489/876 1305/1513/876 1306/1515/876
f 1298/1488/877 1314/1516/877 1299/1490/877
f 1292/1491/878 1306/1515/878 1307/1517/878
f 1299/1490/879 1315/1518/879 1300/1492/879
f 1293/1493/880 1307/1517/880 1308/1503/880
f 1305/1513/881 1319/1519/881 1320/1520/881
f 1312/1512/882 1328/1521/882 1313/1514/882
f 1306/1515/883 1320/1520/883 1321/1522/883
f 1313/1514/884 1329/1523/884 1314/1516/884
f 1307/1517/885 1321/1522/885 1322/1524/885
f 1314/1516/886 1330/1525/886 1315/1518/886
f 1308/1503/887 1322/1524/887 1323/1526/887
f 1315/1518/888 1331/1527/888 1316/1502/888
f 1309/1504/889 1323/1526/889 1324/1528/889
f 1316/1502/890 1332/1529/890 1317/1505/890
f 1310/1506/891 1324/1528/891 1325/1530/891
f 1303/1508/1045 1046/1531/1045 1318/1532/1045
f 1272/1533/893 1317/1505/893 1332/1529/893
f 1310/1506/894 1326/1534/894 1311/1510/894
f 1304/1511/895 1318/1532/895 1319/1519/895
f 1311/1510/896 1327/1535/896 1312/1512/896
f 1323/1536/1046 1339/1537/1046 1324/1538/1046
f 1332/1539/898 1346/1540/898 1347/1541/898
f 1324/1538/1047 1340/1542/1047 1325/1543/1047
f 1318/1544/1048 1046/1545/1048 1333/1546/1048
f 1272/1547/901 1332/1539/901 1347/1541/901
f 1326/1548/1049 1340/1542/1049 1341/1549/1049
f 1318/1544/903 1334/1550/903 1319/1551/903
f 1327/1552/904 1341/1549/904 1342/1553/904
f 1319/1551/905 1335/1554/905 1320/1555/905
f 1328/1556/906 1342/1553/906 1343/1557/906
f 1320/1555/907 1336/1558/907 1321/1559/907
f 1329/1560/908 1343/1557/908 1344/1561/908
f 1321/1559/909 1337/1562/909 1322/1563/909
f 1330/1564/910 1344/1561/910 1345/1565/910
f 1322/1563/911 1338/1566/911 1323/1536/911
f 1331/1567/912 1345/1565/912 1346/1540/912
f 1343/1557/1050 1357/1568/1050 1358/1569/1050
f 1335/1554/914 1351/1570/914 1336/1558/914
f 1344/1561/915 1358/1569/915 1359/1571/915
f 1336/1558/916 1352/1572/916 1337/1562/916
f 1345/1565/917 1359/1571/917 1360/1573/917
f 1337/1562/918 1353/1574/918 1338/1566/918
f 1346/1540/919 1360/1573/919 1361/1575/919
f 1338/1566/920 1354/1576/920 1339/1537/920
f 1347/1541/921 1361/1575/921 1362/1577/921
f 1339/1537/922 1355/1578/922 1340/1542/922
f 1333/1546/923 1046/1579/923 1348/1580/923
f 1272/1581/924 1347/1541/924 1362/1577/924
f 1341/1549/925 1355/1578/925 1356/1582/925
f 1333/1546/926 1349/1583/926 1334/1550/926
f 1342/1553/927 1356/1582/927 1357/1568/927
f 1334/1550/928 1350/1584/928 1335/1554/928
f 1362/1577/929 1376/1585/929 1377/1586/929
f 1354/1576/930 1370/1587/930 1355/1578/930
f 1348/1580/931 1046/1588/931 1363/1589/931
f 1272/1590/932 1362/1577/932 1377/1586/932
f 1356/1582/933 1370/1587/933 1371/1591/933
f 1348/1580/934 1364/1592/934 1349/1583/934
f 1357/1568/935 1371/1591/935 1372/1593/935
f 1349/1583/936 1365/1594/936 1350/1584/936
f 1358/1569/937 1372/1593/937 1373/1595/937
f 1350/1584/938 1366/1596/938 1351/1570/938
f 1359/1571/939 1373/1595/939 1374/1597/939
f 1351/1570/940 1367/1598/940 1352/1572/940
f 1360/1573/941 1374/1597/941 1375/1599/941
f 1352/1572/942 1368/1600/942 1353/1574/942
f 1361/1575/1051 1375/1599/1051 1376/1585/1051
f 1353/1574/944 1369/1601/944 1354/1576/944
f 1374/1597/945 1388/1602/945 1389/1603/945
f 1366/1596/946 1382/1604/946 1367/1598/946
f 1375/1599/947 1389/1603/947 1390/1605/947
f 1367/1598/948 1383/1606/948 1368/1600/948
f 1376/1585/949 1390/1605/949 1391/1607/949
f 1368/1600/950 1384/1608/950 1369/1601/950
f 1377/1586/951 1391/1607/951 1392/1609/951
f 1369/1601/952 1385/1610/952 1370/1587/952
f 1363/1589/953 1046/1611/953 1378/1612/953
f 1272/1613/954 1377/1586/954 1392/1609/954
f 1371/1591/955 1385/1610/955 1386/1614/955
f 1363/1589/956 1379/1615/956 1364/1592/956
f 1372/1593/957 1386/1614/957 1387/1616/957
f 1364/1592/958 1380/1617/958 1365/1594/958
f 1373/1595/959 1387/1616/959 1388/1602/959
f 1365/1594/960 1381/1618/960 1366/1596/960
f 1378/1612/961 1046/1619/961 1393/1620/961
f 1272/1621/962 1392/1609/962 1407/1622/962
f 1386/1614/963 1400/1623/963 1401/1624/963
f 1378/1612/964 1394/1625/964 1379/1615/964
f 1387/1616/965 1401/1624/965 1402/1626/965
f 1379/1615/966 1395/1627/966 1380/1617/966
f 1388/1602/967 1402/1626/967 1403/1628/967
f 1380/1617/968 1396/1629/968 1381/1618/968
f 1389/1603/969 1403/1628/969 1404/1630/969
f 1381/1618/970 1397/1631/970 1382/1604/970
f 1390/1605/971 1404/1630/971 1405/1632/971
f 1382/1604/972 1398/1633/972 1383/1606/972
f 1391/1607/973 1405/1632/973 1406/1634/973
f 1383/1606/974 1399/1635/974 1384/1608/974
f 1392/1609/975 1406/1634/975 1407/1622/975
f 1384/1608/976 1400/1623/976 1385/1610/976
f 1396/1629/977 1412/1636/977 1397/1631/977
f 1405/1632/978 1419/1637/978 1420/1638/978
f 1397/1631/979 1413/1639/979 1398/1633/979
f 1406/1634/980 1420/1638/980 1421/1640/980
f 1398/1633/981 1414/1641/981 1399/1635/981
f 1407/1622/982 1421/1640/982 1422/1642/982
f 1399/1635/983 1415/1643/983 1400/1623/983
f 1393/1620/984 1046/1644/984 1408/1645/984
f 1272/1646/985 1407/1622/985 1422/1642/985
f 1401/1624/986 1415/1643/986 1416/1647/986
f 1393/1620/987 1409/1648/987 1394/1625/987
f 1402/1626/988 1416/1647/988 1417/1649/988
f 1394/1625/989 1410/1650/989 1395/1627/989
f 1403/1628/990 1417/1649/990 1418/1651/990
f 1395/1627/991 1411/1652/991 1396/1629/991
f 1404/1630/992 1418/1651/992 1419/1637/992
f 1416/1647/993 1430/1653/993 1431/1654/993
f 1408/1645/994 1424/1655/994 1409/1648/994
f 1417/1649/995 1431/1654/995 1432/1656/995
f 1409/1648/996 1425/1657/996 1410/1650/996
f 1418/1651/997 1432/1656/997 1433/1658/997
f 1410/1650/998 1426/1659/998 1411/1652/998
f 1419/1637/999 1433/1658/999 1434/1660/999
f 1411/1652/1000 1427/1661/1000 1412/1636/1000
f 1420/1638/1001 1434/1660/1001 1435/1662/1001
f 1412/1636/1002 1428/1663/1002 1413/1639/1002
f 1421/1640/1003 1435/1662/1003 1436/1664/1003
f 1413/1639/1004 1429/1665/1004 1414/1641/1004
f 1422/1642/1005 1436/1664/1005 1437/1666/1005
f 1414/1641/1006 1430/1653/1006 1415/1643/1006
f 1408/1645/1007 1046/1667/1007 1423/1668/1007
f 1272/1669/1008 1422/1642/1008 1437/1666/1008
f 1435/1662/1009 1443/1117/1009 1444/1119/1009
f 1427/1661/1010 1441/1120/1010 1428/1663/1010
f 1436/1664/1011 1444/1119/1011 1445/1123/1011
f 1428/1663/1012 967/1124/1012 1429/1665/1012
f 1437/1666/1013 1445/1123/1013 1446/1127/1013
f 1429/1665/1014 968/1128/1014 1430/1653/1014
f 1423/1668/1015 1046/1670/1015 1438/1130/1015
f 1272/1671/1016 1437/1666/1016 1446/1127/1016
f 1431/1654/1017 968/1128/1017 969/1135/1017
f 1423/1668/1018 1439/1136/1018 1424/1655/1018
f 1432/1656/1019 969/1135/1019 1442/1139/1019
f 1424/1655/1020 965/1140/1020 1425/1657/1020
f 1433/1658/1021 1442/1139/1021 970/1143/1021
f 1425/1657/1022 1440/1144/1022 1426/1659/1022
f 1434/1660/1023 970/1143/1023 1443/1117/1023
f 1426/1659/1024 966/1114/1024 1427/1661/1024
f 1448/1672/1052 1456/1673/1052 1457/1674/1052
f 1926/1675/1053 1464/1676/1053 1465/1677/1053
f 1923/1678/1054 1457/1674/1054 1458/1679/1054
f 1927/1680/1055 1465/1677/1055 1466/1681/1055
f 1449/1682/1056 1458/1679/1056 1459/1683/1056
f 1928/1684/1057 1466/1681/1057 1467/1685/1057
f 1450/1686/1058 1459/1683/1058 1460/1687/1058
f 1920/1688/1059 1528/1689/1059 1453/1690/1059
f 1754/1691/1060 1928/1684/1060 1467/1685/1060
f 1451/1692/1061 1460/1687/1061 1461/1693/1061
f 1921/1694/1062 1453/1690/1062 1454/1695/1062
f 1924/1696/1063 1461/1693/1063 1462/1697/1063
f 1447/1698/1064 1454/1695/1064 1455/1699/1064
f 1452/1700/1065 1462/1697/1065 1463/1701/1065
f 1922/1702/1066 1455/1699/1066 1456/1673/1066
f 1925/1703/1067 1463/1701/1067 1464/1676/1067
f 1456/1673/1068 1470/1704/1068 1471/1705/1068
f 1464/1676/1069 1478/1706/1069 1479/1707/1069
f 1457/1674/1070 1471/1705/1070 1472/1708/1070
f 1465/1677/1071 1479/1707/1071 1480/1709/1071
f 1458/1679/1072 1472/1708/1072 1473/1710/1072
f 1466/1681/1073 1480/1709/1073 1481/1711/1073
f 1459/1683/1074 1473/1710/1074 1474/1712/1074
f 1467/1685/1075 1481/1711/1075 1482/1713/1075
f 1460/1687/1076 1474/1712/1076 1475/1714/1076
f 1453/1690/1077 1528/1715/1077 1468/1716/1077
f 1754/1717/1078 1467/1685/1078 1482/1713/1078
f 1461/1693/1079 1475/1714/1079 1476/1718/1079
f 1454/1695/1080 1468/1716/1080 1469/1719/1080
f 1462/1697/1081 1476/1718/1081 1477/1720/1081
f 1455/1699/1082 1469/1719/1082 1470/1704/1082
f 1463/1701/1083 1477/1720/1083 1478/1706/1083
f 1475/1714/1084 1489/1721/1084 1490/1722/1084
f 1468/1716/1085 1528/1723/1085 1483/1724/1085
f 1754/1725/1086 1482/1713/1086 1497/1726/1086
f 1476/1718/1087 1490/1722/1087 1491/1727/1087
f 1469/1719/1088 1483/1724/1088 1484/1728/1088
f 1477/1720/1089 1491/1727/1089 1492/1729/1089
f 1470/1704/1090 1484/1728/1090 1485/1730/1090
f 1478/1706/1091 1492/1729/1091 1493/1731/1091
f 1471/1705/1092 1485/1730/1092 1486/1732/1092
f 1479/1707/1093 1493/1731/1093 1494/1733/1093
f 1472/1708/1094 1486/1732/1094 1487/1734/1094
f 1480/1709/1095 1494/1733/1095 1495/1735/1095
f 1473/1710/1096 1487/1734/1096 1488/1736/1096
f 1481/1711/1097 1495/1735/1097 1496/1737/1097
f 1474/1712/1098 1488/1736/1098 1489/1721/1098
f 1482/1713/1099 1496/1737/1099 1497/1726/1099
f 1494/1733/1100 1508/1738/1100 1509/1739/1100
f 1487/1734/1101 1501/1740/1101 1502/1741/1101
f 1495/1735/1102 1509/1739/1102 1510/1742/1102
f 1488/1736/1103 1502/1741/1103 1503/1743/1103
f 1496/1737/1104 1510/1742/1104 1511/1744/1104
f 1489/1721/1105 1503/1743/1105 1504/1745/1105
f 1497/1726/1106 1511/1744/1106 1512/1746/1106
f 1490/1722/1107 1504/1745/1107 1505/1747/1107
f 1483/1724/1108 1528/1748/1108 1498/1749/1108
f 1754/1750/1109 1497/1726/1109 1512/1746/1109
f 1491/1727/1110 1505/1747/1110 1506/1751/1110
f 1484/1728/1111 1498/1749/1111 1499/1752/1111
f 1492/1729/1112 1506/1751/1112 1507/1753/1112
f 1485/1730/1113 1499/1752/1113 1500/1754/1113
f 1493/1731/1114 1507/1753/1114 1508/1738/1114
f 1486/1732/1115 1500/1754/1115 1501/1740/1115
f 1498/1749/1116 1528/1755/1116 1513/1756/1116
f 1754/1757/1117 1512/1746/1117 1527/1758/1117
f 1506/1751/1118 1520/1759/1118 1521/1760/1118
f 1499/1752/1119 1513/1756/1119 1514/1761/1119
f 1507/1753/1120 1521/1760/1120 1522/1762/1120
f 1500/1754/1121 1514/1761/1121 1515/1763/1121
f 1508/1738/1122 1522/1762/1122 1523/1764/1122
f 1501/1740/1123 1515/1763/1123 1516/1765/1123
f 1509/1739/1124 1523/1764/1124 1524/1766/1124
f 1502/1741/1125 1516/1765/1125 1517/1767/1125
f 1510/1742/1126 1524/1766/1126 1525/1768/1126
f 1503/1743/1127 1517/1767/1127 1518/1769/1127
f 1511/1744/1128 1525/1768/1128 1526/1770/1128
f 1504/1745/1129 1518/1769/1129 1519/1771/1129
f 1512/1746/1130 1526/1770/1130 1527/1758/1130
f 1505/1747/1131 1519/1771/1131 1520/1759/1131
f 1517/1767/1132 1532/1772/1132 1533/1773/1132
f 1525/1768/1133 1540/1774/1133 1541/1775/1133
f 1518/1769/1134 1533/1773/1134 1534/1776/1134
f 1526/1770/1135 1541/1775/1135 1542/1777/1135
f 1519/1771/1136 1534/1776/1136 1535/1778/1136
f 1527/1758/1137 1542/1777/1137 1543/1779/1137
f 1520/1759/1138 1535/1778/1138 1536/1780/1138
f 1513/1756/1139 1528/1781/1139 1529/1782/1139
f 1754/1783/1140 1527/1758/1140 1543/1779/1140
f 1521/1760/1141 1536/1780/1141 1537/1784/1141
f 1514/1761/1142 1529/1782/1142 1530/1785/1142
f 1522/1762/1143 1537/1784/1143 1538/1786/1143
f 1515/1763/1144 1530/1785/1144 1531/1787/1144
f 1523/1764/1145 1538/1786/1145 1539/1788/1145
f 1516/1765/1146 1531/1787/1146 1532/1772/1146
f 1524/1766/1147 1539/1788/1147 1540/1774/1147
f 1537/1784/1148 1551/1789/1148 1552/1789/1148
f 1530/1785/1149 1544/1790/1149 1545/1791/1149
f 1538/1786/1150 1552/1789/1150 1553/1792/1150
f 1531/1787/1151 1545/1791/1151 1546/1793/1151
f 1539/1788/1152 1553/1792/1152 1554/1794/1152
f 1532/1772/1153 1546/1793/1153 1547/1795/1153
f 1540/1774/1154 1554/1794/1154 1555/1796/1154
f 1533/1773/1155 1547/1795/1155 1548/1797/1155
f 1541/1775/1156 1555/1796/1156 1556/1798/1156
f 1534/1776/1157 1548/1797/1157 1549/1799/1157
f 1542/1777/1158 1556/1798/1158 1557/1800/1158
f 1535/1778/1159 1549/1799/1159 1550/1789/1159
f 1543/1779/1160 1557/1800/1160 1558/1801/1160
f 1536/1780/1161 1550/1789/1161 1551/1789/1161
f 1529/1782/1162 1528/1802/1162 1544/1790/1162
f 1754/1803/1163 1543/1779/1163 1558/1801/1163
f 1556/1798/1164 1570/1804/1164 1571/1805/1164
f 1549/1799/1165 1563/1806/1165 1564/1807/1165
f 1557/1800/1166 1571/1805/1166 1572/1808/1166
f 1550/1789/1167 1564/1807/1167 1565/1789/1167
f 1558/1801/1168 1572/1808/1168 1573/1809/1168
f 1551/1789/1169 1565/1789/1169 1566/1789/1169
f 1544/1790/1170 1528/1810/1170 1559/1811/1170
f 1754/1812/1171 1558/1801/1171 1573/1809/1171
f 1552/1789/1172 1566/1789/1172 1567/1789/1172
f 1545/1791/1173 1559/1811/1173 1560/1813/1173
f 1553/1792/1174 1567/1789/1174 1568/1814/1174
f 1546/1793/1175 1560/1813/1175 1561/1815/1175
f 1554/1794/1176 1568/1814/1176 1569/1816/1176
f 1547/1795/1177 1561/1815/1177 1562/1817/1177
f 1555/1796/1178 1569/1816/1178 1570/1804/1178
f 1548/1797/1179 1562/1817/1179 1563/1806/1179
f 1567/1789/1180 1583/1818/1180 1568/1814/1180
f 1560/1813/1181 1576/1819/1181 1561/1815/1181
f 1568/1814/1182 1584/1820/1182 1569/1816/1182
f 1561/1815/1183 1577/1821/1183 1562/1817/1183
f 1569/1816/1184 1585/1822/1184 1570/1804/1184
f 1562/1817/1185 1578/1823/1185 1563/1806/1185
f 1570/1804/1186 1586/1824/1186 1571/1805/1186
f 1563/1806/1187 1579/1825/1187 1564/1807/1187
f 1571/1805/1188 1587/1826/1188 1572/1808/1188
f 1564/1807/1189 1580/1789/1189 1565/1789/1189
f 1572/1808/1190 1588/1827/1190 1573/1809/1190
f 1565/1789/1191 1581/1789/1191 1566/1789/1191
f 1559/1811/1192 1528/1828/1192 1574/1829/1192
f 1754/1830/1193 1573/1809/1193 1588/1827/1193
f 1566/1789/1194 1582/1789/1194 1567/1789/1194
f 1559/1811/1195 1575/1831/1195 1560/1813/1195
f 1586/1824/1196 1602/1832/1196 1587/1826/1196
f 1579/1825/1197 1595/1833/1197 1580/1789/1197
f 1587/1826/1198 1603/1834/1198 1588/1827/1198
f 1580/1789/1199 1596/1835/1199 1581/1789/1199
f 1574/1829/1200 1528/1836/1200 1589/1837/1200
f 1754/1838/1201 1588/1827/1201 1603/1834/1201
f 1581/1789/1202 1597/1839/1202 1582/1789/1202
f 1574/1829/1203 1590/1840/1203 1575/1831/1203
f 1582/1789/1204 1598/1841/1204 1583/1818/1204
f 1575/1831/1205 1591/1842/1205 1576/1819/1205
f 1583/1818/1206 1599/1843/1206 1584/1820/1206
f 1576/1819/1207 1592/1844/1207 1577/1821/1207
f 1584/1820/1208 1600/1845/1208 1585/1822/1208
f 1577/1821/1209 1593/1846/1209 1578/1823/1209
f 1585/1822/1210 1601/1847/1210 1586/1824/1210
f 1578/1823/1211 1594/1848/1211 1579/1825/1211
f 1590/1840/1212 1606/1849/1212 1591/1842/1212
f 1598/1841/1213 1614/1850/1213 1599/1843/1213
f 1591/1842/1214 1607/1851/1214 1592/1844/1214
f 1599/1843/1215 1615/1852/1215 1600/1845/1215
f 1592/1844/1216 1608/1853/1216 1593/1846/1216
f 1600/1845/1217 1616/1854/1217 1601/1847/1217
f 1593/1846/1218 1609/1855/1218 1594/1848/1218
f 1601/1847/1219 1617/1856/1219 1602/1832/1219
f 1594/1848/1220 1610/1857/1220 1595/1833/1220
f 1602/1832/1221 1618/1858/1221 1603/1834/1221
f 1595/1833/1222 1611/1859/1222 1596/1835/1222
f 1589/1837/1223 1528/1860/1223 1604/1861/1223
f 1754/1862/1224 1603/1834/1224 1618/1858/1224
f 1596/1835/1225 1612/1863/1225 1597/1839/1225
f 1589/1837/1226 1605/1864/1226 1590/1840/1226
f 1597/1839/1227 1613/1865/1227 1598/1841/1227
f 1609/1855/1228 1625/1866/1228 1610/1857/1228
f 1617/1856/1229 1633/1867/1229 1618/1858/1229
f 1610/1857/1230 1626/1868/1230 1611/1859/1230
f 1604/1861/1231 1528/1869/1231 1619/1870/1231
f 1754/1871/1232 1618/1858/1232 1633/1867/1232
f 1611/1859/1233 1627/1872/1233 1612/1863/1233
f 1604/1861/1234 1620/1873/1234 1605/1864/1234
f 1612/1863/1235 1628/1874/1235 1613/1865/1235
f 1605/1864/1236 1621/1875/1236 1606/1849/1236
f 1613/1865/1237 1629/1876/1237 1614/1850/1237
f 1606/1849/1238 1622/1877/1238 1607/1851/1238
f 1614/1850/1239 1630/1878/1239 1615/1852/1239
f 1607/1851/1240 1623/1879/1240 1608/1853/1240
f 1615/1852/1241 1631/1880/1241 1616/1854/1241
f 1608/1853/1242 1624/1881/1242 1609/1855/1242
f 1616/1854/1243 1632/1882/1243 1617/1856/1243
f 1628/1874/1244 1644/1883/1244 1629/1876/1244
f 1621/1875/1245 1637/1884/1245 1622/1877/1245
f 1629/1876/1246 1645/1885/1246 1630/1878/1246
f 1622/1877/1247 1638/1886/1247 1623/1879/1247
f 1630/1878/1248 1646/1887/1248 1631/1880/1248
f 1623/1879/1249 1639/1888/1249 1624/1881/1249
f 1631/1880/1250 1647/1889/1250 1632/1882/1250
f 1624/1881/1251 1640/1890/1251 1625/1866/1251
f 1632/1882/1252 1648/1891/1252 1633/1867/1252
f 1625/1866/1253 1641/1892/1253 1626/1868/1253
f 1619/1870/1254 1528/1893/1254 1634/1894/1254
f 1754/1895/1255 1633/1867/1255 1648/1891/1255
f 1626/1868/1256 1642/1896/1256 1627/1872/1256
f 1619/1870/1257 1635/1897/1257 1620/1873/1257
f 1627/1872/1258 1643/1898/1258 1628/1874/1258
f 1620/1873/1259 1636/1899/1259 1621/1875/1259
f 1647/1889/1260 1663/1900/1260 1648/1891/1260
f 1640/1890/1261 1656/1901/1261 1641/1892/1261
f 1634/1894/1262 1528/1902/1262 1649/1903/1262
f 1754/1904/1263 1648/1891/1263 1663/1900/1263
f 1641/1892/1264 1657/1905/1264 1642/1896/1264
f 1634/1894/1265 1650/1906/1265 1635/1897/1265
f 1642/1896/1266 1658/1907/1266 1643/1898/1266
f 1635/1897/1267 1651/1908/1267 1636/1899/1267
f 1643/1898/1268 1659/1909/1268 1644/1883/1268
f 1636/1899/1269 1652/1910/1269 1637/1884/1269
f 1644/1883/1270 1660/1911/1270 1645/1885/1270
f 1637/1884/1271 1653/1912/1271 1638/1886/1271
f 1645/1885/1272 1661/1913/1272 1646/1887/1272
f 1638/1886/1273 1654/1914/1273 1639/1888/1273
f 1646/1887/1274 1662/1915/1274 1647/1889/1274
f 1639/1888/1275 1655/1916/1275 1640/1890/1275
f 1651/1908/1276 1667/1917/1276 1652/1910/1276
f 1659/1909/1277 1675/1918/1277 1660/1911/1277
f 1652/1910/1278 1668/1919/1278 1653/1912/1278
f 1660/1911/1279 1676/1920/1279 1661/1913/1279
f 1653/1912/1280 1669/1921/1280 1654/1914/1280
f 1661/1913/1281 1677/1922/1281 1662/1915/1281
f 1654/1914/1282 1670/1923/1282 1655/1916/1282
f 1662/1915/1283 1678/1924/1283 1663/1900/1283
f 1655/1916/1284 1671/1925/1284 1656/1901/1284
f 1649/1903/1285 1528/1926/1285 1664/1927/1285
f 1754/1928/1286 1663/1900/1286 1678/1924/1286
f 1656/1901/1287 1672/1929/1287 1657/1905/1287
f 1649/1903/1288 1665/1930/1288 1650/1906/1288
f 1657/1905/1289 1673/1931/1289 1658/1907/1289
f 1650/1906/1290 1666/1932/1290 1651/1908/1290
f 1658/1907/1291 1674/1933/1291 1659/1909/1291
f 1670/1923/1292 1686/1934/1292 1671/1925/1292
f 1664/1927/1293 1528/1935/1293 1679/1936/1293
f 1754/1937/1294 1678/1924/1294 1693/1938/1294
f 1671/1925/1295 1687/1939/1295 1672/1929/1295
f 1664/1927/1296 1680/1940/1296 1665/1930/1296
f 1672/1929/1297 1688/1941/1297 1673/1931/1297
f 1665/1930/1298 1681/1942/1298 1666/1932/1298
f 1673/1931/1299 1689/1943/1299 1674/1933/1299
f 1666/1932/1300 1682/1944/1300 1667/1917/1300
f 1674/1933/1301 1690/1945/1301 1675/1918/1301
f 1667/1917/1302 1683/1946/1302 1668/1919/1302
f 1675/1918/1303 1691/1947/1303 1676/1920/1303
f 1668/1919/1304 1684/1948/1304 1669/1921/1304
f 1676/1920/1305 1692/1949/1305 1677/1922/1305
f 1669/1921/1306 1685/1950/1306 1670/1923/1306
f 1677/1922/1307 1693/1938/1307 1678/1924/1307
f 1689/1943/1308 1705/1951/1308 1690/1945/1308
f 1682/1944/1309 1698/1952/1309 1683/1946/1309
f 1690/1945/1310 1706/1953/1310 1691/1947/1310
f 1683/1946/1311 1699/1954/1311 1684/1948/1311
f 1691/1947/1312 1707/1955/1312 1692/1949/1312
f 1684/1948/1313 1700/1956/1313 1685/1950/1313
f 1692/1949/1314 1708/1957/1314 1693/1938/1314
f 1685/1950/1315 1701/1958/1315 1686/1934/1315
f 1679/1936/1316 1528/1959/1316 1694/1960/1316
f 1754/1961/1317 1693/1938/1317 1708/1957/1317
f 1686/1934/1318 1702/1962/1318 1687/1939/1318
f 1679/1936/1319 1695/1963/1319 1680/1940/1319
f 1687/1939/1320 1703/1964/1320 1688/1941/1320
f 1680/1940/1321 1696/1965/1321 1681/1942/1321
f 1688/1941/1322 1704/1966/1322 1689/1943/1322
f 1681/1942/1323 1697/1967/1323 1682/1944/1323
f 1754/1968/1324 1708/1957/1324 1723/1969/1324
f 1701/1958/1325 1717/1970/1325 1702/1962/1325
f 1694/1960/1326 1710/1971/1326 1695/1963/1326
f 1702/1962/1327 1718/1972/1327 1703/1964/1327
f 1695/1963/1328 1711/1973/1328 1696/1965/1328
f 1703/1964/1329 1719/1974/1329 1704/1966/1329
f 1696/1965/1330 1712/1975/1330 1697/1967/1330
f 1704/1966/1331 1720/1976/1331 1705/1951/1331
f 1697/1967/1332 1713/1977/1332 1698/1952/1332
f 1705/1951/1333 1721/1978/1333 1706/1953/1333
f 1698/1952/1334 1714/1979/1334 1699/1954/1334
f 1706/1953/1335 1722/1980/1335 1707/1955/1335
f 1699/1954/1336 1715/1981/1336 1700/1956/1336
f 1707/1955/1337 1723/1969/1337 1708/1957/1337
f 1700/1956/1338 1716/1982/1338 1701/1958/1338
f 1694/1960/1339 1528/1983/1339 1709/1984/1339
f 1720/1976/1340 1736/1985/1340 1721/1978/1340
f 1713/1977/1341 1729/1986/1341 1714/1979/1341
f 1721/1978/1342 1737/1987/1342 1722/1980/1342
f 1714/1979/1343 1730/1988/1343 1715/1981/1343
f 1722/1980/1344 1738/1989/1344 1723/1969/1344
f 1715/1981/1345 1731/1990/1345 1716/1982/1345
f 1709/1984/1346 1528/1991/1346 1724/1992/1346
f 1754/1993/1347 1723/1969/1347 1738/1989/1347
f 1716/1982/1348 1732/1994/1348 1717/1970/1348
f 1709/1984/1349 1725/1995/1349 1710/1971/1349
f 1717/1970/1350 1733/1996/1350 1718/1972/1350
f 1710/1971/1351 1726/1997/1351 1711/1973/1351
f 1718/1972/1352 1734/1998/1352 1719/1974/1352
f 1711/1973/1353 1727/1999/1353 1712/1975/1353
f 1719/1974/1354 1735/2000/1354 1720/1976/1354
f 1712/1975/1355 1728/2001/1355 1713/1977/1355
f 1724/1992/1356 1740/2002/1356 1725/1995/1356
f 1732/1994/1357 1748/2003/1357 1733/1996/1357
f 1725/1995/1358 1741/2004/1358 1726/1997/1358
f 1733/1996/1359 1749/2005/1359 1734/1998/1359
f 1726/1997/1360 1742/2006/1360 1727/1999/1360
f 1734/1998/1361 1750/2007/1361 1735/2000/1361
f 1727/1999/1362 1743/2008/1362 1728/2001/1362
f 1735/2000/1363 1751/2009/1363 1736/1985/1363
f 1728/2001/1364 1744/2010/1364 1729/1986/1364
f 1736/1985/1365 1752/2011/1365 1737/1987/1365
f 1729/1986/1366 1745/2012/1366 1730/1988/1366
f 1737/1987/1367 1753/2013/1367 1738/1989/1367
f 1730/1988/1368 1746/2014/1368 1731/1990/1368
f 1724/1992/1369 1528/2015/1369 1739/2016/1369
f 1754/2017/1370 1738/1989/1370 1753/2013/1370
f 1731/1990/1371 1747/2018/1371 1732/1994/1371
f 1743/2008/1372 1760/2019/1372 1744/2010/1372
f 1751/2009/1373 1768/2020/1373 1752/2011/1373
f 1744/2010/1374 1761/2021/1374 1745/2012/1374
f 1752/2011/1375 1769/2022/1375 1753/2013/1375
f 1745/2012/1376 1762/2023/1376 1746/2014/1376
f 1739/2016/1377 1528/2024/1377 1755/2025/1377
f 1754/2026/1378 1753/2013/1378 1769/2022/1378
f 1746/2014/1379 1763/2027/1379 1747/2018/1379
f 1739/2016/1380 1756/2028/1380 1740/2002/1380
f 1747/2018/1381 1764/2029/1381 1748/2003/1381
f 1740/2002/1382 1757/2030/1382 1741/2004/1382
f 1748/2003/1383 1765/2031/1383 1749/2005/1383
f 1741/2004/1384 1758/2032/1384 1742/2006/1384
f 1749/2005/1385 1766/2033/1385 1750/2007/1385
f 1742/2006/1386 1759/2034/1386 1743/2008/1386
f 1750/2007/1387 1767/2035/1387 1751/2009/1387
f 1763/2027/1388 1779/2036/1388 1764/2029/1388
f 1756/2028/1389 1772/2037/1389 1757/2030/1389
f 1764/2029/1390 1780/2038/1390 1765/2031/1390
f 1757/2030/1391 1773/2039/1391 1758/2032/1391
f 1765/2031/1392 1781/2040/1392 1766/2033/1392
f 1758/2032/1393 1774/2041/1393 1759/2034/1393
f 1766/2033/1394 1782/2042/1394 1767/2035/1394
f 1759/2034/1395 1775/2043/1395 1760/2019/1395
f 1767/2035/1396 1783/2044/1396 1768/2020/1396
f 1760/2019/1397 1776/2045/1397 1761/2021/1397
f 1768/2020/1398 1784/2046/1398 1769/2022/1398
f 1761/2021/1399 1777/2047/1399 1762/2023/1399
f 1755/2025/1400 1528/2048/1400 1770/2049/1400
f 1754/2050/1401 1769/2022/1401 1784/2046/1401
f 1762/2023/1402 1778/2051/1402 1763/2027/1402
f 1755/2025/1403 1771/2052/1403 1756/2028/1403
f 1782/2042/1404 1798/2053/1404 1783/2044/1404
f 1775/2043/1405 1791/2054/1405 1776/2045/1405
f 1783/2044/1406 1799/2055/1406 1784/2046/1406
f 1776/2045/1407 1792/2056/1407 1777/2047/1407
f 1770/2049/1408 1528/2057/1408 1785/2058/1408
f 1754/2059/1409 1784/2046/1409 1799/2055/1409
f 1777/2047/1410 1793/2060/1410 1778/2051/1410
f 1770/2049/1411 1786/2061/1411 1771/2052/1411
f 1778/2051/1412 1794/2062/1412 1779/2036/1412
f 1771/2052/1413 1787/2063/1413 1772/2037/1413
f 1779/2036/1414 1795/2064/1414 1780/2038/1414
f 1772/2037/1415 1788/2065/1415 1773/2039/1415
f 1780/2038/1416 1796/2066/1416 1781/2040/1416
f 1773/2039/1417 1789/2067/1417 1774/2041/1417
f 1781/2040/1418 1797/2068/1418 1782/2042/1418
f 1774/2041/1419 1790/2069/1419 1775/2043/1419
f 1786/2061/1420 1802/2070/1420 1787/2063/1420
f 1794/2062/1421 1810/2071/1421 1795/2064/1421
f 1787/2063/1422 1803/2072/1422 1788/2065/1422
f 1795/2064/1423 1811/2073/1423 1796/2066/1423
f 1788/2065/1424 1804/2074/1424 1789/2067/1424
f 1796/2066/1425 1812/2075/1425 1797/2068/1425
f 1789/2067/1426 1805/2076/1426 1790/2069/1426
f 1797/2068/1427 1813/2077/1427 1798/2053/1427
f 1790/2069/1428 1806/2078/1428 1791/2054/1428
f 1798/2053/1429 1814/2079/1429 1799/2055/1429
f 1791/2054/1430 1807/2080/1430 1792/2056/1430
f 1785/2058/1431 1528/2081/1431 1800/2082/1431
f 1754/2083/1432 1799/2055/1432 1814/2079/1432
f 1792/2056/1433 1808/2084/1433 1793/2060/1433
f 1785/2058/1434 1801/2085/1434 1786/2061/1434
f 1793/2060/1435 1809/2086/1435 1794/2062/1435
f 1806/2087/1436 1820/2088/1436 1821/2089/1436
f 1814/2090/1437 1828/2091/1437 1829/2092/1437
f 1807/2093/1438 1821/2089/1438 1822/2094/1438
f 1800/2095/1439 1528/2096/1439 1815/2097/1439
f 1754/2098/1440 1814/2090/1440 1829/2092/1440
f 1808/2099/1441 1822/2094/1441 1823/2100/1441
f 1801/2101/1442 1815/2097/1442 1816/2102/1442
f 1809/2103/1443 1823/2100/1443 1824/2104/1443
f 1802/2105/1444 1816/2102/1444 1817/2106/1444
f 1810/2107/1445 1824/2104/1445 1825/2108/1445
f 1803/2109/1446 1817/2106/1446 1818/2110/1446
f 1811/2111/1447 1825/2108/1447 1826/2112/1447
f 1804/2113/1448 1818/2110/1448 1819/2114/1448
f 1812/2115/1449 1826/2112/1449 1827/2116/1449
f 1805/2117/1450 1819/2114/1450 1820/2088/1450
f 1813/2118/1451 1827/2116/1451 1828/2091/1451
f 1825/2108/1452 1839/2119/1452 1840/2120/1452
f 1818/2110/1453 1832/2121/1453 1833/2122/1453
f 1826/2112/1454 1840/2120/1454 1841/2123/1454
f 1819/2114/1455 1833/2122/1455 1834/2124/1455
f 1827/2116/1456 1841/2123/1456 1842/2125/1456
f 1820/2088/1457 1834/2124/1457 1835/2126/1457
f 1828/2091/1458 1842/2125/1458 1843/2127/1458
f 1821/2089/1459 1835/2126/1459 1836/2128/1459
f 1829/2092/1460 1843/2127/1460 1844/2129/1460
f 1822/2094/1461 1836/2128/1461 1837/2130/1461
f 1815/2097/1462 1528/2131/1462 1830/2132/1462
f 1754/2133/1463 1829/2092/1463 1844/2129/1463
f 1823/2100/1464 1837/2130/1464 1838/2134/1464
f 1816/2102/1465 1830/2132/1465 1831/2135/1465
f 1824/2104/1466 1838/2134/1466 1839/2119/1466
f 1817/2106/1467 1831/2135/1467 1832/2121/1467
f 1844/2129/1468 1858/2136/1468 1859/2137/1468
f 1837/2130/1469 1851/2138/1469 1852/2139/1469
f 1830/2132/1470 1528/2140/1470 1845/2141/1470
f 1754/2142/1471 1844/2129/1471 1859/2137/1471
f 1838/2134/1472 1852/2139/1472 1853/2143/1472
f 1831/2135/1473 1845/2141/1473 1846/2144/1473
f 1839/2119/1474 1853/2143/1474 1854/2145/1474
f 1832/2121/1475 1846/2144/1475 1847/2146/1475
f 1840/2120/1476 1854/2145/1476 1855/2147/1476
f 1833/2122/1477 1847/2146/1477 1848/2148/1477
f 1841/2123/1478 1855/2147/1478 1856/2149/1478
f 1834/2124/1479 1848/2148/1479 1849/2150/1479
f 1842/2125/1480 1856/2149/1480 1857/2151/1480
f 1835/2126/1481 1849/2150/1481 1850/2152/1481
f 1843/2127/1482 1857/2151/1482 1858/2136/1482
f 1836/2128/1483 1850/2152/1483 1851/2138/1483
f 1856/2149/1484 1870/2153/1484 1871/2154/1484
f 1849/2150/1485 1863/2155/1485 1864/2156/1485
f 1857/2151/1486 1871/2154/1486 1872/2157/1486
f 1850/2152/1487 1864/2156/1487 1865/2158/1487
f 1858/2136/1488 1872/2157/1488 1873/2159/1488
f 1851/2138/1489 1865/2158/1489 1866/2160/1489
f 1859/2137/1490 1873/2159/1490 1874/2161/1490
f 1852/2139/1491 1866/2160/1491 1867/2162/1491
f 1845/2141/1492 1528/2163/1492 1860/2164/1492
f 1754/2165/1493 1859/2137/1493 1874/2161/1493
f 1853/2143/1494 1867/2162/1494 1868/2166/1494
f 1846/2144/1495 1860/2164/1495 1861/2167/1495
f 1854/2145/1496 1868/2166/1496 1869/2168/1496
f 1847/2146/1497 1861/2167/1497 1862/2169/1497
f 1855/2147/1498 1869/2168/1498 1870/2153/1498
f 1848/2148/1499 1862/2169/1499 1863/2155/1499
f 1860/2164/1500 1528/2170/1500 1875/2171/1500
f 1754/2172/1501 1874/2161/1501 1889/2173/1501
f 1868/2166/1502 1882/2174/1502 1883/2175/1502
f 1861/2167/1503 1875/2171/1503 1876/2176/1503
f 1869/2168/1504 1883/2175/1504 1884/2177/1504
f 1862/2169/1505 1876/2176/1505 1877/2178/1505
f 1870/2153/1506 1884/2177/1506 1885/2179/1506
f 1863/2155/1507 1877/2178/1507 1878/2180/1507
f 1871/2154/1508 1885/2179/1508 1886/2181/1508
f 1864/2156/1509 1878/2180/1509 1879/2182/1509
f 1872/2157/1510 1886/2181/1510 1887/2183/1510
f 1865/2158/1511 1879/2182/1511 1880/2184/1511
f 1873/2159/1512 1887/2183/1512 1888/2185/1512
f 1866/2160/1513 1880/2184/1513 1881/2186/1513
f 1874/2161/1514 1888/2185/1514 1889/2173/1514
f 1867/2162/1515 1881/2186/1515 1882/2174/1515
f 1879/2182/1516 1893/2187/1516 1894/2188/1516
f 1887/2183/1517 1901/2189/1517 1902/2190/1517
f 1880/2184/1518 1894/2188/1518 1895/2191/1518
f 1888/2185/1519 1902/2190/1519 1903/2192/1519
f 1881/2186/1520 1895/2191/1520 1896/2193/1520
f 1889/2173/1521 1903/2192/1521 1904/2194/1521
f 1882/2174/1522 1896/2193/1522 1897/2195/1522
f 1875/2171/1523 1528/2196/1523 1890/2197/1523
f 1754/2198/1524 1889/2173/1524 1904/2194/1524
f 1883/2175/1525 1897/2195/1525 1898/2199/1525
f 1876/2176/1526 1890/2197/1526 1891/2200/1526
f 1884/2177/1527 1898/2199/1527 1899/2201/1527
f 1877/2178/1528 1891/2200/1528 1892/2202/1528
f 1885/2179/1529 1899/2201/1529 1900/2203/1529
f 1878/2180/1530 1892/2202/1530 1893/2187/1530
f 1886/2181/1531 1900/2203/1531 1901/2189/1531
f 1898/2199/1532 1912/2204/1532 1913/2205/1532
f 1891/2200/1533 1905/2206/1533 1906/2207/1533
f 1899/2201/1534 1913/2205/1534 1914/2208/1534
f 1892/2202/1535 1906/2207/1535 1907/2209/1535
f 1900/2203/1536 1914/2208/1536 1915/2210/1536
f 1893/2187/1537 1907/2209/1537 1908/2211/1537
f 1901/2189/1538 1915/2210/1538 1916/2212/1538
f 1894/2188/1539 1908/2211/1539 1909/2213/1539
f 1902/2190/1540 1916/2212/1540 1917/2214/1540
f 1895/2191/1541 1909/2213/1541 1910/2215/1541
f 1903/2192/1542 1917/2214/1542 1918/2216/1542
f 1896/2193/1543 1910/2215/1543 1911/2217/1543
f 1904/2194/1544 1918/2216/1544 1919/2218/1544
f 1897/2195/1545 1911/2217/1545 1912/2204/1545
f 1890/2197/1546 1528/2219/1546 1905/2206/1546
f 1754/2220/1547 1904/2194/1547 1919/2218/1547
f 1917/2214/1548 1925/1703/1548 1926/1675/1548
f 1910/2215/1549 1448/1672/1549 1923/1678/1549
f 1918/2216/1550 1926/1675/1550 1927/1680/1550
f 1911/2217/1551 1923/1678/1551 1449/1682/1551
f 1919/2218/1552 1927/1680/1552 1928/1684/1552
f 1912/2204/1553 1449/1682/1553 1450/1686/1553
f 1905/2206/1554 1528/2221/1554 1920/1688/1554
f 1754/2222/1555 1919/2218/1555 1928/1684/1555
f 1913/2205/1556 1450/1686/1556 1451/1692/1556
f 1906/2207/1557 1920/1688/1557 1921/1694/1557
f 1914/2208/1558 1451/1692/1558 1924/1696/1558
f 1907/2209/1559 1921/1694/1559 1447/1698/1559
f 1915/2210/1560 1924/1696/1560 1452/1700/1560
f 1908/2211/1561 1447/1698/1561 1922/1702/1561
f 1916/2212/1562 1452/1700/1562 1925/1703/1562
f 1909/2213/1563 1922/1702/1563 1448/1672/1563
f 476/1/1 10/31/1 11/2/1
f 479/4/2 18/32/2 19/5/2
f 477/7/3 2/3/3 11/2/3
f 480/6/4 19/5/4 20/9/4
f 3/11/5 477/7/5 12/8/5
f 481/10/6 20/9/6 21/13/6
f 3/11/7 13/12/7 14/15/7
f 4/16/10 14/15/10 15/21/10
f 475/23/11 474/17/11 7/19/11
f 5/22/12 15/21/12 16/25/12
f 1/27/13 475/23/13 8/24/13
f 478/26/14 16/25/14 17/29/14
f 476/1/15 1/27/15 9/28/15
f 479/4/16 6/30/16 17/29/16
f 9/28/17 24/49/17 25/33/17
f 18/32/18 17/29/18 32/34/18
f 10/31/19 25/33/19 26/36/19
f 19/5/20 18/32/20 33/35/20
f 11/2/21 26/36/21 27/38/21
f 20/9/22 19/5/22 34/37/22
f 13/12/23 12/8/23 27/38/23
f 20/9/24 35/39/24 36/41/24
f 13/12/25 28/40/25 29/42/25
f 14/15/28 29/42/28 30/46/28
f 7/19/29 22/44/29 23/47/29
f 15/21/30 30/46/30 31/48/30
f 8/24/31 23/47/31 24/49/31
f 17/29/32 16/25/32 31/48/32
f 29/42/33 28/40/33 43/50/33
f 29/42/36 44/51/36 45/56/36
f 22/44/37 37/53/37 38/57/37
f 30/46/38 45/56/38 46/58/38
f 23/47/39 38/57/39 39/59/39
f 32/34/40 31/48/40 46/58/40
f 24/49/41 39/59/41 40/61/41
f 33/35/42 32/34/42 47/60/42
f 25/33/43 40/61/43 41/63/43
f 34/37/44 33/35/44 48/62/44
f 26/36/45 41/63/45 42/65/45
f 35/39/46 34/37/46 49/64/46
f 28/40/47 27/38/47 42/65/47
f 36/41/48 35/39/48 50/66/48
f 47/60/49 62/83/49 63/67/49
f 41/63/50 40/61/50 55/68/50
f 49/64/51 48/62/51 63/67/51
f 41/63/52 56/69/52 57/71/52
f 50/66/53 49/64/53 64/70/53
f 43/50/54 42/65/54 57/71/54
f 51/55/1564 50/66/1564 65/72/1564
f 44/51/56 43/50/56 58/73/56
f 44/51/59 59/75/59 60/79/59
f 37/53/60 52/77/60 53/80/60
f 45/56/61 60/79/61 61/81/61
f 38/57/62 53/80/62 54/82/62
f 47/60/63 46/58/63 61/81/63
f 39/59/64 54/82/64 55/68/64
f 59/75/67 74/100/67 75/88/67
f 53/80/68 52/77/68 67/85/68
f 60/79/69 75/88/69 76/90/69
f 54/82/70 53/80/70 68/89/70
f 62/83/71 61/81/71 76/90/71
f 54/82/72 69/91/72 70/93/72
f 62/83/73 77/92/73 78/94/73
f 56/69/74 55/68/74 70/93/74
f 64/70/75 63/67/75 78/94/75
f 56/69/76 71/95/76 72/97/76
f 64/70/77 79/96/77 80/98/77
f 58/73/78 57/71/78 72/97/78
f 65/72/79 80/98/79 81/87/79
f 59/75/80 58/73/80 73/99/80
f 71/95/81 70/93/81 86/101/81
f 79/96/82 78/94/82 94/103/82
f 71/95/83 87/102/83 88/105/83
f 80/98/1565 79/96/1565 95/104/1565
f 73/99/85 72/97/85 88/105/85
f 81/87/86 80/98/86 96/106/86
f 74/100/87 73/99/87 89/107/87
f 74/100/90 90/109/90 91/113/90
f 67/85/91 83/111/91 84/114/91
f 75/88/92 91/113/92 92/115/92
f 68/89/93 84/114/93 85/116/93
f 77/92/94 76/90/94 92/115/94
f 69/91/95 85/116/95 86/101/95
f 77/92/96 93/117/96 94/103/96
f 90/109/97 105/131/97 106/118/97
f 83/111/98 98/133/98 99/119/98
f 91/113/99 106/118/99 107/120/99
f 85/116/100 84/114/100 99/119/100
f 93/117/101 92/115/101 107/120/101
f 85/116/102 100/121/102 101/123/102
f 93/117/103 108/122/103 109/124/103
f 87/102/104 86/101/104 101/123/104
f 95/104/105 94/103/105 109/124/105
f 87/102/1566 102/125/1566 103/127/1566
f 95/104/107 110/126/107 111/128/107
f 89/107/108 88/105/108 103/127/108
f 96/106/109 111/128/109 112/130/109
f 90/109/110 89/107/110 104/129/110
f 110/126/113 109/124/113 124/135/113
f 102/125/1567 117/149/1567 118/137/1567
f 111/128/115 110/126/115 125/136/115
f 104/129/116 103/127/116 118/137/116
f 111/128/1568 126/138/1568 127/139/1568
f 105/131/1569 104/129/1569 119/131/1569
f 105/131/1570 120/131/1570 121/143/1570
f 98/133/122 113/141/122 114/144/122
f 106/118/1571 121/143/1571 122/145/1571
f 99/119/124 114/144/124 115/146/124
f 108/122/125 107/120/125 122/145/125
f 100/121/126 115/146/126 116/148/126
f 108/122/127 123/147/127 124/135/127
f 102/125/128 101/123/128 116/148/128
f 121/143/129 136/165/129 137/150/129
f 115/146/130 114/144/130 129/151/130
f 123/147/131 122/145/131 137/150/131
f 115/146/132 130/152/132 131/154/132
f 123/147/133 138/153/133 139/155/133
f 117/149/134 116/148/134 131/154/134
f 125/136/135 124/135/135 139/155/135
f 117/149/1572 132/156/1572 133/158/1572
f 125/136/137 140/157/137 141/159/137
f 119/131/138 118/137/138 133/158/138
f 126/138/139 141/159/139 142/161/139
f 120/131/140 119/131/140 134/160/140
f 120/131/143 135/131/143 136/165/143
f 114/144/144 113/141/144 128/163/144
f 141/159/145 140/157/145 155/166/145
f 134/160/146 133/158/146 148/168/146
f 141/159/147 156/167/147 157/170/147
f 135/131/148 134/160/148 149/169/148
f 135/131/151 150/171/151 151/175/151
f 128/163/152 143/173/152 144/176/152
f 136/165/153 151/175/153 152/177/153
f 129/151/154 144/176/154 145/178/154
f 138/153/155 137/150/155 152/177/155
f 130/152/156 145/178/156 146/180/156
f 138/153/157 153/179/157 154/181/157
f 132/156/158 131/154/158 146/180/158
f 140/157/159 139/155/159 154/181/159
f 132/156/1573 147/182/1573 148/168/1573
f 144/176/161 159/199/161 160/183/161
f 153/179/162 152/177/162 167/184/162
f 145/178/163 160/183/163 161/186/163
f 153/179/164 168/185/164 169/187/164
f 147/182/165 146/180/165 161/186/165
f 155/166/166 154/181/166 169/187/166
f 147/182/167 162/188/167 163/190/167
f 156/167/168 155/166/168 170/189/168
f 149/169/169 148/168/169 163/190/169
f 157/170/170 156/167/170 171/191/170
f 150/171/171 149/169/171 164/192/171
f 150/171/174 165/194/174 166/198/174
f 143/173/175 158/196/175 159/199/175
f 151/175/176 166/198/176 167/184/176
f 164/192/177 163/190/177 178/200/177
f 172/193/178 171/191/178 186/202/178
f 165/194/179 164/192/179 179/201/179
f 165/194/182 180/204/182 181/208/182
f 158/196/183 173/206/183 174/209/183
f 166/198/184 181/208/184 182/210/184
f 159/199/185 174/209/185 175/211/185
f 168/185/186 167/184/186 182/210/186
f 160/183/187 175/211/187 176/213/187
f 168/185/188 183/212/188 184/214/188
f 162/188/189 161/186/189 176/213/189
f 170/189/190 169/187/190 184/214/190
f 162/188/191 177/215/191 178/200/191
f 171/191/192 170/189/192 185/216/192
f 183/212/193 182/210/193 197/217/193
f 175/211/194 190/233/194 191/219/194
f 183/212/195 198/218/195 199/220/195
f 177/215/196 176/213/196 191/219/196
f 185/216/197 184/214/197 199/220/197
f 177/215/198 192/221/198 193/223/198
f 185/216/199 200/222/199 201/224/199
f 179/201/200 178/200/200 193/223/200
f 186/202/201 201/224/201 202/226/201
f 180/204/202 179/201/202 194/225/202
f 180/204/205 195/227/205 196/231/205
f 174/209/206 173/206/206 188/229/206
f 181/208/207 196/231/207 197/217/207
f 175/211/208 174/209/208 189/232/208
f 202/226/209 201/224/209 216/234/209
f 195/227/210 194/225/210 209/236/210
f 195/227/213 210/237/213 211/241/213
f 188/229/214 203/239/214 204/242/214
f 196/231/215 211/241/215 212/243/215
f 189/232/216 204/242/216 205/244/216
f 198/218/217 197/217/217 212/243/217
f 190/233/218 205/244/218 206/246/218
f 198/218/219 213/245/219 214/247/219
f 192/221/220 191/219/220 206/246/220
f 200/222/221 199/220/221 214/247/221
f 192/221/222 207/248/222 208/250/222
f 201/224/223 200/222/223 215/249/223
f 194/225/224 193/223/224 208/250/224
f 205/244/225 220/266/225 221/251/225
f 213/245/226 228/267/226 229/252/226
f 207/248/227 206/246/227 221/251/227
f 215/249/228 214/247/228 229/252/228
f 207/248/229 222/253/229 223/255/229
f 216/234/1574 215/249/1574 230/254/1574
f 209/236/231 208/250/231 223/255/231
f 217/235/232 216/234/232 231/256/232
f 210/237/233 209/236/233 224/257/233
f 210/237/236 225/259/236 226/263/236
f 203/239/237 218/261/237 219/264/237
f 211/241/238 226/263/238 227/265/238
f 204/242/239 219/264/239 220/266/239
f 213/245/240 212/243/240 227/265/240
f 225/259/241 224/257/241 239/268/241
f 225/259/244 240/269/244 241/274/244
f 219/264/245 218/261/245 233/271/245
f 226/263/246 241/274/246 242/276/246
f 219/264/247 234/275/247 235/277/247
f 228/267/248 227/265/248 242/276/248
f 220/266/249 235/277/249 236/279/249
f 228/267/250 243/278/250 244/280/250
f 222/253/251 221/251/251 236/279/251
f 230/254/252 229/252/252 244/280/252
f 222/253/253 237/281/253 238/283/253
f 231/256/254 230/254/254 245/282/254
f 224/257/255 223/255/255 238/283/255
f 231/256/256 246/284/256 247/273/256
f 243/278/257 258/301/257 259/285/257
f 237/281/258 236/279/258 251/286/258
f 245/282/259 244/280/259 259/285/259
f 237/281/260 252/287/260 253/289/260
f 245/282/261 260/288/261 261/290/261
f 239/268/262 238/283/262 253/289/262
f 246/284/263 261/290/263 262/292/263
f 240/269/264 239/268/264 254/291/264
f 240/269/267 255/293/267 256/297/267
f 234/275/268 233/271/268 248/295/268
f 241/274/269 256/297/269 257/299/269
f 235/277/270 234/275/270 249/298/270
f 243/278/271 242/276/271 257/299/271
f 235/277/272 250/300/272 251/286/272
f 255/293/274 270/317/274 271/304/274
f 249/298/275 248/295/275 263/305/275
f 256/297/276 271/304/276 272/307/276
f 249/298/277 264/306/277 265/308/277
f 258/301/278 257/299/278 272/307/278
f 250/300/279 265/308/279 266/310/279
f 258/301/280 273/309/280 274/311/280
f 252/287/281 251/286/281 266/310/281
f 260/288/282 259/285/282 274/311/282
f 252/287/283 267/312/283 268/314/283
f 261/290/284 260/288/284 275/313/284
f 254/291/285 253/289/285 268/314/285
f 261/290/286 276/315/286 277/303/286
f 255/293/287 254/291/287 269/316/287
f 275/313/289 274/311/289 289/319/289
f 267/312/290 282/335/290 283/321/290
f 275/313/291 290/320/291 291/322/291
f 269/316/292 268/314/292 283/321/292
f 276/315/293 291/322/293 292/324/293
f 270/317/294 269/316/294 284/323/294
f 270/317/297 285/325/297 286/329/297
f 263/305/298 278/327/298 279/330/298
f 271/304/299 286/329/299 287/331/299
f 264/306/300 279/330/300 280/332/300
f 273/309/301 272/307/301 287/331/301
f 265/308/302 280/332/302 281/334/302
f 273/309/303 288/333/303 289/319/303
f 267/312/304 266/310/304 281/334/304
f 278/327/305 293/350/305 294/336/305
f 286/329/306 301/352/306 302/337/306
f 280/332/307 279/330/307 294/336/307
f 288/333/308 287/331/308 302/337/308
f 280/332/309 295/338/309 296/340/309
f 288/333/310 303/339/310 304/341/310
f 282/335/311 281/334/311 296/340/311
f 290/320/312 289/319/312 304/341/312
f 282/335/313 297/342/313 298/344/313
f 290/320/314 305/343/314 306/345/314
f 284/323/315 283/321/315 298/344/315
f 292/324/316 291/322/316 306/345/316
f 285/325/317 284/323/317 299/346/317
f 285/325/320 300/348/320 301/352/320
f 297/342/321 313/368/321 314/353/321
f 305/343/322 321/369/322 322/354/322
f 299/346/323 298/344/323 314/353/323
f 306/345/324 322/354/324 323/356/324
f 300/348/325 299/346/325 315/355/325
f 300/348/328 316/357/328 317/361/328
f 294/336/329 293/350/329 309/359/329
f 301/352/330 317/361/330 318/363/330
f 295/338/331 294/336/331 310/362/331
f 303/339/332 302/337/332 318/363/332
f 295/338/333 311/364/333 312/366/333
f 303/339/334 319/365/334 320/367/334
f 297/342/335 296/340/335 312/366/335
f 305/343/336 304/341/336 320/367/336
f 317/361/337 332/385/337 333/370/337
f 310/362/1575 325/386/1575 326/371/1575
f 319/365/339 318/363/339 333/370/339
f 311/364/340 326/371/340 327/373/340
f 319/365/341 334/372/341 335/374/341
f 313/368/342 312/366/342 327/373/342
f 321/369/343 320/367/343 335/374/343
f 313/368/344 328/375/344 329/377/344
f 321/369/345 336/376/345 337/378/345
f 315/355/346 314/353/346 329/377/346
f 323/356/347 322/354/347 337/378/347
f 316/357/348 315/355/348 330/379/348
f 316/357/351 331/381/351 332/385/351
f 309/359/352 324/383/352 325/386/352
f 336/376/1576 351/403/1576 352/387/1576
f 330/379/354 329/377/354 344/388/354
f 338/380/355 337/378/355 352/387/355
f 331/381/356 330/379/356 345/389/356
f 331/381/359 346/391/359 347/395/359
f 324/383/360 339/393/360 340/396/360
f 332/385/361 347/395/361 348/397/361
f 326/371/362 325/386/362 340/396/362
f 334/372/1577 333/370/1577 348/397/1577
f 326/371/364 341/398/364 342/400/364
f 334/372/365 349/399/365 350/401/365
f 328/375/366 327/373/366 342/400/366
f 336/376/367 335/374/367 350/401/367
f 328/375/1578 343/402/1578 344/388/1578
f 341/398/369 340/396/369 355/404/369
f 349/399/1579 348/397/1579 363/406/1579
f 341/398/371 356/405/371 357/408/371
f 349/399/372 364/407/372 365/409/372
f 343/402/373 342/400/373 357/408/373
f 351/403/374 350/401/374 365/409/374
f 343/402/375 358/410/375 359/412/375
f 351/403/376 366/411/376 367/413/376
f 345/389/377 344/388/377 359/412/377
f 353/390/1580 352/387/1580 367/413/1580
f 346/391/379 345/389/379 360/414/379
f 346/391/382 361/416/382 362/420/382
f 339/393/383 354/418/383 355/404/383
f 347/395/384 362/420/384 363/406/384
f 360/421/1581 359/451/1581 374/422/1581
f 367/424/1582 382/452/1582 383/425/1582
f 361/427/387 360/421/387 375/423/387
f 361/427/390 376/428/390 377/433/390
f 355/435/391 354/429/391 369/431/391
f 362/434/1583 377/433/1583 378/437/1583
f 356/439/393 355/435/393 370/436/393
f 364/441/394 363/438/394 378/437/394
f 356/439/395 371/440/395 372/443/395
f 364/441/396 379/442/396 380/445/396
f 358/447/397 357/444/397 372/443/397
f 366/449/398 365/446/398 380/445/398
f 358/447/399 373/448/399 374/422/399
f 366/449/400 381/450/400 382/452/400
f 379/442/1584 378/437/1584 393/453/1584
f 371/440/402 386/469/402 387/455/402
f 379/442/403 394/454/403 395/456/403
f 373/448/404 372/443/404 387/455/404
f 381/450/405 380/445/405 395/456/405
f 373/448/406 388/457/406 389/459/406
f 381/450/407 396/458/407 397/460/407
f 375/423/408 374/422/408 389/459/408
f 382/452/409 397/460/409 398/462/409
f 376/428/410 375/423/410 390/461/410
f 376/428/413 391/463/413 392/467/413
f 370/436/414 369/431/414 384/465/414
f 377/433/415 392/467/415 393/453/415
f 371/440/416 370/436/416 385/468/416
f 398/462/417 397/460/417 412/470/417
f 391/463/418 390/461/418 405/472/418
f 391/463/421 406/473/421 407/477/421
f 384/465/422 399/475/422 400/478/422
f 392/467/423 407/477/423 408/479/423
f 386/469/424 385/468/424 400/478/424
f 394/454/425 393/453/425 408/479/425
f 386/469/426 401/480/426 402/482/426
f 394/454/427 409/481/427 410/483/427
f 388/457/428 387/455/428 402/482/428
f 396/458/429 395/456/429 410/483/429
f 388/457/430 403/484/430 404/486/430
f 396/458/431 411/485/431 412/470/431
f 390/461/432 389/459/432 404/486/432
f 409/481/433 424/503/433 425/487/433
f 403/484/434 402/482/434 417/488/434
f 411/485/435 410/483/435 425/487/435
f 403/484/436 418/489/436 419/491/436
f 411/485/437 426/490/437 427/492/437
f 405/472/438 404/486/438 419/491/438
f 412/470/1585 427/492/1585 428/494/1585
f 406/473/440 405/472/440 420/493/440
f 406/473/443 421/495/443 422/499/443
f 399/475/444 414/497/444 415/500/444
f 407/477/445 422/499/445 423/501/445
f 401/480/446 400/478/446 415/500/446
f 409/481/447 408/479/447 423/501/447
f 401/480/448 416/502/448 417/488/448
f 421/495/451 436/520/451 437/508/451
f 414/497/452 429/505/452 430/509/452
f 422/499/453 437/508/453 438/510/453
f 416/502/454 415/500/454 430/509/454
f 424/503/455 423/501/455 438/510/455
f 416/502/456 431/511/456 432/513/456
f 424/503/457 439/512/457 440/514/457
f 418/489/458 417/488/458 432/513/458
f 426/490/459 425/487/459 440/514/459
f 418/489/460 433/515/460 434/517/460
f 426/490/461 441/516/461 442/518/461
f 420/493/462 419/491/462 434/517/462
f 428/494/463 427/492/463 442/518/463
f 421/495/464 420/493/464 435/519/464
f 433/515/465 432/513/465 447/521/465
f 441/516/466 440/514/466 455/523/466
f 433/515/467 448/522/467 449/525/467
f 441/516/468 456/524/468 457/526/468
f 435/519/469 434/517/469 449/525/469
f 442/518/470 457/526/470 458/528/470
f 436/520/471 435/519/471 450/527/471
f 436/520/474 451/529/474 452/533/474
f 430/509/475 429/505/475 444/531/475
f 437/508/476 452/533/476 453/535/476
f 431/511/477 430/509/477 445/534/477
f 439/512/478 438/510/478 453/535/478
f 431/511/479 446/536/479 447/521/479
f 439/512/480 454/537/480 455/523/480
f 451/529/481 466/551/481 467/538/481
f 444/531/482 459/553/482 460/539/482
f 452/533/483 467/538/483 468/540/483
f 446/536/1586 445/534/1586 460/539/1586
f 454/537/485 453/535/485 468/540/485
f 446/536/486 461/541/486 462/543/486
f 454/537/487 469/542/487 470/544/487
f 448/522/488 447/521/488 462/543/488
f 456/524/489 455/523/489 470/544/489
f 448/522/490 463/545/490 464/547/490
f 456/524/491 471/546/491 472/548/491
f 450/527/492 449/525/492 464/547/492
f 458/528/493 457/526/493 472/548/493
f 451/529/494 450/527/494 465/549/494
f 471/546/497 470/544/497 479/4/497
f 464/547/498 463/545/498 2/3/498
f 471/546/499 480/6/499 481/10/499
f 465/549/500 464/547/500 477/7/500
f 472/548/501 481/10/501 482/14/501
f 466/551/502 465/549/502 3/11/502
f 466/551/505 4/16/505 5/22/505
f 459/553/506 474/17/506 475/23/506
f 467/538/507 5/22/507 478/26/507
f 461/541/508 460/539/508 475/23/508
f 468/540/509 478/26/509 6/30/509
f 462/543/510 461/541/510 1/27/510
f 469/542/1587 6/30/1587 479/4/1587
f 463/545/512 462/543/512 476/1/512
f 484/557/513 958/587/513 492/558/513
f 961/560/514 500/588/514 501/561/514
f 959/563/515 484/557/515 493/559/515
f 962/562/516 501/561/516 502/565/516
f 485/567/517 959/563/517 494/564/517
f 963/566/518 502/565/518 503/569/518
f 486/571/519 485/567/519 495/568/519
f 486/571/522 496/572/522 497/577/522
f 957/579/523 956/573/523 489/575/523
f 487/578/524 497/577/524 498/581/524
f 483/583/525 957/579/525 490/580/525
f 960/582/526 498/581/526 499/585/526
f 958/587/527 483/583/527 491/584/527
f 488/586/528 499/585/528 500/588/528
f 492/558/529 491/584/529 506/589/529
f 499/585/530 514/605/530 515/591/530
f 493/559/531 492/558/531 507/590/531
f 500/588/532 515/591/532 516/593/532
f 494/564/533 493/559/533 508/592/533
f 501/561/534 516/593/534 517/595/534
f 495/568/535 494/564/535 509/594/535
f 502/565/536 517/595/536 518/597/536
f 496/572/537 495/568/537 510/596/537
f 496/572/540 511/598/540 512/602/540
f 490/580/541 489/575/541 504/600/541
f 497/577/542 512/602/542 513/604/542
f 491/584/543 490/580/543 505/603/543
f 498/581/544 513/604/544 514/605/544
f 511/598/545 510/596/545 525/606/545
f 511/598/548 526/607/548 527/612/548
f 505/603/549 504/600/549 519/609/549
f 512/602/550 527/612/550 528/614/550
f 506/589/551 505/603/551 520/613/551
f 513/604/552 528/614/552 529/616/552
f 507/590/553 506/589/553 521/615/553
f 514/605/554 529/616/554 530/618/554
f 508/592/555 507/590/555 522/617/555
f 515/591/556 530/618/556 531/620/556
f 509/594/557 508/592/557 523/619/557
f 516/593/558 531/620/558 532/622/558
f 510/596/559 509/594/559 524/621/559
f 517/595/560 532/622/560 533/611/560
f 529/616/561 544/639/561 545/623/561
f 523/619/562 522/617/562 537/624/562
f 530/618/563 545/623/563 546/626/563
f 524/621/564 523/619/564 538/625/564
f 531/620/565 546/626/565 547/628/565
f 525/606/566 524/621/566 539/627/566
f 532/622/567 547/628/567 548/630/567
f 526/607/568 525/606/568 540/629/568
f 526/607/571 541/631/571 542/635/571
f 520/613/572 519/609/572 534/633/572
f 527/612/573 542/635/573 543/637/573
f 521/615/574 520/613/574 535/636/574
f 528/614/575 543/637/575 544/639/575
f 522/617/576 521/615/576 536/638/576
f 541/631/579 556/656/579 557/644/579
f 535/636/580 534/633/580 549/641/580
f 542/635/581 557/644/581 558/646/581
f 536/638/582 535/636/582 550/645/582
f 543/637/583 558/646/583 559/648/583
f 537/624/584 536/638/584 551/647/584
f 544/639/585 559/648/585 560/650/585
f 538/625/586 537/624/586 552/649/586
f 545/623/587 560/650/587 561/652/587
f 539/627/1588 538/625/1588 553/651/1588
f 546/626/589 561/652/589 562/654/589
f 540/629/590 539/627/590 554/653/590
f 547/628/591 562/654/591 563/643/591
f 541/631/592 540/629/592 555/655/592
f 553/651/593 552/649/593 568/657/593
f 560/650/594 576/673/594 577/659/594
f 554/653/595 553/651/595 569/658/595
f 561/652/1589 577/659/1589 578/661/1589
f 555/655/597 554/653/597 570/660/597
f 562/654/598 578/661/598 579/663/598
f 556/656/599 555/655/599 571/662/599
f 556/656/602 572/664/602 573/668/602
f 550/645/603 549/641/603 565/666/603
f 557/644/604 573/668/604 574/670/604
f 551/647/605 550/645/605 566/669/605
f 558/646/606 574/670/606 575/672/606
f 552/649/607 551/647/607 567/671/607
f 559/648/608 575/672/608 576/673/608
f 572/664/609 587/688/609 588/674/609
f 566/669/610 565/666/610 580/675/610
f 573/668/611 588/674/611 589/677/611
f 567/671/612 566/669/612 581/676/612
f 574/670/613 589/677/613 590/679/613
f 568/657/614 567/671/614 582/678/614
f 575/672/615 590/679/615 591/681/615
f 569/658/616 568/657/616 583/680/616
f 576/673/617 591/681/617 592/683/617
f 570/660/618 569/658/618 584/682/618
f 577/659/619 592/683/619 593/685/619
f 571/662/620 570/660/620 585/684/620
f 578/661/621 593/685/621 594/687/621
f 572/664/622 571/662/622 586/686/622
f 591/681/625 606/705/625 607/691/625
f 585/684/626 584/682/626 599/692/626
f 592/683/627 607/691/627 608/694/627
f 586/686/1590 585/684/1590 600/693/1590
f 593/685/629 608/694/629 609/695/629
f 587/688/630 586/686/630 601/688/630
f 587/688/633 602/696/633 603/674/633
f 581/676/1591 580/675/1591 595/698/1591
f 588/674/1031 603/674/1031 604/701/1031
f 582/678/636 581/676/636 596/700/636
f 589/677/637 604/701/637 605/703/637
f 583/680/638 582/678/638 597/702/638
f 590/679/639 605/703/639 606/705/639
f 584/682/640 583/680/640 598/704/640
f 604/701/1032 603/674/1032 618/706/1032
f 596/700/642 611/722/642 612/708/642
f 605/703/643 604/701/643 619/707/643
f 597/702/644 612/708/644 613/710/644
f 606/705/645 605/703/645 620/709/645
f 598/704/646 613/710/646 614/712/646
f 607/691/647 606/705/647 621/711/647
f 599/692/648 614/712/648 615/714/648
f 608/694/649 607/691/649 622/713/649
f 600/693/1592 615/714/1592 616/716/1592
f 609/695/651 608/694/651 623/715/651
f 601/688/652 616/716/652 617/718/652
f 603/674/1593 602/696/1593 617/718/1593
f 595/698/1594 610/720/1594 611/722/1594
f 623/715/657 622/713/657 637/723/657
f 615/714/658 630/739/658 631/725/658
f 624/717/659 623/715/659 638/724/659
f 616/716/660 631/725/660 632/727/660
f 618/706/663 617/718/663 632/727/663
f 610/720/664 625/729/664 626/732/664
f 619/707/665 618/706/665 633/731/665
f 611/722/666 626/732/666 627/734/666
f 620/709/667 619/707/667 634/733/667
f 612/708/668 627/734/668 628/736/668
f 621/711/669 620/709/669 635/735/669
f 613/710/670 628/736/670 629/738/670
f 622/713/671 621/711/671 636/737/671
f 614/712/672 629/738/672 630/739/672
f 626/732/673 641/756/673 642/740/673
f 635/735/674 634/733/674 649/741/674
f 627/734/675 642/740/675 643/743/675
f 636/737/676 635/735/676 650/742/676
f 628/736/677 643/743/677 644/745/677
f 637/723/678 636/737/678 651/744/678
f 629/738/679 644/745/679 645/747/679
f 638/724/1595 637/723/1595 652/746/1595
f 630/739/681 645/747/681 646/749/681
f 639/726/682 638/724/682 653/748/682
f 631/725/683 646/749/683 647/751/683
f 633/731/686 632/727/686 647/751/686
f 625/729/687 640/753/687 641/756/687
f 634/733/688 633/731/688 648/755/688
f 645/747/689 660/773/689 661/757/689
f 654/750/690 653/748/690 668/758/690
f 646/749/691 661/757/691 662/760/691
f 648/755/694 647/751/694 662/760/694
f 640/753/695 655/762/695 656/765/695
f 649/741/696 648/755/696 663/764/696
f 641/756/697 656/765/697 657/767/697
f 650/742/698 649/741/698 664/766/698
f 642/740/699 657/767/699 658/769/699
f 651/744/700 650/742/700 665/768/700
f 643/743/701 658/769/701 659/771/701
f 652/746/702 651/744/702 666/770/702
f 644/745/1596 659/771/1596 660/773/1596
f 653/748/704 652/746/704 667/772/704
f 665/768/705 664/766/705 679/774/705
f 657/767/706 672/790/706 673/776/706
f 666/770/707 665/768/707 680/775/707
f 658/769/708 673/776/708 674/778/708
f 667/772/709 666/770/709 681/777/709
f 659/771/710 674/778/710 675/780/710
f 668/758/711 667/772/711 682/779/711
f 660/773/712 675/780/712 676/782/712
f 669/759/713 668/758/713 683/781/713
f 661/757/714 676/782/714 677/784/714
f 663/764/717 662/760/717 677/784/717
f 655/762/718 670/786/718 671/789/718
f 664/766/719 663/764/719 678/788/719
f 656/765/720 671/789/720 672/790/720
f 684/783/721 683/781/721 698/791/721
f 676/782/722 691/807/722 692/793/722
f 678/788/725 677/784/725 692/793/725
f 670/786/726 685/795/726 686/798/726
f 679/774/727 678/788/727 693/797/727
f 671/789/728 686/798/728 687/800/728
f 680/775/729 679/774/729 694/799/729
f 672/790/730 687/800/730 688/802/730
f 681/777/731 680/775/731 695/801/731
f 673/776/732 688/802/732 689/804/732
f 682/779/733 681/777/733 696/803/733
f 674/778/734 689/804/734 690/806/734
f 683/781/735 682/779/735 697/805/735
f 675/780/736 690/806/736 691/807/736
f 687/800/737 702/824/737 703/808/737
f 696/803/738 695/801/738 710/809/738
f 688/802/739 703/808/739 704/811/739
f 697/805/740 696/803/740 711/810/740
f 689/804/741 704/811/741 705/813/741
f 698/791/742 697/805/742 712/812/742
f 690/806/743 705/813/743 706/815/743
f 699/792/744 698/791/744 713/814/744
f 691/807/745 706/815/745 707/817/745
f 693/797/748 692/793/748 707/817/748
f 685/795/749 700/819/749 701/822/749
f 694/799/750 693/797/750 708/821/750
f 686/798/751 701/822/751 702/824/751
f 695/801/752 694/799/752 709/823/752
f 706/815/753 721/841/753 722/825/753
f 708/821/756 707/817/756 722/825/756
f 700/819/757 715/827/757 716/831/757
f 709/823/758 708/821/758 723/830/758
f 701/822/759 716/831/759 717/833/759
f 710/809/760 709/823/760 724/832/760
f 702/824/761 717/833/761 718/835/761
f 711/810/762 710/809/762 725/834/762
f 703/808/763 718/835/763 719/837/763
f 712/812/764 711/810/764 726/836/764
f 704/811/765 719/837/765 720/839/765
f 713/814/766 712/812/766 727/838/766
f 705/813/767 720/839/767 721/841/767
f 714/816/768 713/814/768 728/840/768
f 725/834/769 740/858/769 741/842/769
f 719/837/770 718/835/770 733/843/770
f 726/836/771 741/842/771 742/845/771
f 720/839/772 719/837/772 734/844/772
f 727/838/773 742/845/773 743/847/773
f 721/841/774 720/839/774 735/846/774
f 728/840/775 743/847/775 744/849/775
f 722/825/776 721/841/776 736/848/776
f 722/825/779 737/850/779 738/854/779
f 716/831/780 715/827/780 730/852/780
f 723/830/781 738/854/781 739/856/781
f 717/833/782 716/831/782 731/855/782
f 724/832/783 739/856/783 740/858/783
f 718/835/784 717/833/784 732/857/784
f 737/850/786 752/874/786 753/861/786
f 731/855/787 730/852/787 745/862/787
f 738/854/788 753/861/788 754/864/788
f 732/857/789 731/855/789 746/863/789
f 739/856/790 754/864/790 755/866/790
f 733/843/791 732/857/791 747/865/791
f 740/858/792 755/866/792 756/868/792
f 734/844/793 733/843/793 748/867/793
f 741/842/794 756/868/794 757/870/794
f 735/846/795 734/844/795 749/869/795
f 742/845/796 757/870/796 758/872/796
f 736/848/797 735/846/797 750/871/797
f 743/847/798 758/872/798 759/860/798
f 737/850/799 736/848/799 751/873/799
f 756/868/801 771/892/801 772/876/801
f 750/871/802 749/869/802 764/877/802
f 757/870/803 772/876/803 773/879/803
f 751/873/804 750/871/804 765/878/804
f 758/872/805 773/879/805 774/881/805
f 752/874/806 751/873/806 766/880/806
f 752/874/809 767/882/809 768/886/809
f 746/863/810 745/862/810 760/884/810
f 753/861/811 768/886/811 769/888/811
f 747/865/812 746/863/812 761/887/812
f 754/864/813 769/888/813 770/890/813
f 748/867/814 747/865/814 762/889/814
f 755/866/815 770/890/815 771/892/815
f 749/869/816 748/867/816 763/891/816
f 761/887/817 760/884/817 775/893/817
f 768/886/818 783/909/818 784/895/818
f 762/889/819 761/887/819 776/894/819
f 769/888/820 784/895/820 785/897/820
f 763/891/821 762/889/821 777/896/821
f 770/890/822 785/897/822 786/899/822
f 764/877/823 763/891/823 778/898/823
f 771/892/824 786/899/824 787/901/824
f 765/878/825 764/877/825 779/900/825
f 772/876/826 787/901/826 788/903/826
f 766/880/827 765/878/827 780/902/827
f 773/879/828 788/903/828 789/905/828
f 767/882/829 766/880/829 781/904/829
f 767/882/832 782/906/832 783/909/832
f 780/902/833 779/900/833 795/910/833
f 787/901/834 803/926/834 804/912/834
f 781/904/835 780/902/835 796/911/835
f 788/903/836 804/912/836 805/914/836
f 782/906/837 781/904/837 797/913/837
f 782/906/840 798/915/840 799/919/840
f 776/894/841 775/893/841 791/917/841
f 783/909/842 799/919/842 800/921/842
f 777/896/843 776/894/843 792/920/843
f 784/895/844 800/921/844 801/923/844
f 778/898/845 777/896/845 793/922/845
f 785/897/846 801/923/846 802/925/846
f 779/900/847 778/898/847 794/924/847
f 786/899/848 802/925/848 803/926/848
f 799/919/849 814/943/849 815/927/849
f 793/922/1597 792/920/1597 807/928/1597
f 800/921/851 815/927/851 816/930/851
f 794/924/852 793/922/852 808/929/852
f 801/923/853 816/930/853 817/932/853
f 795/910/854 794/924/854 809/931/854
f 802/925/855 817/932/855 818/934/855
f 796/911/856 795/910/856 810/933/856
f 803/926/1598 818/934/1598 819/936/1598
f 797/913/858 796/911/858 811/935/858
f 804/912/1599 819/936/1599 820/938/1599
f 798/915/860 797/913/860 812/937/860
f 798/915/863 813/939/863 814/943/863
f 792/920/864 791/917/864 806/941/864
f 818/934/865 833/960/865 834/944/865
f 812/937/866 811/935/866 826/945/866
f 819/936/867 834/944/867 835/947/867
f 813/939/868 812/937/868 827/946/868
f 813/939/871 828/948/871 829/952/871
f 807/928/872 806/941/872 821/950/872
f 814/943/873 829/952/873 830/954/873
f 808/929/1600 807/928/1600 822/953/1600
f 815/927/875 830/954/875 831/956/875
f 809/931/876 808/929/876 823/955/876
f 816/930/877 831/956/877 832/958/877
f 810/933/878 809/931/878 824/957/878
f 817/932/879 832/958/879 833/960/879
f 811/935/880 810/933/880 825/959/880
f 823/955/881 822/953/881 837/961/881
f 830/954/882 845/977/882 846/963/882
f 824/957/883 823/955/883 838/962/883
f 831/956/884 846/963/884 847/965/884
f 825/959/885 824/957/885 839/964/885
f 832/958/886 847/965/886 848/967/886
f 826/945/887 825/959/887 840/966/887
f 833/960/888 848/967/888 849/969/888
f 827/946/889 826/945/889 841/968/889
f 834/944/1601 849/969/1601 850/971/1601
f 828/948/891 827/946/891 842/970/891
f 828/948/894 843/972/894 844/976/894
f 822/953/895 821/950/895 836/974/895
f 829/952/896 844/976/896 845/977/896
f 841/978/897 856/1008/897 857/979/897
f 850/981/1602 849/1009/1602 864/982/1602
f 842/980/1047 857/979/1047 858/984/1047
f 844/990/1049 843/985/1049 858/984/1049
f 836/986/903 851/988/903 852/992/903
f 845/994/1603 844/990/1603 859/991/1603
f 837/993/905 852/992/905 853/996/905
f 846/998/906 845/994/906 860/995/906
f 838/997/907 853/996/907 854/1000/907
f 847/1002/908 846/998/908 861/999/908
f 839/1001/909 854/1000/909 855/1004/909
f 848/1006/910 847/1002/910 862/1003/910
f 840/1005/911 855/1004/911 856/1008/911
f 849/1009/912 848/1006/912 863/1007/912
f 861/999/913 860/995/913 875/1010/913
f 853/996/914 868/1026/914 869/1012/914
f 862/1003/915 861/999/915 876/1011/915
f 854/1000/916 869/1012/916 870/1014/916
f 863/1007/917 862/1003/917 877/1013/917
f 855/1004/918 870/1014/918 871/1016/918
f 864/982/919 863/1007/919 878/1015/919
f 856/1008/920 871/1016/920 872/1018/920
f 865/983/921 864/982/921 879/1017/921
f 857/979/922 872/1018/922 873/1020/922
f 859/991/925 858/984/925 873/1020/925
f 851/988/926 866/1022/926 867/1025/926
f 860/995/927 859/991/927 874/1024/927
f 852/992/1604 867/1025/1604 868/1026/1604
f 880/1019/1605 879/1017/1605 894/1027/1605
f 872/1018/930 887/1043/930 888/1029/930
f 874/1024/933 873/1020/933 888/1029/933
f 866/1022/934 881/1031/934 882/1034/934
f 875/1010/935 874/1024/935 889/1033/935
f 867/1025/936 882/1034/936 883/1036/936
f 876/1011/937 875/1010/937 890/1035/937
f 868/1026/938 883/1036/938 884/1038/938
f 877/1013/939 876/1011/939 891/1037/939
f 869/1012/940 884/1038/940 885/1040/940
f 878/1015/941 877/1013/941 892/1039/941
f 870/1014/942 885/1040/942 886/1042/942
f 879/1017/1606 878/1015/1606 893/1041/1606
f 871/1016/944 886/1042/944 887/1043/944
f 892/1039/945 891/1037/945 906/1044/945
f 884/1038/946 899/1060/946 900/1046/946
f 893/1041/947 892/1039/947 907/1045/947
f 885/1040/948 900/1046/948 901/1048/948
f 894/1027/949 893/1041/949 908/1047/949
f 886/1042/950 901/1048/950 902/1050/950
f 895/1028/951 894/1027/951 909/1049/951
f 887/1043/952 902/1050/952 903/1052/952
f 889/1033/955 888/1029/955 903/1052/955
f 881/1031/956 896/1054/956 897/1057/956
f 890/1035/957 889/1033/957 904/1056/957
f 882/1034/958 897/1057/958 898/1059/958
f 891/1037/1607 890/1035/1607 905/1058/1607
f 883/1036/960 898/1059/960 899/1060/960
f 904/1056/963 903/1052/963 918/1065/963
f 896/1054/964 911/1062/964 912/1067/964
f 905/1058/965 904/1056/965 919/1066/965
f 897/1057/966 912/1067/966 913/1069/966
f 906/1044/967 905/1058/967 920/1068/967
f 898/1059/968 913/1069/968 914/1071/968
f 907/1045/969 906/1044/969 921/1070/969
f 899/1060/970 914/1071/970 915/1073/970
f 908/1047/971 907/1045/971 922/1072/971
f 900/1046/972 915/1073/972 916/1075/972
f 909/1049/973 908/1047/973 923/1074/973
f 901/1048/974 916/1075/974 917/1077/974
f 910/1051/975 909/1049/975 924/1076/975
f 902/1050/976 917/1077/976 918/1065/976
f 914/1071/977 929/1094/977 930/1078/977
f 923/1074/978 922/1072/978 937/1079/978
f 915/1073/979 930/1078/979 931/1081/979
f 924/1076/980 923/1074/980 938/1080/980
f 916/1075/981 931/1081/981 932/1083/981
f 925/1064/982 924/1076/982 939/1082/982
f 917/1077/983 932/1083/983 933/1085/983
f 919/1066/986 918/1065/986 933/1085/986
f 911/1062/987 926/1087/987 927/1090/987
f 920/1068/988 919/1066/988 934/1089/988
f 912/1067/989 927/1090/989 928/1092/989
f 921/1070/990 920/1068/990 935/1091/990
f 913/1069/991 928/1092/991 929/1094/991
f 922/1072/992 921/1070/992 936/1093/992
f 934/1089/993 933/1085/993 948/1095/993
f 926/1087/994 941/1110/994 942/1097/994
f 935/1091/995 934/1089/995 949/1096/995
f 927/1090/996 942/1097/996 943/1099/996
f 936/1093/997 935/1091/997 950/1098/997
f 928/1092/998 943/1099/998 944/1101/998
f 937/1079/999 936/1093/999 951/1100/999
f 929/1094/1000 944/1101/1000 945/1103/1000
f 938/1080/1001 937/1079/1001 952/1102/1001
f 930/1078/1002 945/1103/1002 946/1105/1002
f 939/1082/1003 938/1080/1003 953/1104/1003
f 931/1081/1004 946/1105/1004 947/1107/1004
f 940/1084/1005 939/1082/1005 954/1106/1005
f 932/1083/1006 947/1107/1006 948/1095/1006
f 953/1104/1009 952/1102/1009 961/560/1009
f 945/1103/1010 484/557/1010 959/563/1010
f 954/1106/1011 953/1104/1011 962/562/1011
f 946/1105/1012 959/563/1012 485/567/1012
f 955/1108/1013 954/1106/1013 963/566/1013
f 947/1107/1014 485/567/1014 486/571/1014
f 949/1096/1017 948/1095/1017 486/571/1017
f 941/1110/1018 956/573/1018 957/579/1018
f 950/1098/1019 949/1096/1019 487/578/1019
f 942/1097/1020 957/579/1020 483/583/1020
f 951/1100/1021 950/1098/1021 960/582/1021
f 943/1099/1022 483/583/1022 958/587/1022
f 952/1102/1023 951/1100/1023 488/586/1023
f 944/1101/1024 958/587/1024 484/557/1024
f 966/1114/513 1440/1144/513 974/1115/513
f 1443/1117/514 982/1145/514 983/1118/514
f 1441/1120/515 966/1114/515 975/1116/515
f 1444/1119/516 983/1118/516 984/1122/516
f 967/1124/517 1441/1120/517 976/1121/517
f 1445/1123/518 984/1122/518 985/1126/518
f 968/1128/519 967/1124/519 977/1125/519
f 968/1128/522 978/1129/522 979/1134/522
f 1439/1136/523 1438/1130/523 971/1132/523
f 969/1135/524 979/1134/524 980/1138/524
f 965/1140/525 1439/1136/525 972/1137/525
f 1442/1139/526 980/1138/526 981/1142/526
f 1440/1144/527 965/1140/527 973/1141/527
f 970/1143/528 981/1142/528 982/1145/528
f 974/1115/529 973/1141/529 988/1146/529
f 981/1142/530 996/1162/530 997/1148/530
f 975/1116/531 974/1115/531 989/1147/531
f 982/1145/532 997/1148/532 998/1150/532
f 976/1121/533 975/1116/533 990/1149/533
f 983/1118/534 998/1150/534 999/1152/534
f 977/1125/535 976/1121/535 991/1151/535
f 984/1122/536 999/1152/536 1000/1154/536
f 978/1129/537 977/1125/537 992/1153/537
f 978/1129/540 993/1155/540 994/1159/540
f 972/1137/541 971/1132/541 986/1157/541
f 979/1134/542 994/1159/542 995/1161/542
f 973/1141/543 972/1137/543 987/1160/543
f 980/1138/544 995/1161/544 996/1162/544
f 993/1155/545 992/1153/545 1007/1163/545
f 993/1155/548 1008/1164/548 1009/1169/548
f 987/1160/549 986/1157/549 1001/1166/549
f 994/1159/550 1009/1169/550 1010/1171/550
f 988/1146/551 987/1160/551 1002/1170/551
f 995/1161/552 1010/1171/552 1011/1173/552
f 989/1147/553 988/1146/553 1003/1172/553
f 996/1162/554 1011/1173/554 1012/1175/554
f 990/1149/555 989/1147/555 1004/1174/555
f 997/1148/556 1012/1175/556 1013/1177/556
f 991/1151/557 990/1149/557 1005/1176/557
f 998/1150/558 1013/1177/558 1014/1179/558
f 992/1153/559 991/1151/559 1006/1178/559
f 999/1152/560 1014/1179/560 1015/1168/560
f 1011/1173/561 1026/1196/561 1027/1180/561
f 1005/1176/562 1004/1174/562 1019/1181/562
f 1012/1175/563 1027/1180/563 1028/1183/563
f 1006/1178/564 1005/1176/564 1020/1182/564
f 1013/1177/565 1028/1183/565 1029/1185/565
f 1007/1163/566 1006/1178/566 1021/1184/566
f 1014/1179/567 1029/1185/567 1030/1187/567
f 1008/1164/568 1007/1163/568 1022/1186/568
f 1008/1164/571 1023/1188/571 1024/1192/571
f 1002/1170/572 1001/1166/572 1016/1190/572
f 1009/1169/573 1024/1192/573 1025/1194/573
f 1003/1172/574 1002/1170/574 1017/1193/574
f 1010/1171/575 1025/1194/575 1026/1196/575
f 1004/1174/576 1003/1172/576 1018/1195/576
f 1023/1188/579 1038/1213/579 1039/1201/579
f 1017/1193/580 1016/1190/580 1031/1198/580
f 1024/1192/581 1039/1201/581 1040/1203/581
f 1018/1195/582 1017/1193/582 1032/1202/582
f 1025/1194/583 1040/1203/583 1041/1205/583
f 1019/1181/584 1018/1195/584 1033/1204/584
f 1026/1196/585 1041/1205/585 1042/1207/585
f 1020/1182/586 1019/1181/586 1034/1206/586
f 1027/1180/587 1042/1207/587 1043/1209/587
f 1021/1184/1588 1020/1182/1588 1035/1208/1588
f 1028/1183/589 1043/1209/589 1044/1211/589
f 1022/1186/590 1021/1184/590 1036/1210/590
f 1029/1185/591 1044/1211/591 1045/1200/591
f 1023/1188/592 1022/1186/592 1037/1212/592
f 1035/1208/593 1034/1206/593 1050/1214/593
f 1042/1207/594 1058/1230/594 1059/1216/594
f 1036/1210/595 1035/1208/595 1051/1215/595
f 1043/1209/1589 1059/1216/1589 1060/1218/1589
f 1037/1212/597 1036/1210/597 1052/1217/597
f 1044/1211/598 1060/1218/598 1061/1220/598
f 1038/1213/599 1037/1212/599 1053/1219/599
f 1038/1213/602 1054/1221/602 1055/1225/602
f 1032/1202/603 1031/1198/603 1047/1223/603
f 1039/1201/604 1055/1225/604 1056/1227/604
f 1033/1204/605 1032/1202/605 1048/1226/605
f 1040/1203/606 1056/1227/606 1057/1229/606
f 1034/1206/607 1033/1204/607 1049/1228/607
f 1041/1205/608 1057/1229/608 1058/1230/608
f 1054/1221/609 1069/1245/609 1070/1231/609
f 1048/1226/610 1047/1223/610 1062/1232/610
f 1055/1225/611 1070/1231/611 1071/1234/611
f 1049/1228/612 1048/1226/612 1063/1233/612
f 1056/1227/613 1071/1234/613 1072/1236/613
f 1050/1214/614 1049/1228/614 1064/1235/614
f 1057/1229/615 1072/1236/615 1073/1238/615
f 1051/1215/616 1050/1214/616 1065/1237/616
f 1058/1230/617 1073/1238/617 1074/1240/617
f 1052/1217/1608 1051/1215/1608 1066/1239/1608
f 1059/1216/619 1074/1240/619 1075/1242/619
f 1053/1219/620 1052/1217/620 1067/1241/620
f 1060/1218/621 1075/1242/621 1076/1244/621
f 1054/1221/622 1053/1219/622 1068/1243/622
f 1073/1238/625 1088/1264/625 1089/1248/625
f 1067/1241/626 1066/1239/626 1081/1249/626
f 1074/1240/627 1089/1248/627 1090/1251/627
f 1068/1243/628 1067/1241/628 1082/1250/628
f 1075/1242/629 1090/1251/629 1091/1253/629
f 1069/1245/1609 1068/1243/1609 1083/1252/1609
f 1069/1245/633 1084/1254/633 1085/1258/633
f 1063/1233/634 1062/1232/634 1077/1256/634
f 1070/1231/635 1085/1258/635 1086/1260/635
f 1064/1235/636 1063/1233/636 1078/1259/636
f 1071/1234/637 1086/1260/637 1087/1262/637
f 1065/1237/638 1064/1235/638 1079/1261/638
f 1072/1236/639 1087/1262/639 1088/1264/639
f 1066/1239/640 1065/1237/640 1080/1263/640
f 1086/1260/1032 1085/1258/1032 1100/1265/1032
f 1078/1259/642 1093/1280/642 1094/1267/642
f 1087/1262/643 1086/1260/643 1101/1266/643
f 1079/1261/644 1094/1267/644 1095/1269/644
f 1088/1264/645 1087/1262/645 1102/1268/645
f 1080/1263/646 1095/1269/646 1096/1271/646
f 1089/1248/647 1088/1264/647 1103/1270/647
f 1081/1249/648 1096/1271/648 1097/1273/648
f 1090/1251/649 1089/1248/649 1104/1272/649
f 1082/1250/650 1097/1273/650 1098/1275/650
f 1091/1253/651 1090/1251/651 1105/1274/651
f 1083/1252/1610 1098/1275/1610 1099/1245/1610
f 1085/1258/655 1084/1254/655 1099/1245/655
f 1077/1256/656 1092/1278/656 1093/1280/656
f 1105/1274/657 1104/1272/657 1119/1281/657
f 1097/1273/658 1112/1297/658 1113/1283/658
f 1106/1276/659 1105/1274/659 1120/1282/659
f 1098/1275/660 1113/1283/660 1114/1285/660
f 1100/1265/663 1099/1245/663 1114/1285/663
f 1092/1278/664 1107/1287/664 1108/1290/664
f 1101/1266/665 1100/1265/665 1115/1289/665
f 1093/1280/666 1108/1290/666 1109/1292/666
f 1102/1268/667 1101/1266/667 1116/1291/667
f 1094/1267/668 1109/1292/668 1110/1294/668
f 1103/1270/669 1102/1268/669 1117/1293/669
f 1095/1269/670 1110/1294/670 1111/1296/670
f 1104/1272/671 1103/1270/671 1118/1295/671
f 1096/1271/672 1111/1296/672 1112/1297/672
f 1108/1290/1611 1123/1314/1611 1124/1298/1611
f 1117/1293/674 1116/1291/674 1131/1299/674
f 1109/1292/675 1124/1298/675 1125/1301/675
f 1118/1295/676 1117/1293/676 1132/1300/676
f 1110/1294/677 1125/1301/677 1126/1303/677
f 1119/1281/678 1118/1295/678 1133/1302/678
f 1111/1296/679 1126/1303/679 1127/1305/679
f 1120/1282/1595 1119/1281/1595 1134/1304/1595
f 1112/1297/681 1127/1305/681 1128/1307/681
f 1121/1284/682 1120/1282/682 1135/1306/682
f 1113/1283/683 1128/1307/683 1129/1309/683
f 1115/1289/686 1114/1285/686 1129/1309/686
f 1107/1287/687 1122/1311/687 1123/1314/687
f 1116/1291/688 1115/1289/688 1130/1313/688
f 1127/1305/689 1142/1331/689 1143/1315/689
f 1136/1308/690 1135/1306/690 1150/1316/690
f 1128/1307/691 1143/1315/691 1144/1318/691
f 1130/1313/694 1129/1309/694 1144/1318/694
f 1122/1311/1041 1137/1320/1041 1138/1323/1041
f 1131/1299/696 1130/1313/696 1145/1322/696
f 1123/1314/697 1138/1323/697 1139/1325/697
f 1132/1300/698 1131/1299/698 1146/1324/698
f 1124/1298/699 1139/1325/699 1140/1327/699
f 1133/1302/700 1132/1300/700 1147/1326/700
f 1125/1301/701 1140/1327/701 1141/1329/701
f 1134/1304/702 1133/1302/702 1148/1328/702
f 1126/1303/1596 1141/1329/1596 1142/1331/1596
f 1135/1306/704 1134/1304/704 1149/1330/704
f 1147/1326/705 1146/1324/705 1161/1332/705
f 1139/1325/706 1154/1348/706 1155/1334/706
f 1148/1328/707 1147/1326/707 1162/1333/707
f 1140/1327/708 1155/1334/708 1156/1336/708
f 1149/1330/709 1148/1328/709 1163/1335/709
f 1141/1329/710 1156/1336/710 1157/1338/710
f 1150/1316/711 1149/1330/711 1164/1337/711
f 1142/1331/712 1157/1338/712 1158/1340/712
f 1151/1317/713 1150/1316/713 1165/1339/713
f 1143/1315/714 1158/1340/714 1159/1342/714
f 1145/1322/717 1144/1318/717 1159/1342/717
f 1137/1320/718 1152/1344/718 1153/1347/718
f 1146/1324/719 1145/1322/719 1160/1346/719
f 1138/1323/720 1153/1347/720 1154/1348/720
f 1166/1341/721 1165/1339/721 1180/1349/721
f 1158/1340/722 1173/1365/722 1174/1351/722
f 1160/1346/725 1159/1342/725 1174/1351/725
f 1152/1344/726 1167/1353/726 1168/1356/726
f 1161/1332/727 1160/1346/727 1175/1355/727
f 1153/1347/728 1168/1356/728 1169/1358/728
f 1162/1333/729 1161/1332/729 1176/1357/729
f 1154/1348/730 1169/1358/730 1170/1360/730
f 1163/1335/731 1162/1333/731 1177/1359/731
f 1155/1334/732 1170/1360/732 1171/1362/732
f 1164/1337/733 1163/1335/733 1178/1361/733
f 1156/1336/734 1171/1362/734 1172/1364/734
f 1165/1339/735 1164/1337/735 1179/1363/735
f 1157/1338/736 1172/1364/736 1173/1365/736
f 1169/1358/737 1184/1382/737 1185/1366/737
f 1178/1361/738 1177/1359/738 1192/1367/738
f 1170/1360/739 1185/1366/739 1186/1369/739
f 1179/1363/740 1178/1361/740 1193/1368/740
f 1171/1362/741 1186/1369/741 1187/1371/741
f 1180/1349/742 1179/1363/742 1194/1370/742
f 1172/1364/743 1187/1371/743 1188/1373/743
f 1181/1350/744 1180/1349/744 1195/1372/744
f 1173/1365/745 1188/1373/745 1189/1375/745
f 1175/1355/748 1174/1351/748 1189/1375/748
f 1167/1353/749 1182/1377/749 1183/1380/749
f 1176/1357/750 1175/1355/750 1190/1379/750
f 1168/1356/751 1183/1380/751 1184/1382/751
f 1177/1359/752 1176/1357/752 1191/1381/752
f 1188/1373/753 1203/1399/753 1204/1383/753
f 1190/1379/756 1189/1375/756 1204/1383/756
f 1182/1377/757 1197/1385/757 1198/1389/757
f 1191/1381/758 1190/1379/758 1205/1388/758
f 1183/1380/759 1198/1389/759 1199/1391/759
f 1192/1367/760 1191/1381/760 1206/1390/760
f 1184/1382/761 1199/1391/761 1200/1393/761
f 1193/1368/762 1192/1367/762 1207/1392/762
f 1185/1366/763 1200/1393/763 1201/1395/763
f 1194/1370/764 1193/1368/764 1208/1394/764
f 1186/1369/765 1201/1395/765 1202/1397/765
f 1195/1372/766 1194/1370/766 1209/1396/766
f 1187/1371/767 1202/1397/767 1203/1399/767
f 1196/1374/768 1195/1372/768 1210/1398/768
f 1207/1392/769 1222/1416/769 1223/1400/769
f 1201/1395/770 1200/1393/770 1215/1401/770
f 1208/1394/771 1223/1400/771 1224/1403/771
f 1202/1397/772 1201/1395/772 1216/1402/772
f 1209/1396/773 1224/1403/773 1225/1405/773
f 1203/1399/774 1202/1397/774 1217/1404/774
f 1210/1398/775 1225/1405/775 1226/1407/775
f 1204/1383/776 1203/1399/776 1218/1406/776
f 1204/1383/779 1219/1408/779 1220/1412/779
f 1198/1389/780 1197/1385/780 1212/1410/780
f 1205/1388/781 1220/1412/781 1221/1414/781
f 1199/1391/782 1198/1389/782 1213/1413/782
f 1206/1390/783 1221/1414/783 1222/1416/783
f 1200/1393/784 1199/1391/784 1214/1415/784
f 1219/1408/786 1234/1432/786 1235/1419/786
f 1213/1413/787 1212/1410/787 1227/1420/787
f 1220/1412/788 1235/1419/788 1236/1422/788
f 1214/1415/789 1213/1413/789 1228/1421/789
f 1221/1414/790 1236/1422/790 1237/1424/790
f 1215/1401/791 1214/1415/791 1229/1423/791
f 1222/1416/792 1237/1424/792 1238/1426/792
f 1216/1402/793 1215/1401/793 1230/1425/793
f 1223/1400/794 1238/1426/794 1239/1428/794
f 1217/1404/795 1216/1402/795 1231/1427/795
f 1224/1403/796 1239/1428/796 1240/1430/796
f 1218/1406/797 1217/1404/797 1232/1429/797
f 1225/1405/798 1240/1430/798 1241/1418/798
f 1219/1408/799 1218/1406/799 1233/1431/799
f 1238/1426/801 1253/1450/801 1254/1434/801
f 1232/1429/802 1231/1427/802 1246/1435/802
f 1239/1428/803 1254/1434/803 1255/1437/803
f 1233/1431/804 1232/1429/804 1247/1436/804
f 1240/1430/805 1255/1437/805 1256/1439/805
f 1234/1432/806 1233/1431/806 1248/1438/806
f 1234/1432/809 1249/1440/809 1250/1444/809
f 1228/1421/810 1227/1420/810 1242/1442/810
f 1235/1419/811 1250/1444/811 1251/1446/811
f 1229/1423/812 1228/1421/812 1243/1445/812
f 1236/1422/813 1251/1446/813 1252/1448/813
f 1230/1425/814 1229/1423/814 1244/1447/814
f 1237/1424/815 1252/1448/815 1253/1450/815
f 1231/1427/816 1230/1425/816 1245/1449/816
f 1243/1445/817 1242/1442/817 1257/1451/817
f 1250/1444/818 1265/1467/818 1266/1453/818
f 1244/1447/819 1243/1445/819 1258/1452/819
f 1251/1446/820 1266/1453/820 1267/1455/820
f 1245/1449/821 1244/1447/821 1259/1454/821
f 1252/1448/822 1267/1455/822 1268/1457/822
f 1246/1435/823 1245/1449/823 1260/1456/823
f 1253/1450/824 1268/1457/824 1269/1459/824
f 1247/1436/825 1246/1435/825 1261/1458/825
f 1254/1434/826 1269/1459/826 1270/1461/826
f 1248/1438/827 1247/1436/827 1262/1460/827
f 1255/1437/828 1270/1461/828 1271/1463/828
f 1249/1440/829 1248/1438/829 1263/1462/829
f 1249/1440/832 1264/1464/832 1265/1467/832
f 1262/1460/833 1261/1458/833 1277/1468/833
f 1269/1459/834 1285/1484/834 1286/1470/834
f 1263/1462/835 1262/1460/835 1278/1469/835
f 1270/1461/836 1286/1470/836 1287/1472/836
f 1264/1464/837 1263/1462/837 1279/1471/837
f 1264/1464/840 1280/1473/840 1281/1477/840
f 1258/1452/841 1257/1451/841 1273/1475/841
f 1265/1467/842 1281/1477/842 1282/1479/842
f 1259/1454/843 1258/1452/843 1274/1478/843
f 1266/1453/1042 1282/1479/1042 1283/1481/1042
f 1260/1456/845 1259/1454/845 1275/1480/845
f 1267/1455/846 1283/1481/846 1284/1483/846
f 1261/1458/847 1260/1456/847 1276/1482/847
f 1268/1457/848 1284/1483/848 1285/1484/848
f 1281/1477/849 1296/1501/849 1297/1485/849
f 1275/1480/850 1274/1478/850 1289/1486/850
f 1282/1479/851 1297/1485/851 1298/1488/851
f 1276/1482/852 1275/1480/852 1290/1487/852
f 1283/1481/853 1298/1488/853 1299/1490/853
f 1277/1468/854 1276/1482/854 1291/1489/854
f 1284/1483/855 1299/1490/855 1300/1492/855
f 1278/1469/856 1277/1468/856 1292/1491/856
f 1285/1484/857 1300/1492/857 1301/1494/857
f 1279/1471/858 1278/1469/858 1293/1493/858
f 1286/1470/1599 1301/1494/1599 1302/1496/1599
f 1280/1473/860 1279/1471/860 1294/1495/860
f 1280/1473/863 1295/1497/863 1296/1501/863
f 1274/1478/864 1273/1475/864 1288/1499/864
f 1300/1492/865 1315/1518/865 1316/1502/865
f 1294/1495/866 1293/1493/866 1308/1503/866
f 1301/1494/867 1316/1502/867 1317/1505/867
f 1295/1497/868 1294/1495/868 1309/1504/868
f 1295/1497/871 1310/1506/871 1311/1510/871
f 1289/1486/872 1288/1499/872 1303/1508/872
f 1296/1501/873 1311/1510/873 1312/1512/873
f 1290/1487/1600 1289/1486/1600 1304/1511/1600
f 1297/1485/875 1312/1512/875 1313/1514/875
f 1291/1489/876 1290/1487/876 1305/1513/876
f 1298/1488/877 1313/1514/877 1314/1516/877
f 1292/1491/878 1291/1489/878 1306/1515/878
f 1299/1490/879 1314/1516/879 1315/1518/879
f 1293/1493/880 1292/1491/880 1307/1517/880
f 1305/1513/881 1304/1511/881 1319/1519/881
f 1312/1512/882 1327/1535/882 1328/1521/882
f 1306/1515/883 1305/1513/883 1320/1520/883
f 1313/1514/884 1328/1521/884 1329/1523/884
f 1307/1517/885 1306/1515/885 1321/1522/885
f 1314/1516/886 1329/1523/886 1330/1525/886
f 1308/1503/887 1307/1517/887 1322/1524/887
f 1315/1518/888 1330/1525/888 1331/1527/888
f 1309/1504/889 1308/1503/889 1323/1526/889
f 1316/1502/1601 1331/1527/1601 1332/1529/1601
f 1310/1506/891 1309/1504/891 1324/1528/891
f 1310/1506/894 1325/1530/894 1326/1534/894
f 1304/1511/1612 1303/1508/1612 1318/1532/1612
f 1311/1510/1613 1326/1534/1613 1327/1535/1613
f 1323/1536/897 1338/1566/897 1339/1537/897
f 1332/1539/1602 1331/1567/1602 1346/1540/1602
f 1324/1538/1047 1339/1537/1047 1340/1542/1047
f 1326/1548/1049 1325/1543/1049 1340/1542/1049
f 1318/1544/1614 1333/1546/1614 1334/1550/1614
f 1327/1552/1603 1326/1548/1603 1341/1549/1603
f 1319/1551/905 1334/1550/905 1335/1554/905
f 1328/1556/906 1327/1552/906 1342/1553/906
f 1320/1555/907 1335/1554/907 1336/1558/907
f 1329/1560/908 1328/1556/908 1343/1557/908
f 1321/1559/909 1336/1558/909 1337/1562/909
f 1330/1564/910 1329/1560/910 1344/1561/910
f 1322/1563/911 1337/1562/911 1338/1566/911
f 1331/1567/912 1330/1564/912 1345/1565/912
f 1343/1557/1050 1342/1553/1050 1357/1568/1050
f 1335/1554/914 1350/1584/914 1351/1570/914
f 1344/1561/915 1343/1557/915 1358/1569/915
f 1336/1558/916 1351/1570/916 1352/1572/916
f 1345/1565/917 1344/1561/917 1359/1571/917
f 1337/1562/918 1352/1572/918 1353/1574/918
f 1346/1540/919 1345/1565/919 1360/1573/919
f 1338/1566/920 1353/1574/920 1354/1576/920
f 1347/1541/921 1346/1540/921 1361/1575/921
f 1339/1537/922 1354/1576/922 1355/1578/922
f 1341/1549/925 1340/1542/925 1355/1578/925
f 1333/1546/926 1348/1580/926 1349/1583/926
f 1342/1553/927 1341/1549/927 1356/1582/927
f 1334/1550/1604 1349/1583/1604 1350/1584/1604
f 1362/1577/1605 1361/1575/1605 1376/1585/1605
f 1354/1576/930 1369/1601/930 1370/1587/930
f 1356/1582/933 1355/1578/933 1370/1587/933
f 1348/1580/934 1363/1589/934 1364/1592/934
f 1357/1568/935 1356/1582/935 1371/1591/935
f 1349/1583/936 1364/1592/936 1365/1594/936
f 1358/1569/937 1357/1568/937 1372/1593/937
f 1350/1584/938 1365/1594/938 1366/1596/938
f 1359/1571/939 1358/1569/939 1373/1595/939
f 1351/1570/940 1366/1596/940 1367/1598/940
f 1360/1573/941 1359/1571/941 1374/1597/941
f 1352/1572/942 1367/1598/942 1368/1600/942
f 1361/1575/943 1360/1573/943 1375/1599/943
f 1353/1574/944 1368/1600/944 1369/1601/944
f 1374/1597/945 1373/1595/945 1388/1602/945
f 1366/1596/946 1381/1618/946 1382/1604/946
f 1375/1599/947 1374/1597/947 1389/1603/947
f 1367/1598/948 1382/1604/948 1383/1606/948
f 1376/1585/949 1375/1599/949 1390/1605/949
f 1368/1600/950 1383/1606/950 1384/1608/950
f 1377/1586/951 1376/1585/951 1391/1607/951
f 1369/1601/952 1384/1608/952 1385/1610/952
f 1371/1591/955 1370/1587/955 1385/1610/955
f 1363/1589/956 1378/1612/956 1379/1615/956
f 1372/1593/957 1371/1591/957 1386/1614/957
f 1364/1592/958 1379/1615/958 1380/1617/958
f 1373/1595/959 1372/1593/959 1387/1616/959
f 1365/1594/960 1380/1617/960 1381/1618/960
f 1386/1614/963 1385/1610/963 1400/1623/963
f 1378/1612/964 1393/1620/964 1394/1625/964
f 1387/1616/965 1386/1614/965 1401/1624/965
f 1379/1615/966 1394/1625/966 1395/1627/966
f 1388/1602/967 1387/1616/967 1402/1626/967
f 1380/1617/968 1395/1627/968 1396/1629/968
f 1389/1603/969 1388/1602/969 1403/1628/969
f 1381/1618/970 1396/1629/970 1397/1631/970
f 1390/1605/971 1389/1603/971 1404/1630/971
f 1382/1604/972 1397/1631/972 1398/1633/972
f 1391/1607/973 1390/1605/973 1405/1632/973
f 1383/1606/974 1398/1633/974 1399/1635/974
f 1392/1609/975 1391/1607/975 1406/1634/975
f 1384/1608/976 1399/1635/976 1400/1623/976
f 1396/1629/977 1411/1652/977 1412/1636/977
f 1405/1632/978 1404/1630/978 1419/1637/978
f 1397/1631/979 1412/1636/979 1413/1639/979
f 1406/1634/980 1405/1632/980 1420/1638/980
f 1398/1633/981 1413/1639/981 1414/1641/981
f 1407/1622/982 1406/1634/982 1421/1640/982
f 1399/1635/983 1414/1641/983 1415/1643/983
f 1401/1624/986 1400/1623/986 1415/1643/986
f 1393/1620/987 1408/1645/987 1409/1648/987
f 1402/1626/988 1401/1624/988 1416/1647/988
f 1394/1625/989 1409/1648/989 1410/1650/989
f 1403/1628/990 1402/1626/990 1417/1649/990
f 1395/1627/991 1410/1650/991 1411/1652/991
f 1404/1630/992 1403/1628/992 1418/1651/992
f 1416/1647/993 1415/1643/993 1430/1653/993
f 1408/1645/994 1423/1668/994 1424/1655/994
f 1417/1649/995 1416/1647/995 1431/1654/995
f 1409/1648/996 1424/1655/996 1425/1657/996
f 1418/1651/997 1417/1649/997 1432/1656/997
f 1410/1650/998 1425/1657/998 1426/1659/998
f 1419/1637/999 1418/1651/999 1433/1658/999
f 1411/1652/1000 1426/1659/1000 1427/1661/1000
f 1420/1638/1001 1419/1637/1001 1434/1660/1001
f 1412/1636/1002 1427/1661/1002 1428/1663/1002
f 1421/1640/1003 1420/1638/1003 1435/1662/1003
f 1413/1639/1004 1428/1663/1004 1429/1665/1004
f 1422/1642/1005 1421/1640/1005 1436/1664/1005
f 1414/1641/1006 1429/1665/1006 1430/1653/1006
f 1435/1662/1009 1434/1660/1009 1443/1117/1009
f 1427/1661/1010 966/1114/1010 1441/1120/1010
f 1436/1664/1011 1435/1662/1011 1444/1119/1011
f 1428/1663/1012 1441/1120/1012 967/1124/1012
f 1437/1666/1013 1436/1664/1013 1445/1123/1013
f 1429/1665/1014 967/1124/1014 968/1128/1014
f 1431/1654/1017 1430/1653/1017 968/1128/1017
f 1423/1668/1018 1438/1130/1018 1439/1136/1018
f 1432/1656/1019 1431/1654/1019 969/1135/1019
f 1424/1655/1020 1439/1136/1020 965/1140/1020
f 1433/1658/1021 1432/1656/1021 1442/1139/1021
f 1425/1657/1022 965/1140/1022 1440/1144/1022
f 1434/1660/1023 1433/1658/1023 970/1143/1023
f 1426/1659/1024 1440/1144/1024 966/1114/1024
f 1448/1672/1052 1922/1702/1052 1456/1673/1052
f 1926/1675/1615 1925/1703/1615 1464/1676/1615
f 1923/1678/1054 1448/1672/1054 1457/1674/1054
f 1927/1680/1055 1926/1675/1055 1465/1677/1055
f 1449/1682/1056 1923/1678/1056 1458/1679/1056
f 1928/1684/1057 1927/1680/1057 1466/1681/1057
f 1450/1686/1058 1449/1682/1058 1459/1683/1058
f 1451/1692/1061 1450/1686/1061 1460/1687/1061
f 1921/1694/1062 1920/1688/1062 1453/1690/1062
f 1924/1696/1063 1451/1692/1063 1461/1693/1063
f 1447/1698/1064 1921/1694/1064 1454/1695/1064
f 1452/1700/1065 1924/1696/1065 1462/1697/1065
f 1922/1702/1066 1447/1698/1066 1455/1699/1066
f 1925/1703/1067 1452/1700/1067 1463/1701/1067
f 1456/1673/1068 1455/1699/1068 1470/1704/1068
f 1464/1676/1069 1463/1701/1069 1478/1706/1069
f 1457/1674/1070 1456/1673/1070 1471/1705/1070
f 1465/1677/1071 1464/1676/1071 1479/1707/1071
f 1458/1679/1072 1457/1674/1072 1472/1708/1072
f 1466/1681/1073 1465/1677/1073 1480/1709/1073
f 1459/1683/1074 1458/1679/1074 1473/1710/1074
f 1467/1685/1075 1466/1681/1075 1481/1711/1075
f 1460/1687/1076 1459/1683/1076 1474/1712/1076
f 1461/1693/1079 1460/1687/1079 1475/1714/1079
f 1454/1695/1080 1453/1690/1080 1468/1716/1080
f 1462/1697/1081 1461/1693/1081 1476/1718/1081
f 1455/1699/1082 1454/1695/1082 1469/1719/1082
f 1463/1701/1083 1462/1697/1083 1477/1720/1083
f 1475/1714/1084 1474/1712/1084 1489/1721/1084
f 1476/1718/1087 1475/1714/1087 1490/1722/1087
f 1469/1719/1088 1468/1716/1088 1483/1724/1088
f 1477/1720/1089 1476/1718/1089 1491/1727/1089
f 1470/1704/1090 1469/1719/1090 1484/1728/1090
f 1478/1706/1091 1477/1720/1091 1492/1729/1091
f 1471/1705/1092 1470/1704/1092 1485/1730/1092
f 1479/1707/1093 1478/1706/1093 1493/1731/1093
f 1472/1708/1094 1471/1705/1094 1486/1732/1094
f 1480/1709/1095 1479/1707/1095 1494/1733/1095
f 1473/1710/1096 1472/1708/1096 1487/1734/1096
f 1481/1711/1097 1480/1709/1097 1495/1735/1097
f 1474/1712/1098 1473/1710/1098 1488/1736/1098
f 1482/1713/1099 1481/1711/1099 1496/1737/1099
f 1494/1733/1100 1493/1731/1100 1508/1738/1100
f 1487/1734/1101 1486/1732/1101 1501/1740/1101
f 1495/1735/1102 1494/1733/1102 1509/1739/1102
f 1488/1736/1103 1487/1734/1103 1502/1741/1103
f 1496/1737/1104 1495/1735/1104 1510/1742/1104
f 1489/1721/1105 1488/1736/1105 1503/1743/1105
f 1497/1726/1106 1496/1737/1106 1511/1744/1106
f 1490/1722/1107 1489/1721/1107 1504/1745/1107
f 1491/1727/1110 1490/1722/1110 1505/1747/1110
f 1484/1728/1111 1483/1724/1111 1498/1749/1111
f 1492/1729/1112 1491/1727/1112 1506/1751/1112
f 1485/1730/1113 1484/1728/1113 1499/1752/1113
f 1493/1731/1114 1492/1729/1114 1507/1753/1114
f 1486/1732/1115 1485/1730/1115 1500/1754/1115
f 1506/1751/1118 1505/1747/1118 1520/1759/1118
f 1499/1752/1119 1498/1749/1119 1513/1756/1119
f 1507/1753/1120 1506/1751/1120 1521/1760/1120
f 1500/1754/1121 1499/1752/1121 1514/1761/1121
f 1508/1738/1122 1507/1753/1122 1522/1762/1122
f 1501/1740/1123 1500/1754/1123 1515/1763/1123
f 1509/1739/1124 1508/1738/1124 1523/1764/1124
f 1502/1741/1125 1501/1740/1125 1516/1765/1125
f 1510/1742/1126 1509/1739/1126 1524/1766/1126
f 1503/1743/1127 1502/1741/1127 1517/1767/1127
f 1511/1744/1128 1510/1742/1128 1525/1768/1128
f 1504/1745/1129 1503/1743/1129 1518/1769/1129
f 1512/1746/1130 1511/1744/1130 1526/1770/1130
f 1505/1747/1131 1504/1745/1131 1519/1771/1131
f 1517/1767/1132 1516/1765/1132 1532/1772/1132
f 1525/1768/1133 1524/1766/1133 1540/1774/1133
f 1518/1769/1134 1517/1767/1134 1533/1773/1134
f 1526/1770/1135 1525/1768/1135 1541/1775/1135
f 1519/1771/1136 1518/1769/1136 1534/1776/1136
f 1527/1758/1137 1526/1770/1137 1542/1777/1137
f 1520/1759/1138 1519/1771/1138 1535/1778/1138
f 1521/1760/1141 1520/1759/1141 1536/1780/1141
f 1514/1761/1142 1513/1756/1142 1529/1782/1142
f 1522/1762/1143 1521/1760/1143 1537/1784/1143
f 1515/1763/1144 1514/1761/1144 1530/1785/1144
f 1523/1764/1145 1522/1762/1145 1538/1786/1145
f 1516/1765/1146 1515/1763/1146 1531/1787/1146
f 1524/1766/1147 1523/1764/1147 1539/1788/1147
f 1537/1784/1148 1536/1780/1148 1551/1789/1148
f 1530/1785/1149 1529/1782/1149 1544/1790/1149
f 1538/1786/1150 1537/1784/1150 1552/1789/1150
f 1531/1787/1151 1530/1785/1151 1545/1791/1151
f 1539/1788/1616 1538/1786/1616 1553/1792/1616
f 1532/1772/1153 1531/1787/1153 1546/1793/1153
f 1540/1774/1154 1539/1788/1154 1554/1794/1154
f 1533/1773/1155 1532/1772/1155 1547/1795/1155
f 1541/1775/1156 1540/1774/1156 1555/1796/1156
f 1534/1776/1157 1533/1773/1157 1548/1797/1157
f 1542/1777/1617 1541/1775/1617 1556/1798/1617
f 1535/1778/1159 1534/1776/1159 1549/1799/1159
f 1543/1779/1160 1542/1777/1160 1557/1800/1160
f 1536/1780/1161 1535/1778/1161 1550/1789/1161
f 1556/1798/1164 1555/1796/1164 1570/1804/1164
f 1549/1799/1165 1548/1797/1165 1563/1806/1165
f 1557/1800/1166 1556/1798/1166 1571/1805/1166
f 1550/1789/1167 1549/1799/1167 1564/1807/1167
f 1558/1801/1618 1557/1800/1618 1572/1808/1618
f 1551/1789/1169 1550/1789/1169 1565/1789/1169
f 1552/1789/1172 1551/1789/1172 1566/1789/1172
f 1545/1791/1173 1544/1790/1173 1559/1811/1173
f 1553/1792/1174 1552/1789/1174 1567/1789/1174
f 1546/1793/1175 1545/1791/1175 1560/1813/1175
f 1554/1794/1176 1553/1792/1176 1568/1814/1176
f 1547/1795/1177 1546/1793/1177 1561/1815/1177
f 1555/1796/1178 1554/1794/1178 1569/1816/1178
f 1548/1797/1179 1547/1795/1179 1562/1817/1179
f 1567/1789/1619 1582/1789/1619 1583/1818/1619
f 1560/1813/1181 1575/1831/1181 1576/1819/1181
f 1568/1814/1182 1583/1818/1182 1584/1820/1182
f 1561/1815/1183 1576/1819/1183 1577/1821/1183
f 1569/1816/1184 1584/1820/1184 1585/1822/1184
f 1562/1817/1185 1577/1821/1185 1578/1823/1185
f 1570/1804/1186 1585/1822/1186 1586/1824/1186
f 1563/1806/1187 1578/1823/1187 1579/1825/1187
f 1571/1805/1188 1586/1824/1188 1587/1826/1188
f 1564/1807/1189 1579/1825/1189 1580/1789/1189
f 1572/1808/1620 1587/1826/1620 1588/1827/1620
f 1565/1789/1191 1580/1789/1191 1581/1789/1191
f 1566/1789/1194 1581/1789/1194 1582/1789/1194
f 1559/1811/1195 1574/1829/1195 1575/1831/1195
f 1586/1824/1621 1601/1847/1621 1602/1832/1621
f 1579/1825/1197 1594/1848/1197 1595/1833/1197
f 1587/1826/1198 1602/1832/1198 1603/1834/1198
f 1580/1789/1199 1595/1833/1199 1596/1835/1199
f 1581/1789/1202 1596/1835/1202 1597/1839/1202
f 1574/1829/1203 1589/1837/1203 1590/1840/1203
f 1582/1789/1204 1597/1839/1204 1598/1841/1204
f 1575/1831/1205 1590/1840/1205 1591/1842/1205
f 1583/1818/1622 1598/1841/1622 1599/1843/1622
f 1576/1819/1207 1591/1842/1207 1592/1844/1207
f 1584/1820/1208 1599/1843/1208 1600/1845/1208
f 1577/1821/1209 1592/1844/1209 1593/1846/1209
f 1585/1822/1210 1600/1845/1210 1601/1847/1210
f 1578/1823/1211 1593/1846/1211 1594/1848/1211
f 1590/1840/1212 1605/1864/1212 1606/1849/1212
f 1598/1841/1213 1613/1865/1213 1614/1850/1213
f 1591/1842/1214 1606/1849/1214 1607/1851/1214
f 1599/1843/1215 1614/1850/1215 1615/1852/1215
f 1592/1844/1216 1607/1851/1216 1608/1853/1216
f 1600/1845/1217 1615/1852/1217 1616/1854/1217
f 1593/1846/1218 1608/1853/1218 1609/1855/1218
f 1601/1847/1219 1616/1854/1219 1617/1856/1219
f 1594/1848/1220 1609/1855/1220 1610/1857/1220
f 1602/1832/1221 1617/1856/1221 1618/1858/1221
f 1595/1833/1222 1610/1857/1222 1611/1859/1222
f 1596/1835/1225 1611/1859/1225 1612/1863/1225
f 1589/1837/1226 1604/1861/1226 1605/1864/1226
f 1597/1839/1227 1612/1863/1227 1613/1865/1227
f 1609/1855/1228 1624/1881/1228 1625/1866/1228
f 1617/1856/1623 1632/1882/1623 1633/1867/1623
f 1610/1857/1230 1625/1866/1230 1626/1868/1230
f 1611/1859/1233 1626/1868/1233 1627/1872/1233
f 1604/1861/1234 1619/1870/1234 1620/1873/1234
f 1612/1863/1235 1627/1872/1235 1628/1874/1235
f 1605/1864/1236 1620/1873/1236 1621/1875/1236
f 1613/1865/1237 1628/1874/1237 1629/1876/1237
f 1606/1849/1238 1621/1875/1238 1622/1877/1238
f 1614/1850/1239 1629/1876/1239 1630/1878/1239
f 1607/1851/1240 1622/1877/1240 1623/1879/1240
f 1615/1852/1241 1630/1878/1241 1631/1880/1241
f 1608/1853/1242 1623/1879/1242 1624/1881/1242
f 1616/1854/1243 1631/1880/1243 1632/1882/1243
f 1628/1874/1244 1643/1898/1244 1644/1883/1244
f 1621/1875/1245 1636/1899/1245 1637/1884/1245
f 1629/1876/1246 1644/1883/1246 1645/1885/1246
f 1622/1877/1247 1637/1884/1247 1638/1886/1247
f 1630/1878/1248 1645/1885/1248 1646/1887/1248
f 1623/1879/1249 1638/1886/1249 1639/1888/1249
f 1631/1880/1250 1646/1887/1250 1647/1889/1250
f 1624/1881/1251 1639/1888/1251 1640/1890/1251
f 1632/1882/1252 1647/1889/1252 1648/1891/1252
f 1625/1866/1253 1640/1890/1253 1641/1892/1253
f 1626/1868/1256 1641/1892/1256 1642/1896/1256
f 1619/1870/1257 1634/1894/1257 1635/1897/1257
f 1627/1872/1258 1642/1896/1258 1643/1898/1258
f 1620/1873/1259 1635/1897/1259 1636/1899/1259
f 1647/1889/1260 1662/1915/1260 1663/1900/1260
f 1640/1890/1261 1655/1916/1261 1656/1901/1261
f 1641/1892/1264 1656/1901/1264 1657/1905/1264
f 1634/1894/1265 1649/1903/1265 1650/1906/1265
f 1642/1896/1266 1657/1905/1266 1658/1907/1266
f 1635/1897/1267 1650/1906/1267 1651/1908/1267
f 1643/1898/1268 1658/1907/1268 1659/1909/1268
f 1636/1899/1269 1651/1908/1269 1652/1910/1269
f 1644/1883/1270 1659/1909/1270 1660/1911/1270
f 1637/1884/1271 1652/1910/1271 1653/1912/1271
f 1645/1885/1272 1660/1911/1272 1661/1913/1272
f 1638/1886/1273 1653/1912/1273 1654/1914/1273
f 1646/1887/1274 1661/1913/1274 1662/1915/1274
f 1639/1888/1275 1654/1914/1275 1655/1916/1275
f 1651/1908/1276 1666/1932/1276 1667/1917/1276
f 1659/1909/1277 1674/1933/1277 1675/1918/1277
f 1652/1910/1278 1667/1917/1278 1668/1919/1278
f 1660/1911/1279 1675/1918/1279 1676/1920/1279
f 1653/1912/1280 1668/1919/1280 1669/1921/1280
f 1661/1913/1281 1676/1920/1281 1677/1922/1281
f 1654/1914/1282 1669/1921/1282 1670/1923/1282
f 1662/1915/1283 1677/1922/1283 1678/1924/1283
f 1655/1916/1284 1670/1923/1284 1671/1925/1284
f 1656/1901/1287 1671/1925/1287 1672/1929/1287
f 1649/1903/1288 1664/1927/1288 1665/1930/1288
f 1657/1905/1289 1672/1929/1289 1673/1931/1289
f 1650/1906/1290 1665/1930/1290 1666/1932/1290
f 1658/1907/1291 1673/1931/1291 1674/1933/1291
f 1670/1923/1292 1685/1950/1292 1686/1934/1292
f 1671/1925/1295 1686/1934/1295 1687/1939/1295
f 1664/1927/1296 1679/1936/1296 1680/1940/1296
f 1672/1929/1297 1687/1939/1297 1688/1941/1297
f 1665/1930/1298 1680/1940/1298 1681/1942/1298
f 1673/1931/1299 1688/1941/1299 1689/1943/1299
f 1666/1932/1300 1681/1942/1300 1682/1944/1300
f 1674/1933/1301 1689/1943/1301 1690/1945/1301
f 1667/1917/1302 1682/1944/1302 1683/1946/1302
f 1675/1918/1303 1690/1945/1303 1691/1947/1303
f 1668/1919/1304 1683/1946/1304 1684/1948/1304
f 1676/1920/1305 1691/1947/1305 1692/1949/1305
f 1669/1921/1306 1684/1948/1306 1685/1950/1306
f 1677/1922/1307 1692/1949/1307 1693/1938/1307
f 1689/1943/1308 1704/1966/1308 1705/1951/1308
f 1682/1944/1309 1697/1967/1309 1698/1952/1309
f 1690/1945/1310 1705/1951/1310 1706/1953/1310
f 1683/1946/1311 1698/1952/1311 1699/1954/1311
f 1691/1947/1312 1706/1953/1312 1707/1955/1312
f 1684/1948/1313 1699/1954/1313 1700/1956/1313
f 1692/1949/1314 1707/1955/1314 1708/1957/1314
f 1685/1950/1315 1700/1956/1315 1701/1958/1315
f 1686/1934/1318 1701/1958/1318 1702/1962/1318
f 1679/1936/1319 1694/1960/1319 1695/1963/1319
f 1687/1939/1320 1702/1962/1320 1703/1964/1320
f 1680/1940/1321 1695/1963/1321 1696/1965/1321
f 1688/1941/1322 1703/1964/1322 1704/1966/1322
f 1681/1942/1323 1696/1965/1323 1697/1967/1323
f 1701/1958/1325 1716/1982/1325 1717/1970/1325
f 1694/1960/1326 1709/1984/1326 1710/1971/1326
f 1702/1962/1327 1717/1970/1327 1718/1972/1327
f 1695/1963/1328 1710/1971/1328 1711/1973/1328
f 1703/1964/1329 1718/1972/1329 1719/1974/1329
f 1696/1965/1330 1711/1973/1330 1712/1975/1330
f 1704/1966/1331 1719/1974/1331 1720/1976/1331
f 1697/1967/1332 1712/1975/1332 1713/1977/1332
f 1705/1951/1333 1720/1976/1333 1721/1978/1333
f 1698/1952/1334 1713/1977/1334 1714/1979/1334
f 1706/1953/1335 1721/1978/1335 1722/1980/1335
f 1699/1954/1336 1714/1979/1336 1715/1981/1336
f 1707/1955/1337 1722/1980/1337 1723/1969/1337
f 1700/1956/1338 1715/1981/1338 1716/1982/1338
f 1720/1976/1340 1735/2000/1340 1736/1985/1340
f 1713/1977/1341 1728/2001/1341 1729/1986/1341
f 1721/1978/1342 1736/1985/1342 1737/1987/1342
f 1714/1979/1343 1729/1986/1343 1730/1988/1343
f 1722/1980/1344 1737/1987/1344 1738/1989/1344
f 1715/1981/1345 1730/1988/1345 1731/1990/1345
f 1716/1982/1348 1731/1990/1348 1732/1994/1348
f 1709/1984/1349 1724/1992/1349 1725/1995/1349
f 1717/1970/1350 1732/1994/1350 1733/1996/1350
f 1710/1971/1351 1725/1995/1351 1726/1997/1351
f 1718/1972/1352 1733/1996/1352 1734/1998/1352
f 1711/1973/1353 1726/1997/1353 1727/1999/1353
f 1719/1974/1354 1734/1998/1354 1735/2000/1354
f 1712/1975/1355 1727/1999/1355 1728/2001/1355
f 1724/1992/1356 1739/2016/1356 1740/2002/1356
f 1732/1994/1357 1747/2018/1357 1748/2003/1357
f 1725/1995/1358 1740/2002/1358 1741/2004/1358
f 1733/1996/1359 1748/2003/1359 1749/2005/1359
f 1726/1997/1360 1741/2004/1360 1742/2006/1360
f 1734/1998/1361 1749/2005/1361 1750/2007/1361
f 1727/1999/1362 1742/2006/1362 1743/2008/1362
f 1735/2000/1363 1750/2007/1363 1751/2009/1363
f 1728/2001/1364 1743/2008/1364 1744/2010/1364
f 1736/1985/1365 1751/2009/1365 1752/2011/1365
f 1729/1986/1366 1744/2010/1366 1745/2012/1366
f 1737/1987/1367 1752/2011/1367 1753/2013/1367
f 1730/1988/1368 1745/2012/1368 1746/2014/1368
f 1731/1990/1371 1746/2014/1371 1747/2018/1371
f 1743/2008/1372 1759/2034/1372 1760/2019/1372
f 1751/2009/1373 1767/2035/1373 1768/2020/1373
f 1744/2010/1374 1760/2019/1374 1761/2021/1374
f 1752/2011/1375 1768/2020/1375 1769/2022/1375
f 1745/2012/1376 1761/2021/1376 1762/2023/1376
f 1746/2014/1379 1762/2023/1379 1763/2027/1379
f 1739/2016/1380 1755/2025/1380 1756/2028/1380
f 1747/2018/1381 1763/2027/1381 1764/2029/1381
f 1740/2002/1382 1756/2028/1382 1757/2030/1382
f 1748/2003/1383 1764/2029/1383 1765/2031/1383
f 1741/2004/1384 1757/2030/1384 1758/2032/1384
f 1749/2005/1385 1765/2031/1385 1766/2033/1385
f 1742/2006/1386 1758/2032/1386 1759/2034/1386
f 1750/2007/1387 1766/2033/1387 1767/2035/1387
f 1763/2027/1388 1778/2051/1388 1779/2036/1388
f 1756/2028/1389 1771/2052/1389 1772/2037/1389
f 1764/2029/1390 1779/2036/1390 1780/2038/1390
f 1757/2030/1391 1772/2037/1391 1773/2039/1391
f 1765/2031/1392 1780/2038/1392 1781/2040/1392
f 1758/2032/1393 1773/2039/1393 1774/2041/1393
f 1766/2033/1394 1781/2040/1394 1782/2042/1394
f 1759/2034/1395 1774/2041/1395 1775/2043/1395
f 1767/2035/1624 1782/2042/1624 1783/2044/1624
f 1760/2019/1397 1775/2043/1397 1776/2045/1397
f 1768/2020/1398 1783/2044/1398 1784/2046/1398
f 1761/2021/1399 1776/2045/1399 1777/2047/1399
f 1762/2023/1402 1777/2047/1402 1778/2051/1402
f 1755/2025/1403 1770/2049/1403 1771/2052/1403
f 1782/2042/1625 1797/2068/1625 1798/2053/1625
f 1775/2043/1405 1790/2069/1405 1791/2054/1405
f 1783/2044/1406 1798/2053/1406 1799/2055/1406
f 1776/2045/1407 1791/2054/1407 1792/2056/1407
f 1777/2047/1410 1792/2056/1410 1793/2060/1410
f 1770/2049/1411 1785/2058/1411 1786/2061/1411
f 1778/2051/1412 1793/2060/1412 1794/2062/1412
f 1771/2052/1626 1786/2061/1626 1787/2063/1626
f 1779/2036/1414 1794/2062/1414 1795/2064/1414
f 1772/2037/1415 1787/2063/1415 1788/2065/1415
f 1780/2038/1416 1795/2064/1416 1796/2066/1416
f 1773/2039/1417 1788/2065/1417 1789/2067/1417
f 1781/2040/1418 1796/2066/1418 1797/2068/1418
f 1774/2041/1627 1789/2067/1627 1790/2069/1627
f 1786/2061/1420 1801/2085/1420 1802/2070/1420
f 1794/2062/1421 1809/2086/1421 1810/2071/1421
f 1787/2063/1422 1802/2070/1422 1803/2072/1422
f 1795/2064/1423 1810/2071/1423 1811/2073/1423
f 1788/2065/1424 1803/2072/1424 1804/2074/1424
f 1796/2066/1425 1811/2073/1425 1812/2075/1425
f 1789/2067/1426 1804/2074/1426 1805/2076/1426
f 1797/2068/1427 1812/2075/1427 1813/2077/1427
f 1790/2069/1428 1805/2076/1428 1806/2078/1428
f 1798/2053/1429 1813/2077/1429 1814/2079/1429
f 1791/2054/1430 1806/2078/1430 1807/2080/1430
f 1792/2056/1433 1807/2080/1433 1808/2084/1433
f 1785/2058/1434 1800/2082/1434 1801/2085/1434
f 1793/2060/1435 1808/2084/1435 1809/2086/1435
f 1806/2087/1436 1805/2117/1436 1820/2088/1436
f 1814/2090/1437 1813/2118/1437 1828/2091/1437
f 1807/2093/1438 1806/2087/1438 1821/2089/1438
f 1808/2099/1441 1807/2093/1441 1822/2094/1441
f 1801/2101/1442 1800/2095/1442 1815/2097/1442
f 1809/2103/1443 1808/2099/1443 1823/2100/1443
f 1802/2105/1444 1801/2101/1444 1816/2102/1444
f 1810/2107/1445 1809/2103/1445 1824/2104/1445
f 1803/2109/1446 1802/2105/1446 1817/2106/1446
f 1811/2111/1447 1810/2107/1447 1825/2108/1447
f 1804/2113/1448 1803/2109/1448 1818/2110/1448
f 1812/2115/1449 1811/2111/1449 1826/2112/1449
f 1805/2117/1450 1804/2113/1450 1819/2114/1450
f 1813/2118/1451 1812/2115/1451 1827/2116/1451
f 1825/2108/1628 1824/2104/1628 1839/2119/1628
f 1818/2110/1453 1817/2106/1453 1832/2121/1453
f 1826/2112/1454 1825/2108/1454 1840/2120/1454
f 1819/2114/1455 1818/2110/1455 1833/2122/1455
f 1827/2116/1456 1826/2112/1456 1841/2123/1456
f 1820/2088/1457 1819/2114/1457 1834/2124/1457
f 1828/2091/1629 1827/2116/1629 1842/2125/1629
f 1821/2089/1459 1820/2088/1459 1835/2126/1459
f 1829/2092/1460 1828/2091/1460 1843/2127/1460
f 1822/2094/1461 1821/2089/1461 1836/2128/1461
f 1823/2100/1464 1822/2094/1464 1837/2130/1464
f 1816/2102/1465 1815/2097/1465 1830/2132/1465
f 1824/2104/1466 1823/2100/1466 1838/2134/1466
f 1817/2106/1467 1816/2102/1467 1831/2135/1467
f 1844/2129/1468 1843/2127/1468 1858/2136/1468
f 1837/2130/1469 1836/2128/1469 1851/2138/1469
f 1838/2134/1472 1837/2130/1472 1852/2139/1472
f 1831/2135/1473 1830/2132/1473 1845/2141/1473
f 1839/2119/1474 1838/2134/1474 1853/2143/1474
f 1832/2121/1630 1831/2135/1630 1846/2144/1630
f 1840/2120/1476 1839/2119/1476 1854/2145/1476
f 1833/2122/1477 1832/2121/1477 1847/2146/1477
f 1841/2123/1478 1840/2120/1478 1855/2147/1478
f 1834/2124/1479 1833/2122/1479 1848/2148/1479
f 1842/2125/1480 1841/2123/1480 1856/2149/1480
f 1835/2126/1481 1834/2124/1481 1849/2150/1481
f 1843/2127/1482 1842/2125/1482 1857/2151/1482
f 1836/2128/1483 1835/2126/1483 1850/2152/1483
f 1856/2149/1484 1855/2147/1484 1870/2153/1484
f 1849/2150/1485 1848/2148/1485 1863/2155/1485
f 1857/2151/1486 1856/2149/1486 1871/2154/1486
f 1850/2152/1487 1849/2150/1487 1864/2156/1487
f 1858/2136/1488 1857/2151/1488 1872/2157/1488
f 1851/2138/1489 1850/2152/1489 1865/2158/1489
f 1859/2137/1490 1858/2136/1490 1873/2159/1490
f 1852/2139/1491 1851/2138/1491 1866/2160/1491
f 1853/2143/1494 1852/2139/1494 1867/2162/1494
f 1846/2144/1495 1845/2141/1495 1860/2164/1495
f 1854/2145/1496 1853/2143/1496 1868/2166/1496
f 1847/2146/1497 1846/2144/1497 1861/2167/1497
f 1855/2147/1498 1854/2145/1498 1869/2168/1498
f 1848/2148/1499 1847/2146/1499 1862/2169/1499
f 1868/2166/1502 1867/2162/1502 1882/2174/1502
f 1861/2167/1503 1860/2164/1503 1875/2171/1503
f 1869/2168/1504 1868/2166/1504 1883/2175/1504
f 1862/2169/1505 1861/2167/1505 1876/2176/1505
f 1870/2153/1506 1869/2168/1506 1884/2177/1506
f 1863/2155/1507 1862/2169/1507 1877/2178/1507
f 1871/2154/1508 1870/2153/1508 1885/2179/1508
f 1864/2156/1509 1863/2155/1509 1878/2180/1509
f 1872/2157/1510 1871/2154/1510 1886/2181/1510
f 1865/2158/1511 1864/2156/1511 1879/2182/1511
f 1873/2159/1512 1872/2157/1512 1887/2183/1512
f 1866/2160/1513 1865/2158/1513 1880/2184/1513
f 1874/2161/1514 1873/2159/1514 1888/2185/1514
f 1867/2162/1515 1866/2160/1515 1881/2186/1515
f 1879/2182/1516 1878/2180/1516 1893/2187/1516
f 1887/2183/1517 1886/2181/1517 1901/2189/1517
f 1880/2184/1518 1879/2182/1518 1894/2188/1518
f 1888/2185/1519 1887/2183/1519 1902/2190/1519
f 1881/2186/1520 1880/2184/1520 1895/2191/1520
f 1889/2173/1521 1888/2185/1521 1903/2192/1521
f 1882/2174/1522 1881/2186/1522 1896/2193/1522
f 1883/2175/1525 1882/2174/1525 1897/2195/1525
f 1876/2176/1526 1875/2171/1526 1890/2197/1526
f 1884/2177/1527 1883/2175/1527 1898/2199/1527
f 1877/2178/1528 1876/2176/1528 1891/2200/1528
f 1885/2179/1529 1884/2177/1529 1899/2201/1529
f 1878/2180/1530 1877/2178/1530 1892/2202/1530
f 1886/2181/1531 1885/2179/1531 1900/2203/1531
f 1898/2199/1532 1897/2195/1532 1912/2204/1532
f 1891/2200/1533 1890/2197/1533 1905/2206/1533
f 1899/2201/1534 1898/2199/1534 1913/2205/1534
f 1892/2202/1535 1891/2200/1535 1906/2207/1535
f 1900/2203/1536 1899/2201/1536 1914/2208/1536
f 1893/2187/1537 1892/2202/1537 1907/2209/1537
f 1901/2189/1538 1900/2203/1538 1915/2210/1538
f 1894/2188/1539 1893/2187/1539 1908/2211/1539
f 1902/2190/1540 1901/2189/1540 1916/2212/1540
f 1895/2191/1541 1894/2188/1541 1909/2213/1541
f 1903/2192/1542 1902/2190/1542 1917/2214/1542
f 1896/2193/1543 1895/2191/1543 1910/2215/1543
f 1904/2194/1544 1903/2192/1544 1918/2216/1544
f 1897/2195/1545 1896/2193/1545 1911/2217/1545
f 1917/2214/1548 1916/2212/1548 1925/1703/1548
f 1910/2215/1549 1909/2213/1549 1448/1672/1549
f 1918/2216/1550 1917/2214/1550 1926/1675/1550
f 1911/2217/1551 1910/2215/1551 1923/1678/1551
f 1919/2218/1552 1918/2216/1552 1927/1680/1552
f 1912/2204/1553 1911/2217/1553 1449/1682/1553
f 1913/2205/1556 1912/2204/1556 1450/1686/1556
f 1906/2207/1557 1905/2206/1557 1920/1688/1557
f 1914/2208/1558 1913/2205/1558 1451/1692/1558
f 1907/2209/1559 1906/2207/1559 1921/1694/1559
f 1915/2210/1560 1914/2208/1560 1924/1696/1560
f 1908/2211/1631 1907/2209/1631 1447/1698/1631
f 1916/2212/1562 1915/2210/1562 1452/1700/1562
f 1909/2213/1563 1908/2211/1563 1922/1702/1563
