# Blender 4.1.1
# www.blender.org
mtllib Hugu.mtl
o 球.001
v -0.602251 0.934720 -0.964393
v -0.628016 0.887419 -1.010587
v -0.656691 0.818691 -1.062599
v -0.670752 0.779474 -1.088315
v -0.683907 0.738997 -1.112512
v -0.705521 0.660469 -1.152728
v -0.574969 0.953447 -0.935696
v -0.575345 0.948034 -0.954851
v -0.578482 0.934884 -0.977616
v -0.584255 0.914499 -1.003118
v -0.592442 0.887666 -1.030375
v -0.602733 0.855413 -1.058341
v -0.614729 0.818981 -1.085942
v -0.627968 0.779769 -1.112115
v -0.641945 0.739286 -1.135856
v -0.656120 0.699086 -1.156251
v -0.669948 0.660714 -1.172518
v -0.682900 0.625645 -1.184031
v -0.694476 0.595226 -1.190348
v -0.704232 0.570629 -1.191227
v -0.711794 0.552794 -1.186630
v -0.566766 0.953255 -0.939865
v -0.559254 0.947661 -0.963028
v -0.555120 0.934341 -0.989488
v -0.554522 0.913809 -1.018227
v -0.557482 0.886853 -1.048142
v -0.563885 0.854510 -1.078082
v -0.573489 0.818023 -1.106899
v -0.585921 0.778793 -1.133483
v -0.600705 0.738327 -1.156814
v -0.617271 0.698183 -1.175992
v -0.634986 0.659902 -1.190285
v -0.653167 0.624955 -1.199140
v -0.671114 0.594685 -1.202219
v -0.688141 0.570255 -1.199404
v -0.703590 0.552605 -1.190799
v -0.559021 0.952824 -0.943398
v -0.544064 0.946815 -0.969960
v -0.533067 0.933113 -0.999550
v -0.526452 0.912245 -1.031035
v -0.524475 0.885014 -1.063204
v -0.527211 0.852467 -1.094818
v -0.534555 0.815854 -1.124665
v -0.546224 0.776581 -1.151597
v -0.561771 0.736159 -1.174579
v -0.580597 0.696140 -1.192728
v -0.601980 0.658063 -1.205347
v -0.625097 0.623392 -1.211949
v -0.649061 0.593455 -1.212283
v -0.672950 0.569408 -1.206334
v -0.695846 0.552173 -1.194333
v -0.552034 0.952169 -0.946161
v -0.530356 0.945528 -0.975380
v -0.513166 0.931246 -1.007421
v -0.501124 0.909868 -1.041051
v -0.494692 0.882219 -1.074981
v -0.494118 0.849362 -1.107905
v -0.499423 0.812557 -1.138557
v -0.510404 0.773220 -1.165761
v -0.526640 0.732863 -1.188470
v -0.547504 0.693036 -1.205814
v -0.572197 0.655268 -1.217124
v -0.599770 0.621015 -1.221965
v -0.629160 0.591588 -1.220152
v -0.659242 0.568121 -1.211755
v -0.688858 0.551516 -1.197096
v -0.546070 0.951315 -0.948048
v -0.518660 0.943851 -0.979080
v -0.496185 0.928810 -1.012792
v -0.479510 0.906770 -1.047888
v -0.469278 0.878576 -1.083021
v -0.465879 0.845313 -1.116838
v -0.469445 0.808259 -1.148041
v -0.479839 0.768838 -1.175432
v -0.496662 0.728564 -1.197956
v -0.519265 0.688987 -1.214747
v -0.546784 0.651625 -1.225163
v -0.578157 0.617916 -1.228803
v -0.612180 0.589154 -1.225524
v -0.647546 0.566445 -1.215455
v -0.682895 0.550663 -1.198982
v -0.577363 0.950911 -0.920889
v -0.541361 0.950292 -0.948985
v -0.509423 0.941848 -0.980918
v -0.482776 0.925902 -1.015460
v -0.462444 0.903069 -1.051286
v -0.449209 0.874224 -1.087014
v -0.443581 0.840478 -1.121276
v -0.445772 0.803126 -1.152753
v -0.455703 0.763604 -1.180235
v -0.472989 0.723431 -1.202668
v -0.496967 0.684150 -1.219185
v -0.526713 0.647273 -1.229158
v -0.561089 0.614215 -1.232199
v -0.598770 0.586246 -1.228194
v -0.638309 0.564442 -1.217294
v -0.678185 0.549642 -1.199921
v -0.538087 0.949145 -0.948938
v -0.503000 0.939595 -0.980824
v -0.473452 0.922632 -1.015324
v -0.450577 0.898907 -1.051112
v -0.435256 0.869330 -1.086810
v -0.428075 0.835041 -1.121048
v -0.429313 0.797354 -1.152510
v -0.438921 0.757718 -1.179988
v -0.456529 0.717659 -1.202425
v -0.481462 0.678714 -1.218958
v -0.512761 0.642380 -1.228953
v -0.549222 0.610053 -1.232024
v -0.589446 0.582977 -1.228057
v -0.631886 0.562190 -1.217199
v -0.674912 0.548493 -1.199873
v -0.536374 0.947913 -0.947905
v -0.499640 0.937181 -0.978800
v -0.468575 0.919126 -1.012386
v -0.444368 0.894445 -1.047372
v -0.427955 0.864085 -1.082414
v -0.419963 0.829210 -1.116164
v -0.420702 0.791165 -1.147326
v -0.430142 0.751409 -1.174700
v -0.447918 0.711471 -1.197238
v -0.473351 0.672884 -1.214074
v -0.505461 0.637133 -1.224557
v -0.543015 0.605591 -1.228287
v -0.584569 0.579471 -1.225119
v -0.628526 0.559776 -1.215176
v -0.673198 0.547261 -1.198839
v -0.536288 0.946646 -0.945930
v -0.499472 0.934696 -0.974926
v -0.468328 0.915520 -1.006762
v -0.444057 0.889855 -1.040213
v -0.427588 0.858686 -1.073995
v -0.419556 0.823211 -1.106810
v -0.420269 0.784796 -1.137395
v -0.429700 0.744917 -1.164576
v -0.447485 0.705102 -1.187308
v -0.472942 0.666885 -1.204720
v -0.505093 0.631735 -1.216138
v -0.542702 0.601001 -1.221126
v -0.584322 0.575864 -1.219494
v -0.628357 0.557291 -1.211301
v -0.673113 0.545995 -1.196866
v -0.537832 0.945394 -0.943086
v -0.502499 0.932238 -0.969348
v -0.472724 0.911951 -0.998665
v -0.449652 0.885310 -1.029907
v -0.434167 0.853343 -1.061877
v -0.426867 0.817276 -1.093345
v -0.428029 0.778496 -1.123101
v -0.437612 0.738492 -1.150002
v -0.455246 0.698800 -1.173014
v -0.480253 0.660949 -1.191255
v -0.511671 0.626392 -1.204020
v -0.548296 0.596456 -1.210822
v -0.588719 0.572294 -1.211396
v -0.631385 0.554831 -1.205724
v -0.674657 0.544742 -1.194021
v -0.540946 0.944202 -0.939484
v -0.508609 0.929898 -0.962283
v -0.481594 0.908554 -0.988407
v -0.460940 0.880989 -1.016853
v -0.447442 0.848261 -1.046526
v -0.441616 0.811629 -1.076288
v -0.443687 0.772502 -1.104992
v -0.453577 0.732380 -1.131539
v -0.470904 0.692806 -1.154907
v -0.495002 0.655303 -1.174197
v -0.524947 0.621311 -1.188669
v -0.559585 0.592135 -1.197766
v -0.597588 0.568899 -1.201140
v -0.637495 0.552494 -1.198659
v -0.677772 0.543550 -1.190420
v -0.545512 0.943116 -0.935263
v -0.517565 0.927770 -0.954001
v -0.494596 0.905465 -0.976384
v -0.477488 0.877056 -1.001550
v -0.466900 0.843637 -1.028532
v -0.463236 0.806490 -1.056294
v -0.466640 0.767046 -1.083767
v -0.476979 0.726816 -1.109898
v -0.493856 0.687351 -1.133682
v -0.516622 0.650164 -1.154203
v -0.544404 0.616685 -1.170675
v -0.576133 0.588203 -1.182463
v -0.610590 0.565808 -1.189116
v -0.646451 0.550365 -1.190377
v -0.682336 0.542464 -1.186197
v -0.551353 0.942179 -0.930582
v -0.529022 0.925934 -0.944821
v -0.511229 0.902798 -0.963056
v -0.498660 0.873662 -0.984587
v -0.491794 0.839645 -1.008585
v -0.490898 0.802056 -1.034130
v -0.496004 0.762337 -1.060239
v -0.506918 0.722017 -1.085909
v -0.523221 0.682643 -1.110153
v -0.544284 0.645729 -1.132040
v -0.569299 0.612695 -1.150729
v -0.597304 0.584808 -1.165500
v -0.627224 0.563141 -1.175788
v -0.657909 0.548527 -1.181197
v -0.688177 0.541528 -1.181517
v -0.558244 0.941428 -0.925624
v -0.542541 0.924459 -0.935096
v -0.530857 0.900657 -0.948937
v -0.523640 0.870937 -0.966616
v -0.521167 0.836442 -0.987454
v -0.523537 0.798496 -1.010650
v -0.530654 0.758559 -1.035312
v -0.542246 0.718164 -1.060494
v -0.557870 0.678864 -1.085227
v -0.576923 0.642169 -1.108560
v -0.598672 0.609491 -1.129597
v -0.622285 0.582084 -1.147530
v -0.646851 0.561001 -1.161669
v -0.671427 0.547053 -1.171472
v -0.695070 0.540776 -1.176559
v -0.565924 0.940890 -0.920579
v -0.557602 0.923403 -0.925199
v -0.552722 0.899125 -0.934568
v -0.551470 0.868987 -0.948328
v -0.553893 0.834149 -0.965949
v -0.559898 0.795949 -0.986755
v -0.569256 0.755855 -1.009946
v -0.581604 0.715407 -1.034631
v -0.596471 0.676160 -1.059859
v -0.613285 0.639623 -1.084664
v -0.631398 0.607198 -1.108092
v -0.650115 0.580134 -1.129242
v -0.668716 0.559469 -1.147300
v -0.686489 0.545998 -1.161573
v -0.702748 0.540238 -1.171514
v -0.574093 0.940586 -0.915640
v -0.573629 0.922808 -0.915510
v -0.575987 0.898260 -0.920502
v -0.581081 0.867887 -0.930425
v -0.588711 0.832854 -0.944898
v -0.598586 0.794510 -0.963365
v -0.610325 0.754327 -0.985114
v -0.623481 0.713849 -1.009312
v -0.637542 0.674632 -1.035028
v -0.651973 0.638184 -1.061274
v -0.666217 0.605904 -1.087041
v -0.679726 0.579034 -1.111338
v -0.691982 0.558603 -1.133234
v -0.702515 0.545402 -1.151885
v -0.710918 0.539934 -1.166575
v -0.582440 0.940529 -0.910997
v -0.590001 0.922694 -0.906401
v -0.599756 0.898095 -0.907278
v -0.611333 0.867678 -0.913595
v -0.624285 0.832609 -0.925108
v -0.638113 0.794236 -0.941376
v -0.652289 0.754037 -0.961771
v -0.666265 0.713554 -0.985511
v -0.679504 0.674343 -1.011684
v -0.691499 0.637910 -1.039285
v -0.701790 0.605657 -1.067252
v -0.709977 0.578824 -1.094509
v -0.715751 0.558440 -1.120011
v -0.718887 0.545289 -1.142776
v -0.719264 0.539877 -1.161931
v -0.590643 0.940718 -0.906827
v -0.606092 0.923069 -0.898225
v -0.623118 0.898638 -0.895407
v -0.641066 0.868368 -0.898487
v -0.659247 0.833421 -0.907341
v -0.676961 0.795140 -0.921635
v -0.693529 0.754995 -0.940813
v -0.708312 0.714530 -0.964143
v -0.720744 0.675300 -0.990728
v -0.730347 0.638813 -1.019544
v -0.736752 0.606471 -1.049485
v -0.739711 0.579515 -1.079400
v -0.739113 0.558983 -1.108140
v -0.734978 0.545662 -1.134599
v -0.727467 0.540068 -1.157762
v -0.598387 0.941150 -0.903294
v -0.621284 0.923915 -0.891293
v -0.645171 0.899868 -0.885343
v -0.669136 0.869932 -0.885677
v -0.692253 0.835260 -0.892280
v -0.713635 0.797183 -0.904898
v -0.732462 0.757164 -0.923048
v -0.748008 0.716742 -0.946030
v -0.759677 0.677469 -0.972962
v -0.767021 0.640857 -1.002808
v -0.769758 0.608309 -1.034423
v -0.767781 0.581078 -1.066592
v -0.761166 0.560211 -1.098076
v -0.750169 0.546509 -1.127668
v -0.735211 0.540498 -1.154229
v -0.605375 0.941805 -0.900531
v -0.634990 0.925200 -0.885871
v -0.665072 0.901735 -0.877475
v -0.694464 0.872308 -0.875662
v -0.722035 0.838055 -0.880504
v -0.746729 0.800287 -0.891812
v -0.767593 0.760461 -0.909156
v -0.783828 0.720103 -0.931865
v -0.794809 0.680766 -0.959069
v -0.800115 0.643961 -0.989722
v -0.799541 0.611104 -1.022647
v -0.793109 0.583455 -1.056576
v -0.781067 0.562078 -1.090207
v -0.763877 0.547796 -1.122247
v -0.742200 0.541155 -1.151466
v -0.716869 0.542412 -1.176739
v -0.611339 0.942661 -0.898644
v -0.646687 0.926878 -0.882172
v -0.682053 0.904169 -0.872103
v -0.716077 0.875407 -0.868824
v -0.747449 0.841698 -0.872463
v -0.774967 0.804336 -0.882879
v -0.797571 0.764759 -0.899672
v -0.814392 0.724486 -0.922197
v -0.824787 0.685063 -0.949586
v -0.828354 0.648010 -0.980789
v -0.824954 0.614747 -1.014606
v -0.814722 0.586553 -1.049739
v -0.798048 0.564513 -1.084834
v -0.775573 0.549471 -1.118547
v -0.748163 0.542009 -1.149579
v -0.616048 0.943681 -0.897707
v -0.655924 0.928881 -0.880333
v -0.695464 0.907077 -0.869433
v -0.733144 0.879108 -0.865428
v -0.767520 0.846050 -0.868469
v -0.797266 0.809171 -0.878441
v -0.821244 0.769892 -0.894961
v -0.838530 0.729719 -0.917392
v -0.848460 0.690197 -0.944874
v -0.850654 0.652845 -0.976351
v -0.845024 0.619099 -1.010612
v -0.831789 0.590255 -1.046341
v -0.811457 0.567421 -1.082166
v -0.784810 0.551476 -1.116708
v -0.752872 0.543029 -1.148642
v -0.619321 0.944830 -0.897756
v -0.662346 0.931133 -0.880427
v -0.704786 0.910346 -0.869571
v -0.745010 0.883270 -0.865602
v -0.781471 0.850944 -0.868673
v -0.812770 0.814609 -0.878669
v -0.837703 0.775663 -0.895201
v -0.855311 0.735605 -0.917638
v -0.864920 0.695969 -0.945116
v -0.866156 0.658283 -0.976578
v -0.858977 0.623993 -1.010817
v -0.843655 0.594416 -1.046515
v -0.820781 0.570691 -1.082303
v -0.791233 0.553728 -1.116803
v -0.756146 0.544178 -1.148690
v -0.621034 0.946061 -0.898787
v -0.665707 0.933547 -0.882451
v -0.709664 0.913853 -0.872508
v -0.751219 0.887732 -0.869341
v -0.788772 0.856190 -0.873070
v -0.820883 0.820439 -0.883553
v -0.846315 0.781853 -0.900388
v -0.864091 0.741914 -0.922926
v -0.873531 0.702158 -0.950301
v -0.874269 0.664113 -0.981464
v -0.866277 0.629238 -1.015213
v -0.849864 0.598879 -1.050254
v -0.825658 0.574195 -1.085240
v -0.794593 0.556142 -1.118827
v -0.757858 0.545410 -1.149721
v -0.621120 0.947328 -0.900762
v -0.665875 0.936032 -0.886325
v -0.709910 0.917459 -0.878133
v -0.751530 0.892322 -0.876501
v -0.789140 0.861588 -0.881489
v -0.821291 0.826438 -0.892909
v -0.846748 0.788221 -0.910318
v -0.864533 0.748407 -0.933051
v -0.873964 0.708526 -0.960233
v -0.874677 0.670110 -0.990819
v -0.866645 0.634637 -1.023632
v -0.850177 0.603468 -1.057414
v -0.825905 0.577804 -1.090866
v -0.794761 0.558626 -1.122700
v -0.757944 0.546676 -1.151697
v -0.619576 0.948581 -0.903606
v -0.662847 0.938492 -0.891903
v -0.705514 0.921030 -0.886230
v -0.745936 0.896867 -0.886805
v -0.782561 0.866931 -0.893606
v -0.813979 0.832374 -0.906373
v -0.838987 0.794522 -0.924613
v -0.856621 0.754832 -0.947625
v -0.866203 0.714828 -0.974526
v -0.867365 0.676047 -1.004283
v -0.860065 0.639980 -1.035749
v -0.844581 0.608012 -1.067719
v -0.821508 0.581372 -1.098962
v -0.791733 0.561085 -1.128278
v -0.756402 0.547929 -1.154540
v -0.616462 0.949773 -0.907208
v -0.656737 0.940829 -0.898967
v -0.696644 0.924425 -0.896487
v -0.734647 0.901188 -0.899860
v -0.769286 0.872013 -0.908958
v -0.799231 0.838020 -0.923429
v -0.823329 0.800516 -0.942720
v -0.840656 0.760943 -0.966087
v -0.850545 0.720822 -0.992634
v -0.852617 0.681694 -1.021339
v -0.846791 0.645062 -1.051101
v -0.833292 0.612334 -1.080773
v -0.812639 0.584769 -1.109220
v -0.785624 0.563425 -1.135343
v -0.753286 0.549121 -1.158143
v -0.611896 0.950859 -0.911429
v -0.647783 0.942959 -0.907250
v -0.683643 0.927516 -0.908511
v -0.718099 0.905120 -0.915163
v -0.749829 0.876637 -0.926952
v -0.777610 0.843159 -0.943423
v -0.800378 0.805972 -0.963946
v -0.817254 0.766506 -0.987729
v -0.827593 0.726277 -1.013860
v -0.830997 0.686833 -1.041334
v -0.827334 0.649686 -1.069095
v -0.816744 0.616267 -1.096076
v -0.799637 0.587859 -1.121242
v -0.776669 0.565554 -1.143625
v -0.748721 0.550207 -1.162364
v -0.606056 0.951796 -0.916110
v -0.636324 0.944796 -0.916429
v -0.667009 0.930181 -0.921839
v -0.696928 0.908516 -0.932127
v -0.724934 0.880629 -0.946898
v -0.749949 0.847594 -0.965587
v -0.771012 0.810680 -0.987473
v -0.787315 0.771306 -1.011719
v -0.798228 0.730986 -1.037388
v -0.803335 0.691268 -1.063496
v -0.802439 0.653678 -1.089041
v -0.795574 0.619661 -1.113040
v -0.783003 0.590525 -1.134570
v -0.765210 0.567390 -1.152805
v -0.742880 0.551144 -1.167044
v -0.599163 0.952547 -0.921068
v -0.622805 0.946270 -0.926155
v -0.647381 0.932322 -0.935957
v -0.671947 0.911239 -0.950097
v -0.695560 0.883832 -0.968030
v -0.717310 0.851154 -0.989067
v -0.736362 0.814459 -1.012400
v -0.751986 0.775159 -1.037133
v -0.763579 0.734765 -1.062315
v -0.770696 0.694826 -1.086977
v -0.773066 0.656882 -1.110173
v -0.770594 0.622386 -1.131010
v -0.763376 0.592666 -1.148690
v -0.751691 0.568865 -1.162531
v -0.735988 0.551895 -1.172002
v -0.591485 0.953086 -0.926113
v -0.607744 0.947326 -0.936054
v -0.625516 0.933854 -0.950327
v -0.644118 0.913189 -0.968386
v -0.662835 0.886125 -0.989534
v -0.680948 0.853701 -1.012962
v -0.697761 0.817164 -1.037767
v -0.712628 0.777917 -1.062996
v -0.724977 0.737469 -1.087680
v -0.734334 0.697374 -1.110872
v -0.740341 0.659175 -1.131678
v -0.742763 0.624336 -1.149299
v -0.741510 0.594198 -1.163059
v -0.736630 0.569919 -1.172429
v -0.728309 0.552433 -1.177048
v -0.583315 0.953389 -0.931051
v -0.591719 0.947921 -0.945742
v -0.614506 0.914290 -0.986289
v -0.642261 0.855140 -1.036352
v -0.695647 0.698813 -1.134264
v -0.713153 0.625436 -1.167202
v -0.718245 0.595063 -1.177126
v -0.720604 0.570515 -1.182117
v -0.720140 0.552737 -1.181986
v 0.000000 1.093247 -0.835251
v 0.000000 0.730484 -1.250043
v 0.000000 0.256512 -1.474525
v 0.000000 -0.000000 -1.503413
v 0.000000 -0.256513 -1.474525
v 0.000000 -0.730485 -1.250043
v 0.057220 1.289574 -0.287666
v 0.112242 1.214751 -0.564276
v 0.162949 1.093247 -0.819202
v 0.207396 0.929731 -1.042647
v 0.243872 0.730484 -1.226023
v 0.270975 0.503166 -1.362283
v 0.287666 0.256512 -1.446193
v 0.293301 -0.000000 -1.474525
v 0.287666 -0.256513 -1.446193
v 0.270975 -0.503167 -1.362283
v 0.243872 -0.730485 -1.226023
v 0.207396 -0.929732 -1.042647
v 0.162949 -1.093248 -0.819202
v 0.112242 -1.214751 -0.564276
v 0.057220 -1.289574 -0.287666
v 0.112242 1.289574 -0.270976
v 0.220171 1.214751 -0.531536
v 0.319638 1.093248 -0.771672
v 0.406821 0.929731 -0.982151
v 0.478371 0.730484 -1.154889
v 0.531536 0.503166 -1.283242
v 0.564276 0.256512 -1.362283
v 0.575330 -0.000000 -1.388971
v 0.564276 -0.256513 -1.362283
v 0.531536 -0.503167 -1.283242
v 0.478371 -0.730484 -1.154889
v 0.406821 -0.929732 -0.982151
v 0.319638 -1.093248 -0.771671
v 0.220171 -1.214751 -0.531536
v 0.112242 -1.289574 -0.270975
v 0.162949 1.289574 -0.243872
v 0.319638 1.214751 -0.478371
v 0.464040 1.093248 -0.694486
v 0.590613 0.929731 -0.883914
v 0.694486 0.730484 -1.039373
v 0.771671 0.503167 -1.154889
v 0.819202 0.256512 -1.226023
v 0.835251 -0.000000 -1.250041
v 0.819202 -0.256513 -1.226023
v 0.771671 -0.503167 -1.154889
v 0.694486 -0.730484 -1.039373
v 0.590613 -0.929732 -0.883914
v 0.464040 -1.093248 -0.694486
v 0.319638 -1.214751 -0.478371
v 0.162949 -1.289574 -0.243872
v 0.207396 1.289574 -0.207396
v 0.406821 1.214751 -0.406821
v 0.590613 1.093248 -0.590612
v 0.751706 0.929731 -0.751707
v 0.883914 0.730484 -0.883914
v 0.982151 0.503167 -0.982151
v 1.042647 0.256512 -1.042647
v 1.063074 -0.000000 -1.063074
v 1.042647 -0.256513 -1.042647
v 0.982151 -0.503167 -0.982151
v 0.883914 -0.730484 -0.883914
v 0.751706 -0.929732 -0.751706
v 0.590613 -1.093248 -0.590611
v 0.406821 -1.214751 -0.406820
v 0.207396 -1.289574 -0.207396
v 0.243872 1.289574 -0.162949
v 0.478371 1.214751 -0.319636
v 0.694486 1.093248 -0.464040
v 0.883914 0.929731 -0.590612
v 1.039373 0.730484 -0.694486
v 1.154889 0.503167 -0.771672
v 1.226023 0.256512 -0.819202
v 1.250043 -0.000000 -0.835251
v 1.226023 -0.256512 -0.819202
v 1.154889 -0.503167 -0.771671
v 1.039373 -0.730484 -0.694486
v 0.883914 -0.929732 -0.590611
v 0.694486 -1.093248 -0.464040
v 0.478371 -1.214751 -0.319637
v 0.243872 -1.289574 -0.162949
v 0.000000 1.314838 -0.000000
v 0.270975 1.289574 -0.112242
v 0.531536 1.214751 -0.220171
v 0.771671 1.093248 -0.319636
v 0.982152 0.929731 -0.406821
v 1.154889 0.730484 -0.478369
v 1.283242 0.503167 -0.531536
v 1.362284 0.256512 -0.564276
v 1.388973 -0.000000 -0.575330
v 1.362283 -0.256512 -0.564276
v 1.283242 -0.503167 -0.531536
v 1.154889 -0.730486 -0.478369
v 0.982152 -0.929731 -0.406821
v 0.771671 -1.093248 -0.319636
v 0.531536 -1.214751 -0.220170
v 0.270975 -1.289574 -0.112242
v 0.287666 1.289574 -0.057220
v 0.564276 1.214751 -0.112242
v 0.819202 1.093248 -0.162949
v 1.042647 0.929731 -0.207396
v 1.226023 0.730484 -0.243870
v 1.362283 0.503167 -0.270975
v 1.446193 0.256512 -0.287666
v 1.474525 -0.000000 -0.293301
v 1.446193 -0.256512 -0.287666
v 1.362283 -0.503167 -0.270975
v 1.226023 -0.730484 -0.243870
v 1.042647 -0.929731 -0.207396
v 0.819202 -1.093248 -0.162949
v 0.564276 -1.214751 -0.112242
v 0.287666 -1.289574 -0.057220
v 0.293301 1.289574 -0.000000
v 0.575332 1.214751 -0.000000
v 0.835251 1.093248 -0.000000
v 1.063074 0.929731 -0.000000
v 1.250041 0.730484 -0.000000
v 1.388973 0.503167 -0.000000
v 1.474525 0.256512 -0.000000
v 1.503413 0.000000 0.000000
v 1.474525 -0.256512 0.000000
v 1.388973 -0.503167 0.000000
v 1.250041 -0.730484 0.000000
v 1.063074 -0.929731 0.000000
v 0.835251 -1.093248 0.000000
v 0.575330 -1.214751 0.000000
v 0.293301 -1.289574 0.000000
v 0.287666 1.289574 0.057220
v 0.564276 1.214751 0.112242
v 0.819202 1.093248 0.162949
v 1.042647 0.929731 0.207396
v 1.226023 0.730484 0.243872
v 1.362284 0.503167 0.270975
v 1.446193 0.256512 0.287666
v 1.474525 0.000000 0.293301
v 1.446193 -0.256512 0.287666
v 1.362284 -0.503167 0.270975
v 1.226023 -0.730484 0.243872
v 1.042647 -0.929731 0.207396
v 0.819202 -1.093248 0.162949
v 0.564276 -1.214751 0.112242
v 0.287666 -1.289574 0.057220
v 0.270975 1.289574 0.112242
v 0.531536 1.214751 0.220170
v 0.771671 1.093248 0.319637
v 0.982152 0.929731 0.406821
v 1.154889 0.730484 0.478371
v 1.283242 0.503167 0.531536
v 1.362283 0.256512 0.564276
v 1.388971 0.000000 0.575330
v 1.362283 -0.256512 0.564276
v 1.283242 -0.503167 0.531536
v 1.154889 -0.730486 0.478371
v 0.982152 -0.929731 0.406821
v 0.771671 -1.093248 0.319638
v 0.531536 -1.214751 0.220171
v 0.270975 -1.289574 0.112242
v 0.243872 1.289574 0.162949
v 0.478371 1.214751 0.319637
v 0.694486 1.093248 0.464040
v 0.883914 0.929732 0.590613
v 1.039373 0.730484 0.694486
v 1.154889 0.503167 0.771671
v 1.226023 0.256512 0.819202
v 1.250041 0.000000 0.835251
v 1.226023 -0.256512 0.819202
v 1.154889 -0.503167 0.771672
v 1.039373 -0.730484 0.694486
v 0.883914 -0.929731 0.590613
v 0.694486 -1.093248 0.464040
v 0.478371 -1.214751 0.319638
v 0.243872 -1.289574 0.162949
v 0.207396 1.289574 0.207396
v 0.406821 1.214751 0.406820
v 0.590611 1.093248 0.590613
v 0.751706 0.929732 0.751706
v 0.883914 0.730484 0.883914
v 0.982152 0.503167 0.982151
v 1.042647 0.256513 1.042647
v 1.063072 0.000000 1.063074
v 1.042647 -0.256512 1.042647
v 0.982152 -0.503167 0.982151
v 0.883914 -0.730484 0.883914
v 0.751706 -0.929731 0.751707
v 0.590611 -1.093248 0.590613
v 0.406821 -1.214751 0.406821
v 0.207396 -1.289574 0.207396
v 0.162949 1.289574 0.243872
v 0.319636 1.214751 0.478371
v 0.464040 1.093248 0.694486
v 0.590613 0.929730 0.883914
v 0.694486 0.730484 1.039373
v 0.771671 0.503167 1.154889
v 0.819202 0.256513 1.226023
v 0.835251 0.000000 1.250043
v 0.819202 -0.256512 1.226023
v 0.771671 -0.503167 1.154889
v 0.694486 -0.730484 1.039373
v 0.590613 -0.929731 0.883914
v 0.464040 -1.093248 0.694486
v 0.319638 -1.214751 0.478371
v 0.162949 -1.289574 0.243872
v 0.112242 1.289574 0.270975
v 0.220171 1.214751 0.531536
v 0.319636 1.093248 0.771671
v 0.406821 0.929732 0.982151
v 0.478371 0.730484 1.154889
v 0.531536 0.503167 1.283242
v 0.564276 0.256513 1.362283
v 0.575330 0.000000 1.388971
v 0.564276 -0.256512 1.362283
v 0.531536 -0.503166 1.283242
v 0.478371 -0.730484 1.154889
v 0.406821 -0.929731 0.982151
v 0.319638 -1.093249 0.771672
v 0.220171 -1.214751 0.531536
v 0.112242 -1.289574 0.270976
v 0.057220 1.289574 0.287666
v 0.112242 1.214751 0.564276
v 0.162949 1.093248 0.819202
v 0.207396 0.929732 1.042647
v 0.243872 0.730485 1.226023
v 0.270975 0.503167 1.362283
v 0.287666 0.256513 1.446193
v 0.293301 0.000000 1.474525
v 0.287666 -0.256512 1.446191
v 0.270975 -0.503166 1.362283
v 0.243872 -0.730484 1.226023
v 0.207396 -0.929731 1.042647
v 0.162949 -1.093249 0.819202
v 0.112242 -1.214751 0.564276
v 0.057220 -1.289574 0.287666
v 0.000000 1.289574 0.293301
v 0.000000 1.214751 0.575330
v 0.000000 1.093248 0.835251
v 0.000000 0.929732 1.063074
v 0.000000 0.730485 1.250041
v 0.000000 0.503167 1.388971
v 0.000000 0.256513 1.474525
v 0.000000 0.000000 1.503412
v 0.000000 -0.256512 1.474525
v 0.000000 -0.503166 1.388971
v 0.000000 -0.730486 1.250041
v 0.000000 -0.929731 1.063074
v 0.000000 -1.093247 0.835251
v 0.000000 -1.214751 0.575333
v 0.000000 -1.289574 0.293301
v -0.057220 1.289574 0.287666
v -0.112242 1.214751 0.564276
v -0.162949 1.093248 0.819202
v -0.207396 0.929732 1.042647
v -0.243872 0.730485 1.226023
v -0.270975 0.503167 1.362283
v -0.287666 0.256513 1.446193
v -0.293302 0.000000 1.474525
v -0.287666 -0.256512 1.446191
v -0.270975 -0.503166 1.362283
v -0.243872 -0.730484 1.226023
v -0.207396 -0.929731 1.042647
v -0.162949 -1.093247 0.819202
v -0.112242 -1.214751 0.564276
v -0.057220 -1.289574 0.287666
v -0.112242 1.289574 0.270975
v -0.220171 1.214751 0.531536
v -0.319636 1.093248 0.771671
v -0.406821 0.929732 0.982151
v -0.478371 0.730484 1.154889
v -0.531536 0.503167 1.283242
v -0.564276 0.256513 1.362283
v -0.575332 0.000000 1.388971
v -0.564276 -0.256512 1.362283
v -0.531536 -0.503166 1.283242
v -0.478371 -0.730484 1.154887
v -0.406821 -0.929731 0.982151
v -0.319636 -1.093248 0.771672
v -0.220171 -1.214751 0.531536
v -0.112242 -1.289574 0.270976
v -0.162949 1.289574 0.243872
v -0.319636 1.214751 0.478371
v -0.464040 1.093248 0.694485
v -0.590611 0.929732 0.883914
v -0.694486 0.730484 1.039373
v -0.771671 0.503167 1.154889
v -0.819202 0.256513 1.226023
v -0.835251 0.000000 1.250041
v -0.819202 -0.256512 1.226023
v -0.771671 -0.503167 1.154889
v -0.694486 -0.730484 1.039371
v -0.590611 -0.929731 0.883914
v -0.464040 -1.093248 0.694485
v -0.319636 -1.214751 0.478371
v -0.162949 -1.289574 0.243872
v -0.207396 1.289574 0.207396
v -0.406821 1.214751 0.406820
v -0.590611 1.093248 0.590611
v -0.751706 0.929732 0.751706
v -0.883914 0.730484 0.883912
v -0.982151 0.503167 0.982151
v -1.042647 0.256513 1.042647
v -1.063072 0.000000 1.063072
v -1.042647 -0.256512 1.042647
v -0.982151 -0.503167 0.982151
v -0.883914 -0.730486 0.883914
v -0.751706 -0.929731 0.751707
v -0.590611 -1.093248 0.590612
v -0.406821 -1.214751 0.406821
v -0.207396 -1.289574 0.207396
v 0.000000 -1.314838 0.000000
v -0.243872 1.289574 0.162949
v -0.478371 1.214751 0.319636
v -0.694485 1.093248 0.464040
v -0.883914 0.929732 0.590613
v -1.039373 0.730484 0.694486
v -1.154889 0.503167 0.771671
v -1.226023 0.256512 0.819202
v -1.250041 0.000000 0.835251
v -1.226023 -0.256512 0.819202
v -1.154889 -0.503167 0.771672
v -1.039371 -0.730484 0.694485
v -0.883914 -0.929731 0.590612
v -0.694485 -1.093248 0.464040
v -0.478371 -1.214751 0.319636
v -0.243872 -1.289574 0.162949
v -0.270975 1.289574 0.112242
v -0.531536 1.214751 0.220170
v -0.771671 1.093248 0.319636
v -0.982151 0.929731 0.406821
v -1.154889 0.730484 0.478369
v -1.283242 0.503167 0.531536
v -1.362283 0.256512 0.564276
v -1.388971 0.000000 0.575330
v -1.362283 -0.256512 0.564276
v -1.283242 -0.503167 0.531536
v -1.154887 -0.730484 0.478371
v -0.982151 -0.929731 0.406821
v -0.771671 -1.093248 0.319636
v -0.531536 -1.214751 0.220171
v -0.270975 -1.289574 0.112242
v -0.287666 1.289574 0.057220
v -0.564276 1.214751 0.112242
v -0.819202 1.093248 0.162949
v -1.042647 0.929731 0.207396
v -1.226023 0.730484 0.243872
v -1.362283 0.503167 0.270975
v -1.446191 0.256512 0.287664
v -1.474525 0.000000 0.293301
v -1.446191 -0.256512 0.287665
v -1.362283 -0.503167 0.270975
v -1.226023 -0.730484 0.243872
v -1.042647 -0.929731 0.207396
v -0.819202 -1.093248 0.162949
v -0.564276 -1.214751 0.112242
v -0.287666 -1.289574 0.057220
v -0.293301 1.289574 -0.000000
v -0.575330 1.214751 -0.000000
v -0.835251 1.093248 -0.000000
v -1.063074 0.929731 -0.000000
v -1.250041 0.730484 -0.000000
v -1.388971 0.503167 -0.000000
v -1.474525 0.256512 -0.000000
v -1.503412 0.000000 0.000000
v -1.474525 -0.256512 0.000000
v -1.388971 -0.503167 0.000000
v -1.250041 -0.730484 0.000000
v -1.063074 -0.929731 0.000000
v -0.835251 -1.093248 0.000000
v -0.575330 -1.214751 0.000000
v -0.293301 -1.289574 0.000000
v -0.287665 1.289574 -0.057220
v -0.564276 1.214751 -0.112242
v -0.819202 1.093248 -0.162949
v -1.042647 0.929731 -0.207396
v -1.226023 0.730484 -0.243872
v -1.362283 0.503167 -0.270975
v -1.446191 0.256512 -0.287666
v -1.474523 -0.000000 -0.293301
v -1.446191 -0.256512 -0.287666
v -1.362283 -0.503167 -0.270975
v -1.226023 -0.730484 -0.243872
v -1.042647 -0.929731 -0.207396
v -0.819202 -1.093248 -0.162949
v -0.564276 -1.214751 -0.112242
v -0.287666 -1.289574 -0.057220
v -0.270975 1.289574 -0.112242
v -0.531536 1.214751 -0.220171
v -0.771670 1.093248 -0.319636
v -0.982151 0.929731 -0.406821
v -1.154887 0.730484 -0.478371
v -1.283242 0.503167 -0.531536
v -1.362283 0.256512 -0.564276
v -1.388970 -0.000000 -0.575330
v -1.362283 -0.256512 -0.564276
v -1.283242 -0.503167 -0.531536
v -1.154887 -0.730484 -0.478371
v -0.982151 -0.929731 -0.406821
v -0.771670 -1.093248 -0.319637
v -0.531536 -1.214751 -0.220170
v -0.270975 -1.289574 -0.112242
v -0.243872 1.289574 -0.162949
v -0.478369 1.214751 -0.319636
v -0.694485 1.093248 -0.464040
v -0.883914 0.929731 -0.590612
v -1.039371 0.730484 -0.694486
v -1.154887 0.503167 -0.771672
v -1.226023 0.256512 -0.819202
v -1.250041 -0.000000 -0.835251
v -1.226023 -0.256512 -0.819202
v -1.154889 -0.503167 -0.771671
v -1.039371 -0.730484 -0.694486
v -0.883914 -0.929732 -0.590611
v -0.694485 -1.093248 -0.464040
v -0.478369 -1.214751 -0.319636
v -0.243872 -1.289574 -0.162949
v -0.207396 1.289574 -0.207396
v -0.406821 1.214751 -0.406821
v -0.590611 1.093248 -0.590612
v -0.751706 0.929731 -0.751707
v -0.883912 0.730484 -0.883913
v -0.982151 0.503167 -0.982151
v -1.042646 0.256512 -1.042647
v -1.063072 -0.000000 -1.063072
v -1.042646 -0.256513 -1.042647
v -0.982151 -0.503167 -0.982151
v -0.883912 -0.730486 -0.883914
v -0.751706 -0.929732 -0.751706
v -0.590611 -1.093248 -0.590611
v -0.406821 -1.214751 -0.406820
v -0.207396 -1.289574 -0.207396
v -0.162949 1.289574 -0.243870
v -0.319636 1.214751 -0.478369
v -0.464040 1.093248 -0.694485
v -0.590611 0.929731 -0.883914
v -0.694485 0.730484 -1.039371
v -0.771671 0.503167 -1.154887
v -0.819202 0.256512 -1.226023
v -0.835250 -0.000000 -1.250041
v -0.819202 -0.256513 -1.226023
v -0.771671 -0.503167 -1.154887
v -0.694485 -0.730484 -1.039371
v -0.590611 -0.929732 -0.883914
v -0.464040 -1.093248 -0.694485
v -0.319636 -1.214751 -0.478369
v -0.162949 -1.289574 -0.243870
v -0.112242 1.289574 -0.270976
v -0.220169 1.214751 -0.531536
v -0.319636 1.093248 -0.771670
v -0.406821 0.929731 -0.982151
v -0.478369 0.730484 -1.154887
v -0.531536 0.503166 -1.283242
v -0.564276 0.256512 -1.362283
v -0.575330 -0.000000 -1.388971
v -0.564276 -0.256513 -1.362283
v -0.531536 -0.503167 -1.283242
v -0.478369 -0.730484 -1.154887
v -0.406821 -0.929732 -0.982151
v -0.319636 -1.093248 -0.771670
v -0.220169 -1.214751 -0.531536
v -0.112242 -1.289574 -0.270975
v -0.057220 1.289574 -0.287665
v -0.112242 1.214751 -0.564276
v -0.162949 1.093247 -0.819201
v -0.207396 0.929731 -1.042647
v -0.243870 0.730484 -1.226023
v -0.270975 0.503166 -1.362283
v -0.287665 0.256512 -1.446191
v -0.293301 -0.000000 -1.474523
v -0.287665 -0.256513 -1.446191
v -0.270975 -0.503167 -1.362283
v -0.243870 -0.730486 -1.226023
v -0.207396 -0.929732 -1.042647
v -0.162949 -1.093248 -0.819201
v -0.112242 -1.214751 -0.564276
v -0.057220 -1.289574 -0.287664
v 0.000000 1.289574 -0.293301
v 0.000000 1.214751 -0.575330
v 0.000000 0.929731 -1.063074
v 0.000000 0.503166 -1.388971
v 0.000000 -0.503167 -1.388971
v 0.000000 -0.929732 -1.063074
v 0.000000 -1.093248 -0.835251
v 0.000000 -1.214751 -0.575330
v 0.000000 -1.289574 -0.293301
v 0.303916 0.191857 -1.462244
v 0.295772 0.195642 -1.492399
v 0.273525 0.198413 -1.514474
v 0.243133 0.199427 -1.522554
v 0.212742 0.198413 -1.514474
v 0.190493 0.195642 -1.492399
v 0.182351 0.191857 -1.462244
v 0.190493 0.188069 -1.432089
v 0.212740 0.185298 -1.410015
v 0.243133 0.184284 -1.401934
v 0.273525 0.185298 -1.410015
v 0.295772 0.188069 -1.432089
v 0.301315 0.152495 -1.467185
v 0.293242 0.157336 -1.497208
v 0.271184 0.162989 -1.518920
v 0.241053 0.167938 -1.526507
v 0.210921 0.170861 -1.517933
v 0.188863 0.170971 -1.495496
v 0.180790 0.168240 -1.465208
v 0.188863 0.163399 -1.435187
v 0.210921 0.157747 -1.413473
v 0.241053 0.152796 -1.405886
v 0.271184 0.149875 -1.414462
v 0.293242 0.149765 -1.436898
v 0.293561 0.113809 -1.472041
v 0.285695 0.119687 -1.501935
v 0.264204 0.128170 -1.523293
v 0.234848 0.136989 -1.530392
v 0.205493 0.143780 -1.521332
v 0.184003 0.146723 -1.498540
v 0.176137 0.145028 -1.468124
v 0.184003 0.139151 -1.438231
v 0.205493 0.130666 -1.416873
v 0.234848 0.121847 -1.409773
v 0.264204 0.115058 -1.418832
v 0.285695 0.112115 -1.441624
v 0.280782 0.076457 -1.476731
v 0.273259 0.083336 -1.506498
v 0.252704 0.094554 -1.527513
v 0.224625 0.107109 -1.534145
v 0.196547 0.117634 -1.524614
v 0.175992 0.123311 -1.501480
v 0.168470 0.122617 -1.470936
v 0.175992 0.115738 -1.441170
v 0.196547 0.104520 -1.420155
v 0.224625 0.091967 -1.413524
v 0.252704 0.081441 -1.423053
v 0.273259 0.075764 -1.446188
v 0.263200 0.041080 -1.481173
v 0.256147 0.048907 -1.510820
v 0.236879 0.062716 -1.531509
v 0.210559 0.078807 -1.537696
v 0.184239 0.092870 -1.527723
v 0.164971 0.101136 -1.504264
v 0.157920 0.101392 -1.473600
v 0.164971 0.093564 -1.443953
v 0.184239 0.079756 -1.423265
v 0.210559 0.063665 -1.417076
v 0.236879 0.049602 -1.427050
v 0.256147 0.041336 -1.450511
v 0.241113 0.008283 -1.485289
v 0.234653 0.016988 -1.514827
v 0.217001 0.033198 -1.535215
v 0.192891 0.052570 -1.540990
v 0.168779 0.069913 -1.530605
v 0.151128 0.080579 -1.506844
v 0.144667 0.081714 -1.476072
v 0.151128 0.073009 -1.446535
v 0.168779 0.056799 -1.426146
v 0.192891 0.037427 -1.420370
v 0.217001 0.020084 -1.430754
v 0.234653 0.009417 -1.454517
v 0.214901 -0.021371 -1.489013
v 0.209143 -0.011873 -1.518450
v 0.193411 0.006508 -1.538566
v 0.171921 0.028846 -1.543969
v 0.150431 0.049154 -1.533212
v 0.134698 0.061991 -1.509177
v 0.128940 0.063919 -1.478305
v 0.134698 0.054420 -1.448867
v 0.150431 0.036039 -1.428752
v 0.171921 0.013702 -1.423349
v 0.193411 -0.006606 -1.434105
v 0.209143 -0.019444 -1.458140
v 0.185013 -0.047379 -1.492277
v 0.180055 -0.037183 -1.521628
v 0.166510 -0.016899 -1.541505
v 0.148010 0.008038 -1.546581
v 0.129508 0.030947 -1.535497
v 0.115965 0.045690 -1.511223
v 0.111008 0.048315 -1.480265
v 0.115965 0.038119 -1.450914
v 0.129508 0.017835 -1.431037
v 0.148010 -0.007104 -1.425962
v 0.166510 -0.030013 -1.437045
v 0.180055 -0.044755 -1.461317
v 0.151957 -0.069294 -1.495028
v 0.147886 -0.058510 -1.524305
v 0.136763 -0.036622 -1.543980
v 0.121566 -0.009493 -1.548782
v 0.106371 0.015608 -1.537423
v 0.095247 0.031955 -1.512948
v 0.091175 0.035166 -1.481914
v 0.095247 0.024384 -1.452638
v 0.106371 0.002494 -1.432963
v 0.121566 -0.024635 -1.428162
v 0.136763 -0.049736 -1.439521
v 0.147886 -0.066082 -1.463995
v 0.116304 -0.086740 -1.497219
v 0.113187 -0.075488 -1.526436
v 0.104674 -0.052322 -1.545952
v 0.093043 -0.023449 -1.550534
v 0.081413 0.003396 -1.538956
v 0.072899 0.021019 -1.514322
v 0.069783 0.024699 -1.483230
v 0.072899 0.013448 -1.454011
v 0.081413 -0.009718 -1.434496
v 0.093043 -0.038592 -1.429914
v 0.104674 -0.065436 -1.441492
v 0.113187 -0.083059 -1.466127
v 0.078660 -0.099418 -1.498811
v 0.076552 -0.087828 -1.527986
v 0.070793 -0.063734 -1.547383
v 0.062927 -0.033593 -1.551808
v 0.055061 -0.005479 -1.540071
v 0.049303 0.013072 -1.515318
v 0.047195 0.017091 -1.484184
v 0.049303 0.005500 -1.455009
v 0.055061 -0.018593 -1.435610
v 0.062927 -0.048735 -1.431187
v 0.070793 -0.076847 -1.442924
v 0.076552 -0.095399 -1.467676
v 0.039669 -0.107114 -1.499776
v 0.038606 -0.095317 -1.528926
v 0.035701 -0.070659 -1.548254
v 0.031735 -0.039749 -1.552581
v 0.027768 -0.010865 -1.540747
v 0.024865 0.008249 -1.515924
v 0.023802 0.012474 -1.484763
v 0.024865 0.000678 -1.455615
v 0.027768 -0.023980 -1.436287
v 0.031735 -0.054891 -1.431960
v 0.035701 -0.083773 -1.443794
v 0.038606 -0.102888 -1.468616
v 0.000000 -0.109694 -1.500101
v 0.000000 -0.097827 -1.529241
v 0.000000 -0.072982 -1.548545
v 0.000000 -0.041812 -1.552839
v 0.000000 -0.012672 -1.540973
v 0.000000 0.006631 -1.516127
v 0.000000 0.010926 -1.484958
v 0.000000 -0.000940 -1.455818
v 0.000000 -0.025785 -1.436514
v 0.000000 -0.056956 -1.432218
v 0.000000 -0.086094 -1.444085
v 0.000000 -0.105399 -1.468931
v -0.039669 -0.107114 -1.499776
v -0.038606 -0.095317 -1.528926
v -0.035701 -0.070659 -1.548254
v -0.031735 -0.039749 -1.552581
v -0.027768 -0.010865 -1.540747
v -0.024865 0.008249 -1.515924
v -0.023802 0.012474 -1.484763
v -0.024865 0.000678 -1.455615
v -0.027768 -0.023980 -1.436287
v -0.031735 -0.054891 -1.431960
v -0.035701 -0.083773 -1.443794
v -0.038606 -0.102888 -1.468616
v -0.078659 -0.099418 -1.498811
v -0.076552 -0.087828 -1.527986
v -0.070793 -0.063734 -1.547383
v -0.062927 -0.033593 -1.551808
v -0.055061 -0.005479 -1.540071
v -0.049303 0.013072 -1.515318
v -0.047195 0.017091 -1.484184
v -0.049303 0.005500 -1.455009
v -0.055061 -0.018593 -1.435610
v -0.062927 -0.048735 -1.431187
v -0.070793 -0.076847 -1.442924
v -0.076551 -0.095399 -1.467676
v -0.116304 -0.086740 -1.497219
v -0.113187 -0.075488 -1.526436
v -0.104674 -0.052323 -1.545952
v -0.093043 -0.023449 -1.550534
v -0.081413 0.003396 -1.538956
v -0.072899 0.021019 -1.514322
v -0.069783 0.024699 -1.483230
v -0.072899 0.013448 -1.454011
v -0.081413 -0.009718 -1.434496
v -0.093043 -0.038592 -1.429914
v -0.104674 -0.065436 -1.441492
v -0.113187 -0.083059 -1.466127
v -0.151957 -0.069294 -1.495028
v -0.147886 -0.058510 -1.524305
v -0.136763 -0.036622 -1.543980
v -0.121566 -0.009493 -1.548782
v -0.106371 0.015608 -1.537423
v -0.095246 0.031955 -1.512948
v -0.091175 0.035166 -1.481914
v -0.095246 0.024384 -1.452638
v -0.106371 0.002494 -1.432963
v -0.121566 -0.024635 -1.428162
v -0.136763 -0.049736 -1.439521
v -0.147886 -0.066082 -1.463995
v -0.185013 -0.047379 -1.492277
v -0.180055 -0.037183 -1.521628
v -0.166510 -0.016899 -1.541505
v -0.148010 0.008038 -1.546581
v -0.129508 0.030947 -1.535497
v -0.115965 0.045690 -1.511223
v -0.111008 0.048315 -1.480265
v -0.115965 0.038119 -1.450914
v -0.129508 0.017835 -1.431037
v -0.148010 -0.007104 -1.425962
v -0.166510 -0.030013 -1.437045
v -0.180055 -0.044755 -1.461317
v -0.214901 -0.021371 -1.489013
v -0.209143 -0.011873 -1.518450
v -0.193411 0.006508 -1.538566
v -0.171921 0.028846 -1.543969
v -0.150430 0.049154 -1.533212
v -0.134698 0.061991 -1.509177
v -0.128940 0.063919 -1.478305
v -0.134698 0.054420 -1.448867
v -0.150430 0.036039 -1.428752
v -0.171921 0.013702 -1.423349
v -0.193411 -0.006606 -1.434105
v -0.209143 -0.019444 -1.458140
v -0.241113 0.008283 -1.485289
v -0.234653 0.016988 -1.514827
v -0.217001 0.033198 -1.535215
v -0.192891 0.052570 -1.540990
v -0.168779 0.069913 -1.530605
v -0.151128 0.080579 -1.506844
v -0.144667 0.081714 -1.476072
v -0.151128 0.073009 -1.446535
v -0.168779 0.056799 -1.426146
v -0.192891 0.037427 -1.420370
v -0.217001 0.020084 -1.430754
v -0.234653 0.009417 -1.454517
v -0.263200 0.041080 -1.481173
v -0.256147 0.048907 -1.510820
v -0.236879 0.062716 -1.531509
v -0.210559 0.078807 -1.537696
v -0.184239 0.092870 -1.527723
v -0.164971 0.101136 -1.504264
v -0.157920 0.101392 -1.473600
v -0.164971 0.093564 -1.443953
v -0.184239 0.079756 -1.423265
v -0.210559 0.063665 -1.417076
v -0.236879 0.049602 -1.427050
v -0.256147 0.041335 -1.450511
v -0.280782 0.076457 -1.476731
v -0.273259 0.083336 -1.506498
v -0.252704 0.094554 -1.527513
v -0.224625 0.107109 -1.534142
v -0.196547 0.117634 -1.524614
v -0.175992 0.123311 -1.501480
v -0.168470 0.122617 -1.470936
v -0.175992 0.115738 -1.441170
v -0.196547 0.104520 -1.420155
v -0.224625 0.091967 -1.413524
v -0.252704 0.081441 -1.423053
v -0.273259 0.075764 -1.446188
v -0.293561 0.113809 -1.472041
v -0.285695 0.119687 -1.501935
v -0.264204 0.128170 -1.523293
v -0.234848 0.136989 -1.530392
v -0.205493 0.143780 -1.521332
v -0.184003 0.146723 -1.498540
v -0.176137 0.145028 -1.468124
v -0.184003 0.139151 -1.438231
v -0.205493 0.130666 -1.416873
v -0.234848 0.121847 -1.409773
v -0.264204 0.115058 -1.418832
v -0.285695 0.112115 -1.441624
v -0.301315 0.152495 -1.467185
v -0.293242 0.157336 -1.497208
v -0.271184 0.162989 -1.518920
v -0.241053 0.167938 -1.526507
v -0.210921 0.170861 -1.517933
v -0.188863 0.170971 -1.495496
v -0.180790 0.168240 -1.465208
v -0.188863 0.163399 -1.435187
v -0.210921 0.157747 -1.413473
v -0.241053 0.152796 -1.405886
v -0.271184 0.149875 -1.414462
v -0.293242 0.149764 -1.436898
v -0.303916 0.191857 -1.462244
v -0.295772 0.195642 -1.492399
v -0.273525 0.198413 -1.514474
v -0.243133 0.199427 -1.522554
v -0.212740 0.198413 -1.514474
v -0.190493 0.195642 -1.492399
v -0.182349 0.191857 -1.462244
v -0.190493 0.188069 -1.432089
v -0.212740 0.185298 -1.410015
v -0.243133 0.184284 -1.401934
v -0.273525 0.185298 -1.410015
v -0.295772 0.188069 -1.432089
v -0.301315 0.231216 -1.457303
v -0.293242 0.233948 -1.487589
v -0.271184 0.233836 -1.510027
v -0.241053 0.230915 -1.518601
v -0.210921 0.225964 -1.511016
v -0.188863 0.220312 -1.489302
v -0.180790 0.215472 -1.459279
v -0.188863 0.212740 -1.428992
v -0.210921 0.212850 -1.406556
v -0.241053 0.215773 -1.397982
v -0.271184 0.220724 -1.405566
v -0.293242 0.226375 -1.427280
v -0.293561 0.269902 -1.452446
v -0.285695 0.271597 -1.482862
v -0.264204 0.268655 -1.505656
v -0.234848 0.261865 -1.514715
v -0.205493 0.253045 -1.507615
v -0.184003 0.244560 -1.486258
v -0.176137 0.238683 -1.456365
v -0.184003 0.236988 -1.425948
v -0.205493 0.239931 -1.403154
v -0.234848 0.246722 -1.394095
v -0.264204 0.255541 -1.401196
v -0.285695 0.264024 -1.422553
v -0.280782 0.307254 -1.447756
v -0.273259 0.307947 -1.478300
v -0.252704 0.302270 -1.501436
v -0.224625 0.291744 -1.510965
v -0.196547 0.279191 -1.504333
v -0.175992 0.267973 -1.483319
v -0.168470 0.261095 -1.453552
v -0.175992 0.260400 -1.423009
v -0.196547 0.266077 -1.399873
v -0.224625 0.276602 -1.390344
v -0.252704 0.289157 -1.396976
v -0.273259 0.300376 -1.417991
v -0.263200 0.342631 -1.443315
v -0.256147 0.342375 -1.473978
v -0.236879 0.334109 -1.497439
v -0.210559 0.320046 -1.507411
v -0.184239 0.303955 -1.501224
v -0.164971 0.290147 -1.480534
v -0.157920 0.282320 -1.450887
v -0.164971 0.282575 -1.420224
v -0.184239 0.290841 -1.396764
v -0.210559 0.304904 -1.386791
v -0.236879 0.320995 -1.392978
v -0.256147 0.334804 -1.413668
v -0.241113 0.375428 -1.439197
v -0.234653 0.374294 -1.469971
v -0.217001 0.363627 -1.493733
v -0.192891 0.346284 -1.504117
v -0.168779 0.326912 -1.498342
v -0.151128 0.310702 -1.477954
v -0.144667 0.301998 -1.448417
v -0.151128 0.303132 -1.417644
v -0.168779 0.313798 -1.393882
v -0.192891 0.331142 -1.383497
v -0.217001 0.350513 -1.389274
v -0.234653 0.366723 -1.409662
v -0.214901 0.405082 -1.435475
v -0.209143 0.403155 -1.466348
v -0.193411 0.390317 -1.490382
v -0.171921 0.370009 -1.501138
v -0.150431 0.347672 -1.495735
v -0.134698 0.329291 -1.475621
v -0.128940 0.319792 -1.446182
v -0.134698 0.321720 -1.415310
v -0.150430 0.334557 -1.391276
v -0.171921 0.354865 -1.380520
v -0.193411 0.377203 -1.385922
v -0.209143 0.395584 -1.406039
v -0.185013 0.431090 -1.432210
v -0.180055 0.428466 -1.463169
v -0.166510 0.413724 -1.487443
v -0.148010 0.390815 -1.498527
v -0.129508 0.365876 -1.493450
v -0.115965 0.345592 -1.473573
v -0.111008 0.335396 -1.444224
v -0.115965 0.338021 -1.413264
v -0.129508 0.352764 -1.388991
v -0.148010 0.375673 -1.377908
v -0.166510 0.400610 -1.382984
v -0.180055 0.420894 -1.402860
v -0.151957 0.453005 -1.429459
v -0.147886 0.449793 -1.460492
v -0.136763 0.433447 -1.484967
v -0.121566 0.408346 -1.496325
v -0.106371 0.381217 -1.491524
v -0.095247 0.359327 -1.471848
v -0.091175 0.348545 -1.442573
v -0.095246 0.351756 -1.411539
v -0.106371 0.368103 -1.387065
v -0.121566 0.393204 -1.375707
v -0.136763 0.420333 -1.380507
v -0.147886 0.442221 -1.400182
v -0.116304 0.470451 -1.427270
v -0.113187 0.466772 -1.458362
v -0.104674 0.449147 -1.482996
v -0.093043 0.422303 -1.494574
v -0.081413 0.393429 -1.489992
v -0.072899 0.370263 -1.470476
v -0.069783 0.359012 -1.441259
v -0.072899 0.362692 -1.410167
v -0.081413 0.380315 -1.385532
v -0.093043 0.407160 -1.373954
v -0.104674 0.436034 -1.378536
v -0.113187 0.459199 -1.398050
v -0.078660 0.483129 -1.425677
v -0.076552 0.479110 -1.456812
v -0.070793 0.460560 -1.481564
v -0.062927 0.432446 -1.493301
v -0.055061 0.402304 -1.488876
v -0.049303 0.378211 -1.469480
v -0.047195 0.366620 -1.440304
v -0.049303 0.370639 -1.409168
v -0.055061 0.389190 -1.384418
v -0.062927 0.417304 -1.372681
v -0.070793 0.447446 -1.377104
v -0.076552 0.471539 -1.396502
v -0.039669 0.490825 -1.424711
v -0.038606 0.486599 -1.455872
v -0.035701 0.467485 -1.480695
v -0.031735 0.438603 -1.492528
v -0.027768 0.407691 -1.488202
v -0.024865 0.383033 -1.468874
v -0.023802 0.371238 -1.439724
v -0.024865 0.375462 -1.408564
v -0.027768 0.394577 -1.383741
v -0.031735 0.423460 -1.371908
v -0.035701 0.454370 -1.376235
v -0.038606 0.479028 -1.395563
v 0.000000 0.493405 -1.424388
v 0.000000 0.489110 -1.455557
v 0.000000 0.469807 -1.480403
v 0.000000 0.440667 -1.492268
v 0.000000 0.409496 -1.487974
v 0.000000 0.384651 -1.468670
v 0.000000 0.372785 -1.439530
v 0.000000 0.377080 -1.408361
v 0.000000 0.396383 -1.383514
v 0.000000 0.425523 -1.371649
v 0.000000 0.456693 -1.375943
v 0.000000 0.481538 -1.395247
v 0.039669 0.490825 -1.424711
v 0.038606 0.486599 -1.455872
v 0.035701 0.467485 -1.480695
v 0.031735 0.438603 -1.492528
v 0.027768 0.407691 -1.488202
v 0.024865 0.383033 -1.468874
v 0.023802 0.371238 -1.439724
v 0.024865 0.375462 -1.408564
v 0.027768 0.394577 -1.383741
v 0.031735 0.423460 -1.371908
v 0.035701 0.454370 -1.376235
v 0.038606 0.479028 -1.395563
v 0.078659 0.483129 -1.425677
v 0.076551 0.479110 -1.456812
v 0.070793 0.460560 -1.481564
v 0.062927 0.432446 -1.493301
v 0.055061 0.402304 -1.488876
v 0.049303 0.378211 -1.469480
v 0.047195 0.366620 -1.440304
v 0.049303 0.370639 -1.409170
v 0.055061 0.389190 -1.384418
v 0.062927 0.417304 -1.372681
v 0.070793 0.447446 -1.377104
v 0.076551 0.471539 -1.396502
v 0.116304 0.470451 -1.427270
v 0.113187 0.466772 -1.458362
v 0.104674 0.449147 -1.482996
v 0.093043 0.422303 -1.494574
v 0.081413 0.393429 -1.489992
v 0.072899 0.370263 -1.470476
v 0.069783 0.359012 -1.441259
v 0.072899 0.362692 -1.410167
v 0.081413 0.380315 -1.385532
v 0.093043 0.407160 -1.373954
v 0.104674 0.436034 -1.378536
v 0.113187 0.459199 -1.398050
v 0.151957 0.453005 -1.429459
v 0.147886 0.449793 -1.460492
v 0.136763 0.433447 -1.484967
v 0.121566 0.408346 -1.496325
v 0.106371 0.381217 -1.491524
v 0.095247 0.359327 -1.471848
v 0.091175 0.348545 -1.442573
v 0.095247 0.351756 -1.411539
v 0.106371 0.368103 -1.387065
v 0.121566 0.393204 -1.375707
v 0.136763 0.420333 -1.380507
v 0.147886 0.442221 -1.400182
v 0.185013 0.431090 -1.432210
v 0.180055 0.428466 -1.463169
v 0.166510 0.413724 -1.487443
v 0.148010 0.390815 -1.498527
v 0.129508 0.365876 -1.493450
v 0.115965 0.345592 -1.473573
v 0.111008 0.335396 -1.444224
v 0.115965 0.338021 -1.413264
v 0.129508 0.352764 -1.388991
v 0.148010 0.375673 -1.377906
v 0.166510 0.400610 -1.382984
v 0.180055 0.420895 -1.402860
v 0.214901 0.405082 -1.435475
v 0.209143 0.403155 -1.466348
v 0.193411 0.390317 -1.490382
v 0.171921 0.370009 -1.501138
v 0.150430 0.347672 -1.495735
v 0.134698 0.329291 -1.475621
v 0.128940 0.319792 -1.446182
v 0.134698 0.321720 -1.415310
v 0.150430 0.334557 -1.391276
v 0.171921 0.354867 -1.380520
v 0.193411 0.377203 -1.385922
v 0.209143 0.395584 -1.406037
v 0.241113 0.375428 -1.439197
v 0.234653 0.374294 -1.469971
v 0.217001 0.363627 -1.493733
v 0.192891 0.346284 -1.504117
v 0.168779 0.326912 -1.498342
v 0.151128 0.310702 -1.477954
v 0.144667 0.301998 -1.448417
v 0.151128 0.303132 -1.417644
v 0.168779 0.313798 -1.393882
v 0.192891 0.331142 -1.383497
v 0.217001 0.350513 -1.389274
v 0.234653 0.366723 -1.409662
v 0.263200 0.342631 -1.443315
v 0.256147 0.342375 -1.473978
v 0.236879 0.334109 -1.497439
v 0.210559 0.320046 -1.507411
v 0.184239 0.303955 -1.501224
v 0.164971 0.290147 -1.480534
v 0.157920 0.282320 -1.450887
v 0.164971 0.282575 -1.420224
v 0.184239 0.290841 -1.396764
v 0.210559 0.304904 -1.386791
v 0.236879 0.320995 -1.392978
v 0.256147 0.334804 -1.413668
v 0.280782 0.307254 -1.447756
v 0.273259 0.307947 -1.478300
v 0.252704 0.302270 -1.501436
v 0.224625 0.291744 -1.510965
v 0.196547 0.279191 -1.504333
v 0.175992 0.267973 -1.483319
v 0.168470 0.261095 -1.453552
v 0.175992 0.260401 -1.423009
v 0.196547 0.266077 -1.399873
v 0.224625 0.276602 -1.390344
v 0.252704 0.289157 -1.396976
v 0.273259 0.300376 -1.417991
v 0.293561 0.269902 -1.452446
v 0.285695 0.271596 -1.482862
v 0.264204 0.268655 -1.505656
v 0.234848 0.261865 -1.514715
v 0.205493 0.253045 -1.507615
v 0.184003 0.244560 -1.486258
v 0.176137 0.238683 -1.456365
v 0.184003 0.236988 -1.425948
v 0.205493 0.239931 -1.403154
v 0.234848 0.246722 -1.394095
v 0.264204 0.255541 -1.401196
v 0.285695 0.264024 -1.422553
v 0.301315 0.231216 -1.457303
v 0.293242 0.233948 -1.487589
v 0.271184 0.233836 -1.510027
v 0.241053 0.230915 -1.518601
v 0.210921 0.225964 -1.511016
v 0.188863 0.220312 -1.489302
v 0.180790 0.215472 -1.459279
v 0.188863 0.212740 -1.428992
v 0.210921 0.212850 -1.406556
v 0.241053 0.215773 -1.397982
v 0.271184 0.220724 -1.405566
v 0.293242 0.226375 -1.427280
v -1.506842 -0.349252 0.000000
v -1.532134 -0.156193 0.276142
v -1.497181 -0.156193 0.446811
v -1.475579 -0.156191 0.000000
v -1.497181 -0.156193 -0.446810
v -1.532134 -0.156193 -0.276141
v -1.516502 0.156193 0.446811
v -1.481551 0.156193 0.276141
v -1.481551 0.156193 -0.276141
v -1.516502 0.156193 -0.446810
v -1.538104 0.156191 -0.000000
v -1.506842 0.349252 -0.000000
v -1.501163 -0.297092 0.262627
v -1.521708 -0.297092 0.162311
v -1.516029 -0.183615 0.424940
v -1.536574 -0.183615 0.000000
v -1.521708 -0.297092 -0.162310
v -1.488466 -0.297092 0.000000
v -1.482788 -0.183615 0.262628
v -1.501163 -0.297092 -0.262627
v -1.482788 -0.183615 -0.262627
v -1.516029 -0.183615 -0.424940
v -1.540084 0.000000 0.162311
v -1.540084 -0.000000 -0.162311
v -1.506842 0.000000 0.525258
v -1.527386 0.000000 0.424942
v -1.473600 0.000000 0.162311
v -1.486296 0.000000 0.424942
v -1.486296 -0.000000 -0.424942
v -1.473600 -0.000000 -0.162311
v -1.527386 -0.000000 -0.424942
v -1.506842 -0.000000 -0.525258
v -1.530895 0.183615 0.262628
v -1.497653 0.183615 0.424940
v -1.477109 0.183615 -0.000000
v -1.497653 0.183615 -0.424940
v -1.530895 0.183615 -0.262627
v -1.512520 0.297092 0.262627
v -1.525217 0.297092 -0.000000
v -1.491975 0.297092 0.162311
v -1.491975 0.297092 -0.162310
v -1.512520 0.297092 -0.262627
v 1.519456 -0.349252 0.000000
v 1.494164 -0.156193 0.276141
v 1.529116 -0.156193 0.446811
v 1.550718 -0.156191 0.000000
v 1.529116 -0.156193 -0.446810
v 1.494164 -0.156193 -0.276141
v 1.509795 0.156193 0.446811
v 1.544748 0.156193 0.276142
v 1.544748 0.156193 -0.276141
v 1.509795 0.156193 -0.446810
v 1.488193 0.156191 -0.000000
v 1.519456 0.349252 -0.000000
v 1.525134 -0.297092 0.262627
v 1.504589 -0.297092 0.162311
v 1.510268 -0.183615 0.424940
v 1.489723 -0.183615 0.000000
v 1.504589 -0.297092 -0.162310
v 1.537831 -0.297092 0.000000
v 1.543509 -0.183615 0.262628
v 1.525133 -0.297092 -0.262627
v 1.543509 -0.183615 -0.262628
v 1.510267 -0.183615 -0.424940
v 1.486214 0.000000 0.162311
v 1.486214 -0.000000 -0.162311
v 1.519456 0.000000 0.525258
v 1.498911 0.000000 0.424942
v 1.552698 0.000000 0.162311
v 1.540000 0.000000 0.424942
v 1.540000 -0.000000 -0.424942
v 1.552698 -0.000000 -0.162311
v 1.498910 -0.000000 -0.424942
v 1.519456 -0.000000 -0.525258
v 1.495401 0.183615 0.262628
v 1.528643 0.183615 0.424940
v 1.549188 0.183615 -0.000000
v 1.528643 0.183615 -0.424940
v 1.495401 0.183615 -0.262627
v 1.513777 0.297092 0.262627
v 1.501079 0.297092 -0.000000
v 1.534322 0.297092 0.162311
v 1.534322 0.297092 -0.162310
v 1.513777 0.297092 -0.262627
v -0.034349 -0.349252 1.652759
v -0.059640 -0.156192 1.928901
v -0.024687 -0.156192 2.099570
v -0.003085 -0.156191 1.652759
v -0.024687 -0.156192 1.205949
v -0.059640 -0.156192 1.376618
v -0.044008 0.156193 2.099570
v -0.009055 0.156193 1.928901
v -0.009057 0.156193 1.376618
v -0.044008 0.156193 1.205949
v -0.065610 0.156191 1.652759
v -0.034349 0.349252 1.652759
v -0.028670 -0.297092 1.915386
v -0.049214 -0.297092 1.815071
v -0.043536 -0.183614 2.077699
v -0.064080 -0.183615 1.652759
v -0.049214 -0.297092 1.490449
v -0.015972 -0.297092 1.652759
v -0.010294 -0.183614 1.915387
v -0.028670 -0.297092 1.390132
v -0.010294 -0.183615 1.390132
v -0.043536 -0.183615 1.227819
v -0.067590 0.000000 1.815071
v -0.067590 0.000000 1.490447
v -0.034349 0.000000 2.178017
v -0.054892 0.000000 2.077701
v -0.001106 0.000000 1.815071
v -0.013803 0.000000 2.077701
v -0.013803 0.000000 1.227817
v -0.001105 0.000000 1.490447
v -0.054892 0.000000 1.227817
v -0.034349 0.000000 1.127501
v -0.058401 0.183615 1.915387
v -0.025160 0.183615 2.077700
v -0.004615 0.183615 1.652759
v -0.025160 0.183615 1.227819
v -0.058401 0.183615 1.390132
v -0.040025 0.297092 1.915386
v -0.052723 0.297092 1.652759
v -0.019481 0.297092 1.815071
v -0.019481 0.297092 1.490449
v -0.040025 0.297092 1.390132
v 0.482466 0.929897 -0.991509
v 0.504164 0.885210 -1.042177
v 0.528795 0.819431 -1.099774
v 0.541042 0.781674 -1.128434
v 0.552614 0.742571 -1.155531
v 0.571992 0.666337 -1.200959
v 0.475715 0.946538 -0.951558
v 0.490862 0.941753 -0.963559
v 0.507259 0.929471 -0.980331
v 0.524280 0.910163 -1.001227
v 0.541269 0.884572 -1.025447
v 0.557572 0.853681 -1.052059
v 0.572566 0.818677 -1.080039
v 0.585670 0.780906 -1.108313
v 0.596383 0.741819 -1.135795
v 0.604294 0.702918 -1.161428
v 0.609097 0.665697 -1.184229
v 0.610608 0.631590 -1.203319
v 0.608771 0.601903 -1.217966
v 0.603655 0.577779 -1.227606
v 0.595455 0.560146 -1.231868
v 0.483953 0.946132 -0.947478
v 0.507023 0.940956 -0.955556
v 0.530724 0.928314 -0.968710
v 0.554146 0.908689 -0.986437
v 0.576386 0.882840 -1.008057
v 0.596593 0.851755 -1.032735
v 0.613989 0.816634 -1.059526
v 0.627905 0.778822 -1.087399
v 0.637808 0.739775 -1.115283
v 0.643315 0.700993 -1.142107
v 0.644216 0.663966 -1.166839
v 0.640474 0.630116 -1.188531
v 0.632236 0.600745 -1.206346
v 0.619818 0.576982 -1.219602
v 0.603695 0.559740 -1.227788
v 0.491410 0.945484 -0.943401
v 0.521650 0.939686 -0.947556
v 0.551958 0.926469 -0.957098
v 0.581172 0.906343 -0.971658
v 0.608167 0.880079 -0.990677
v 0.631905 0.848689 -1.013424
v 0.651476 0.813378 -1.039025
v 0.666126 0.775502 -1.066495
v 0.675294 0.736519 -1.094782
v 0.678625 0.697926 -1.122795
v 0.675995 0.661205 -1.149460
v 0.667500 0.627768 -1.173750
v 0.653470 0.598901 -1.194732
v 0.634443 0.575712 -1.211602
v 0.611153 0.559092 -1.223711
v 0.497796 0.944622 -0.939481
v 0.534179 0.937991 -0.939869
v 0.570147 0.924009 -0.945937
v 0.604321 0.903211 -0.957453
v 0.635387 0.876398 -0.973974
v 0.662151 0.844598 -0.994864
v 0.683585 0.809034 -1.019323
v 0.698864 0.771075 -1.046407
v 0.707402 0.732177 -1.075080
v 0.708872 0.693835 -1.104236
v 0.703215 0.657524 -1.132757
v 0.690650 0.624638 -1.159545
v 0.671659 0.596441 -1.183572
v 0.646973 0.574018 -1.203915
v 0.617539 0.558228 -1.219791
v 0.502869 0.943574 -0.935872
v 0.544127 0.935938 -0.932788
v 0.584590 0.921028 -0.935658
v 0.622703 0.899416 -0.944371
v 0.657002 0.871936 -0.958590
v 0.686170 0.839641 -0.977770
v 0.709082 0.803773 -1.001176
v 0.724862 0.765709 -1.027906
v 0.732900 0.726913 -1.056932
v 0.732890 0.688877 -1.087142
v 0.724830 0.653061 -1.117373
v 0.709032 0.620843 -1.146462
v 0.686102 0.593460 -1.173293
v 0.656920 0.571964 -1.196834
v 0.622610 0.557181 -1.216181
v 0.462402 0.943643 -0.944789
v 0.506431 0.942384 -0.932710
v 0.551113 0.933604 -0.926587
v 0.594734 0.917639 -0.926656
v 0.635613 0.895105 -0.932911
v 0.672182 0.866865 -0.945116
v 0.703037 0.834006 -0.962799
v 0.726988 0.797790 -0.985283
v 0.743117 0.759611 -1.011701
v 0.750806 0.720933 -1.041040
v 0.749757 0.683244 -1.072171
v 0.740010 0.647992 -1.103899
v 0.721942 0.616532 -1.135003
v 0.696244 0.590071 -1.164291
v 0.663907 0.569629 -1.190634
v 0.626171 0.555992 -1.213020
v 0.508346 0.941098 -0.930118
v 0.554869 0.931080 -0.921504
v 0.600185 0.913975 -0.919274
v 0.642553 0.890441 -0.923518
v 0.680343 0.861382 -0.934071
v 0.712103 0.827913 -0.950527
v 0.736614 0.791323 -0.972254
v 0.752932 0.753016 -0.998416
v 0.760432 0.714464 -1.028011
v 0.758823 0.677150 -1.059899
v 0.748171 0.642507 -1.092853
v 0.728882 0.611868 -1.125610
v 0.701697 0.586407 -1.156909
v 0.667663 0.567105 -1.185550
v 0.628087 0.554705 -1.210428
v 0.508540 0.939764 -0.928197
v 0.555251 0.928463 -0.917733
v 0.600739 0.910175 -0.913800
v 0.643256 0.885605 -0.916550
v 0.681171 0.855694 -0.925877
v 0.713024 0.821594 -0.941422
v 0.737591 0.784613 -0.962589
v 0.753928 0.746175 -0.988563
v 0.761408 0.707756 -1.018346
v 0.759744 0.670830 -1.050794
v 0.748999 0.636820 -1.084660
v 0.729585 0.607031 -1.118643
v 0.702250 0.582607 -1.151436
v 0.668044 0.564488 -1.181779
v 0.628281 0.553370 -1.208506
v 0.507006 0.938431 -0.927016
v 0.552241 0.925853 -0.915419
v 0.596371 0.906385 -0.910443
v 0.637698 0.880782 -0.912277
v 0.674634 0.850022 -0.920853
v 0.705759 0.815292 -0.935839
v 0.729880 0.777925 -0.956661
v 0.746066 0.739354 -0.982520
v 0.753697 0.701065 -1.012418
v 0.752481 0.664529 -1.045211
v 0.742462 0.631149 -1.079635
v 0.724025 0.602207 -1.114369
v 0.697883 0.578818 -1.148078
v 0.665036 0.561878 -1.179465
v 0.626747 0.552040 -1.207327
v 0.503803 0.937157 -0.926626
v 0.545960 0.923350 -0.914652
v 0.587250 0.902753 -0.909329
v 0.626089 0.876156 -0.910861
v 0.660983 0.844584 -0.919187
v 0.690592 0.809250 -0.933988
v 0.713778 0.771509 -0.954698
v 0.729648 0.732813 -0.980517
v 0.737596 0.694651 -1.010455
v 0.737313 0.658486 -1.043360
v 0.728811 0.625710 -1.077970
v 0.712418 0.597582 -1.112953
v 0.688762 0.575184 -1.146966
v 0.658754 0.559375 -1.178700
v 0.623545 0.550763 -1.206937
v 0.499055 0.935984 -0.927039
v 0.536644 0.921049 -0.915463
v 0.573726 0.899414 -0.910504
v 0.608877 0.871909 -0.912357
v 0.640744 0.839588 -0.920946
v 0.668105 0.803699 -0.935944
v 0.689904 0.765616 -0.956772
v 0.705308 0.726806 -0.982632
v 0.713723 0.688758 -1.012529
v 0.714825 0.652935 -1.045316
v 0.708572 0.620715 -1.079729
v 0.695205 0.593334 -1.114448
v 0.675238 0.571846 -1.148142
v 0.649438 0.557076 -1.179509
v 0.618796 0.549592 -1.207349
v 0.492942 0.934960 -0.928240
v 0.524655 0.919042 -0.917817
v 0.556321 0.896500 -0.913923
v 0.586723 0.868200 -0.916708
v 0.614694 0.835229 -0.926062
v 0.639160 0.798852 -0.941628
v 0.659176 0.760471 -0.962807
v 0.673977 0.721560 -0.988786
v 0.682995 0.683613 -1.018564
v 0.685879 0.648090 -1.051000
v 0.682522 0.616354 -1.084845
v 0.673052 0.589625 -1.118800
v 0.657832 0.568932 -1.151559
v 0.637449 0.555069 -1.181865
v 0.612683 0.548568 -1.208550
v 0.485702 0.934126 -0.930181
v 0.510451 0.917405 -0.921627
v 0.535700 0.894121 -0.919454
v 0.560480 0.865172 -0.923747
v 0.583834 0.831669 -0.934339
v 0.604869 0.794898 -0.950825
v 0.622774 0.756273 -0.972570
v 0.636862 0.717279 -0.998740
v 0.646593 0.679415 -1.028327
v 0.651590 0.644136 -1.060197
v 0.651662 0.612794 -1.093123
v 0.646807 0.586598 -1.125838
v 0.637212 0.566553 -1.157090
v 0.623246 0.553430 -1.185673
v 0.605442 0.547734 -1.210491
v 0.477610 0.933511 -0.932790
v 0.494581 0.916199 -0.926744
v 0.512660 0.892372 -0.926884
v 0.531153 0.862944 -0.933202
v 0.549350 0.829048 -0.945457
v 0.566552 0.791986 -0.963180
v 0.582097 0.753182 -0.985686
v 0.595389 0.714129 -1.012113
v 0.605916 0.676325 -1.041443
v 0.613274 0.641224 -1.072551
v 0.617178 0.610175 -1.104241
v 0.617482 0.584370 -1.135295
v 0.614171 0.564804 -1.164518
v 0.607374 0.552224 -1.190790
v 0.597351 0.547119 -1.213101
v 0.468979 0.933140 -0.935966
v 0.477651 0.915471 -0.932973
v 0.488082 0.891315 -0.935926
v 0.499871 0.861600 -0.944712
v 0.512567 0.827468 -0.958991
v 0.525682 0.790230 -0.978217
v 0.538709 0.751319 -1.001651
v 0.551151 0.712227 -1.028389
v 0.562528 0.674459 -1.057408
v 0.572402 0.639468 -1.087589
v 0.580396 0.608594 -1.117774
v 0.586200 0.583027 -1.146803
v 0.589594 0.563747 -1.173561
v 0.590445 0.551497 -1.197019
v 0.588721 0.546748 -1.216277
v 0.460142 0.933027 -0.939587
v 0.460313 0.915251 -0.940073
v 0.462913 0.890994 -0.946236
v 0.467838 0.861191 -0.957832
v 0.474900 0.826987 -0.974421
v 0.483827 0.789696 -0.995360
v 0.494277 0.750752 -1.019849
v 0.505847 0.711649 -1.046945
v 0.518094 0.673892 -1.075606
v 0.530547 0.638934 -1.104732
v 0.542727 0.608114 -1.133203
v 0.554166 0.582617 -1.159926
v 0.564425 0.563426 -1.183872
v 0.573109 0.551275 -1.204121
v 0.579883 0.546635 -1.219896
v 0.451436 0.933177 -0.943512
v 0.443236 0.915544 -0.947774
v 0.438120 0.891420 -0.957414
v 0.436282 0.861734 -0.972061
v 0.437794 0.827626 -0.991150
v 0.442597 0.790406 -1.013950
v 0.450508 0.751505 -1.039584
v 0.461221 0.712417 -1.067067
v 0.474325 0.674646 -1.095341
v 0.489317 0.639642 -1.123321
v 0.505622 0.608751 -1.149934
v 0.522611 0.583160 -1.174153
v 0.539630 0.563852 -1.195049
v 0.556029 0.551571 -1.211822
v 0.571176 0.546785 -1.223822
v 0.443195 0.933583 -0.947593
v 0.427073 0.916341 -0.955778
v 0.414655 0.892577 -0.969034
v 0.406416 0.863207 -0.986849
v 0.402675 0.829357 -1.008541
v 0.403576 0.792330 -1.033274
v 0.409083 0.753548 -1.060097
v 0.418984 0.714501 -1.087981
v 0.432901 0.676689 -1.115855
v 0.450298 0.641568 -1.142643
v 0.470503 0.610483 -1.167323
v 0.492745 0.584634 -1.188941
v 0.516167 0.565009 -1.206669
v 0.539867 0.552368 -1.219824
v 0.562936 0.547191 -1.227902
v 0.435739 0.934231 -0.951670
v 0.412446 0.917611 -0.963778
v 0.393421 0.894422 -0.980646
v 0.379391 0.865555 -1.001630
v 0.370897 0.832118 -1.025920
v 0.368264 0.795397 -1.052585
v 0.371597 0.756804 -1.080598
v 0.380765 0.717821 -1.108883
v 0.395414 0.679946 -1.136355
v 0.414986 0.644634 -1.161956
v 0.438724 0.613244 -1.184703
v 0.465718 0.586980 -1.203722
v 0.494933 0.566854 -1.218282
v 0.525240 0.553637 -1.227824
v 0.555480 0.547839 -1.231979
v 0.429352 0.935095 -0.955589
v 0.399918 0.919307 -0.971465
v 0.375232 0.896882 -0.991808
v 0.356241 0.868685 -1.015835
v 0.343675 0.835800 -1.042623
v 0.338018 0.799488 -1.071144
v 0.339488 0.761146 -1.100300
v 0.348027 0.722248 -1.128971
v 0.363305 0.684289 -1.156057
v 0.384740 0.648725 -1.180516
v 0.411504 0.616925 -1.201406
v 0.442570 0.590112 -1.217927
v 0.476743 0.569314 -1.229443
v 0.512712 0.555332 -1.235511
v 0.549093 0.548702 -1.235898
v 0.584489 0.549680 -1.230590
v 0.424280 0.936142 -0.959198
v 0.389970 0.921359 -0.978545
v 0.360789 0.899863 -1.002087
v 0.337859 0.872480 -1.028918
v 0.322059 0.840261 -1.058008
v 0.314001 0.804446 -1.088238
v 0.313991 0.766410 -1.118446
v 0.322029 0.727614 -1.147474
v 0.337808 0.689550 -1.174203
v 0.360721 0.653682 -1.197610
v 0.389888 0.621387 -1.216790
v 0.424186 0.593907 -1.231009
v 0.462301 0.572295 -1.239722
v 0.502763 0.557386 -1.242592
v 0.544022 0.549750 -1.239509
v 0.420718 0.937331 -0.962359
v 0.382984 0.923694 -0.984746
v 0.350645 0.903252 -1.011089
v 0.324949 0.876792 -1.040375
v 0.306880 0.845331 -1.071481
v 0.297134 0.810080 -1.103209
v 0.296085 0.772390 -1.134340
v 0.303774 0.733712 -1.163679
v 0.319902 0.695533 -1.190097
v 0.343855 0.659317 -1.212581
v 0.374708 0.626458 -1.230264
v 0.411278 0.598218 -1.242469
v 0.452157 0.575684 -1.248724
v 0.495778 0.559719 -1.248792
v 0.540460 0.550939 -1.242670
v 0.418804 0.938618 -0.964951
v 0.379227 0.926218 -0.989830
v 0.345194 0.906916 -1.018469
v 0.318009 0.881455 -1.049769
v 0.298719 0.850816 -1.082527
v 0.288066 0.816173 -1.115481
v 0.286459 0.778859 -1.147369
v 0.293958 0.740309 -1.176964
v 0.310278 0.702001 -1.203126
v 0.334787 0.665410 -1.224853
v 0.366547 0.631941 -1.241309
v 0.404338 0.602882 -1.251862
v 0.446704 0.579348 -1.256105
v 0.492022 0.562243 -1.253876
v 0.538545 0.552226 -1.245262
v 0.418610 0.939953 -0.966874
v 0.378847 0.928835 -0.993601
v 0.344641 0.910716 -1.023945
v 0.317306 0.886292 -1.056737
v 0.297893 0.856503 -1.090719
v 0.287147 0.822493 -1.124586
v 0.285483 0.785567 -1.157033
v 0.292963 0.747148 -1.186817
v 0.309300 0.708710 -1.212791
v 0.333867 0.671729 -1.233956
v 0.365720 0.637629 -1.249502
v 0.403633 0.607719 -1.258829
v 0.446151 0.583148 -1.261580
v 0.491640 0.564861 -1.257647
v 0.538351 0.553559 -1.247183
v 0.420144 0.941283 -0.968052
v 0.381855 0.931445 -0.995913
v 0.349008 0.914505 -1.027302
v 0.322864 0.891116 -1.061011
v 0.304429 0.862174 -1.095745
v 0.294411 0.828794 -1.130170
v 0.293193 0.792258 -1.162962
v 0.300825 0.753969 -1.192860
v 0.317011 0.715401 -1.218719
v 0.341131 0.678031 -1.239541
v 0.372257 0.643301 -1.254527
v 0.409193 0.612541 -1.263103
v 0.450520 0.586938 -1.264937
v 0.494648 0.567470 -1.259961
v 0.539885 0.554891 -1.248364
v 0.423346 0.942560 -0.968443
v 0.388137 0.933948 -0.996680
v 0.358129 0.918139 -1.028414
v 0.334474 0.895741 -1.062428
v 0.318078 0.867614 -1.097410
v 0.309576 0.834838 -1.132020
v 0.309294 0.798673 -1.164926
v 0.317241 0.760510 -1.194863
v 0.333113 0.721814 -1.220683
v 0.356298 0.684074 -1.241391
v 0.385906 0.648739 -1.256193
v 0.420802 0.617167 -1.264519
v 0.459640 0.590570 -1.266050
v 0.500932 0.569974 -1.260726
v 0.543088 0.556166 -1.248753
v 0.428095 0.943731 -0.968031
v 0.397453 0.936247 -0.995870
v 0.371653 0.921478 -1.027239
v 0.351685 0.899989 -1.060930
v 0.338317 0.872608 -1.095651
v 0.332066 0.840388 -1.130064
v 0.333168 0.804565 -1.162851
v 0.341583 0.766518 -1.192748
v 0.356987 0.727708 -1.218608
v 0.378786 0.689624 -1.239436
v 0.406147 0.653735 -1.254434
v 0.438013 0.621414 -1.263023
v 0.473163 0.593910 -1.264874
v 0.510247 0.572274 -1.259917
v 0.547836 0.557339 -1.248341
v 0.434207 0.944755 -0.966830
v 0.409443 0.938254 -0.993515
v 0.389058 0.924392 -1.023820
v 0.373839 0.903699 -1.056579
v 0.364368 0.876970 -1.090534
v 0.361011 0.845234 -1.124380
v 0.363897 0.809710 -1.156815
v 0.372912 0.771763 -1.186594
v 0.387715 0.732852 -1.212572
v 0.407731 0.694471 -1.233752
v 0.432197 0.658096 -1.249316
v 0.460167 0.625123 -1.258672
v 0.490570 0.596823 -1.261455
v 0.522236 0.574281 -1.257561
v 0.553949 0.558363 -1.247140
v 0.441449 0.945589 -0.964888
v 0.423645 0.939893 -0.989706
v 0.409679 0.926770 -1.018290
v 0.400082 0.906725 -1.049542
v 0.395228 0.880530 -1.082257
v 0.395302 0.849188 -1.115184
v 0.400298 0.813908 -1.147053
v 0.410029 0.776044 -1.176640
v 0.424116 0.737050 -1.202810
v 0.442022 0.698425 -1.224556
v 0.463055 0.661655 -1.241041
v 0.486411 0.628151 -1.251634
v 0.511191 0.599202 -1.255926
v 0.536439 0.575918 -1.253754
v 0.561189 0.559197 -1.245199
v 0.449538 0.946204 -0.962279
v 0.439516 0.941099 -0.984590
v 0.432719 0.928520 -1.010861
v 0.429409 0.908953 -1.040085
v 0.429713 0.883148 -1.071138
v 0.433617 0.852100 -1.102829
v 0.440975 0.816998 -1.133937
v 0.451502 0.779195 -1.163267
v 0.464794 0.740140 -1.189694
v 0.480339 0.701338 -1.212201
v 0.497541 0.664275 -1.229921
v 0.515738 0.630379 -1.242177
v 0.534232 0.600952 -1.248496
v 0.552311 0.577124 -1.248636
v 0.569281 0.559812 -1.242589
v 0.458170 0.946576 -0.959104
v 0.456446 0.941826 -0.978359
v 0.457298 0.929576 -1.001818
v 0.460691 0.910297 -1.028575
v 0.466495 0.884730 -1.057605
v 0.474489 0.853855 -1.087792
v 0.484363 0.818864 -1.117972
v 0.495740 0.781097 -1.146990
v 0.508181 0.742005 -1.173729
v 0.521209 0.703093 -1.197162
v 0.534323 0.665855 -1.216387
v 0.547018 0.631723 -1.230669
v 0.558810 0.602008 -1.239453
v 0.569240 0.577852 -1.242407
v 0.577910 0.560183 -1.239414
v 0.467008 0.946688 -0.955484
v 0.473782 0.942047 -0.971259
v 0.492724 0.910706 -1.015455
v 0.516342 0.854390 -1.070648
v 0.563064 0.703627 -1.180020
v 0.579053 0.632133 -1.217546
v 0.583978 0.602329 -1.229144
v 0.586576 0.578072 -1.235305
v 0.586749 0.560296 -1.235793
v -0.081475 -1.302207 -0.121935
v -0.498717 -0.929732 -0.933031
v 0.000000 0.965977 -0.725968
v 0.000000 0.645445 -1.086488
v 0.000000 0.226650 -1.281599
v 0.000000 -0.000000 -1.306708
v 0.000000 -0.226650 -1.281599
v 0.000000 -0.645446 -1.086488
v 0.049733 1.139449 -0.250028
v 0.097556 1.073338 -0.490446
v 0.141629 0.965977 -0.712018
v 0.180259 0.821496 -0.906228
v 0.211963 0.645445 -1.065612
v 0.235522 0.444591 -1.184043
v 0.250028 0.226650 -1.256974
v 0.254927 -0.000000 -1.281599
v 0.250028 -0.226650 -1.256974
v 0.235522 -0.444591 -1.184043
v 0.211963 -0.645446 -1.065612
v 0.180259 -0.821496 -0.906227
v 0.141629 -0.965978 -0.712018
v 0.097556 -1.073338 -0.490446
v 0.049733 -1.139449 -0.250028
v 0.097556 1.139449 -0.235521
v 0.191363 1.073338 -0.461991
v 0.277816 0.965977 -0.670707
v 0.353592 0.821496 -0.853649
v 0.415781 0.645445 -1.003784
v 0.461991 0.444591 -1.115344
v 0.490446 0.226650 -1.184043
v 0.500055 -0.000000 -1.207240
v 0.490446 -0.226650 -1.184043
v 0.461991 -0.444591 -1.115344
v 0.415781 -0.645446 -1.003784
v 0.353592 -0.821496 -0.853648
v 0.277816 -0.965978 -0.670707
v 0.191363 -1.073338 -0.461991
v 0.097556 -1.139449 -0.235520
v 0.141629 1.139449 -0.211963
v 0.277816 1.073338 -0.415781
v 0.403326 0.965977 -0.603621
v 0.513338 0.821496 -0.768262
v 0.603621 0.645445 -0.903382
v 0.670707 0.444591 -1.003784
v 0.712018 0.226650 -1.065612
v 0.725968 -0.000000 -1.086488
v 0.712018 -0.226650 -1.065612
v 0.670707 -0.444591 -1.003784
v 0.603621 -0.645446 -0.903381
v 0.513338 -0.821496 -0.768262
v 0.403326 -0.965978 -0.603620
v 0.277816 -1.073338 -0.415781
v 0.141629 -1.139449 -0.211963
v 0.180259 1.139449 -0.180260
v 0.353592 1.073338 -0.353593
v 0.513338 0.965977 -0.513338
v 0.653353 0.821496 -0.653353
v 0.768262 0.645445 -0.768262
v 0.853648 0.444591 -0.853649
v 0.906227 0.226650 -0.906227
v 0.923981 -0.000000 -0.923981
v 0.906227 -0.226650 -0.906227
v 0.853648 -0.444591 -0.853648
v 0.768262 -0.645446 -0.768262
v 0.653353 -0.821496 -0.653353
v 0.513338 -0.965977 -0.513337
v 0.353592 -1.073338 -0.353592
v 0.180259 -1.139449 -0.180259
v 0.211963 1.139449 -0.141629
v 0.415781 1.073338 -0.277816
v 0.603621 0.965977 -0.403326
v 0.768262 0.821496 -0.513338
v 0.903381 0.645445 -0.603621
v 1.003784 0.444591 -0.670707
v 1.065612 0.226650 -0.712018
v 1.086488 -0.000000 -0.725968
v 1.065612 -0.226650 -0.712018
v 1.003784 -0.444591 -0.670707
v 0.903381 -0.645446 -0.603620
v 0.768262 -0.821496 -0.513337
v 0.603621 -0.965977 -0.403326
v 0.415781 -1.073338 -0.277816
v 0.211963 -1.139449 -0.141629
v 0.000000 1.161771 -0.000000
v 0.235520 1.139449 -0.097556
v 0.461991 1.073338 -0.191363
v 0.670707 0.965977 -0.277816
v 0.853648 0.821496 -0.353593
v 1.003784 0.645445 -0.415781
v 1.115344 0.444591 -0.461991
v 1.184043 0.226650 -0.490446
v 1.207240 -0.000000 -0.500055
v 1.184043 -0.226650 -0.490446
v 1.115344 -0.444591 -0.461991
v 1.003784 -0.645446 -0.415781
v 0.853648 -0.821496 -0.353592
v 0.670707 -0.965977 -0.277816
v 0.461991 -1.073338 -0.191363
v 0.235520 -1.139449 -0.097556
v 0.250028 1.139449 -0.049733
v 0.490446 1.073338 -0.097556
v 0.712018 0.965977 -0.141629
v 0.906227 0.821496 -0.180260
v 1.065612 0.645445 -0.211963
v 1.184043 0.444591 -0.235522
v 1.256974 0.226650 -0.250028
v 1.281599 -0.000000 -0.254927
v 1.256974 -0.226650 -0.250028
v 1.184043 -0.444591 -0.235522
v 1.065612 -0.645445 -0.211963
v 0.906227 -0.821496 -0.180259
v 0.712018 -0.965977 -0.141629
v 0.490446 -1.073338 -0.097556
v 0.250028 -1.139449 -0.049733
v 0.254927 1.139449 -0.000000
v 0.500055 1.073338 -0.000000
v 0.725968 0.965977 -0.000000
v 0.923981 0.821496 -0.000000
v 1.086488 0.645445 -0.000000
v 1.207240 0.444591 -0.000000
v 1.281599 0.226650 -0.000000
v 1.306708 0.000000 0.000000
v 1.281599 -0.226650 0.000000
v 1.207240 -0.444591 0.000000
v 1.086488 -0.645445 0.000000
v 0.923981 -0.821496 0.000000
v 0.725968 -0.965977 0.000000
v 0.500055 -1.073338 0.000000
v 0.254927 -1.139449 0.000000
v 0.250028 1.139449 0.049733
v 0.490446 1.073338 0.097556
v 0.712018 0.965977 0.141629
v 0.906227 0.821496 0.180259
v 1.065610 0.645445 0.211963
v 1.184043 0.444591 0.235520
v 1.256974 0.226650 0.250028
v 1.281599 0.000000 0.254927
v 1.256974 -0.226650 0.250028
v 1.184043 -0.444591 0.235520
v 1.065610 -0.645445 0.211963
v 0.906227 -0.821496 0.180260
v 0.712018 -0.965977 0.141629
v 0.490446 -1.073338 0.097556
v 0.250028 -1.139449 0.049733
v 0.235520 1.139449 0.097556
v 0.461991 1.073338 0.191363
v 0.670707 0.965977 0.277816
v 0.853648 0.821496 0.353592
v 1.003784 0.645446 0.415781
v 1.115344 0.444591 0.461991
v 1.184043 0.226650 0.490446
v 1.207239 0.000000 0.500055
v 1.184043 -0.226650 0.490446
v 1.115344 -0.444591 0.461991
v 1.003784 -0.645445 0.415781
v 0.853648 -0.821496 0.353593
v 0.670707 -0.965977 0.277816
v 0.461991 -1.073338 0.191363
v 0.235520 -1.139449 0.097556
v 0.211963 1.139449 0.141629
v 0.415781 1.073338 0.277816
v 0.603621 0.965977 0.403326
v 0.768262 0.821496 0.513337
v 0.903381 0.645446 0.603620
v 1.003784 0.444591 0.670707
v 1.065610 0.226650 0.712018
v 1.086486 0.000000 0.725968
v 1.065610 -0.226650 0.712018
v 1.003784 -0.444591 0.670707
v 0.903381 -0.645445 0.603621
v 0.768262 -0.821496 0.513338
v 0.603621 -0.965977 0.403326
v 0.415781 -1.073338 0.277816
v 0.211963 -1.139449 0.141629
v 0.180259 1.139449 0.180259
v 0.353592 1.073338 0.353592
v 0.513336 0.965977 0.513337
v 0.653353 0.821496 0.653353
v 0.768262 0.645446 0.768262
v 0.853648 0.444591 0.853647
v 0.906227 0.226650 0.906227
v 0.923981 0.000000 0.923981
v 0.906227 -0.226650 0.906227
v 0.853648 -0.444591 0.853647
v 0.768262 -0.645445 0.768262
v 0.653353 -0.821496 0.653353
v 0.513336 -0.965977 0.513338
v 0.353592 -1.073338 0.353593
v 0.180259 -1.139449 0.180260
v 0.141629 1.139449 0.211963
v 0.277816 1.073338 0.415781
v 0.403326 0.965978 0.603620
v 0.513338 0.821496 0.768262
v 0.603621 0.645446 0.903381
v 0.670707 0.444591 1.003784
v 0.712018 0.226650 1.065612
v 0.725967 0.000000 1.086488
v 0.712018 -0.226650 1.065612
v 0.670707 -0.444591 1.003784
v 0.603621 -0.645445 0.903382
v 0.513338 -0.821496 0.768262
v 0.403326 -0.965977 0.603621
v 0.277816 -1.073338 0.415781
v 0.141629 -1.139449 0.211963
v 0.097556 1.139449 0.235520
v 0.191363 1.073338 0.461991
v 0.277816 0.965978 0.670707
v 0.353592 0.821496 0.853648
v 0.415781 0.645446 1.003784
v 0.461991 0.444591 1.115344
v 0.490446 0.226650 1.184043
v 0.500055 0.000000 1.207239
v 0.490446 -0.226650 1.184043
v 0.461991 -0.444591 1.115344
v 0.415781 -0.645445 1.003784
v 0.353592 -0.821496 0.853649
v 0.277816 -0.965977 0.670707
v 0.191363 -1.073338 0.461991
v 0.097556 -1.139449 0.235521
v 0.049733 1.139449 0.250028
v 0.097556 1.073338 0.490446
v 0.141629 0.965978 0.712018
v 0.180259 0.821496 0.906227
v 0.211963 0.645446 1.065610
v 0.235522 0.444591 1.184043
v 0.250028 0.226650 1.256974
v 0.254927 0.000000 1.281599
v 0.250028 -0.226650 1.256974
v 0.235522 -0.444591 1.184043
v 0.211963 -0.645445 1.065610
v 0.180259 -0.821496 0.906228
v 0.141629 -0.965977 0.712018
v 0.097556 -1.073338 0.490446
v 0.049733 -1.139449 0.250028
v 0.000000 1.139449 0.254926
v 0.000000 1.073338 0.500055
v 0.000000 0.965978 0.725968
v 0.000000 0.821496 0.923981
v 0.000000 0.645446 1.086488
v 0.000000 0.444591 1.207240
v 0.000000 0.226650 1.281599
v 0.000000 0.000000 1.306707
v 0.000000 -0.226650 1.281599
v 0.000000 -0.444591 1.207240
v 0.000000 -0.645445 1.086488
v 0.000000 -0.821496 0.923981
v 0.000000 -0.965977 0.725968
v 0.000000 -1.073338 0.500055
v 0.000000 -1.139449 0.254927
v -0.049733 1.139449 0.250028
v -0.097556 1.073338 0.490446
v -0.141629 0.965978 0.712018
v -0.180259 0.821496 0.906227
v -0.211963 0.645446 1.065610
v -0.235520 0.444591 1.184043
v -0.250028 0.226650 1.256974
v -0.254927 0.000000 1.281598
v -0.250028 -0.226650 1.256974
v -0.235520 -0.444591 1.184043
v -0.211963 -0.645445 1.065610
v -0.180259 -0.821496 0.906228
v -0.141629 -0.965977 0.712018
v -0.097556 -1.073338 0.490446
v -0.049733 -1.139449 0.250028
v -0.097556 1.139449 0.235520
v -0.191363 1.073338 0.461991
v -0.277816 0.965978 0.670706
v -0.353592 0.821496 0.853647
v -0.415781 0.645446 1.003784
v -0.461991 0.444591 1.115344
v -0.490446 0.226650 1.184043
v -0.500055 0.000000 1.207239
v -0.490446 -0.226650 1.184043
v -0.461991 -0.444591 1.115344
v -0.415781 -0.645445 1.003784
v -0.353592 -0.821496 0.853647
v -0.277816 -0.965977 0.670706
v -0.191363 -1.073338 0.461991
v -0.097556 -1.139449 0.235521
v -0.141629 1.139449 0.211963
v -0.277816 1.073338 0.415781
v -0.403326 0.965978 0.603620
v -0.513338 0.821496 0.768262
v -0.603621 0.645446 0.903381
v -0.670707 0.444591 1.003784
v -0.712018 0.226650 1.065610
v -0.725968 0.000000 1.086486
v -0.712018 -0.226650 1.065610
v -0.670707 -0.444591 1.003784
v -0.603621 -0.645445 0.903382
v -0.513338 -0.821496 0.768262
v -0.403326 -0.965977 0.603621
v -0.277816 -1.073338 0.415781
v -0.141629 -1.139449 0.211963
v -0.180259 1.139449 0.180259
v -0.353592 1.073338 0.353592
v -0.513336 0.965977 0.513336
v -0.653353 0.821496 0.653353
v -0.768262 0.645446 0.768262
v -0.853647 0.444591 0.853647
v -0.906227 0.226650 0.906227
v -0.923981 0.000000 0.923981
v -0.906227 -0.226650 0.906227
v -0.853647 -0.444591 0.853647
v -0.768262 -0.645445 0.768262
v -0.653353 -0.821496 0.653353
v -0.513336 -0.965977 0.513336
v -0.353592 -1.073338 0.353593
v -0.180259 -1.139449 0.180260
v 0.000000 -1.161771 0.000000
v -0.211963 1.139449 0.141629
v -0.415781 1.073338 0.277816
v -0.603621 0.965977 0.403325
v -0.768262 0.821496 0.513337
v -0.903381 0.645446 0.603620
v -1.003784 0.444591 0.670707
v -1.065610 0.226650 0.712018
v -1.086486 0.000000 0.725967
v -1.065610 -0.226650 0.712018
v -1.003784 -0.444591 0.670707
v -0.903381 -0.645445 0.603621
v -0.768262 -0.821496 0.513338
v -0.603621 -0.965977 0.403325
v -0.415781 -1.073338 0.277816
v -0.211963 -1.139449 0.141629
v -0.235520 1.139449 0.097556
v -0.461991 1.073338 0.191363
v -0.670707 0.965977 0.277816
v -0.853647 0.821496 0.353592
v -1.003784 0.645446 0.415781
v -1.115344 0.444591 0.461991
v -1.184043 0.226650 0.490446
v -1.207239 0.000000 0.500055
v -1.184043 -0.226650 0.490446
v -1.115344 -0.444591 0.461991
v -1.003784 -0.645445 0.415781
v -0.853647 -0.821496 0.353593
v -0.670707 -0.965977 0.277816
v -0.461991 -1.073338 0.191363
v -0.235520 -1.139449 0.097556
v -0.250028 1.139449 0.049733
v -0.490446 1.073338 0.097556
v -0.712018 0.965977 0.141629
v -0.906227 0.821496 0.180259
v -1.065610 0.645445 0.211963
v -1.184043 0.444591 0.235520
v -1.256974 0.226650 0.250027
v -1.281598 0.000000 0.254924
v -1.256974 -0.226650 0.250027
v -1.184043 -0.444591 0.235520
v -1.065610 -0.645445 0.211963
v -0.906227 -0.821496 0.180260
v -0.712018 -0.965977 0.141629
v -0.490446 -1.073338 0.097556
v -0.250028 -1.139449 0.049733
v -0.254927 1.139449 -0.000000
v -0.500055 1.073338 -0.000000
v -0.725967 0.965977 -0.000000
v -0.923981 0.821496 -0.000000
v -1.086486 0.645445 -0.000000
v -1.207239 0.444591 -0.000000
v -1.281599 0.226650 -0.000000
v -1.306707 0.000000 0.000000
v -1.281599 -0.226650 0.000000
v -1.207239 -0.444591 0.000000
v -1.086486 -0.645445 0.000000
v -0.923981 -0.821496 0.000000
v -0.725967 -0.965977 0.000000
v -0.500055 -1.073338 0.000000
v -0.254927 -1.139449 0.000000
v -0.250028 1.139449 -0.049733
v -0.490446 1.073338 -0.097556
v -0.712018 0.965977 -0.141629
v -0.906227 0.821496 -0.180260
v -1.065610 0.645445 -0.211963
v -1.184043 0.444591 -0.235520
v -1.256974 0.226650 -0.250028
v -1.281598 -0.000000 -0.254927
v -1.256974 -0.226650 -0.250028
v -1.184043 -0.444591 -0.235520
v -1.065610 -0.645445 -0.211963
v -0.906227 -0.821496 -0.180259
v -0.712018 -0.965977 -0.141629
v -0.490446 -1.073338 -0.097556
v -0.250028 -1.139449 -0.049733
v -0.235520 1.139449 -0.097556
v -0.461991 1.073338 -0.191363
v -0.670706 0.965977 -0.277816
v -0.853647 0.821496 -0.353593
v -1.003783 0.645445 -0.415781
v -1.115344 0.444591 -0.461991
v -1.184043 0.226650 -0.490446
v -1.207239 -0.000000 -0.500055
v -1.184043 -0.226650 -0.490446
v -1.115344 -0.444591 -0.461991
v -1.003783 -0.645446 -0.415781
v -0.853647 -0.821496 -0.353592
v -0.670706 -0.965977 -0.277816
v -0.461991 -1.073338 -0.191363
v -0.235520 -1.139449 -0.097556
v -0.211963 1.139449 -0.141629
v -0.415781 1.073338 -0.277816
v -0.603618 0.965977 -0.403326
v -0.768262 0.821496 -0.513338
v -0.903381 0.645445 -0.603621
v -1.003784 0.444591 -0.670707
v -1.065610 0.226650 -0.712018
v -1.086486 -0.000000 -0.725968
v -1.065610 -0.226650 -0.712018
v -1.003784 -0.444591 -0.670707
v -0.903381 -0.645446 -0.603620
v -0.768262 -0.821496 -0.513337
v -0.603618 -0.965977 -0.403326
v -0.415781 -1.073338 -0.277816
v -0.211963 -1.139449 -0.141629
v -0.180259 1.139449 -0.180260
v -0.353592 1.073338 -0.353593
v -0.513336 0.965977 -0.513336
v -0.653353 0.821496 -0.653353
v -0.768262 0.645445 -0.768262
v -0.853647 0.444591 -0.853647
v -0.906227 0.226650 -0.906227
v -0.923980 -0.000000 -0.923981
v -0.906227 -0.226650 -0.906227
v -0.853647 -0.444591 -0.853647
v -0.768262 -0.645446 -0.768262
v -0.653353 -0.821496 -0.653353
v -0.513336 -0.965977 -0.513336
v -0.353592 -1.073338 -0.353592
v -0.180259 -1.139449 -0.180259
v -0.141629 1.139449 -0.211963
v -0.277816 1.073338 -0.415781
v -0.403325 0.965977 -0.603621
v -0.513336 0.821496 -0.768262
v -0.603618 0.645445 -0.903382
v -0.670707 0.444591 -1.003784
v -0.712018 0.226650 -1.065610
v -0.725967 -0.000000 -1.086486
v -0.712018 -0.226650 -1.065610
v -0.670707 -0.444591 -1.003784
v -0.603618 -0.645446 -0.903381
v -0.513336 -0.821496 -0.768262
v -0.403325 -0.965978 -0.603620
v -0.277816 -1.073338 -0.415781
v -0.141629 -1.139449 -0.211963
v -0.097556 1.139449 -0.235521
v -0.191363 1.073338 -0.461991
v -0.277816 0.965977 -0.670706
v -0.353592 0.821496 -0.853647
v -0.415781 0.645445 -1.003784
v -0.461991 0.444591 -1.115344
v -0.490446 0.226650 -1.184043
v -0.500055 -0.000000 -1.207239
v -0.490446 -0.226650 -1.184043
v -0.461991 -0.444591 -1.115344
v -0.415781 -0.645446 -1.003784
v -0.353592 -0.821496 -0.853647
v -0.277816 -0.965978 -0.670706
v -0.191363 -1.073338 -0.461991
v -0.097556 -1.139449 -0.235520
v -0.049733 1.139449 -0.250028
v -0.097556 1.073338 -0.490446
v -0.141629 0.965977 -0.712018
v -0.180259 0.821496 -0.906228
v -0.211963 0.645445 -1.065610
v -0.235520 0.444591 -1.184043
v -0.250027 0.226650 -1.256974
v -0.254924 -0.000000 -1.281598
v -0.250027 -0.226650 -1.256974
v -0.235520 -0.444591 -1.184043
v -0.211963 -0.645446 -1.065610
v -0.180259 -0.821496 -0.906227
v -0.141629 -0.965978 -0.712018
v -0.097556 -1.073338 -0.490446
v -0.049733 -1.139449 -0.250028
v 0.000000 1.139449 -0.254927
v 0.000000 1.073338 -0.500055
v 0.000000 0.821496 -0.923981
v 0.000000 0.444591 -1.207239
v 0.000000 -0.444591 -1.207239
v 0.000000 -0.821496 -0.923981
v 0.000000 -0.965978 -0.725967
v 0.000000 -1.073338 -0.500055
v 0.000000 -1.139449 -0.254926
vn -0.3110 0.7755 -0.5494
vn -0.4427 0.4231 -0.7906
vn -0.3416 0.7190 -0.6052
vn -0.4582 0.3445 -0.8194
vn -0.3627 0.6739 -0.6437
vn -0.4756 0.2189 -0.8520
vn -0.3789 0.6349 -0.6733
vn -0.4860 -0.0191 -0.8737
vn -0.3925 0.5986 -0.6982
vn 0.0950 0.9785 0.1829
vn -0.4146 -0.5132 -0.7515
vn -0.4049 0.5625 -0.7209
vn -0.1545 0.9516 -0.2658
vn -0.4168 0.5239 -0.7428
vn -0.2595 0.8513 -0.4560
vn -0.4292 0.4792 -0.7656
vn -0.2168 0.8580 -0.4658
vn -0.3899 0.4750 -0.7889
vn -0.2683 0.7812 -0.5637
vn -0.4041 0.4166 -0.8143
vn -0.2994 0.7234 -0.6222
vn -0.4206 0.3351 -0.8431
vn -0.3209 0.6768 -0.6625
vn -0.4395 0.2056 -0.8744
vn -0.3376 0.6365 -0.6934
vn -0.4534 -0.0373 -0.8905
vn -0.3517 0.5989 -0.7194
vn 0.1173 0.9755 0.1860
vn -0.3952 -0.5249 -0.7538
vn -0.3645 0.5615 -0.7429
vn -0.1140 0.9566 -0.2681
vn -0.3770 0.5213 -0.7656
vn -0.2896 0.6390 -0.7126
vn -0.4173 -0.0765 -0.9055
vn -0.3047 0.5986 -0.7409
vn 0.1457 0.9687 0.2010
vn -0.3723 -0.5480 -0.7490
vn -0.3185 0.5581 -0.7662
vn -0.0618 0.9654 -0.2532
vn -0.3320 0.5147 -0.7905
vn -0.1632 0.8708 -0.4638
vn -0.3461 0.4645 -0.8151
vn -0.2162 0.7923 -0.5705
vn -0.3616 0.4014 -0.8415
vn -0.2488 0.7316 -0.6347
vn -0.3797 0.3136 -0.8703
vn -0.2718 0.6822 -0.6788
vn -0.4006 0.1754 -0.8993
vn -0.2929 0.4450 -0.8463
vn -0.1485 0.8096 -0.5678
vn -0.3106 0.3735 -0.8741
vn -0.1839 0.7446 -0.6416
vn -0.3311 0.2751 -0.9026
vn -0.2091 0.6903 -0.6926
vn -0.3549 0.1233 -0.9267
vn -0.2290 0.6422 -0.7315
vn -0.3754 -0.1393 -0.9163
vn -0.2460 0.5968 -0.7637
vn 0.1797 0.9570 0.2278
vn -0.3457 -0.5820 -0.7360
vn -0.2616 0.5511 -0.7924
vn 0.0056 0.9760 -0.2177
vn -0.2769 0.5019 -0.8194
vn -0.0932 0.8898 -0.4467
vn -0.3235 -0.2327 -0.9172
vn -0.1648 0.5917 -0.7891
vn 0.2189 0.9389 0.2656
vn -0.3154 -0.6254 -0.7137
vn -0.1835 0.5371 -0.8233
vn 0.0918 0.9836 -0.1555
vn -0.2019 0.4780 -0.8548
vn 0.0027 0.9139 -0.4060
vn -0.2212 0.4097 -0.8850
vn -0.0543 0.8338 -0.5494
vn -0.2427 0.3246 -0.9142
vn -0.0929 0.7632 -0.6395
vn -0.2675 0.2092 -0.9406
vn -0.1216 0.7015 -0.7022
vn -0.2964 0.0384 -0.9543
vn -0.1447 0.6455 -0.7500
vn 0.0874 0.8618 -0.4997
vn -0.1405 0.2346 -0.9619
vn 0.0477 0.7858 -0.6167
vn -0.1746 0.0949 -0.9801
vn 0.0153 0.7136 -0.7004
vn -0.2145 -0.0970 -0.9719
vn -0.0123 0.6448 -0.7643
vn -0.2568 -0.3606 -0.8967
vn -0.0373 0.5768 -0.8160
vn 0.2604 0.9131 0.3136
vn -0.2822 -0.6753 -0.6815
vn -0.0613 0.5066 -0.8600
vn 0.2006 0.9780 -0.0580
vn -0.0855 0.4302 -0.8987
vn 0.1381 0.9355 -0.3253
vn -0.1115 0.3422 -0.9330
vn 0.1967 0.5260 -0.8275
vn 0.3028 0.8789 0.3687
vn -0.2464 -0.7290 -0.6386
vn 0.1628 0.4267 -0.8896
vn 0.3288 0.9410 0.0800
vn 0.1254 0.3185 -0.9396
vn 0.3281 0.9282 -0.1754
vn 0.0834 0.1968 -0.9769
vn 0.3112 0.8716 -0.3789
vn 0.0343 0.0561 -0.9978
vn 0.2865 0.7946 -0.5353
vn -0.0240 -0.1100 -0.9936
vn 0.2583 0.7092 -0.6560
vn -0.0930 -0.3052 -0.9477
vn 0.2283 0.6195 -0.7511
vn -0.1705 -0.5218 -0.8358
vn 0.3323 -0.2895 -0.8976
vn 0.6665 0.6890 -0.2848
vn 0.2098 -0.4397 -0.8733
vn 0.6835 0.5825 -0.4400
vn 0.0748 -0.5774 -0.8131
vn 0.6766 0.4587 -0.5761
vn -0.0674 -0.6945 -0.7164
vn 0.6474 0.3220 -0.6908
vn 0.3431 0.8362 0.4279
vn -0.2095 -0.7829 -0.5858
vn 0.5975 0.1756 -0.7824
vn 0.4603 0.8514 0.2515
vn 0.5277 0.0227 -0.8491
vn 0.5551 0.8290 0.0678
vn 0.4389 -0.1336 -0.8885
vn 0.6240 0.7731 -0.1136
vn -0.1739 -0.8323 -0.5263
vn 0.9310 -0.2874 -0.2250
vn 0.5656 0.7052 0.4275
vn 0.8504 -0.4253 -0.3099
vn 0.7238 0.5949 0.3497
vn 0.7397 -0.5513 -0.3858
vn 0.8475 0.4628 0.2599
vn 0.6001 -0.6613 -0.4500
vn 0.9343 0.3173 0.1627
vn 0.4334 -0.7500 -0.4998
vn 0.9843 0.1648 0.0628
vn 0.2435 -0.8116 -0.5311
vn 0.9993 0.0107 -0.0367
vn 0.0377 -0.8404 -0.5406
vn 0.9810 -0.1411 -0.1333
vn 0.3791 0.7863 0.4879
vn 0.5116 -0.8535 -0.0986
vn 0.8955 -0.1755 0.4089
vn 0.3452 -0.9135 -0.2155
vn 0.8880 -0.2963 0.3515
vn 0.1244 -0.9311 -0.3428
vn 0.8667 -0.4042 0.2923
vn 0.4080 0.7329 0.5444
vn -0.1410 -0.8755 -0.4623
vn 0.8328 -0.5034 0.2302
vn 0.6238 0.5316 0.5729
vn 0.7852 -0.5973 0.1631
vn 0.7664 0.3199 0.5571
vn 0.7206 -0.6877 0.0880
vn 0.8469 0.1281 0.5162
vn 0.6326 -0.7744 0.0018
vn 0.8848 -0.0360 0.4646
vn 0.6390 0.3691 0.6748
vn 0.6783 -0.6302 0.3778
vn 0.7340 0.1083 0.6705
vn 0.6387 -0.6993 0.3209
vn 0.7671 -0.0818 0.6363
vn 0.5845 -0.7719 0.2500
vn 0.7727 -0.2208 0.5951
vn 0.5052 -0.8488 0.1559
vn 0.7656 -0.3279 0.5534
vn 0.3814 -0.9241 0.0241
vn 0.7516 -0.4156 0.5123
vn 0.1818 -0.9696 -0.1636
vn 0.7325 -0.4919 0.4706
vn 0.4292 0.6789 0.5956
vn -0.1132 -0.9099 -0.3991
vn 0.7085 -0.5621 0.4266
vn 0.6717 -0.3998 0.6236
vn 0.3835 -0.9054 0.1819
vn 0.6574 -0.4681 0.5906
vn 0.2126 -0.9769 -0.0214
vn 0.6411 -0.5271 0.5578
vn 0.4426 0.6278 0.6403
vn -0.0916 -0.9361 -0.3397
vn 0.6224 -0.5817 0.5236
vn 0.6280 0.2393 0.7406
vn 0.6002 -0.6355 0.4857
vn 0.6825 -0.0301 0.7303
vn 0.5721 -0.6916 0.4408
vn 0.6904 -0.2001 0.6952
vn 0.5339 -0.7535 0.3837
vn 0.6837 -0.3149 0.6584
vn 0.4772 -0.8245 0.3040
vn 0.5423 -0.6354 0.5497
vn 0.6324 -0.1172 0.7657
vn 0.5200 -0.6835 0.5122
vn 0.6281 -0.2686 0.7303
vn 0.4901 -0.7380 0.4640
vn 0.6168 -0.3668 0.6964
vn 0.4456 -0.8031 0.3955
vn 0.6038 -0.4381 0.6659
vn 0.3706 -0.8838 0.2856
vn 0.5903 -0.4950 0.6376
vn 0.2237 -0.9710 0.0849
vn 0.5760 -0.5442 0.6100
vn 0.4483 0.5844 0.6764
vn -0.0773 -0.9547 -0.2874
vn 0.5604 -0.5900 0.5813
vn 0.6045 0.1444 0.7834
vn 0.3501 -0.8667 0.3553
vn 0.5382 -0.5102 0.6708
vn 0.2207 -0.9620 0.1610
vn 0.5253 -0.5536 0.6462
vn 0.4475 0.5499 0.7052
vn -0.0705 -0.9670 -0.2447
vn 0.5114 -0.5941 0.6209
vn 0.5764 0.0794 0.8133
vn 0.4958 -0.6345 0.5930
vn 0.5876 -0.1714 0.7908
vn 0.4767 -0.6777 0.5599
vn 0.5773 -0.3093 0.7556
vn 0.4513 -0.7272 0.5172
vn 0.5641 -0.3969 0.7240
vn 0.4138 -0.7880 0.4559
vn 0.5510 -0.4600 0.6962
vn 0.5476 -0.2031 0.8117
vn 0.4380 -0.6743 0.5946
vn 0.5341 -0.3327 0.7772
vn 0.4152 -0.7208 0.5550
vn 0.5199 -0.4141 0.7471
vn 0.3818 -0.7787 0.4979
vn 0.5069 -0.4724 0.7210
vn 0.3249 -0.8556 0.4030
vn 0.4946 -0.5188 0.6973
vn 0.2074 -0.9546 0.2138
vn 0.4824 -0.5589 0.6745
vn 0.4410 0.5259 0.7273
vn -0.0714 -0.9745 -0.2126
vn 0.4696 -0.5964 0.6510
vn 0.5468 0.0392 0.8363
vn 0.4553 -0.6339 0.6252
vn 0.4552 -0.5230 0.7206
vn 0.1852 -0.9509 0.2480
vn 0.4433 -0.5617 0.6986
vn 0.4299 0.5136 0.7426
vn -0.0796 -0.9782 -0.1918
vn 0.4309 -0.5978 0.6760
vn 0.5167 0.0198 0.8559
vn 0.4172 -0.6340 0.6511
vn 0.5108 -0.2182 0.8315
vn 0.4008 -0.6730 0.6216
vn 0.4952 -0.3437 0.7979
vn 0.3794 -0.7182 0.5833
vn 0.4805 -0.4222 0.7687
vn 0.3480 -0.7747 0.5280
vn 0.4673 -0.4784 0.7435
vn 0.2949 -0.8505 0.4355
vn 0.3627 -0.6739 0.6437
vn 0.4582 -0.3445 0.8194
vn 0.3417 -0.7190 0.6052
vn 0.4427 -0.4231 0.7906
vn 0.3110 -0.7755 0.5495
vn 0.4292 -0.4792 0.7656
vn 0.2596 -0.8513 0.4559
vn 0.4168 -0.5239 0.7428
vn 0.1545 -0.9516 0.2658
vn 0.4049 -0.5625 0.7209
vn 0.4145 0.5133 0.7515
vn -0.0950 -0.9785 -0.1829
vn 0.3926 -0.5986 0.6982
vn 0.4860 0.0191 0.8738
vn 0.3790 -0.6349 0.6733
vn 0.4755 -0.2190 0.8520
vn 0.1139 -0.9566 0.2681
vn 0.3645 -0.5615 0.7429
vn 0.3950 0.5252 0.7537
vn -0.1173 -0.9755 -0.1860
vn 0.3517 -0.5989 0.7194
vn 0.4534 0.0372 0.8905
vn 0.3376 -0.6365 0.6935
vn 0.4395 -0.2055 0.8744
vn 0.3209 -0.6768 0.6625
vn 0.4206 -0.3352 0.8430
vn 0.2994 -0.7234 0.6222
vn 0.4042 -0.4166 0.8143
vn 0.2683 -0.7812 0.5637
vn 0.3899 -0.4750 0.7889
vn 0.2168 -0.8579 0.4658
vn 0.3770 -0.5213 0.7656
vn 0.2488 -0.7316 0.6347
vn 0.3616 -0.4014 0.8415
vn 0.2163 -0.7923 0.5705
vn 0.3461 -0.4645 0.8151
vn 0.1631 -0.8708 0.4639
vn 0.3320 -0.5147 0.7905
vn 0.0620 -0.9654 0.2533
vn 0.3185 -0.5581 0.7662
vn 0.3725 0.5478 0.7491
vn -0.1453 -0.9688 -0.2008
vn 0.3047 -0.5986 0.7408
vn 0.4174 0.0760 0.9055
vn 0.2896 -0.6390 0.7126
vn 0.4006 -0.1755 0.8993
vn 0.2717 -0.6822 0.6788
vn 0.3797 -0.3137 0.8703
vn 0.3456 0.5821 0.7360
vn -0.1802 -0.9568 -0.2281
vn 0.2460 -0.5968 0.7637
vn 0.3755 0.1393 0.9163
vn 0.2290 -0.6422 0.7315
vn 0.3549 -0.1233 0.9268
vn 0.2091 -0.6904 0.6926
vn 0.3311 -0.2751 0.9026
vn 0.1838 -0.7446 0.6417
vn 0.3106 -0.3735 0.8741
vn 0.1486 -0.8096 0.5678
vn 0.2929 -0.4449 0.8463
vn 0.0931 -0.8899 0.4466
vn 0.2769 -0.5019 0.8194
vn -0.0054 -0.9760 0.2179
vn 0.2616 -0.5511 0.7924
vn 0.2427 -0.3246 0.9142
vn 0.0543 -0.8338 0.5494
vn 0.2212 -0.4096 0.8850
vn -0.0025 -0.9139 0.4060
vn 0.2019 -0.4780 0.8548
vn -0.0916 -0.9836 0.1556
vn 0.1834 -0.5371 0.8233
vn 0.3155 0.6252 0.7139
vn -0.2185 -0.9389 -0.2657
vn 0.1648 -0.5917 0.7891
vn 0.3235 0.2327 0.9172
vn 0.1447 -0.6455 0.7500
vn 0.2964 -0.0384 0.9543
vn 0.1216 -0.7015 0.7022
vn 0.2676 -0.2093 0.9405
vn 0.0929 -0.7631 0.6395
vn 0.0373 -0.5768 0.8160
vn 0.2567 0.3608 0.8966
vn 0.0123 -0.6448 0.7643
vn 0.2145 0.0973 0.9719
vn -0.0154 -0.7136 0.7004
vn 0.1745 -0.0947 0.9801
vn -0.0476 -0.7858 0.6167
vn 0.1405 -0.2346 0.9619
vn -0.0874 -0.8618 0.4997
vn 0.1115 -0.3422 0.9330
vn -0.1382 -0.9355 0.3252
vn 0.0856 -0.4302 0.8987
vn -0.2005 -0.9780 0.0582
vn 0.0614 -0.5066 0.8600
vn 0.2820 0.6756 0.6812
vn -0.2604 -0.9132 -0.3135
vn -0.3112 -0.8716 0.3788
vn -0.0834 -0.1969 0.9769
vn -0.3280 -0.9282 0.1754
vn -0.1254 -0.3186 0.9396
vn -0.3288 -0.9410 -0.0800
vn -0.1627 -0.4267 0.8896
vn 0.2464 0.7290 0.6386
vn -0.3030 -0.8787 -0.3689
vn -0.1966 -0.5260 0.8275
vn 0.1706 0.5216 0.8360
vn -0.2283 -0.6195 0.7511
vn 0.0930 0.3052 0.9478
vn -0.2584 -0.7092 0.6560
vn 0.0240 0.1100 0.9936
vn -0.2865 -0.7946 0.5353
vn -0.0343 -0.0561 0.9978
vn 0.0674 0.6944 0.7164
vn -0.6766 -0.4587 0.5760
vn -0.0750 0.5774 0.8130
vn -0.6834 -0.5825 0.4401
vn -0.2098 0.4397 0.8733
vn -0.6666 -0.6889 0.2847
vn -0.3324 0.2896 0.8976
vn -0.6240 -0.7731 0.1137
vn -0.4389 0.1337 0.8885
vn -0.5550 -0.8291 -0.0677
vn -0.5272 -0.0228 0.8495
vn -0.4604 -0.8514 -0.2515
vn -0.5974 -0.1756 0.7824
vn 0.2096 0.7828 0.5859
vn -0.3433 -0.8360 -0.4281
vn -0.6474 -0.3220 0.6908
vn -0.7398 0.5513 0.3858
vn -0.7239 -0.5946 -0.3499
vn -0.8504 0.4253 0.3099
vn -0.5655 -0.7054 -0.4274
vn -0.9310 0.2875 0.2249
vn 0.1739 0.8324 0.5262
vn -0.3789 -0.7866 -0.4875
vn -0.9810 0.1412 0.1333
vn -0.0377 0.8404 0.5407
vn -0.9993 -0.0106 0.0367
vn -0.2435 0.8116 0.5310
vn -0.9843 -0.1649 -0.0627
vn -0.4334 0.7500 0.4996
vn -0.9343 -0.3173 -0.1627
vn -0.6001 0.6613 0.4502
vn -0.8475 -0.4630 -0.2597
vn -0.8880 0.2964 -0.3515
vn -0.3452 0.9135 0.2153
vn -0.8955 0.1755 -0.4089
vn -0.5116 0.8535 0.0987
vn -0.8848 0.0360 -0.4646
vn -0.6326 0.7744 -0.0020
vn -0.8468 -0.1280 -0.5162
vn -0.7206 0.6877 -0.0881
vn -0.7664 -0.3199 -0.5570
vn -0.7852 0.5973 -0.1630
vn -0.6238 -0.5317 -0.5729
vn -0.8328 0.5035 -0.2302
vn 0.1410 0.8753 0.4625
vn -0.4081 -0.7327 -0.5446
vn -0.8667 0.4042 -0.2924
vn -0.1243 0.9310 0.3431
vn -0.7339 -0.1082 -0.6706
vn -0.6783 0.6302 -0.3779
vn -0.6391 -0.3692 -0.6747
vn -0.7085 0.5621 -0.4266
vn 0.1131 0.9100 0.3989
vn -0.4293 -0.6788 -0.5958
vn -0.7325 0.4919 -0.4706
vn -0.1818 0.9696 0.1636
vn -0.7516 0.4156 -0.5123
vn -0.3814 0.9241 -0.0239
vn -0.7656 0.3279 -0.5535
vn -0.5052 0.8488 -0.1559
vn -0.7727 0.2209 -0.5951
vn -0.5845 0.7719 -0.2500
vn -0.7671 0.0818 -0.6362
vn -0.6388 0.6993 -0.3209
vn -0.6718 0.3998 -0.6236
vn -0.4772 0.8245 -0.3041
vn -0.6837 0.3149 -0.6583
vn -0.5339 0.7535 -0.3837
vn -0.6904 0.2001 -0.6952
vn -0.5721 0.6916 -0.4408
vn -0.6825 0.0299 -0.7302
vn -0.6002 0.6355 -0.4857
vn -0.6279 -0.2391 -0.7406
vn -0.6225 0.5817 -0.5236
vn 0.0916 0.9360 0.3398
vn -0.4426 -0.6279 -0.6402
vn -0.6411 0.5271 -0.5578
vn -0.2126 0.9769 0.0213
vn -0.6574 0.4680 -0.5905
vn -0.3835 0.9054 -0.1819
vn -0.6044 -0.1446 -0.7834
vn -0.5604 0.5900 -0.5813
vn 0.0773 0.9546 0.2877
vn -0.4483 -0.5842 -0.6765
vn -0.5760 0.5442 -0.6100
vn -0.2236 0.9710 -0.0848
vn -0.5902 0.4951 -0.6376
vn -0.3706 0.8838 -0.2857
vn -0.6038 0.4382 -0.6659
vn -0.4456 0.8031 -0.3955
vn -0.6168 0.3668 -0.6964
vn -0.4901 0.7379 -0.4640
vn -0.6282 0.2686 -0.7302
vn -0.5200 0.6835 -0.5122
vn -0.6323 0.1174 -0.7658
vn -0.5423 0.6354 -0.5497
vn -0.4139 0.7880 -0.4559
vn -0.5641 0.3969 -0.7240
vn -0.4514 0.7272 -0.5171
vn -0.5773 0.3093 -0.7556
vn -0.4767 0.6777 -0.5599
vn -0.5876 0.1713 -0.7908
vn -0.4958 0.6345 -0.5930
vn -0.5765 -0.0795 -0.8132
vn -0.5114 0.5941 -0.6209
vn 0.0707 0.9670 0.2449
vn -0.4475 -0.5499 -0.7053
vn -0.5253 0.5536 -0.6462
vn -0.2208 0.9619 -0.1610
vn -0.5382 0.5102 -0.6708
vn -0.3501 0.8667 -0.3554
vn -0.5511 0.4600 -0.6962
vn -0.4696 0.5964 -0.6510
vn 0.0714 0.9745 0.2126
vn -0.4410 -0.5258 -0.7273
vn -0.4824 0.5589 -0.6745
vn -0.2074 0.9546 -0.2138
vn -0.4946 0.5187 -0.6973
vn -0.3248 0.8556 -0.4031
vn -0.5069 0.4724 -0.7210
vn -0.3817 0.7787 -0.4979
vn -0.5200 0.4140 -0.7471
vn -0.4152 0.7208 -0.5550
vn -0.5341 0.3327 -0.7773
vn -0.4380 0.6743 -0.5946
vn -0.5477 0.2031 -0.8117
vn -0.4553 0.6339 -0.6252
vn -0.5468 -0.0393 -0.8364
vn -0.4804 0.4222 -0.7687
vn -0.3794 0.7182 -0.5833
vn -0.4952 0.3437 -0.7979
vn -0.4008 0.6730 -0.6216
vn -0.5108 0.2183 -0.8315
vn -0.4172 0.6340 -0.6511
vn -0.5167 -0.0198 -0.8559
vn -0.4309 0.5978 -0.6760
vn 0.0796 0.9782 0.1918
vn -0.4299 -0.5135 -0.7426
vn -0.4433 0.5617 -0.6986
vn -0.1852 0.9509 -0.2480
vn -0.4552 0.5230 -0.7206
vn -0.2949 0.8505 -0.4355
vn -0.4673 0.4784 -0.7435
vn -0.3480 0.7747 -0.5280
vn 0.0974 -0.1114 -0.9890
vn 0.0252 0.9663 -0.2563
vn 0.0927 -0.3263 -0.9407
vn 0.0417 0.9051 -0.4231
vn 0.0837 -0.5197 -0.8503
vn 0.0573 0.8111 -0.5821
vn 0.0716 -0.6825 -0.7273
vn 0.0716 0.6825 -0.7273
vn 0.0573 -0.8111 -0.5821
vn 0.0837 0.5197 -0.8503
vn 0.0417 -0.9051 -0.4231
vn 0.0926 0.3263 -0.9407
vn 0.0252 -0.9663 -0.2563
vn 0.0974 0.1114 -0.9890
vn 0.0084 0.9963 -0.0858
vn 0.0084 -0.9963 -0.0858
vn 0.0748 -0.9663 -0.2465
vn 0.2885 0.1114 -0.9510
vn 0.0250 0.9963 -0.0825
vn 0.0250 -0.9963 -0.0825
vn 0.2885 -0.1114 -0.9510
vn 0.0748 0.9663 -0.2465
vn 0.2744 -0.3263 -0.9046
vn 0.1234 0.9051 -0.4069
vn 0.2480 -0.5197 -0.8176
vn 0.1698 0.8111 -0.5598
vn 0.2122 -0.6825 -0.6994
vn 0.2122 0.6825 -0.6994
vn 0.1698 -0.8111 -0.5598
vn 0.2480 0.5197 -0.8176
vn 0.1234 -0.9051 -0.4069
vn 0.2744 0.3263 -0.9046
vn 0.3445 -0.6825 -0.6446
vn 0.3445 0.6825 -0.6446
vn 0.2757 -0.8111 -0.5159
vn 0.4027 0.5197 -0.7535
vn 0.2004 -0.9051 -0.3750
vn 0.4456 0.3263 -0.8337
vn 0.1214 -0.9663 -0.2272
vn 0.4685 0.1114 -0.8764
vn 0.0407 0.9963 -0.0760
vn 0.0406 -0.9963 -0.0761
vn 0.4685 -0.1114 -0.8764
vn 0.1214 0.9663 -0.2272
vn 0.4456 -0.3263 -0.8337
vn 0.2004 0.9051 -0.3750
vn 0.4027 -0.5197 -0.7535
vn 0.2757 0.8111 -0.5159
vn 0.0547 0.9963 -0.0667
vn 0.0547 -0.9963 -0.0667
vn 0.6304 -0.1114 -0.7682
vn 0.1634 0.9663 -0.1991
vn 0.5997 -0.3263 -0.7307
vn 0.2697 0.9051 -0.3287
vn 0.5420 -0.5197 -0.6604
vn 0.3711 0.8111 -0.4522
vn 0.4637 -0.6825 -0.5650
vn 0.4637 0.6825 -0.5650
vn 0.3711 -0.8111 -0.4522
vn 0.5420 0.5197 -0.6604
vn 0.2697 -0.9051 -0.3287
vn 0.5997 0.3263 -0.7307
vn 0.1634 -0.9663 -0.1991
vn 0.6304 0.1114 -0.7682
vn 0.5650 0.6825 -0.4637
vn 0.4522 -0.8111 -0.3711
vn 0.6604 0.5197 -0.5420
vn 0.3287 -0.9051 -0.2697
vn 0.7307 0.3263 -0.5997
vn 0.1991 -0.9663 -0.1634
vn 0.7682 0.1114 -0.6304
vn 0.0667 0.9963 -0.0547
vn 0.0667 -0.9963 -0.0547
vn 0.7682 -0.1114 -0.6304
vn 0.1991 0.9663 -0.1634
vn 0.7307 -0.3263 -0.5997
vn 0.3287 0.9051 -0.2697
vn 0.6604 -0.5197 -0.5420
vn 0.4522 0.8111 -0.3711
vn 0.5650 -0.6825 -0.4637
vn 0.8764 -0.1114 -0.4685
vn 0.2272 0.9663 -0.1214
vn 0.8337 -0.3263 -0.4456
vn 0.3750 0.9051 -0.2004
vn 0.7535 -0.5197 -0.4028
vn 0.5159 0.8111 -0.2757
vn 0.6446 -0.6825 -0.3445
vn 0.6446 0.6825 -0.3445
vn 0.5159 -0.8111 -0.2757
vn 0.7535 0.5197 -0.4027
vn 0.3750 -0.9051 -0.2004
vn 0.8337 0.3263 -0.4456
vn 0.2272 -0.9663 -0.1214
vn 0.8764 0.1114 -0.4685
vn 0.0760 0.9963 -0.0406
vn 0.0760 -0.9963 -0.0406
vn 0.5598 -0.8111 -0.1698
vn 0.8176 0.5197 -0.2480
vn 0.4069 -0.9051 -0.1234
vn 0.9046 0.3263 -0.2744
vn 0.2465 -0.9663 -0.0748
vn 0.9510 0.1114 -0.2885
vn 0.0825 0.9963 -0.0250
vn 0.0825 -0.9963 -0.0250
vn 0.9510 -0.1114 -0.2885
vn 0.2465 0.9663 -0.0748
vn 0.9046 -0.3263 -0.2744
vn 0.4069 0.9051 -0.1234
vn 0.8176 -0.5197 -0.2480
vn 0.5598 0.8111 -0.1698
vn 0.6994 -0.6825 -0.2122
vn 0.6994 0.6825 -0.2122
vn 0.2563 0.9663 -0.0253
vn 0.9407 -0.3263 -0.0927
vn 0.4231 0.9051 -0.0417
vn 0.8503 -0.5197 -0.0837
vn 0.5821 0.8111 -0.0573
vn 0.7273 -0.6825 -0.0716
vn 0.7273 0.6825 -0.0716
vn 0.5821 -0.8111 -0.0573
vn 0.8503 0.5197 -0.0837
vn 0.4231 -0.9051 -0.0417
vn 0.9407 0.3263 -0.0926
vn 0.2563 -0.9663 -0.0252
vn 0.9890 0.1114 -0.0974
vn 0.0858 0.9963 -0.0085
vn 0.0858 -0.9963 -0.0085
vn 0.9890 -0.1114 -0.0974
vn 0.8503 0.5197 0.0837
vn 0.4231 -0.9051 0.0417
vn 0.9407 0.3263 0.0926
vn 0.2563 -0.9663 0.0252
vn 0.9890 0.1114 0.0974
vn 0.0858 0.9963 0.0085
vn 0.0858 -0.9963 0.0085
vn 0.9890 -0.1114 0.0974
vn 0.2563 0.9663 0.0253
vn 0.9407 -0.3263 0.0927
vn 0.4231 0.9051 0.0417
vn 0.8503 -0.5197 0.0837
vn 0.5821 0.8111 0.0573
vn 0.7273 -0.6825 0.0716
vn 0.7273 0.6825 0.0716
vn 0.5821 -0.8111 0.0573
vn 0.9046 -0.3263 0.2744
vn 0.4069 0.9051 0.1234
vn 0.8176 -0.5196 0.2480
vn 0.5598 0.8111 0.1698
vn 0.6994 -0.6825 0.2122
vn 0.6994 0.6825 0.2122
vn 0.5598 -0.8111 0.1698
vn 0.8176 0.5197 0.2480
vn 0.4069 -0.9051 0.1234
vn 0.9046 0.3263 0.2744
vn 0.2465 -0.9663 0.0748
vn 0.9510 0.1114 0.2885
vn 0.0825 0.9963 0.0250
vn 0.0825 -0.9963 0.0250
vn 0.9510 -0.1114 0.2885
vn 0.2465 0.9663 0.0748
vn 0.3750 -0.9051 0.2004
vn 0.8337 0.3263 0.4456
vn 0.2272 -0.9663 0.1214
vn 0.8764 0.1114 0.4685
vn 0.0760 0.9963 0.0406
vn 0.0760 -0.9963 0.0406
vn 0.8764 -0.1114 0.4685
vn 0.2272 0.9663 0.1214
vn 0.8337 -0.3263 0.4456
vn 0.3750 0.9051 0.2004
vn 0.7535 -0.5197 0.4028
vn 0.5159 0.8111 0.2757
vn 0.6446 -0.6825 0.3445
vn 0.6446 0.6825 0.3445
vn 0.5159 -0.8111 0.2757
vn 0.7535 0.5197 0.4027
vn 0.6604 -0.5197 0.5420
vn 0.4522 0.8111 0.3711
vn 0.5650 -0.6825 0.4637
vn 0.5650 0.6825 0.4637
vn 0.4522 -0.8111 0.3711
vn 0.6604 0.5197 0.5420
vn 0.3287 -0.9051 0.2697
vn 0.7307 0.3263 0.5997
vn 0.1991 -0.9663 0.1634
vn 0.7682 0.1114 0.6304
vn 0.0667 0.9963 0.0547
vn 0.0667 -0.9963 0.0547
vn 0.7682 -0.1114 0.6304
vn 0.1991 0.9663 0.1634
vn 0.7307 -0.3263 0.5997
vn 0.3287 0.9051 0.2697
vn 0.1634 -0.9663 0.1991
vn 0.6304 0.1114 0.7682
vn 0.0547 0.9963 0.0667
vn 0.0547 -0.9963 0.0667
vn 0.6304 -0.1114 0.7682
vn 0.1634 0.9663 0.1991
vn 0.5997 -0.3263 0.7307
vn 0.2697 0.9051 0.3287
vn 0.5420 -0.5197 0.6604
vn 0.3711 0.8111 0.4522
vn 0.4637 -0.6825 0.5650
vn 0.4637 0.6825 0.5650
vn 0.3711 -0.8111 0.4522
vn 0.5420 0.5197 0.6604
vn 0.2697 -0.9051 0.3286
vn 0.5997 0.3263 0.7307
vn 0.2757 0.8111 0.5159
vn 0.3445 -0.6825 0.6446
vn 0.3445 0.6825 0.6446
vn 0.2758 -0.8111 0.5159
vn 0.4027 0.5197 0.7535
vn 0.2004 -0.9051 0.3750
vn 0.4456 0.3263 0.8337
vn 0.1214 -0.9663 0.2272
vn 0.4685 0.1114 0.8764
vn 0.0406 0.9963 0.0761
vn 0.0407 -0.9963 0.0760
vn 0.4685 -0.1114 0.8764
vn 0.1214 0.9663 0.2272
vn 0.4456 -0.3263 0.8337
vn 0.2004 0.9051 0.3750
vn 0.4027 -0.5197 0.7535
vn 0.2885 0.1114 0.9510
vn 0.0250 0.9963 0.0825
vn 0.0250 -0.9963 0.0825
vn 0.2885 -0.1114 0.9510
vn 0.0748 0.9663 0.2465
vn 0.2744 -0.3263 0.9046
vn 0.1234 0.9051 0.4069
vn 0.2480 -0.5197 0.8176
vn 0.1698 0.8111 0.5598
vn 0.2122 -0.6825 0.6994
vn 0.2122 0.6825 0.6994
vn 0.1698 -0.8111 0.5598
vn 0.2480 0.5197 0.8176
vn 0.1234 -0.9051 0.4068
vn 0.2744 0.3263 0.9046
vn 0.0748 -0.9663 0.2465
vn 0.0716 -0.6825 0.7273
vn 0.0716 0.6825 0.7273
vn 0.0573 -0.8111 0.5821
vn 0.0837 0.5197 0.8503
vn 0.0417 -0.9051 0.4231
vn 0.0926 0.3263 0.9407
vn 0.0252 -0.9663 0.2563
vn 0.0974 0.1114 0.9890
vn 0.0084 0.9963 0.0858
vn 0.0084 -0.9963 0.0858
vn 0.0974 -0.1114 0.9890
vn 0.0252 0.9663 0.2563
vn 0.0927 -0.3263 0.9407
vn 0.0417 0.9051 0.4231
vn 0.0837 -0.5197 0.8503
vn 0.0573 0.8111 0.5821
vn -0.0084 0.9963 0.0858
vn -0.0084 -0.9963 0.0858
vn -0.0974 -0.1114 0.9890
vn -0.0252 0.9663 0.2563
vn -0.0927 -0.3263 0.9407
vn -0.0417 0.9051 0.4231
vn -0.0837 -0.5197 0.8503
vn -0.0573 0.8111 0.5821
vn -0.0716 -0.6825 0.7273
vn -0.0716 0.6825 0.7273
vn -0.0573 -0.8111 0.5821
vn -0.0837 0.5197 0.8503
vn -0.0417 -0.9051 0.4231
vn -0.0926 0.3263 0.9407
vn -0.0252 -0.9663 0.2563
vn -0.0974 0.1114 0.9890
vn -0.2122 0.6825 0.6994
vn -0.1698 -0.8111 0.5598
vn -0.2480 0.5197 0.8176
vn -0.1234 -0.9051 0.4069
vn -0.2744 0.3263 0.9046
vn -0.0748 -0.9663 0.2465
vn -0.2885 0.1114 0.9510
vn -0.0250 0.9963 0.0825
vn -0.0250 -0.9963 0.0825
vn -0.2885 -0.1114 0.9510
vn -0.0748 0.9663 0.2465
vn -0.2744 -0.3263 0.9046
vn -0.1234 0.9051 0.4069
vn -0.2480 -0.5197 0.8176
vn -0.1698 0.8111 0.5598
vn -0.2122 -0.6825 0.6994
vn -0.4685 -0.1114 0.8764
vn -0.1214 0.9663 0.2272
vn -0.4456 -0.3263 0.8337
vn -0.2004 0.9051 0.3750
vn -0.4027 -0.5197 0.7535
vn -0.2757 0.8111 0.5159
vn -0.3445 -0.6825 0.6446
vn -0.3445 0.6825 0.6446
vn -0.2757 -0.8111 0.5159
vn -0.4027 0.5197 0.7535
vn -0.2004 -0.9051 0.3750
vn -0.4456 0.3263 0.8337
vn -0.1214 -0.9663 0.2272
vn -0.4685 0.1114 0.8764
vn -0.0406 0.9963 0.0761
vn -0.0407 -0.9963 0.0760
vn -0.3711 -0.8111 0.4522
vn -0.5420 0.5197 0.6604
vn -0.2697 -0.9051 0.3287
vn -0.5997 0.3263 0.7307
vn -0.1634 -0.9663 0.1991
vn -0.6304 0.1114 0.7682
vn -0.0547 0.9963 0.0667
vn -0.0547 -0.9963 0.0667
vn -0.6304 -0.1114 0.7682
vn -0.1634 0.9663 0.1991
vn -0.5997 -0.3263 0.7307
vn -0.2697 0.9051 0.3287
vn -0.5420 -0.5197 0.6604
vn -0.3711 0.8111 0.4522
vn -0.4637 -0.6825 0.5650
vn -0.4637 0.6825 0.5650
vn -0.7307 -0.3263 0.5997
vn -0.3287 0.9051 0.2697
vn -0.6605 -0.5196 0.5420
vn -0.4522 0.8111 0.3711
vn -0.5650 -0.6825 0.4637
vn -0.5650 0.6825 0.4637
vn -0.4522 -0.8111 0.3711
vn -0.6604 0.5197 0.5420
vn -0.3287 -0.9051 0.2697
vn -0.7307 0.3263 0.5997
vn -0.1991 -0.9663 0.1634
vn -0.7682 0.1114 0.6304
vn -0.0667 0.9963 0.0547
vn -0.0667 -0.9963 0.0547
vn -0.7682 -0.1114 0.6304
vn -0.1991 0.9663 0.1634
vn -0.3750 -0.9051 0.2004
vn -0.8337 0.3263 0.4456
vn -0.2272 -0.9663 0.1214
vn -0.8764 0.1114 0.4685
vn -0.0760 0.9963 0.0406
vn -0.0760 -0.9963 0.0406
vn -0.8764 -0.1114 0.4685
vn -0.2272 0.9663 0.1214
vn -0.8337 -0.3263 0.4456
vn -0.3750 0.9051 0.2004
vn -0.7535 -0.5197 0.4028
vn -0.5159 0.8111 0.2757
vn -0.6446 -0.6825 0.3445
vn -0.6446 0.6825 0.3445
vn -0.5159 -0.8111 0.2757
vn -0.7535 0.5197 0.4027
vn -0.4069 0.9051 0.1234
vn -0.8176 -0.5197 0.2480
vn -0.5598 0.8111 0.1698
vn -0.6994 -0.6825 0.2122
vn -0.6994 0.6825 0.2122
vn -0.5598 -0.8111 0.1698
vn -0.8176 0.5197 0.2480
vn -0.4069 -0.9051 0.1234
vn -0.9046 0.3263 0.2744
vn -0.2465 -0.9663 0.0748
vn -0.9510 0.1114 0.2885
vn -0.0825 0.9963 0.0250
vn -0.0825 -0.9963 0.0250
vn -0.9510 -0.1114 0.2885
vn -0.2465 0.9663 0.0748
vn -0.9046 -0.3263 0.2744
vn -0.9407 0.3263 0.0927
vn -0.2563 -0.9663 0.0252
vn -0.9890 0.1114 0.0974
vn -0.0858 0.9963 0.0085
vn -0.0858 -0.9963 0.0085
vn -0.9890 -0.1114 0.0974
vn -0.2563 0.9663 0.0252
vn -0.9407 -0.3263 0.0927
vn -0.4231 0.9051 0.0417
vn -0.8503 -0.5197 0.0837
vn -0.5821 0.8111 0.0573
vn -0.7273 -0.6825 0.0716
vn -0.7273 0.6825 0.0716
vn -0.5821 -0.8111 0.0573
vn -0.8503 0.5197 0.0837
vn -0.4231 -0.9051 0.0417
vn -0.8503 -0.5197 -0.0837
vn -0.5821 0.8111 -0.0573
vn -0.7273 -0.6825 -0.0716
vn -0.7273 0.6825 -0.0716
vn -0.5821 -0.8111 -0.0573
vn -0.8503 0.5197 -0.0837
vn -0.4231 -0.9051 -0.0417
vn -0.9407 0.3263 -0.0927
vn -0.2563 -0.9663 -0.0252
vn -0.9890 0.1114 -0.0974
vn -0.0858 0.9963 -0.0085
vn -0.0858 -0.9963 -0.0085
vn -0.9890 -0.1114 -0.0974
vn -0.2563 0.9663 -0.0252
vn -0.9407 -0.3263 -0.0927
vn -0.4231 0.9051 -0.0417
vn -0.2465 -0.9663 -0.0748
vn -0.9510 0.1114 -0.2885
vn -0.0825 0.9963 -0.0250
vn -0.0825 -0.9963 -0.0250
vn -0.9510 -0.1114 -0.2885
vn -0.2465 0.9663 -0.0748
vn -0.9046 -0.3263 -0.2744
vn -0.4069 0.9051 -0.1234
vn -0.8176 -0.5197 -0.2480
vn -0.5598 0.8111 -0.1698
vn -0.6994 -0.6825 -0.2122
vn -0.6994 0.6825 -0.2122
vn -0.5598 -0.8111 -0.1698
vn -0.8176 0.5197 -0.2480
vn -0.4069 -0.9051 -0.1234
vn -0.9046 0.3263 -0.2744
vn -0.5159 0.8111 -0.2757
vn -0.6446 -0.6825 -0.3445
vn -0.6446 0.6825 -0.3445
vn -0.5159 -0.8111 -0.2757
vn -0.7535 0.5197 -0.4028
vn -0.3750 -0.9051 -0.2004
vn -0.8337 0.3263 -0.4456
vn -0.2272 -0.9663 -0.1214
vn -0.8764 0.1114 -0.4685
vn -0.0760 0.9963 -0.0406
vn -0.0760 -0.9963 -0.0406
vn -0.8764 -0.1114 -0.4685
vn -0.2272 0.9663 -0.1214
vn -0.8337 -0.3263 -0.4456
vn -0.3750 0.9051 -0.2004
vn -0.7535 -0.5197 -0.4027
vn -0.7682 0.1114 -0.6304
vn -0.0667 0.9963 -0.0547
vn -0.0667 -0.9963 -0.0547
vn -0.7682 -0.1114 -0.6304
vn -0.1991 0.9663 -0.1634
vn -0.7307 -0.3263 -0.5997
vn -0.3287 0.9051 -0.2697
vn -0.6604 -0.5197 -0.5420
vn -0.4522 0.8111 -0.3711
vn -0.5650 -0.6825 -0.4637
vn -0.5650 0.6825 -0.4637
vn -0.4522 -0.8111 -0.3711
vn -0.6604 0.5197 -0.5420
vn -0.3287 -0.9051 -0.2697
vn -0.7307 0.3263 -0.5997
vn -0.1991 -0.9663 -0.1634
vn -0.4637 -0.6825 -0.5650
vn -0.4637 0.6825 -0.5650
vn -0.3711 -0.8111 -0.4522
vn -0.5420 0.5197 -0.6604
vn -0.2697 -0.9051 -0.3287
vn -0.5997 0.3263 -0.7307
vn -0.1634 -0.9663 -0.1991
vn -0.6304 0.1114 -0.7682
vn -0.0547 0.9963 -0.0667
vn -0.0547 -0.9963 -0.0667
vn -0.6304 -0.1114 -0.7682
vn -0.1634 0.9663 -0.1991
vn -0.5997 -0.3263 -0.7307
vn -0.2697 0.9051 -0.3287
vn -0.5420 -0.5197 -0.6604
vn -0.3711 0.8111 -0.4522
vn -0.0406 -0.9963 -0.0761
vn -0.4685 -0.1114 -0.8764
vn -0.1214 0.9663 -0.2272
vn -0.4456 -0.3263 -0.8337
vn -0.2004 0.9051 -0.3750
vn -0.4028 -0.5197 -0.7535
vn -0.2757 0.8111 -0.5159
vn -0.3445 -0.6825 -0.6446
vn -0.3445 0.6825 -0.6446
vn -0.2757 -0.8111 -0.5159
vn -0.4027 0.5197 -0.7535
vn -0.2004 -0.9051 -0.3750
vn -0.4456 0.3263 -0.8337
vn -0.1214 -0.9663 -0.2272
vn -0.4685 0.1114 -0.8764
vn -0.0407 0.9963 -0.0760
vn -0.1698 -0.8111 -0.5598
vn -0.2480 0.5197 -0.8176
vn -0.1234 -0.9051 -0.4069
vn -0.2744 0.3263 -0.9046
vn -0.0748 -0.9663 -0.2465
vn -0.2885 0.1114 -0.9510
vn -0.0250 0.9963 -0.0825
vn -0.0250 -0.9963 -0.0825
vn -0.2885 -0.1114 -0.9510
vn -0.0748 0.9663 -0.2465
vn -0.2744 -0.3263 -0.9046
vn -0.1234 0.9051 -0.4069
vn -0.2480 -0.5197 -0.8176
vn -0.1698 0.8111 -0.5598
vn -0.2122 -0.6825 -0.6994
vn -0.2122 0.6825 -0.6994
vn -0.0252 0.9663 -0.2563
vn -0.0927 -0.3263 -0.9407
vn -0.0417 0.9051 -0.4231
vn -0.0837 -0.5197 -0.8503
vn -0.0573 0.8111 -0.5821
vn -0.0716 -0.6825 -0.7273
vn -0.0716 0.6825 -0.7273
vn -0.0573 -0.8111 -0.5821
vn -0.0837 0.5197 -0.8503
vn -0.0417 -0.9051 -0.4231
vn -0.0927 0.3263 -0.9407
vn -0.0252 -0.9663 -0.2563
vn -0.0974 0.1114 -0.9890
vn -0.0085 0.9963 -0.0858
vn -0.0085 -0.9963 -0.0858
vn -0.0974 -0.1114 -0.9890
vn 0.9640 -0.0305 -0.2642
vn 0.7064 0.0420 -0.7066
vn 0.2588 0.1034 -0.9604
vn -0.2588 0.1372 -0.9561
vn -0.7063 0.1339 -0.6951
vn -0.9640 0.0949 -0.2484
vn -0.9640 0.0306 0.2641
vn -0.7064 -0.0421 0.7066
vn -0.2588 -0.1035 0.9604
vn 0.2588 -0.1371 0.9562
vn 0.7064 -0.1339 0.6951
vn 0.9640 -0.0949 0.2484
vn 0.9475 -0.1548 -0.2797
vn 0.6942 -0.0490 -0.7181
vn 0.2544 0.0701 -0.9646
vn -0.2543 0.1705 -0.9520
vn -0.6943 0.2250 -0.6836
vn -0.9475 0.2192 -0.2328
vn -0.9475 0.1548 0.2798
vn -0.6943 0.0490 0.7180
vn -0.2544 -0.0701 0.9646
vn 0.2544 -0.1705 0.9519
vn 0.6942 -0.2250 0.6837
vn 0.9475 -0.2192 0.2328
vn 0.9148 -0.2759 -0.2950
vn 0.6703 -0.1378 -0.7292
vn 0.2456 0.0377 -0.9687
vn -0.2456 0.2030 -0.9479
vn -0.6703 0.3137 -0.6725
vn -0.9148 0.3403 -0.2176
vn -0.9148 0.2759 0.2950
vn -0.6703 0.1378 0.7292
vn -0.2456 -0.0376 0.9686
vn 0.2456 -0.2030 0.9479
vn 0.6703 -0.3137 0.6725
vn 0.9148 -0.3403 0.2176
vn 0.8664 -0.3918 -0.3095
vn 0.6349 -0.2227 -0.7398
vn 0.2326 0.0065 -0.9726
vn -0.2326 0.2341 -0.9440
vn -0.6348 0.3986 -0.6619
vn -0.8664 0.4561 -0.2030
vn -0.8664 0.3918 0.3095
vn -0.6348 0.2227 0.7398
vn -0.2326 -0.0065 0.9726
vn 0.2326 -0.2341 0.9440
vn 0.6349 -0.3986 0.6618
vn 0.8664 -0.4561 0.2031
vn 0.8033 -0.5003 -0.3232
vn 0.5886 -0.3022 -0.7498
vn 0.2156 -0.0227 -0.9762
vn -0.2157 0.2633 -0.9403
vn -0.5885 0.4782 -0.6519
vn -0.8033 0.5647 -0.1894
vn -0.8032 0.5004 0.3231
vn -0.5886 0.3022 0.7499
vn -0.2157 0.0227 0.9762
vn 0.2156 -0.2633 0.9403
vn 0.5886 -0.4782 0.6519
vn 0.8032 -0.5647 0.1895
vn 0.7263 -0.5999 -0.3356
vn 0.5322 -0.3751 -0.7590
vn 0.1950 -0.0494 -0.9796
vn -0.1950 0.2900 -0.9370
vn -0.5322 0.5511 -0.6427
vn -0.7263 0.6642 -0.1770
vn -0.7263 0.5998 0.3356
vn -0.5322 0.3751 0.7590
vn -0.1950 0.0494 0.9796
vn 0.1950 -0.2900 0.9370
vn 0.5322 -0.5511 0.6427
vn 0.7263 -0.6642 0.1769
vn 0.6370 -0.6885 -0.3468
vn 0.4667 -0.4401 -0.7671
vn 0.1710 -0.0732 -0.9826
vn -0.1710 0.3138 -0.9340
vn -0.4667 0.6160 -0.6346
vn -0.6370 0.7528 -0.1658
vn -0.6370 0.6885 0.3467
vn -0.4667 0.4400 0.7672
vn -0.1710 0.0732 0.9826
vn 0.1710 -0.3138 0.9340
vn 0.4667 -0.6160 0.6345
vn 0.6370 -0.7528 0.1658
vn 0.5367 -0.7648 -0.3564
vn 0.3933 -0.4960 -0.7742
vn 0.1440 -0.0937 -0.9851
vn -0.1441 0.3343 -0.9314
vn -0.3933 0.6720 -0.6275
vn -0.5367 0.8292 -0.1563
vn -0.5367 0.7648 0.3563
vn -0.3933 0.4960 0.7741
vn -0.1440 0.0936 0.9851
vn 0.1441 -0.3343 0.9314
vn 0.3933 -0.6719 0.6276
vn 0.5367 -0.8292 0.1562
vn 0.4273 -0.8275 -0.3642
vn 0.3131 -0.5419 -0.7799
vn 0.1147 -0.1105 -0.9872
vn -0.1147 0.3511 -0.9293
vn -0.3131 0.7179 -0.6218
vn -0.4273 0.8919 -0.1484
vn -0.4273 0.8275 0.3642
vn -0.3131 0.5419 0.7799
vn -0.1147 0.1105 0.9872
vn 0.1147 -0.3511 0.9293
vn 0.3131 -0.7179 0.6218
vn 0.4273 -0.8919 0.1484
vn 0.3105 -0.8755 -0.3703
vn 0.2276 -0.5771 -0.7843
vn 0.0833 -0.1234 -0.9889
vn -0.0834 0.3640 -0.9277
vn -0.2276 0.7530 -0.6174
vn -0.3106 0.9398 -0.1424
vn -0.3105 0.8755 0.3703
vn -0.2275 0.5771 0.7843
vn -0.0833 0.1234 0.9889
vn 0.0834 -0.3640 0.9277
vn 0.2275 -0.7531 0.6174
vn 0.3106 -0.9398 0.1424
vn 0.1885 -0.9079 -0.3743
vn 0.1381 -0.6009 -0.7873
vn 0.0506 -0.1321 -0.9899
vn -0.0506 0.3727 -0.9266
vn -0.1381 0.7769 -0.6143
vn -0.1885 0.9723 -0.1383
vn -0.1885 0.9080 0.3743
vn -0.1381 0.6009 0.7873
vn -0.0506 0.1321 0.9900
vn 0.0506 -0.3727 0.9266
vn 0.1381 -0.7768 0.6144
vn 0.1885 -0.9723 0.1383
vn 0.0632 -0.9243 -0.3764
vn 0.0463 -0.6129 -0.7888
vn 0.0170 -0.1365 -0.9905
vn -0.0170 0.3771 -0.9260
vn -0.0463 0.7888 -0.6128
vn -0.0632 0.9887 -0.1362
vn -0.0632 0.9243 0.3764
vn -0.0463 0.6129 0.7888
vn -0.0169 0.1365 0.9905
vn 0.0170 -0.3771 0.9260
vn 0.0463 -0.7888 0.6129
vn 0.0632 -0.9887 0.1362
vn -0.0632 -0.9243 -0.3764
vn -0.0463 -0.6129 -0.7888
vn -0.0170 -0.1364 -0.9905
vn 0.0170 0.3771 -0.9260
vn 0.0463 0.7888 -0.6129
vn 0.0632 0.9887 -0.1362
vn 0.0632 0.9243 0.3764
vn 0.0463 0.6129 0.7888
vn 0.0170 0.1365 0.9905
vn -0.0170 -0.3771 0.9260
vn -0.0463 -0.7888 0.6129
vn -0.0632 -0.9887 0.1362
vn -0.1885 -0.9079 -0.3743
vn -0.1381 -0.6009 -0.7873
vn -0.0506 -0.1321 -0.9899
vn 0.0506 0.3727 -0.9266
vn 0.1381 0.7769 -0.6143
vn 0.1885 0.9723 -0.1383
vn 0.1885 0.9080 0.3743
vn 0.1381 0.6009 0.7873
vn 0.0506 0.1321 0.9899
vn -0.0506 -0.3727 0.9266
vn -0.1381 -0.7768 0.6144
vn -0.1885 -0.9723 0.1383
vn -0.3105 -0.8755 -0.3702
vn -0.2276 -0.5771 -0.7844
vn -0.0833 -0.1234 -0.9889
vn 0.0834 0.3640 -0.9277
vn 0.2276 0.7531 -0.6173
vn 0.3106 0.9398 -0.1423
vn 0.3105 0.8755 0.3702
vn 0.2275 0.5771 0.7843
vn 0.0833 0.1233 0.9889
vn -0.0834 -0.3640 0.9277
vn -0.2275 -0.7530 0.6174
vn -0.3106 -0.9398 0.1423
vn -0.4273 -0.8275 -0.3643
vn -0.3131 -0.5420 -0.7799
vn -0.1147 -0.1105 -0.9872
vn 0.1147 0.3511 -0.9293
vn 0.3131 0.7179 -0.6218
vn 0.4273 0.8919 -0.1484
vn 0.4273 0.8275 0.3642
vn 0.3131 0.5419 0.7799
vn 0.1147 0.1105 0.9872
vn -0.1147 -0.3511 0.9293
vn -0.3131 -0.7179 0.6218
vn -0.4273 -0.8919 0.1484
vn -0.5367 -0.7648 -0.3563
vn -0.3933 -0.4960 -0.7742
vn -0.1441 -0.0937 -0.9851
vn 0.1441 0.3342 -0.9314
vn 0.3932 0.6720 -0.6275
vn 0.5367 0.8292 -0.1562
vn 0.5367 0.7649 0.3563
vn 0.3933 0.4959 0.7742
vn 0.1441 0.0936 0.9851
vn -0.1441 -0.3343 0.9314
vn -0.3933 -0.6720 0.6275
vn -0.5367 -0.8292 0.1562
vn -0.6370 -0.6885 -0.3468
vn -0.4667 -0.4401 -0.7671
vn -0.1710 -0.0731 -0.9826
vn 0.1710 0.3138 -0.9340
vn 0.4667 0.6160 -0.6346
vn 0.6370 0.7529 -0.1658
vn 0.6370 0.6885 0.3467
vn 0.4667 0.4401 0.7671
vn 0.1710 0.0731 0.9826
vn -0.1710 -0.3138 0.9340
vn -0.4667 -0.6160 0.6346
vn -0.6370 -0.7528 0.1658
vn -0.7263 -0.5998 -0.3356
vn -0.5322 -0.3751 -0.7590
vn -0.1950 -0.0493 -0.9796
vn 0.1949 0.2900 -0.9370
vn 0.5322 0.5511 -0.6427
vn 0.7263 0.6642 -0.1769
vn 0.7263 0.5999 0.3356
vn 0.5322 0.3751 0.7590
vn 0.1950 0.0494 0.9796
vn -0.1950 -0.2900 0.9370
vn -0.5322 -0.5511 0.6427
vn -0.7263 -0.6642 0.1769
vn -0.8032 -0.5004 -0.3231
vn -0.5886 -0.3022 -0.7498
vn -0.2156 -0.0227 -0.9762
vn 0.2156 0.2633 -0.9403
vn 0.5886 0.4782 -0.6519
vn 0.8032 0.5647 -0.1894
vn 0.8033 0.5003 0.3231
vn 0.5886 0.3022 0.7498
vn 0.2157 0.0227 0.9762
vn -0.2156 -0.2632 0.9403
vn -0.5886 -0.4782 0.6519
vn -0.8033 -0.5647 0.1894
vn -0.8664 -0.3917 -0.3095
vn -0.6349 -0.2227 -0.7399
vn -0.2326 0.0065 -0.9726
vn 0.2326 0.2341 -0.9440
vn 0.6348 0.3986 -0.6619
vn 0.8664 0.4561 -0.2030
vn 0.8664 0.3918 0.3095
vn 0.6348 0.2226 0.7399
vn 0.2326 -0.0065 0.9725
vn -0.2326 -0.2341 0.9440
vn -0.6349 -0.3986 0.6619
vn -0.8664 -0.4561 0.2031
vn -0.9148 -0.2759 -0.2950
vn -0.6703 -0.1378 -0.7292
vn -0.2455 0.0376 -0.9687
vn 0.2456 0.2030 -0.9479
vn 0.6703 0.3138 -0.6725
vn 0.9148 0.3403 -0.2176
vn 0.9148 0.2760 0.2950
vn 0.6703 0.1378 0.7292
vn 0.2456 -0.0376 0.9686
vn -0.2456 -0.2030 0.9479
vn -0.6703 -0.3137 0.6725
vn -0.9148 -0.3403 0.2176
vn -0.9475 -0.1548 -0.2798
vn -0.6942 -0.0490 -0.7181
vn -0.2543 0.0701 -0.9646
vn 0.2544 0.1705 -0.9520
vn 0.6943 0.2250 -0.6837
vn 0.9475 0.2192 -0.2328
vn 0.9475 0.1548 0.2798
vn 0.6943 0.0490 0.7180
vn 0.2544 -0.0701 0.9646
vn -0.2543 -0.1705 0.9520
vn -0.6942 -0.2250 0.6837
vn -0.9475 -0.2192 0.2328
vn -0.9640 -0.0305 -0.2641
vn -0.7063 0.0421 -0.7066
vn -0.2588 0.1034 -0.9604
vn 0.2588 0.1371 -0.9562
vn 0.7064 0.1339 -0.6951
vn 0.9640 0.0948 -0.2484
vn 0.9640 0.0305 0.2642
vn 0.7064 -0.0421 0.7066
vn 0.2588 -0.1035 0.9604
vn -0.2588 -0.1371 0.9561
vn -0.7063 -0.1339 0.6951
vn -0.9640 -0.0948 0.2484
vn -0.7064 0.1339 -0.6951
vn 0.2588 0.1035 -0.9604
vn 0.7064 0.0421 -0.7066
vn -0.9640 0.0305 0.2642
vn -0.6943 0.2250 -0.6837
vn -0.2544 0.1705 -0.9520
vn 0.2543 0.0701 -0.9646
vn 0.6943 -0.0490 -0.7180
vn 0.9475 -0.1548 -0.2798
vn 0.6943 -0.2250 0.6836
vn 0.2543 -0.1705 0.9520
vn -0.2543 -0.0701 0.9646
vn -0.6943 0.0490 0.7181
vn -0.9475 0.1548 0.2797
vn 0.2456 0.0376 -0.9686
vn -0.8664 0.4561 -0.2031
vn -0.6349 0.3986 -0.6618
vn 0.6349 -0.2226 -0.7398
vn 0.8664 -0.4561 0.2030
vn -0.6349 0.2227 0.7398
vn -0.8032 0.5647 -0.1895
vn -0.5886 0.4782 -0.6519
vn -0.2156 0.2632 -0.9403
vn 0.8032 -0.5004 -0.3231
vn 0.8033 -0.5647 0.1894
vn -0.2156 0.0226 0.9762
vn -0.5886 0.3023 0.7498
vn -0.8033 0.5003 0.3232
vn -0.7263 0.6642 -0.1769
vn 0.1950 -0.0493 -0.9796
vn 0.7263 -0.5998 -0.3356
vn 0.1950 -0.2899 0.9370
vn 0.4667 -0.4400 -0.7672
vn 0.6370 -0.6885 -0.3467
vn 0.4668 -0.6160 0.6346
vn 0.1710 -0.3137 0.9340
vn -0.4667 0.4401 0.7671
vn -0.6370 0.6885 0.3468
vn -0.5367 0.8292 -0.1562
vn -0.3933 0.6719 -0.6275
vn -0.1441 0.3342 -0.9314
vn 0.1441 -0.0937 -0.9851
vn 0.5367 -0.7648 -0.3563
vn 0.3932 -0.6720 0.6276
vn 0.1441 -0.3342 0.9314
vn -0.1441 0.0936 0.9851
vn -0.3933 0.4960 0.7742
vn -0.5367 0.7648 0.3564
vn -0.4273 0.8918 -0.1484
vn -0.3131 0.7179 -0.6217
vn 0.3130 -0.5419 -0.7799
vn 0.4273 -0.8919 0.1483
vn -0.1147 0.1104 0.9872
vn -0.3105 0.9399 -0.1423
vn 0.0834 -0.1234 -0.9889
vn 0.2275 -0.7531 0.6173
vn -0.0834 0.1234 0.9889
vn 0.1380 -0.6009 -0.7873
vn 0.1885 -0.9080 -0.3743
vn -0.1885 0.9079 0.3743
vn -0.0463 0.7888 -0.6129
vn 0.0170 -0.1364 -0.9905
vn 0.0632 -0.9243 -0.3763
vn 0.0631 -0.9887 0.1362
vn 0.0463 -0.7888 0.6128
vn -0.0170 0.1365 0.9905
vn 0.0463 0.7889 -0.6128
vn 0.0170 0.3770 -0.9260
vn -0.0631 -0.9887 0.1362
vn -0.0463 -0.7888 0.6128
vn 0.0170 0.1364 0.9905
vn 0.1381 0.7769 -0.6144
vn -0.0506 -0.1320 -0.9900
vn -0.1885 -0.9080 -0.3743
vn -0.1381 -0.7769 0.6143
vn 0.1885 0.9079 0.3743
vn 0.3105 0.9399 -0.1423
vn -0.0834 -0.1234 -0.9888
vn -0.2275 -0.7531 0.6173
vn 0.0834 0.1233 0.9889
vn 0.4273 0.8918 -0.1484
vn 0.3130 0.7179 -0.6218
vn -0.4273 -0.8275 -0.3642
vn -0.4272 -0.8919 0.1484
vn 0.3933 0.6720 -0.6275
vn -0.1441 -0.0936 -0.9851
vn -0.3932 -0.6720 0.6276
vn -0.1441 -0.3342 0.9314
vn 0.3933 0.4960 0.7742
vn 0.5367 0.7648 0.3564
vn 0.6370 0.7528 -0.1658
vn -0.1710 -0.0732 -0.9826
vn 0.1710 0.0732 0.9825
vn 0.6370 0.6885 0.3468
vn 0.1950 0.2900 -0.9370
vn -0.1950 -0.0494 -0.9796
vn -0.7263 -0.5999 -0.3356
vn -0.1950 -0.2899 0.9370
vn 0.1950 0.0493 0.9796
vn 0.8033 0.5647 -0.1894
vn 0.5885 0.4782 -0.6519
vn -0.2156 -0.0226 -0.9762
vn -0.8032 -0.5647 0.1894
vn -0.2156 -0.2633 0.9403
vn 0.2156 0.0227 0.9762
vn 0.5885 0.3022 0.7499
vn 0.8032 0.5004 0.3231
vn 0.8664 0.4561 -0.2031
vn 0.6349 0.3986 -0.6618
vn -0.6349 -0.2226 -0.7398
vn -0.8664 -0.3918 -0.3095
vn -0.8664 -0.4562 0.2030
vn -0.6348 -0.3987 0.6619
vn 0.2326 -0.0065 0.9726
vn 0.6349 0.2227 0.7398
vn 0.6703 0.3137 -0.6725
vn -0.2456 0.0376 -0.9687
vn -0.9148 -0.2760 -0.2949
vn -0.6703 -0.3138 0.6725
vn 0.9148 0.2759 0.2950
vn 0.6943 0.2250 -0.6836
vn 0.2543 0.1705 -0.9520
vn -0.2544 0.0701 -0.9646
vn -0.6943 -0.0490 -0.7180
vn -0.6943 -0.2250 0.6836
vn -0.2543 -0.1706 0.9520
vn 0.6942 0.0490 0.7181
vn 0.9640 0.0949 -0.2484
vn 0.7063 0.1339 -0.6951
vn 0.2588 0.1372 -0.9561
vn -0.2588 0.1035 -0.9604
vn -0.7064 0.0420 -0.7066
vn -0.9640 -0.0305 -0.2642
vn -0.9640 -0.0949 0.2484
vn -0.2588 -0.1371 0.9562
vn 0.2587 -0.1035 0.9604
vn 0.7063 -0.0421 0.7066
vn 0.9640 0.0305 0.2641
vn 0.7269 0.6704 -0.1489
vn 0.9952 0.0941 -0.0253
vn -0.9422 0.3319 -0.0456
vn -0.9422 0.3319 0.0456
vn 0.7269 0.6704 0.1489
vn 0.9991 0.0365 -0.0197
vn 0.3293 0.4400 -0.8354
vn -0.9990 0.0371 -0.0235
vn -0.9946 0.0572 0.0862
vn 0.9935 0.0614 0.0962
vn 0.9987 0.0156 -0.0483
vn -0.9789 0.0401 -0.2005
vn -0.9999 0.0127 -0.0000
vn -0.9789 0.0401 0.2005
vn 0.9987 0.0156 0.0483
vn 0.9822 -0.1590 -0.1004
vn -0.9870 -0.1387 -0.0813
vn -0.9952 -0.0941 0.0254
vn 0.4216 -0.7246 0.5452
vn 0.9957 -0.0911 0.0178
vn 0.9422 -0.3319 0.0456
vn 0.9860 -0.1597 0.0477
vn 0.9822 -0.1590 0.1004
vn -0.7269 -0.6704 0.1489
vn -0.9047 -0.3836 0.1853
vn -0.9870 -0.1387 0.0813
vn -0.9617 -0.2741 -0.0000
vn -0.9915 -0.1299 -0.0000
vn -0.9952 -0.0941 -0.0254
vn -0.7269 -0.6704 -0.1489
vn -0.9047 -0.3836 -0.1853
vn 0.4216 -0.7246 -0.5452
vn 0.9422 -0.3319 -0.0456
vn 0.9860 -0.1597 -0.0477
vn 0.9957 -0.0911 -0.0178
vn 0.9990 -0.0371 0.0235
vn 0.9986 -0.0236 0.0483
vn 0.9946 -0.0572 0.0863
vn -0.3293 -0.4400 0.8355
vn -0.9779 -0.0605 0.2003
vn -0.9935 -0.0614 0.0962
vn -0.9991 -0.0365 0.0197
vn -0.9998 -0.0191 -0.0000
vn -0.9991 -0.0365 -0.0197
vn -0.9935 -0.0614 -0.0962
vn -0.9779 -0.0605 -0.2003
vn -0.3293 -0.4400 -0.8355
vn 0.9946 -0.0572 -0.0863
vn 0.9986 -0.0236 -0.0483
vn 0.9990 -0.0371 -0.0235
vn 0.9789 -0.0401 0.2005
vn 0.9779 0.0605 0.2003
vn 0.3293 0.4400 0.8355
vn -0.9987 -0.0156 0.0483
vn -0.9986 0.0236 0.0483
vn -0.9990 0.0371 0.0235
vn -0.9987 -0.0156 -0.0483
vn -0.9986 0.0236 -0.0483
vn -0.9946 0.0572 -0.0862
vn 0.9789 -0.0401 -0.2005
vn 0.9779 0.0605 -0.2003
vn 0.9935 0.0614 -0.0962
vn 0.9999 -0.0127 -0.0000
vn 0.9998 0.0191 -0.0000
vn 0.9991 0.0365 0.0197
vn 0.9870 0.1387 0.0813
vn 0.9047 0.3835 0.1853
vn -0.4216 0.7246 0.5452
vn -0.9822 0.1590 0.1004
vn -0.9860 0.1597 0.0477
vn -0.9957 0.0911 0.0178
vn -0.9957 0.0911 -0.0178
vn -0.9860 0.1597 -0.0477
vn -0.9822 0.1590 -0.1004
vn 0.9952 0.0941 0.0253
vn 0.9915 0.1299 -0.0000
vn 0.9617 0.2741 -0.0000
vn -0.4216 0.7246 -0.5452
vn 0.9047 0.3836 -0.1853
vn 0.9870 0.1387 -0.0813
vn 0.9952 0.0941 -0.0254
vn 0.9821 -0.1590 -0.1004
vn -0.9952 -0.0941 0.0253
vn 0.9821 -0.1590 0.1004
vn -0.9047 -0.3835 0.1853
vn -0.9952 -0.0941 -0.0253
vn -0.3293 -0.4400 -0.8354
vn 0.9952 0.0941 0.0254
vn -0.9047 -0.3835 -0.1853
vn 0.9946 -0.0572 0.0862
vn 0.9946 -0.0572 -0.0862
vn -0.9987 -0.0157 0.0483
vn -0.9821 0.1590 0.1004
vn -0.9821 0.1590 -0.1004
vn 0.9047 0.3835 -0.1853
vn 0.2554 0.8049 -0.5357
vn 0.3703 0.4661 -0.8035
vn 0.2818 0.7516 -0.5964
vn 0.3841 0.3893 -0.8372
vn 0.3001 0.7086 -0.6386
vn 0.4000 0.2657 -0.8772
vn 0.3142 0.6712 -0.6713
vn 0.4113 0.0290 -0.9111
vn 0.3261 0.6364 -0.6990
vn -0.0901 0.9674 0.2367
vn 0.3557 -0.4713 -0.8070
vn 0.3369 0.6016 -0.7243
vn 0.1212 0.9652 -0.2319
vn 0.3474 0.5642 -0.7490
vn 0.2111 0.8755 -0.4348
vn 0.3583 0.5209 -0.7748
vn 0.2444 0.8806 -0.4059
vn 0.4005 0.5157 -0.7574
vn 0.2923 0.8092 -0.5096
vn 0.4124 0.4588 -0.7871
vn 0.3207 0.7547 -0.5724
vn 0.4256 0.3791 -0.8217
vn 0.3402 0.7103 -0.6162
vn 0.4395 0.2514 -0.8624
vn 0.3551 0.6718 -0.6501
vn 0.4441 0.0100 -0.8959
vn 0.3675 0.6357 -0.6789
vn -0.0793 0.9634 0.2560
vn 0.3691 -0.4837 -0.7936
vn 0.3787 0.5995 -0.7051
vn 0.1471 0.9686 -0.2006
vn 0.3895 0.5607 -0.7307
vn 0.3991 0.6728 -0.6229
vn 0.4775 -0.0296 -0.8781
vn 0.4127 0.6340 -0.6540
vn -0.0744 0.9548 0.2878
vn 0.3789 -0.5078 -0.7737
vn 0.4248 0.5950 -0.6823
vn 0.1664 0.9747 -0.1494
vn 0.4363 0.5529 -0.7099
vn 0.2749 0.8911 -0.3611
vn 0.4477 0.5042 -0.7385
vn 0.3288 0.8183 -0.4714
vn 0.4596 0.4426 -0.7700
vn 0.3608 0.7612 -0.5389
vn 0.4720 0.3567 -0.8062
vn 0.3826 0.7141 -0.5862
vn 0.4828 0.2205 -0.8475
vn 0.5044 0.4834 -0.7155
vn 0.3670 0.8327 -0.4146
vn 0.5161 0.4137 -0.7500
vn 0.4052 0.7716 -0.4903
vn 0.5268 0.3172 -0.7886
vn 0.4311 0.7200 -0.5438
vn 0.5319 0.1674 -0.8301
vn 0.4504 0.6741 -0.5854
vn 0.5114 -0.0944 -0.8541
vn 0.4661 0.6305 -0.6207
vn -0.0757 0.9407 0.3308
vn 0.3844 -0.5437 -0.7461
vn 0.4798 0.5864 -0.6527
vn 0.1780 0.9812 -0.0739
vn 0.4923 0.5387 -0.6836
vn 0.3029 0.9066 -0.2938
vn 0.5430 -0.1899 -0.8179
vn 0.5349 0.6228 -0.5710
vn -0.0829 0.9199 0.3832
vn 0.3846 -0.5888 -0.7110
vn 0.5513 0.5700 -0.6092
vn 0.1795 0.9832 0.0329
vn 0.5656 0.5128 -0.6459
vn 0.3273 0.9253 -0.1916
vn 0.5783 0.4463 -0.6829
vn 0.4085 0.8522 -0.3268
vn 0.5889 0.3632 -0.7220
vn 0.4578 0.7862 -0.4151
vn 0.5951 0.2500 -0.7637
vn 0.4910 0.7278 -0.4788
vn 0.5891 0.0809 -0.8040
vn 0.5155 0.6743 -0.5287
vn 0.4531 0.8726 -0.1822
vn 0.6880 0.2706 -0.6734
vn 0.5233 0.8021 -0.2878
vn 0.6824 0.1329 -0.7188
vn 0.5712 0.7340 -0.3673
vn 0.6519 -0.0570 -0.7561
vn 0.6060 0.6685 -0.4312
vn 0.5664 -0.3214 -0.7589
vn 0.6326 0.6033 -0.4856
vn -0.0963 0.8909 0.4438
vn 0.3785 -0.6413 -0.6675
vn 0.6536 0.5356 -0.5348
vn 0.1662 0.9699 0.1777
vn 0.6701 0.4615 -0.5813
vn 0.3435 0.9386 -0.0337
vn 0.6822 0.3759 -0.6272
vn 0.7813 0.5430 -0.3077
vn -0.1152 0.8532 0.5088
vn 0.3654 -0.6975 -0.6164
vn 0.8110 0.4473 -0.3771
vn 0.1319 0.9232 0.3610
vn 0.8289 0.3423 -0.4424
vn 0.3365 0.9186 0.2074
vn 0.8337 0.2238 -0.5048
vn 0.4897 0.8691 0.0697
vn 0.8212 0.0860 -0.5641
vn 0.6005 0.7982 -0.0475
vn 0.7831 -0.0776 -0.6170
vn 0.6806 0.7179 -0.1464
vn 0.7051 -0.2709 -0.6554
vn 0.7389 0.6326 -0.2319
vn 0.5690 -0.4873 -0.6624
vn 0.9186 -0.2751 -0.2836
vn 0.6262 0.6687 0.4009
vn 0.8260 -0.4204 -0.3754
vn 0.7609 0.5666 0.3163
vn 0.6971 -0.5540 -0.4551
vn 0.8660 0.4476 0.2231
vn 0.5347 -0.6677 -0.5179
vn 0.9406 0.3159 0.1242
vn -0.1386 0.8069 0.5741
vn 0.3453 -0.7540 -0.5588
vn 0.9844 0.1747 0.0218
vn 0.0728 0.8227 0.5637
vn 0.9963 0.0271 -0.0819
vn 0.2768 0.8023 0.5289
vn 0.9749 -0.1241 -0.1847
vn 0.4635 0.7491 0.4732
vn 0.3185 -0.8074 -0.4966
vn 0.7360 -0.3194 0.5969
vn -0.0055 0.6670 0.7451
vn 0.7560 -0.4510 0.4745
vn 0.1511 0.5521 0.8199
vn 0.7510 -0.5697 0.3339
vn 0.2971 0.4181 0.8584
vn 0.7193 -0.6715 0.1777
vn 0.4268 0.2720 0.8625
vn 0.6596 -0.7515 0.0099
vn 0.5369 0.1209 0.8350
vn 0.5714 -0.8041 -0.1640
vn 0.6257 -0.0305 0.7795
vn 0.4563 -0.8239 -0.3361
vn 0.6922 -0.1783 0.6993
vn -0.1653 0.7538 0.6360
vn 0.3843 -0.8709 0.3062
vn 0.2062 -0.2260 0.9521
vn 0.3788 -0.9200 0.1002
vn 0.2477 -0.3446 0.9055
vn 0.3497 -0.9241 -0.1542
vn 0.2825 -0.4496 0.8474
vn -0.1935 0.6974 0.6901
vn 0.2872 -0.8533 -0.4352
vn 0.3121 -0.5453 0.7780
vn -0.0877 0.4863 0.8694
vn 0.3378 -0.6349 0.6949
vn 0.0103 0.2695 0.9629
vn 0.3594 -0.7200 0.5936
vn 0.0910 0.0757 0.9930
vn 0.3758 -0.8003 0.4673
vn 0.1551 -0.0880 0.9840
vn -0.1603 0.3202 0.9337
vn 0.1014 -0.6700 0.7354
vn -0.1002 0.0560 0.9934
vn 0.1236 -0.7355 0.6662
vn -0.0529 -0.1342 0.9895
vn 0.1482 -0.8035 0.5766
vn -0.0165 -0.2720 0.9622
vn 0.1764 -0.8740 0.4529
vn 0.0126 -0.3773 0.9260
vn 0.2083 -0.9397 0.2711
vn 0.0374 -0.4630 0.8856
vn 0.2399 -0.9708 -0.0032
vn 0.0594 -0.5371 0.8414
vn -0.2222 0.6405 0.7351
vn 0.2528 -0.8912 -0.3766
vn 0.0804 -0.6048 0.7923
vn -0.0996 -0.4474 0.8888
vn 0.0827 -0.9261 0.3680
vn -0.0817 -0.5138 0.8540
vn 0.1440 -0.9839 0.1060
vn -0.0651 -0.5711 0.8183
vn -0.2496 0.5881 0.7693
vn 0.2181 -0.9200 -0.3255
vn -0.0488 -0.6238 0.7801
vn -0.2196 0.1891 0.9571
vn -0.0317 -0.6754 0.7368
vn -0.1789 -0.0819 0.9805
vn -0.0124 -0.7288 0.6846
vn -0.1459 -0.2509 0.9569
vn 0.0107 -0.7872 0.6167
vn -0.1204 -0.3642 0.9235
vn 0.0408 -0.8532 0.5200
vn -0.1176 -0.6748 0.7286
vn -0.2373 -0.1680 0.9568
vn -0.1008 -0.7207 0.6858
vn -0.2113 -0.3179 0.9243
vn -0.0800 -0.7723 0.6302
vn -0.1909 -0.4144 0.8899
vn -0.0515 -0.8334 0.5503
vn -0.1742 -0.4841 0.8575
vn -0.0081 -0.9073 0.4205
vn -0.1595 -0.5394 0.8268
vn 0.0653 -0.9818 0.1785
vn -0.1458 -0.5871 0.7963
vn -0.2755 0.5431 0.7932
vn 0.1846 -0.9410 -0.2835
vn -0.1322 -0.6312 0.7643
vn -0.2680 0.0939 0.9588
vn -0.0763 -0.8915 0.4466
vn -0.2172 -0.5534 0.8041
vn 0.0025 -0.9750 0.2220
vn -0.2052 -0.5954 0.7767
vn -0.2990 0.5079 0.8079
vn 0.1543 -0.9550 -0.2533
vn -0.1931 -0.6345 0.7484
vn -0.3088 0.0294 0.9507
vn -0.1801 -0.6733 0.7171
vn -0.2841 -0.2210 0.9330
vn -0.1649 -0.7146 0.6798
vn -0.2619 -0.3571 0.8966
vn -0.1458 -0.7616 0.6314
vn -0.2444 -0.4431 0.8625
vn -0.1189 -0.8188 0.5617
vn -0.2300 -0.5046 0.8321
vn -0.3246 -0.2516 0.9118
vn -0.2158 -0.7106 0.6697
vn -0.3051 -0.3793 0.8735
vn -0.1976 -0.7549 0.6253
vn -0.2893 -0.4590 0.8400
vn -0.1718 -0.8095 0.5615
vn -0.2762 -0.5159 0.8109
vn -0.1297 -0.8809 0.4553
vn -0.2645 -0.5610 0.7844
vn -0.0478 -0.9688 0.2432
vn -0.2534 -0.5998 0.7589
vn -0.3205 0.4835 0.8145
vn 0.1280 -0.9635 -0.2353
vn -0.2423 -0.6359 0.7327
vn -0.3449 -0.0103 0.9386
vn -0.2301 -0.6720 0.7039
vn -0.3067 -0.5643 0.7665
vn -0.0884 -0.9652 0.2460
vn -0.2962 -0.6017 0.7418
vn -0.3395 0.4712 0.8141
vn 0.1064 -0.9674 -0.2297
vn -0.2854 -0.6365 0.7165
vn -0.3785 -0.0290 0.9251
vn -0.2736 -0.6713 0.6888
vn -0.3626 -0.2657 0.8933
vn -0.2597 -0.7086 0.6560
vn -0.3448 -0.3894 0.8541
vn -0.2418 -0.7516 0.6137
vn -0.3302 -0.4662 0.8207
vn -0.2161 -0.8050 0.5525
vn -0.3178 -0.5209 0.7922
vn -0.1736 -0.8755 0.4509
vn -0.3001 -0.7086 0.6386
vn -0.3842 -0.3892 0.8372
vn -0.2819 -0.7516 0.5964
vn -0.3703 -0.4661 0.8035
vn -0.2553 -0.8049 0.5357
vn -0.3583 -0.5209 0.7748
vn -0.2111 -0.8755 0.4346
vn -0.3474 -0.5642 0.7490
vn -0.1212 -0.9651 0.2319
vn -0.3369 -0.6016 0.7243
vn -0.3558 0.4712 0.8071
vn 0.0901 -0.9674 -0.2367
vn -0.3261 -0.6364 0.6990
vn -0.4113 -0.0289 0.9110
vn -0.3142 -0.6712 0.6713
vn -0.4000 -0.2657 0.8771
vn -0.1471 -0.9686 0.2007
vn -0.3787 -0.5995 0.7051
vn -0.3692 0.4836 0.7936
vn 0.0792 -0.9633 -0.2564
vn -0.3675 -0.6357 0.6789
vn -0.4441 -0.0100 0.8959
vn -0.3551 -0.6718 0.6501
vn -0.4394 -0.2514 0.8624
vn -0.3402 -0.7104 0.6162
vn -0.4256 -0.3791 0.8217
vn -0.3207 -0.7546 0.5724
vn -0.4124 -0.4588 0.7871
vn -0.2923 -0.8092 0.5096
vn -0.4005 -0.5156 0.7574
vn -0.2444 -0.8806 0.4059
vn -0.3895 -0.5607 0.7307
vn -0.3608 -0.7612 0.5389
vn -0.4595 -0.4426 0.7700
vn -0.3289 -0.8183 0.4714
vn -0.4477 -0.5042 0.7385
vn -0.2749 -0.8911 0.3611
vn -0.4363 -0.5529 0.7099
vn -0.1664 -0.9747 0.1494
vn -0.4248 -0.5950 0.6823
vn -0.3789 0.5078 0.7737
vn 0.0744 -0.9548 -0.2879
vn -0.4127 -0.6340 0.6540
vn -0.4776 0.0297 0.8781
vn -0.3991 -0.6728 0.6229
vn -0.4827 -0.2205 0.8476
vn -0.3826 -0.7141 0.5862
vn -0.4719 -0.3567 0.8063
vn -0.3844 0.5435 0.7462
vn 0.0755 -0.9409 -0.3302
vn -0.4661 -0.6305 0.6207
vn -0.5113 0.0944 0.8542
vn -0.4504 -0.6741 0.5854
vn -0.5320 -0.1673 0.8300
vn -0.4311 -0.7200 0.5438
vn -0.5268 -0.3172 0.7886
vn -0.4053 -0.7716 0.4903
vn -0.5162 -0.4137 0.7500
vn -0.3670 -0.8327 0.4146
vn -0.5044 -0.4834 0.7155
vn -0.3029 -0.9066 0.2937
vn -0.4923 -0.5387 0.6836
vn -0.1780 -0.9812 0.0741
vn -0.4798 -0.5864 0.6527
vn -0.5889 -0.3632 0.7221
vn -0.4085 -0.8522 0.3268
vn -0.5782 -0.4464 0.6829
vn -0.3273 -0.9253 0.1916
vn -0.5656 -0.5128 0.6459
vn -0.1796 -0.9832 -0.0332
vn -0.5512 -0.5701 0.6092
vn -0.3846 0.5886 0.7111
vn 0.0829 -0.9198 -0.3835
vn -0.5349 -0.6227 0.5710
vn -0.5430 0.1898 0.8180
vn -0.5155 -0.6743 0.5288
vn -0.5890 -0.0811 0.8041
vn -0.4910 -0.7278 0.4788
vn -0.5952 -0.2500 0.7637
vn -0.4577 -0.7862 0.4152
vn -0.6326 -0.6033 0.4856
vn -0.5664 0.3212 0.7590
vn -0.6060 -0.6685 0.4311
vn -0.6520 0.0570 0.7561
vn -0.5712 -0.7340 0.3673
vn -0.6824 -0.1330 0.7188
vn -0.5233 -0.8021 0.2877
vn -0.6880 -0.2706 0.6734
vn -0.4532 -0.8726 0.1821
vn -0.6822 -0.3759 0.6272
vn -0.3435 -0.9386 0.0337
vn -0.6701 -0.4615 0.5813
vn -0.1662 -0.9700 -0.1776
vn -0.6536 -0.5356 0.5348
vn -0.3785 0.6409 0.6678
vn 0.0962 -0.8911 -0.4435
vn -0.4897 -0.8691 -0.0696
vn -0.8337 -0.2239 0.5049
vn -0.3365 -0.9185 -0.2075
vn -0.8289 -0.3424 0.4424
vn -0.1320 -0.9232 -0.3610
vn -0.8110 -0.4473 0.3771
vn -0.3654 0.6978 0.6161
vn 0.1153 -0.8531 -0.5089
vn -0.7814 -0.5430 0.3077
vn -0.5691 0.4872 0.6624
vn -0.7389 -0.6326 0.2318
vn -0.7051 0.2710 0.6553
vn -0.6806 -0.7179 0.1465
vn -0.7831 0.0776 0.6171
vn -0.6005 -0.7982 0.0474
vn -0.8213 -0.0860 0.5640
vn -0.5347 0.6681 0.5175
vn -0.8660 -0.4475 -0.2232
vn -0.6971 0.5540 0.4550
vn -0.7609 -0.5664 -0.3165
vn -0.8260 0.4205 0.3753
vn -0.6262 -0.6687 -0.4009
vn -0.9186 0.2751 0.2837
vn -0.4635 -0.7492 -0.4731
vn -0.9749 0.1242 0.1846
vn -0.2768 -0.8023 -0.5289
vn -0.9963 -0.0270 0.0819
vn -0.0728 -0.8228 -0.5637
vn -0.9844 -0.1747 -0.0219
vn -0.3453 0.7542 0.5585
vn 0.1386 -0.8070 -0.5741
vn -0.9406 -0.3159 -0.1242
vn -0.7509 0.5697 -0.3339
vn -0.1512 -0.5524 -0.8197
vn -0.7561 0.4509 -0.4743
vn 0.0056 -0.6670 -0.7451
vn -0.7360 0.3195 -0.5969
vn -0.3186 0.8073 0.4968
vn 0.1653 -0.7540 -0.6358
vn -0.6923 0.1783 -0.6993
vn -0.4563 0.8239 0.3362
vn -0.6257 0.0304 -0.7794
vn -0.5714 0.8041 0.1640
vn -0.5369 -0.1209 -0.8349
vn -0.6597 0.7515 -0.0097
vn -0.4269 -0.2722 -0.8623
vn -0.7193 0.6715 -0.1778
vn -0.2971 -0.4179 -0.8585
vn -0.2477 0.3446 -0.9055
vn -0.3788 0.9201 -0.1002
vn -0.2062 0.2260 -0.9520
vn -0.3843 0.8709 -0.3062
vn -0.1551 0.0881 -0.9840
vn -0.3759 0.8002 -0.4673
vn -0.0910 -0.0757 -0.9930
vn -0.3594 0.7201 -0.5936
vn -0.0101 -0.2692 -0.9630
vn -0.3377 0.6349 -0.6949
vn 0.0878 -0.4861 -0.8695
vn -0.3122 0.5453 -0.7780
vn -0.2871 0.8534 0.4350
vn 0.1936 -0.6972 -0.6902
vn -0.2824 0.4496 -0.8474
vn -0.3495 0.9242 0.1539
vn 0.1001 -0.0560 -0.9934
vn -0.1014 0.6700 -0.7354
vn 0.1602 -0.3205 -0.9336
vn -0.0804 0.6048 -0.7923
vn -0.2528 0.8913 0.3764
vn 0.2220 -0.6407 -0.7350
vn -0.0595 0.5371 -0.8414
vn -0.2399 0.9708 0.0030
vn -0.0373 0.4630 -0.8856
vn -0.2084 0.9397 -0.2710
vn -0.0127 0.3773 -0.9260
vn -0.1763 0.8740 -0.4529
vn 0.0165 0.2720 -0.9622
vn -0.1481 0.8035 -0.5766
vn 0.0529 0.1342 -0.9895
vn -0.1236 0.7355 -0.6662
vn 0.0997 0.4474 -0.8888
vn -0.0407 0.8532 -0.5200
vn 0.1204 0.3642 -0.9235
vn -0.0107 0.7872 -0.6167
vn 0.1460 0.2509 -0.9569
vn 0.0124 0.7288 -0.6846
vn 0.1789 0.0820 -0.9804
vn 0.0317 0.6753 -0.7368
vn 0.2195 -0.1892 -0.9571
vn 0.0488 0.6238 -0.7801
vn -0.2181 0.9200 0.3255
vn 0.2497 -0.5882 -0.7693
vn 0.0651 0.5711 -0.8183
vn -0.1438 0.9839 -0.1062
vn 0.0817 0.5138 -0.8540
vn -0.0828 0.9261 -0.3680
vn 0.2679 -0.0940 -0.9588
vn 0.1322 0.6312 -0.7643
vn -0.1844 0.9411 0.2834
vn 0.2752 -0.5434 -0.7930
vn 0.1458 0.5871 -0.7963
vn -0.0654 0.9818 -0.1785
vn 0.1595 0.5394 -0.8268
vn 0.0081 0.9073 -0.4205
vn 0.1742 0.4841 -0.8575
vn 0.0515 0.8334 -0.5503
vn 0.1908 0.4144 -0.8899
vn 0.0799 0.7723 -0.6302
vn 0.2112 0.3178 -0.9243
vn 0.1008 0.7208 -0.6858
vn 0.2372 0.1679 -0.9568
vn 0.1176 0.6748 -0.7286
vn 0.1189 0.8188 -0.5617
vn 0.2445 0.4431 -0.8625
vn 0.1458 0.7616 -0.6314
vn 0.2620 0.3572 -0.8966
vn 0.1649 0.7146 -0.6798
vn 0.2840 0.2210 -0.9330
vn 0.1801 0.6733 -0.7171
vn 0.3089 -0.0290 -0.9507
vn 0.1931 0.6345 -0.7484
vn -0.1543 0.9550 0.2533
vn 0.2992 -0.5077 -0.8079
vn 0.2052 0.5954 -0.7767
vn -0.0025 0.9750 -0.2220
vn 0.2172 0.5534 -0.8041
vn 0.0763 0.8915 -0.4466
vn 0.2300 0.5046 -0.8322
vn 0.2423 0.6359 -0.7327
vn -0.1280 0.9635 0.2352
vn 0.3205 -0.4835 -0.8145
vn 0.2535 0.5998 -0.7589
vn 0.0479 0.9688 -0.2432
vn 0.2645 0.5610 -0.7844
vn 0.1296 0.8808 -0.4553
vn 0.2762 0.5159 -0.8109
vn 0.1718 0.8095 -0.5614
vn 0.2893 0.4591 -0.8400
vn 0.1976 0.7549 -0.6254
vn 0.3051 0.3793 -0.8735
vn 0.2158 0.7106 -0.6696
vn 0.3246 0.2517 -0.9117
vn 0.2301 0.6720 -0.7039
vn 0.3449 0.0102 -0.9386
vn 0.3302 0.4662 -0.8207
vn 0.2418 0.7516 -0.6137
vn 0.3449 0.3894 -0.8541
vn 0.2597 0.7087 -0.6560
vn 0.3626 0.2657 -0.8933
vn 0.2736 0.6713 -0.6888
vn 0.3786 0.0291 -0.9251
vn 0.2854 0.6365 -0.7165
vn -0.1064 0.9674 0.2297
vn 0.3395 -0.4713 -0.8141
vn 0.2961 0.6017 -0.7418
vn 0.0885 0.9652 -0.2460
vn 0.3067 0.5643 -0.7665
vn 0.1735 0.8755 -0.4509
vn 0.3178 0.5209 -0.7922
vn 0.2160 0.8050 -0.5526
vn -0.3110 0.7755 -0.5495
vn -0.3417 0.7190 -0.6052
vn -0.4755 0.2190 -0.8520
vn -0.3926 0.5986 -0.6983
vn -0.4169 0.5238 -0.7428
vn -0.2596 0.8513 -0.4560
vn -0.2168 0.8579 -0.4658
vn -0.4042 0.4166 -0.8143
vn -0.4206 0.3352 -0.8431
vn -0.3210 0.6768 -0.6625
vn -0.4395 0.2055 -0.8744
vn -0.3376 0.6365 -0.6935
vn -0.3517 0.5990 -0.7194
vn -0.1139 0.9567 -0.2680
vn -0.3769 0.5213 -0.7656
vn -0.4174 -0.0761 -0.9055
vn -0.3047 0.5986 -0.7408
vn -0.0617 0.9655 -0.2531
vn -0.1631 0.8708 -0.4639
vn -0.2488 0.7317 -0.6346
vn -0.2717 0.6822 -0.6788
vn -0.4006 0.1756 -0.8993
vn -0.2929 0.4449 -0.8463
vn -0.1486 0.8096 -0.5679
vn -0.1838 0.7446 -0.6416
vn -0.2091 0.6904 -0.6926
vn -0.2290 0.6423 -0.7315
vn -0.3754 -0.1394 -0.9163
vn 0.0053 0.9760 -0.2179
vn -0.0930 0.8899 -0.4466
vn -0.3235 -0.2328 -0.9172
vn 0.0916 0.9836 -0.1556
vn 0.0026 0.9139 -0.4060
vn -0.0542 0.8338 -0.5494
vn -0.2426 0.3246 -0.9142
vn -0.2676 0.2093 -0.9405
vn 0.0875 0.8618 -0.4997
vn -0.1406 0.2347 -0.9619
vn -0.1745 0.0946 -0.9801
vn 0.0154 0.7136 -0.7004
vn -0.2145 -0.0968 -0.9719
vn -0.2567 -0.3608 -0.8966
vn -0.0374 0.5768 -0.8160
vn 0.2005 0.9780 -0.0582
vn -0.0856 0.4301 -0.8987
vn 0.1379 0.9354 -0.3254
vn 0.1966 0.5260 -0.8274
vn 0.3286 0.9411 0.0797
vn 0.1255 0.3185 -0.9396
vn 0.3280 0.9282 -0.1754
vn 0.0833 0.1970 -0.9769
vn 0.3112 0.8715 -0.3789
vn 0.2583 0.7091 -0.6560
vn -0.0930 -0.3051 -0.9478
vn -0.1706 -0.5217 -0.8359
vn 0.6666 0.6889 -0.2847
vn 0.2098 -0.4396 -0.8733
vn 0.6834 0.5825 -0.4400
vn 0.0747 -0.5773 -0.8131
vn 0.6765 0.4587 -0.5761
vn -0.0675 -0.6944 -0.7164
vn 0.5974 0.1756 -0.7824
vn 0.4603 0.8514 0.2516
vn 0.5277 0.0226 -0.8491
vn 0.5550 0.8291 0.0677
vn 0.4389 -0.1337 -0.8885
vn 0.6241 0.7730 -0.1136
vn 0.9310 -0.2874 -0.2249
vn 0.5657 0.7051 0.4277
vn 0.8504 -0.4253 -0.3098
vn 0.7239 0.5945 0.3500
vn 0.7398 -0.5512 -0.3859
vn 0.8475 0.4630 0.2597
vn 0.6001 -0.6613 -0.4501
vn 0.9343 0.3172 0.1628
vn 0.4334 -0.7500 -0.4996
vn 0.9843 0.1649 0.0627
vn 0.2436 -0.8116 -0.5310
vn 0.9993 0.0106 -0.0367
vn 0.0379 -0.8405 -0.5404
vn 0.5116 -0.8535 -0.0987
vn 0.8956 -0.1755 0.4089
vn 0.3452 -0.9135 -0.2154
vn 0.8880 -0.2964 0.3516
vn 0.1243 -0.9310 -0.3431
vn 0.8667 -0.4042 0.2924
vn 0.7852 -0.5974 0.1630
vn 0.7664 0.3199 0.5570
vn 0.7206 -0.6877 0.0881
vn 0.8468 0.1281 0.5162
vn 0.6327 -0.7744 0.0020
vn 0.8849 -0.0359 0.4645
vn 0.6391 0.3695 0.6746
vn 0.6783 -0.6302 0.3779
vn 0.6388 -0.6993 0.3208
vn 0.7727 -0.2209 0.5951
vn 0.7656 -0.3279 0.5535
vn 0.3814 -0.9241 0.0240
vn 0.1819 -0.9696 -0.1636
vn 0.6574 -0.4680 0.5906
vn 0.2126 -0.9769 -0.0213
vn 0.6225 -0.5817 0.5235
vn 0.6279 0.2390 0.7407
vn 0.5721 -0.6917 0.4408
vn 0.5339 -0.7535 0.3836
vn 0.6837 -0.3149 0.6583
vn 0.4772 -0.8245 0.3041
vn 0.6324 -0.1173 0.7658
vn 0.6282 -0.2686 0.7302
vn 0.4901 -0.7379 0.4640
vn 0.6168 -0.3669 0.6964
vn 0.2236 -0.9710 0.0848
vn 0.3501 -0.8667 0.3554
vn 0.2207 -0.9619 0.1610
vn 0.5115 -0.5941 0.6209
vn 0.5765 0.0795 0.8133
vn 0.4513 -0.7272 0.5171
vn 0.4139 -0.7880 0.4559
vn 0.5476 -0.2032 0.8117
vn 0.5200 -0.4140 0.7471
vn 0.3817 -0.7787 0.4979
vn 0.3248 -0.8556 0.4031
vn 0.5467 0.0392 0.8364
vn 0.4551 -0.5230 0.7206
vn 0.5168 0.0198 0.8559
vn 0.4804 -0.4222 0.7687
vn 0.3628 -0.6739 0.6437
vn 0.4582 -0.3446 0.8193
vn 0.4427 -0.4230 0.7906
vn 0.2595 -0.8513 0.4560
vn 0.4169 -0.5239 0.7428
vn 0.3926 -0.5986 0.6983
vn 0.4859 0.0191 0.8738
vn 0.1140 -0.9566 0.2680
vn 0.3517 -0.5990 0.7194
vn 0.4535 0.0372 0.8905
vn 0.4396 -0.2055 0.8744
vn 0.3209 -0.6769 0.6625
vn 0.4206 -0.3352 0.8431
vn 0.4041 -0.4166 0.8143
vn 0.2167 -0.8579 0.4658
vn 0.3769 -0.5213 0.7656
vn 0.2488 -0.7316 0.6346
vn 0.2162 -0.7923 0.5705
vn 0.3461 -0.4645 0.8152
vn 0.1632 -0.8708 0.4638
vn 0.3321 -0.5147 0.7905
vn 0.0618 -0.9654 0.2533
vn 0.4174 0.0761 0.9055
vn 0.4006 -0.1754 0.8993
vn 0.2718 -0.6822 0.6788
vn 0.3797 -0.3136 0.8703
vn 0.3754 0.1394 0.9163
vn 0.3550 -0.1233 0.9267
vn -0.0055 -0.9760 0.2178
vn 0.2213 -0.4097 0.8850
vn -0.0026 -0.9139 0.4060
vn -0.0917 -0.9836 0.1555
vn 0.3236 0.2326 0.9172
vn 0.1447 -0.6455 0.7499
vn 0.2675 -0.2093 0.9406
vn 0.0929 -0.7632 0.6395
vn 0.0374 -0.5768 0.8160
vn 0.2566 0.3611 0.8965
vn 0.2145 0.0969 0.9719
vn -0.0153 -0.7136 0.7004
vn 0.1743 -0.0943 0.9802
vn -0.0477 -0.7858 0.6167
vn -0.1381 -0.9355 0.3253
vn -0.2007 -0.9779 0.0579
vn 0.0613 -0.5066 0.8600
vn -0.3112 -0.8716 0.3789
vn -0.3281 -0.9282 0.1754
vn -0.1255 -0.3185 0.9396
vn -0.3288 -0.9410 -0.0799
vn -0.1626 -0.4267 0.8896
vn 0.1707 0.5215 0.8360
vn 0.0930 0.3051 0.9478
vn -0.2583 -0.7091 0.6560
vn 0.0239 0.1102 0.9936
vn -0.2865 -0.7945 0.5353
vn 0.0675 0.6943 0.7165
vn -0.0748 0.5774 0.8130
vn -0.6835 -0.5824 0.4399
vn -0.2097 0.4396 0.8734
vn -0.6665 -0.6890 0.2848
vn -0.6241 -0.7731 0.1136
vn -0.5276 -0.0227 0.8492
vn -0.4603 -0.8514 -0.2515
vn -0.5975 -0.1756 0.7824
vn -0.7238 -0.5948 -0.3497
vn -0.8504 0.4253 0.3098
vn -0.5657 -0.7051 -0.4276
vn -0.9310 0.2874 0.2250
vn -0.9810 0.1411 0.1333
vn -0.0379 0.8406 0.5403
vn -0.9993 -0.0107 0.0367
vn -0.2435 0.8116 0.5311
vn -0.9843 -0.1648 -0.0628
vn -0.4333 0.7499 0.4998
vn -0.6001 0.6613 0.4500
vn -0.8475 -0.4629 -0.2598
vn -0.8880 0.2963 -0.3515
vn -0.3452 0.9135 0.2152
vn -0.5116 0.8535 0.0986
vn -0.8848 0.0361 -0.4646
vn -0.6326 0.7745 -0.0019
vn -0.7207 0.6877 -0.0880
vn -0.7664 -0.3198 -0.5571
vn -0.7852 0.5973 -0.1631
vn -0.6238 -0.5316 -0.5730
vn -0.8667 0.4042 -0.2923
vn -0.1243 0.9311 0.3430
vn -0.7340 -0.1083 -0.6705
vn -0.6390 -0.3690 -0.6749
vn -0.1818 0.9696 0.1637
vn -0.3814 0.9241 -0.0241
vn -0.7727 0.2208 -0.5951
vn -0.5845 0.7719 -0.2499
vn -0.7671 0.0818 -0.6363
vn -0.4772 0.8245 -0.3040
vn -0.6837 0.3149 -0.6584
vn -0.6825 0.0301 -0.7303
vn -0.6280 -0.2395 -0.7405
vn -0.2126 0.9769 0.0212
vn -0.6574 0.4681 -0.5906
vn -0.3835 0.9055 -0.1818
vn -0.6045 -0.1442 -0.7835
vn -0.5603 0.5899 -0.5814
vn -0.2237 0.9710 -0.0846
vn -0.5903 0.4950 -0.6376
vn -0.3705 0.8838 -0.2857
vn -0.6038 0.4381 -0.6659
vn -0.6168 0.3669 -0.6964
vn -0.6324 0.1172 -0.7658
vn -0.5642 0.3969 -0.7240
vn -0.4513 0.7272 -0.5172
vn -0.5773 0.3093 -0.7557
vn -0.5876 0.1714 -0.7908
vn -0.5764 -0.0795 -0.8133
vn -0.2208 0.9619 -0.1611
vn -0.3501 0.8667 -0.3553
vn -0.5510 0.4600 -0.6962
vn -0.4946 0.5188 -0.6973
vn -0.3248 0.8556 -0.4030
vn -0.5200 0.4141 -0.7471
vn -0.5341 0.3327 -0.7772
vn -0.5476 0.2032 -0.8117
vn -0.5469 -0.0393 -0.8363
vn -0.5109 0.2182 -0.8315
vn -0.5171 -0.0198 -0.8557
vn -0.4551 0.5230 -0.7206
vn 0.0926 -0.3263 -0.9407
vn 0.0927 0.3263 -0.9407
vn 0.2697 0.9051 -0.3286
vn 0.7535 -0.5197 -0.4027
vn 0.2563 0.9663 -0.0252
vn 0.9407 -0.3263 -0.0926
vn 0.9407 0.3263 -0.0927
vn 0.9407 0.3263 0.0927
vn 0.2563 0.9663 0.0252
vn 0.9407 -0.3263 0.0926
vn 0.8176 -0.5197 0.2480
vn 0.7535 -0.5196 0.4027
vn 0.2697 -0.9051 0.3287
vn 0.2757 -0.8111 0.5159
vn 0.4028 0.5197 0.7535
vn 0.0927 0.3263 0.9407
vn -0.0927 0.3263 0.9407
vn -0.0253 -0.9663 0.2563
vn -0.5420 -0.5196 0.6604
vn -0.4636 -0.6825 0.5650
vn -0.6604 -0.5197 0.5420
vn -0.5650 -0.6825 0.4636
vn -0.7535 -0.5197 0.4027
vn -0.2563 0.9663 -0.0253
vn -0.4027 -0.5197 -0.7535
vn 0.9640 -0.0305 -0.2641
vn 0.7063 0.0421 -0.7066
vn -0.2588 0.1371 -0.9562
vn -0.2588 -0.1034 0.9604
vn 0.2588 -0.1371 0.9561
vn 0.7063 -0.1339 0.6951
vn 0.9640 -0.0948 0.2484
vn -0.2456 0.2031 -0.9479
vn -0.6703 0.3138 -0.6725
vn -0.9148 0.2760 0.2950
vn 0.8664 -0.3917 -0.3095
vn 0.6349 -0.2227 -0.7399
vn -0.6348 0.2226 0.7399
vn -0.2326 -0.0065 0.9725
vn -0.8032 0.5647 -0.1894
vn -0.8033 0.5003 0.3231
vn -0.5886 0.3022 0.7498
vn 0.2156 -0.2632 0.9403
vn -0.7263 0.5999 0.3356
vn 0.1710 -0.0731 -0.9826
vn -0.1710 0.3137 -0.9340
vn -0.6370 0.7529 -0.1658
vn -0.1710 0.0731 0.9826
vn 0.4667 -0.6160 0.6346
vn 0.3933 -0.6720 0.6275
vn 0.4273 -0.8275 -0.3643
vn 0.3106 -0.8755 -0.3702
vn 0.2275 -0.5771 -0.7844
vn 0.0834 -0.1234 -0.9888
vn -0.0833 0.3640 -0.9277
vn -0.2275 0.7531 -0.6173
vn -0.3105 0.9398 -0.1423
vn -0.3106 0.8755 0.3702
vn -0.0833 0.1233 0.9889
vn 0.2276 -0.7530 0.6174
vn 0.3105 -0.9399 0.1423
vn 0.1884 -0.9079 -0.3743
vn -0.0506 0.1321 0.9899
vn 0.0169 -0.1364 -0.9905
vn -0.0464 0.7888 -0.6129
vn -0.0169 -0.1365 -0.9905
vn 0.0464 0.7888 -0.6128
vn -0.3106 -0.8755 -0.3703
vn -0.2275 -0.5771 -0.7843
vn -0.0834 -0.1233 -0.9889
vn 0.2275 0.7531 -0.6174
vn 0.3105 0.9398 -0.1424
vn 0.3106 0.8755 0.3703
vn 0.0833 0.1234 0.9889
vn -0.2276 -0.7531 0.6174
vn -0.3105 -0.9398 0.1424
vn -0.3131 -0.5419 -0.7799
vn -0.5367 -0.7648 -0.3564
vn 0.1441 0.3343 -0.9314
vn 0.5367 0.8292 -0.1563
vn 0.5367 0.7648 0.3563
vn 0.3933 0.4960 0.7741
vn 0.1710 0.3137 -0.9340
vn 0.4668 0.6160 -0.6345
vn 0.1710 0.0732 0.9826
vn -0.4667 -0.6160 0.6345
vn 0.7263 0.6642 -0.1770
vn 0.7263 0.5998 0.3356
vn -0.8033 -0.5003 -0.3232
vn 0.2157 0.2633 -0.9403
vn 0.5886 0.3022 0.7499
vn -0.2157 -0.2632 0.9403
vn -0.8032 -0.5647 0.1895
vn -0.6349 -0.2227 -0.7398
vn 0.6348 0.2227 0.7398
vn -0.6349 -0.3986 0.6618
vn -0.9475 -0.1548 -0.2797
vn -0.2544 -0.1705 0.9520
vn 0.2588 -0.1034 0.9604
vn -0.7064 -0.1339 0.6951
vn -0.2587 -0.1035 0.9604
vn -0.7063 -0.0421 0.7066
vn -0.9640 0.0305 0.2641
vn -0.6942 0.0490 0.7181
vn 0.2456 0.0376 -0.9687
vn 0.9148 -0.2760 -0.2949
vn 0.6703 -0.3138 0.6725
vn 0.8664 -0.4562 0.2030
vn 0.6348 -0.3986 0.6619
vn -0.2156 0.2633 -0.9403
vn 0.2156 -0.0226 -0.9762
vn 0.8032 -0.5647 0.1894
vn -0.2156 0.0227 0.9762
vn -0.5885 0.3022 0.7499
vn -0.1950 0.0493 0.9796
vn 0.1441 -0.0936 -0.9851
vn 0.3131 -0.5420 -0.7799
vn 0.4272 -0.8275 -0.3642
vn 0.4273 -0.8918 0.1484
vn -0.0834 0.1233 0.9889
vn -0.3105 0.8755 0.3702
vn -0.1381 0.7768 -0.6144
vn 0.0505 -0.1320 -0.9900
vn 0.1381 -0.7769 0.6143
vn -0.1884 0.9079 0.3743
vn -0.0463 0.7889 -0.6128
vn -0.0169 0.3770 -0.9260
vn 0.0631 -0.9243 -0.3764
vn -0.0169 0.1364 0.9905
vn 0.0169 0.3771 -0.9260
vn -0.0631 -0.9243 -0.3763
vn 0.0169 0.1365 0.9905
vn -0.0505 -0.1321 -0.9899
vn -0.1381 -0.7769 0.6144
vn 0.0506 0.1320 0.9900
vn 0.2275 0.7530 -0.6174
vn 0.0834 0.1234 0.9889
vn 0.3131 0.7179 -0.6217
vn 0.1147 0.3510 -0.9293
vn -0.4273 -0.8918 0.1484
vn 0.1147 0.1104 0.9872
vn 0.1440 0.0937 0.9851
vn -0.4667 -0.4400 -0.7672
vn -0.6370 -0.6885 -0.3467
vn -0.4668 -0.6160 0.6346
vn -0.1709 -0.3138 0.9340
vn 0.4667 0.4401 0.7672
vn 0.8032 0.5647 -0.1895
vn 0.2156 0.2632 -0.9403
vn 0.2156 0.0226 0.9762
vn 0.5886 0.3023 0.7498
vn 0.8033 0.5003 0.3232
vn -0.2456 0.0376 -0.9686
vn 0.2543 -0.0701 0.9646
vn 0.6943 0.0490 0.7181
vn 0.9475 0.1548 0.2797
vn 0.2588 0.1371 -0.9561
vn -0.9640 -0.0306 -0.2641
vn 0.2553 0.8049 -0.5357
vn 0.2819 0.7516 -0.5964
vn 0.3842 0.3893 -0.8372
vn 0.4000 0.2656 -0.8772
vn 0.4112 0.0290 -0.9111
vn 0.2111 0.8755 -0.4347
vn 0.3402 0.7104 -0.6162
vn 0.4394 0.2514 -0.8624
vn 0.4442 0.0100 -0.8959
vn 0.4777 -0.0297 -0.8780
vn 0.4362 0.5530 -0.7099
vn 0.3289 0.8183 -0.4714
vn 0.4595 0.4426 -0.7700
vn 0.4719 0.3567 -0.8063
vn 0.4827 0.2205 -0.8476
vn 0.5113 -0.0943 -0.8542
vn 0.4798 0.5864 -0.6526
vn 0.1780 0.9812 -0.0740
vn 0.5431 -0.1899 -0.8180
vn 0.5349 0.6227 -0.5710
vn 0.5512 0.5701 -0.6092
vn 0.1795 0.9832 0.0331
vn 0.3274 0.9253 -0.1916
vn 0.5782 0.4463 -0.6830
vn 0.4578 0.7862 -0.4152
vn 0.5952 0.2500 -0.7637
vn 0.5890 0.0810 -0.8041
vn 0.5155 0.6743 -0.5288
vn 0.4532 0.8726 -0.1821
vn 0.6520 -0.0571 -0.7561
vn 0.5663 -0.3210 -0.7591
vn 0.6536 0.5355 -0.5348
vn 0.1663 0.9700 0.1775
vn 0.3434 0.9386 -0.0337
vn 0.1320 0.9232 0.3609
vn 0.8289 0.3424 -0.4424
vn 0.3365 0.9185 0.2075
vn 0.8213 0.0860 -0.5640
vn 0.6006 0.7982 -0.0474
vn 0.7831 -0.0775 -0.6171
vn 0.6806 0.7179 -0.1465
vn 0.7051 -0.2710 -0.6553
vn 0.7389 0.6326 -0.2318
vn 0.5690 -0.4873 -0.6623
vn 0.9186 -0.2750 -0.2837
vn 0.6262 0.6687 0.4010
vn 0.8260 -0.4206 -0.3753
vn 0.7609 0.5665 0.3164
vn 0.5347 -0.6679 -0.5177
vn 0.9844 0.1748 0.0218
vn 0.9963 0.0270 -0.0819
vn 0.2768 0.8023 0.5288
vn 0.4635 0.7492 0.4732
vn 0.7360 -0.3195 0.5969
vn -0.0056 0.6667 0.7453
vn 0.7560 -0.4510 0.4744
vn 0.1512 0.5524 0.8197
vn 0.7509 -0.5697 0.3339
vn 0.2971 0.4180 0.8585
vn 0.7193 -0.6716 0.1778
vn 0.4269 0.2722 0.8624
vn 0.6597 -0.7515 0.0098
vn 0.5715 -0.8041 -0.1641
vn 0.6256 -0.0306 0.7795
vn 0.2478 -0.3446 0.9054
vn 0.3495 -0.9242 -0.1539
vn -0.0876 0.4864 0.8693
vn 0.3377 -0.6349 0.6949
vn 0.0102 0.2694 0.9630
vn 0.3593 -0.7201 0.5936
vn 0.0911 0.0758 0.9930
vn 0.3759 -0.8002 0.4673
vn 0.1014 -0.6699 0.7354
vn -0.1002 0.0559 0.9934
vn 0.1481 -0.8035 0.5766
vn 0.0127 -0.3773 0.9260
vn 0.2084 -0.9397 0.2711
vn 0.0372 -0.4630 0.8856
vn 0.2398 -0.9708 -0.0030
vn 0.0595 -0.5371 0.8414
vn -0.0997 -0.4474 0.8888
vn 0.0828 -0.9261 0.3680
vn 0.1438 -0.9839 0.1062
vn -0.2197 0.1887 0.9571
vn -0.0316 -0.6753 0.7368
vn -0.1788 -0.0819 0.9805
vn -0.0125 -0.7288 0.6846
vn -0.1460 -0.2509 0.9569
vn 0.0407 -0.8532 0.5200
vn 0.0654 -0.9818 0.1785
vn -0.1459 -0.5871 0.7963
vn -0.2679 0.0940 0.9588
vn -0.3087 0.0294 0.9507
vn -0.2840 -0.2210 0.9330
vn -0.2620 -0.3571 0.8966
vn -0.2299 -0.5046 0.8321
vn -0.2159 -0.7106 0.6697
vn -0.3050 -0.3793 0.8735
vn -0.2894 -0.4590 0.8400
vn -0.1296 -0.8809 0.4553
vn -0.2535 -0.5998 0.7589
vn -0.2422 -0.6360 0.7327
vn -0.3450 -0.0103 0.9386
vn -0.3786 -0.0290 0.9251
vn -0.3625 -0.2658 0.8933
vn -0.2597 -0.7087 0.6560
vn -0.3449 -0.3893 0.8541
vn -0.2161 -0.8050 0.5526
vn -0.3841 -0.3893 0.8372
vn -0.2818 -0.7516 0.5964
vn -0.2554 -0.8049 0.5357
vn -0.3583 -0.5208 0.7748
vn -0.2110 -0.8754 0.4348
vn -0.1212 -0.9652 0.2319
vn -0.4113 -0.0290 0.9111
vn -0.3143 -0.6712 0.6713
vn -0.4001 -0.2656 0.8771
vn -0.1471 -0.9686 0.2006
vn -0.3402 -0.7103 0.6162
vn -0.4256 -0.3790 0.8217
vn -0.4005 -0.5157 0.7574
vn -0.3609 -0.7612 0.5389
vn -0.4596 -0.4426 0.7700
vn -0.3288 -0.8183 0.4714
vn -0.4362 -0.5530 0.7099
vn -0.4776 0.0296 0.8781
vn -0.5114 0.0944 0.8541
vn -0.5320 -0.1674 0.8301
vn -0.4052 -0.7716 0.4903
vn -0.5161 -0.4137 0.7500
vn -0.3671 -0.8327 0.4146
vn -0.3029 -0.9066 0.2938
vn -0.4924 -0.5387 0.6836
vn -0.1781 -0.9812 0.0738
vn -0.5889 -0.3632 0.7220
vn -0.4085 -0.8522 0.3269
vn -0.5782 -0.4463 0.6830
vn -0.1795 -0.9832 -0.0329
vn -0.5513 -0.5701 0.6092
vn -0.5430 0.1897 0.8180
vn -0.5951 -0.2500 0.7637
vn -0.4578 -0.7862 0.4152
vn -0.5663 0.3210 0.7591
vn -0.6520 0.0571 0.7560
vn -0.5233 -0.8021 0.2878
vn -0.1662 -0.9699 -0.1778
vn -0.4897 -0.8691 -0.0697
vn -0.8337 -0.2238 0.5048
vn -0.3365 -0.9186 -0.2074
vn -0.8288 -0.3424 0.4425
vn -0.1320 -0.9232 -0.3609
vn -0.7813 -0.5430 0.3077
vn -0.5691 0.4876 0.6621
vn -0.7051 0.2707 0.6554
vn -0.7832 0.0777 0.6170
vn -0.6005 -0.7982 0.0475
vn -0.5347 0.6679 0.5177
vn -0.8660 -0.4476 -0.2231
vn -0.6971 0.5542 0.4549
vn -0.7609 -0.5665 -0.3164
vn -0.8260 0.4205 0.3754
vn -0.6262 -0.6686 -0.4010
vn -0.4635 -0.7491 -0.4732
vn -0.9963 -0.0270 0.0818
vn -0.0728 -0.8227 -0.5638
vn -0.9406 -0.3158 -0.1242
vn -0.7510 0.5697 -0.3338
vn -0.1511 -0.5521 -0.8200
vn -0.7560 0.4510 -0.4745
vn 0.0055 -0.6669 -0.7451
vn -0.7361 0.3193 -0.5968
vn -0.6922 0.1784 -0.6993
vn -0.4564 0.8238 0.3363
vn -0.6257 0.0305 -0.7795
vn -0.5715 0.8041 0.1641
vn -0.5370 -0.1210 -0.8349
vn -0.6596 0.7516 -0.0100
vn -0.4269 -0.2721 -0.8624
vn -0.7194 0.6715 -0.1776
vn -0.2972 -0.4182 -0.8584
vn -0.3788 0.9200 -0.1001
vn -0.2061 0.2260 -0.9521
vn -0.3844 0.8709 -0.3062
vn -0.1551 0.0880 -0.9840
vn -0.3758 0.8002 -0.4673
vn -0.0909 -0.0757 -0.9930
vn -0.3594 0.7200 -0.5936
vn -0.0102 -0.2693 -0.9630
vn -0.3378 0.6349 -0.6949
vn 0.0877 -0.4862 -0.8695
vn -0.3121 0.5453 -0.7780
vn -0.2825 0.4496 -0.8474
vn -0.3496 0.9241 0.1541
vn 0.1002 -0.0559 -0.9934
vn 0.1602 -0.3204 -0.9336
vn -0.0594 0.5371 -0.8414
vn -0.2396 0.9709 0.0027
vn -0.2083 0.9397 -0.2711
vn -0.0126 0.3773 -0.9260
vn -0.1764 0.8740 -0.4529
vn 0.0165 0.2719 -0.9622
vn -0.1482 0.8035 -0.5766
vn 0.0996 0.4474 -0.8888
vn 0.1205 0.3642 -0.9235
vn 0.1459 0.2509 -0.9570
vn 0.1789 0.0819 -0.9805
vn 0.0316 0.6753 -0.7368
vn -0.1438 0.9839 -0.1064
vn -0.0652 0.9818 -0.1786
vn 0.1741 0.4841 -0.8575
vn 0.1909 0.4144 -0.8899
vn 0.1008 0.7207 -0.6858
vn 0.2444 0.4431 -0.8625
vn 0.1458 0.7616 -0.6315
vn 0.2841 0.2210 -0.9330
vn 0.3088 -0.0294 -0.9507
vn 0.0762 0.8915 -0.4466
vn 0.0478 0.9688 -0.2432
vn 0.1297 0.8809 -0.4553
vn 0.1718 0.8095 -0.5615
vn 0.2894 0.4590 -0.8400
vn 0.1977 0.7549 -0.6253
vn 0.3449 0.0103 -0.9386
vn 0.2417 0.7516 -0.6137
vn 0.3449 0.3893 -0.8541
vn 0.3625 0.2657 -0.8933
vn 0.2962 0.6017 -0.7418
vn 0.2161 0.8050 -0.5526
vn 0.0256 0.9652 -0.2603
vn 0.0928 -0.3215 -0.9423
vn 0.0422 0.9024 -0.4288
vn 0.0841 -0.5134 -0.8540
vn 0.0580 0.8065 -0.5884
vn 0.0722 -0.6765 -0.7329
vn 0.0722 0.6765 -0.7329
vn 0.0580 -0.8065 -0.5884
vn 0.0841 0.5134 -0.8540
vn 0.0422 -0.9024 -0.4288
vn 0.0928 0.3215 -0.9423
vn 0.0256 -0.9652 -0.2603
vn 0.0974 0.1096 -0.9892
vn 0.0086 0.9962 -0.0872
vn 0.0086 -0.9962 -0.0872
vn 0.0974 -0.1096 -0.9892
vn 0.0254 0.9962 -0.0839
vn 0.0254 -0.9962 -0.0839
vn 0.2885 -0.1096 -0.9512
vn 0.0759 0.9652 -0.2503
vn 0.2749 -0.3215 -0.9061
vn 0.1251 0.9024 -0.4124
vn 0.2491 -0.5134 -0.8212
vn 0.1716 0.8065 -0.5658
vn 0.2138 -0.6765 -0.7047
vn 0.2138 0.6765 -0.7047
vn 0.1716 -0.8065 -0.5658
vn 0.2491 0.5134 -0.8212
vn 0.1251 -0.9024 -0.4124
vn 0.2749 0.3215 -0.9061
vn 0.0759 -0.9652 -0.2503
vn 0.2885 0.1096 -0.9512
vn 0.3472 0.6765 -0.6495
vn 0.2787 -0.8065 -0.5215
vn 0.4045 0.5134 -0.7568
vn 0.2031 -0.9024 -0.3800
vn 0.4464 0.3215 -0.8351
vn 0.1233 -0.9652 -0.2307
vn 0.4686 0.1096 -0.8766
vn 0.0413 0.9962 -0.0773
vn 0.0413 -0.9962 -0.0773
vn 0.4686 -0.1096 -0.8766
vn 0.1233 0.9652 -0.2307
vn 0.4464 -0.3215 -0.8351
vn 0.2031 0.9024 -0.3800
vn 0.4045 -0.5134 -0.7568
vn 0.2787 0.8065 -0.5215
vn 0.3472 -0.6765 -0.6495
vn 0.6306 -0.1096 -0.7684
vn 0.1659 0.9652 -0.2022
vn 0.6007 -0.3215 -0.7320
vn 0.2734 0.9024 -0.3331
vn 0.5444 -0.5134 -0.6633
vn 0.3751 0.8065 -0.4571
vn 0.4672 -0.6765 -0.5693
vn 0.4672 0.6765 -0.5693
vn 0.3751 -0.8065 -0.4571
vn 0.5444 0.5134 -0.6633
vn 0.2734 -0.9024 -0.3331
vn 0.6007 0.3215 -0.7320
vn 0.1659 -0.9652 -0.2022
vn 0.6306 0.1096 -0.7684
vn 0.0556 0.9962 -0.0678
vn 0.0556 -0.9962 -0.0678
vn 0.4571 -0.8065 -0.3751
vn 0.6633 0.5134 -0.5444
vn 0.3331 -0.9024 -0.2734
vn 0.7320 0.3215 -0.6007
vn 0.2022 -0.9652 -0.1659
vn 0.7684 0.1096 -0.6306
vn 0.0678 0.9962 -0.0556
vn 0.0678 -0.9962 -0.0556
vn 0.7684 -0.1096 -0.6306
vn 0.2022 0.9652 -0.1659
vn 0.7320 -0.3215 -0.6007
vn 0.3331 0.9024 -0.2734
vn 0.6633 -0.5134 -0.5444
vn 0.4571 0.8065 -0.3751
vn 0.5693 -0.6765 -0.4672
vn 0.5693 0.6765 -0.4672
vn 0.6495 -0.6765 -0.3472
vn 0.6495 0.6765 -0.3472
vn 0.5215 -0.8065 -0.2787
vn 0.7568 0.5134 -0.4045
vn 0.3800 -0.9024 -0.2031
vn 0.8351 0.3215 -0.4464
vn 0.2307 -0.9652 -0.1233
vn 0.8766 0.1096 -0.4686
vn 0.0773 0.9962 -0.0413
vn 0.0773 -0.9962 -0.0413
vn 0.8766 -0.1096 -0.4686
vn 0.2307 0.9652 -0.1233
vn 0.8351 -0.3215 -0.4464
vn 0.3800 0.9024 -0.2031
vn 0.7568 -0.5134 -0.4045
vn 0.5215 0.8065 -0.2787
vn 0.0839 0.9962 -0.0254
vn 0.0839 -0.9962 -0.0254
vn 0.9512 -0.1096 -0.2885
vn 0.2503 0.9652 -0.0759
vn 0.9061 -0.3215 -0.2749
vn 0.4124 0.9024 -0.1251
vn 0.8212 -0.5134 -0.2491
vn 0.5658 0.8065 -0.1716
vn 0.7047 -0.6765 -0.2138
vn 0.7047 0.6765 -0.2138
vn 0.5658 -0.8065 -0.1716
vn 0.8212 0.5134 -0.2491
vn 0.4124 -0.9024 -0.1251
vn 0.9061 0.3215 -0.2749
vn 0.2503 -0.9652 -0.0759
vn 0.9512 0.1096 -0.2885
vn 0.7329 0.6765 -0.0722
vn 0.5884 -0.8065 -0.0580
vn 0.8540 0.5134 -0.0841
vn 0.4288 -0.9024 -0.0422
vn 0.9423 0.3215 -0.0928
vn 0.2603 -0.9652 -0.0256
vn 0.9892 0.1096 -0.0974
vn 0.0872 0.9962 -0.0086
vn 0.0872 -0.9962 -0.0086
vn 0.9892 -0.1096 -0.0974
vn 0.2603 0.9652 -0.0256
vn 0.9423 -0.3215 -0.0928
vn 0.4288 0.9024 -0.0422
vn 0.8540 -0.5134 -0.0841
vn 0.5884 0.8065 -0.0580
vn 0.7329 -0.6765 -0.0722
vn 0.9892 -0.1096 0.0974
vn 0.2603 0.9652 0.0256
vn 0.9423 -0.3215 0.0928
vn 0.4288 0.9024 0.0422
vn 0.8540 -0.5134 0.0841
vn 0.5884 0.8065 0.0580
vn 0.7329 -0.6765 0.0722
vn 0.7329 0.6765 0.0722
vn 0.5884 -0.8065 0.0580
vn 0.8540 0.5134 0.0841
vn 0.4288 -0.9024 0.0422
vn 0.9423 0.3215 0.0928
vn 0.2603 -0.9652 0.0256
vn 0.9892 0.1096 0.0974
vn 0.0872 0.9962 0.0086
vn 0.0872 -0.9962 0.0086
vn 0.5658 -0.8065 0.1716
vn 0.8212 0.5134 0.2491
vn 0.4124 -0.9024 0.1251
vn 0.9061 0.3215 0.2749
vn 0.2503 -0.9652 0.0759
vn 0.9512 0.1096 0.2885
vn 0.0839 0.9962 0.0254
vn 0.0839 -0.9962 0.0254
vn 0.9512 -0.1096 0.2885
vn 0.2503 0.9652 0.0759
vn 0.9061 -0.3215 0.2749
vn 0.4124 0.9024 0.1251
vn 0.8212 -0.5134 0.2491
vn 0.5658 0.8065 0.1716
vn 0.7047 -0.6765 0.2138
vn 0.7047 0.6765 0.2138
vn 0.2307 0.9652 0.1233
vn 0.8351 -0.3215 0.4464
vn 0.3800 0.9024 0.2031
vn 0.7568 -0.5134 0.4045
vn 0.5215 0.8065 0.2787
vn 0.6495 -0.6765 0.3472
vn 0.6495 0.6765 0.3472
vn 0.5215 -0.8065 0.2787
vn 0.7568 0.5134 0.4045
vn 0.3800 -0.9024 0.2031
vn 0.8351 0.3215 0.4464
vn 0.2307 -0.9652 0.1233
vn 0.8766 0.1096 0.4686
vn 0.0773 0.9962 0.0413
vn 0.0773 -0.9962 0.0413
vn 0.8766 -0.1096 0.4686
vn 0.6633 0.5134 0.5444
vn 0.3331 -0.9024 0.2734
vn 0.7320 0.3215 0.6007
vn 0.2022 -0.9652 0.1659
vn 0.7684 0.1096 0.6306
vn 0.0678 0.9962 0.0556
vn 0.0678 -0.9962 0.0556
vn 0.7684 -0.1096 0.6306
vn 0.2022 0.9652 0.1659
vn 0.7320 -0.3215 0.6007
vn 0.3331 0.9024 0.2734
vn 0.6633 -0.5134 0.5444
vn 0.4571 0.8065 0.3751
vn 0.5693 -0.6765 0.4672
vn 0.5693 0.6765 0.4672
vn 0.4571 -0.8065 0.3751
vn 0.6007 -0.3215 0.7320
vn 0.2734 0.9024 0.3331
vn 0.5444 -0.5134 0.6633
vn 0.3751 0.8065 0.4571
vn 0.4672 -0.6765 0.5693
vn 0.4672 0.6765 0.5693
vn 0.3751 -0.8065 0.4571
vn 0.5444 0.5134 0.6633
vn 0.2734 -0.9024 0.3331
vn 0.6007 0.3215 0.7320
vn 0.1659 -0.9652 0.2022
vn 0.6306 0.1096 0.7684
vn 0.0556 0.9962 0.0678
vn 0.0556 -0.9962 0.0678
vn 0.6306 -0.1096 0.7684
vn 0.1659 0.9652 0.2022
vn 0.2031 -0.9024 0.3800
vn 0.4464 0.3215 0.8351
vn 0.1233 -0.9652 0.2307
vn 0.4686 0.1096 0.8766
vn 0.0413 0.9962 0.0773
vn 0.0413 -0.9962 0.0773
vn 0.4686 -0.1096 0.8766
vn 0.1233 0.9652 0.2307
vn 0.4464 -0.3215 0.8351
vn 0.2031 0.9024 0.3800
vn 0.4045 -0.5134 0.7568
vn 0.2787 0.8065 0.5215
vn 0.3472 -0.6765 0.6495
vn 0.3472 0.6765 0.6495
vn 0.2787 -0.8065 0.5215
vn 0.4045 0.5134 0.7568
vn 0.2491 -0.5134 0.8212
vn 0.1716 0.8065 0.5658
vn 0.2138 -0.6765 0.7047
vn 0.2138 0.6765 0.7047
vn 0.1716 -0.8065 0.5658
vn 0.2491 0.5134 0.8212
vn 0.1251 -0.9024 0.4124
vn 0.2749 0.3215 0.9061
vn 0.0759 -0.9652 0.2503
vn 0.2885 0.1096 0.9512
vn 0.0254 0.9962 0.0839
vn 0.0254 -0.9962 0.0839
vn 0.2885 -0.1096 0.9512
vn 0.0759 0.9652 0.2503
vn 0.2749 -0.3215 0.9061
vn 0.1251 0.9024 0.4124
vn 0.0256 -0.9652 0.2603
vn 0.0974 0.1096 0.9892
vn 0.0086 0.9962 0.0872
vn 0.0086 -0.9962 0.0872
vn 0.0974 -0.1096 0.9892
vn 0.0256 0.9652 0.2603
vn 0.0928 -0.3215 0.9423
vn 0.0422 0.9024 0.4288
vn 0.0841 -0.5134 0.8540
vn 0.0580 0.8065 0.5884
vn 0.0722 -0.6765 0.7329
vn 0.0722 0.6765 0.7329
vn 0.0580 -0.8065 0.5884
vn 0.0841 0.5134 0.8540
vn 0.0422 -0.9024 0.4288
vn 0.0928 0.3215 0.9423
vn -0.0580 0.8065 0.5884
vn -0.0722 -0.6765 0.7329
vn -0.0722 0.6765 0.7329
vn -0.0580 -0.8065 0.5884
vn -0.0841 0.5134 0.8540
vn -0.0422 -0.9024 0.4288
vn -0.0928 0.3215 0.9423
vn -0.0256 -0.9652 0.2603
vn -0.0974 0.1096 0.9892
vn -0.0086 0.9962 0.0872
vn -0.0086 -0.9962 0.0872
vn -0.0974 -0.1096 0.9892
vn -0.0256 0.9652 0.2603
vn -0.0928 -0.3215 0.9423
vn -0.0422 0.9024 0.4288
vn -0.0841 -0.5134 0.8540
vn -0.2885 0.1096 0.9512
vn -0.0254 0.9962 0.0839
vn -0.0254 -0.9962 0.0839
vn -0.2885 -0.1096 0.9512
vn -0.0759 0.9652 0.2503
vn -0.2749 -0.3215 0.9061
vn -0.1251 0.9024 0.4124
vn -0.2491 -0.5134 0.8212
vn -0.1716 0.8065 0.5658
vn -0.2138 -0.6765 0.7047
vn -0.2138 0.6765 0.7047
vn -0.1716 -0.8065 0.5658
vn -0.2491 0.5134 0.8212
vn -0.1251 -0.9024 0.4124
vn -0.2749 0.3215 0.9061
vn -0.0759 -0.9652 0.2503
vn -0.3472 -0.6765 0.6495
vn -0.3472 0.6765 0.6495
vn -0.2787 -0.8065 0.5215
vn -0.4045 0.5134 0.7568
vn -0.2031 -0.9024 0.3800
vn -0.4464 0.3215 0.8351
vn -0.1233 -0.9652 0.2307
vn -0.4686 0.1096 0.8766
vn -0.0413 0.9962 0.0773
vn -0.0413 -0.9962 0.0773
vn -0.4686 -0.1096 0.8766
vn -0.1233 0.9652 0.2307
vn -0.4464 -0.3215 0.8351
vn -0.2031 0.9024 0.3800
vn -0.4045 -0.5134 0.7568
vn -0.2787 0.8065 0.5215
vn -0.0556 0.9962 0.0678
vn -0.0556 -0.9962 0.0678
vn -0.6306 -0.1096 0.7684
vn -0.1659 0.9652 0.2022
vn -0.6007 -0.3215 0.7320
vn -0.2734 0.9024 0.3331
vn -0.5444 -0.5134 0.6633
vn -0.3751 0.8065 0.4571
vn -0.4672 -0.6765 0.5693
vn -0.4672 0.6765 0.5693
vn -0.3751 -0.8065 0.4571
vn -0.5444 0.5134 0.6633
vn -0.2734 -0.9024 0.3331
vn -0.6007 0.3215 0.7320
vn -0.1659 -0.9652 0.2022
vn -0.6306 0.1096 0.7684
vn -0.5693 0.6765 0.4672
vn -0.4571 -0.8065 0.3751
vn -0.6633 0.5134 0.5444
vn -0.3331 -0.9024 0.2734
vn -0.7320 0.3215 0.6007
vn -0.2022 -0.9652 0.1659
vn -0.7684 0.1096 0.6306
vn -0.0678 0.9962 0.0556
vn -0.0678 -0.9962 0.0556
vn -0.7684 -0.1096 0.6306
vn -0.2022 0.9652 0.1659
vn -0.7320 -0.3215 0.6007
vn -0.3331 0.9024 0.2734
vn -0.6633 -0.5134 0.5444
vn -0.4571 0.8065 0.3751
vn -0.5693 -0.6765 0.4672
vn -0.8766 -0.1096 0.4686
vn -0.2307 0.9652 0.1233
vn -0.8351 -0.3215 0.4464
vn -0.3800 0.9024 0.2031
vn -0.7568 -0.5134 0.4045
vn -0.5215 0.8065 0.2787
vn -0.6495 -0.6765 0.3472
vn -0.6495 0.6765 0.3472
vn -0.5215 -0.8065 0.2787
vn -0.7568 0.5134 0.4045
vn -0.3800 -0.9024 0.2031
vn -0.8351 0.3215 0.4464
vn -0.2307 -0.9652 0.1233
vn -0.8766 0.1096 0.4686
vn -0.0773 0.9962 0.0413
vn -0.0773 -0.9962 0.0413
vn -0.5658 -0.8065 0.1716
vn -0.8212 0.5134 0.2491
vn -0.4124 -0.9024 0.1251
vn -0.9061 0.3215 0.2749
vn -0.2503 -0.9652 0.0759
vn -0.9512 0.1096 0.2885
vn -0.0839 0.9962 0.0254
vn -0.0839 -0.9962 0.0254
vn -0.9512 -0.1096 0.2885
vn -0.2503 0.9652 0.0759
vn -0.9061 -0.3215 0.2749
vn -0.4124 0.9024 0.1251
vn -0.8212 -0.5134 0.2491
vn -0.5658 0.8065 0.1716
vn -0.7047 -0.6765 0.2138
vn -0.7047 0.6765 0.2138
vn -0.9423 -0.3215 0.0928
vn -0.4288 0.9024 0.0422
vn -0.8540 -0.5134 0.0841
vn -0.5884 0.8065 0.0580
vn -0.7329 -0.6765 0.0722
vn -0.7329 0.6765 0.0722
vn -0.5884 -0.8065 0.0580
vn -0.8540 0.5134 0.0841
vn -0.4288 -0.9024 0.0422
vn -0.9423 0.3215 0.0928
vn -0.2603 -0.9652 0.0256
vn -0.9892 0.1096 0.0974
vn -0.0872 0.9962 0.0086
vn -0.0872 -0.9962 0.0086
vn -0.9892 -0.1096 0.0974
vn -0.2603 0.9652 0.0256
vn -0.4288 -0.9024 -0.0422
vn -0.9423 0.3215 -0.0928
vn -0.2603 -0.9652 -0.0256
vn -0.9892 0.1096 -0.0974
vn -0.0872 0.9962 -0.0086
vn -0.0872 -0.9962 -0.0086
vn -0.9892 -0.1096 -0.0974
vn -0.2603 0.9652 -0.0256
vn -0.9423 -0.3215 -0.0928
vn -0.4288 0.9024 -0.0422
vn -0.8540 -0.5134 -0.0841
vn -0.5884 0.8065 -0.0580
vn -0.7329 -0.6765 -0.0722
vn -0.7329 0.6765 -0.0722
vn -0.5884 -0.8065 -0.0580
vn -0.8540 0.5134 -0.0841
vn -0.4124 0.9024 -0.1251
vn -0.8212 -0.5134 -0.2491
vn -0.5658 0.8065 -0.1716
vn -0.7047 -0.6765 -0.2138
vn -0.7047 0.6765 -0.2138
vn -0.5658 -0.8065 -0.1716
vn -0.8212 0.5134 -0.2491
vn -0.4124 -0.9024 -0.1251
vn -0.9061 0.3215 -0.2749
vn -0.2503 -0.9652 -0.0759
vn -0.9512 0.1096 -0.2885
vn -0.0839 0.9962 -0.0254
vn -0.0839 -0.9962 -0.0254
vn -0.9512 -0.1096 -0.2885
vn -0.2503 0.9652 -0.0759
vn -0.9061 -0.3215 -0.2749
vn -0.8351 0.3215 -0.4464
vn -0.2307 -0.9652 -0.1233
vn -0.8766 0.1096 -0.4686
vn -0.0773 0.9962 -0.0413
vn -0.0773 -0.9962 -0.0413
vn -0.8766 -0.1096 -0.4686
vn -0.2307 0.9652 -0.1233
vn -0.8351 -0.3215 -0.4464
vn -0.3800 0.9024 -0.2031
vn -0.7568 -0.5134 -0.4045
vn -0.5215 0.8065 -0.2787
vn -0.6495 -0.6765 -0.3472
vn -0.6495 0.6765 -0.3472
vn -0.5215 -0.8065 -0.2787
vn -0.7568 0.5134 -0.4045
vn -0.3800 -0.9024 -0.2031
vn -0.6633 -0.5134 -0.5444
vn -0.4571 0.8065 -0.3751
vn -0.5693 -0.6765 -0.4672
vn -0.5693 0.6765 -0.4672
vn -0.4571 -0.8065 -0.3751
vn -0.6633 0.5134 -0.5444
vn -0.3331 -0.9024 -0.2734
vn -0.7320 0.3215 -0.6007
vn -0.2022 -0.9652 -0.1659
vn -0.7684 0.1096 -0.6306
vn -0.0678 0.9962 -0.0556
vn -0.0678 -0.9962 -0.0556
vn -0.7684 -0.1096 -0.6306
vn -0.2022 0.9652 -0.1659
vn -0.7320 -0.3215 -0.6007
vn -0.3331 0.9024 -0.2734
vn -0.1659 -0.9652 -0.2022
vn -0.6306 0.1096 -0.7684
vn -0.0556 0.9962 -0.0678
vn -0.0556 -0.9962 -0.0678
vn -0.6306 -0.1096 -0.7684
vn -0.1659 0.9652 -0.2022
vn -0.6007 -0.3215 -0.7320
vn -0.2734 0.9024 -0.3331
vn -0.5444 -0.5134 -0.6633
vn -0.3751 0.8065 -0.4571
vn -0.4672 -0.6765 -0.5693
vn -0.4672 0.6765 -0.5693
vn -0.3751 -0.8065 -0.4571
vn -0.5444 0.5134 -0.6633
vn -0.2734 -0.9024 -0.3331
vn -0.6007 0.3215 -0.7320
vn -0.2787 0.8065 -0.5215
vn -0.3472 -0.6765 -0.6495
vn -0.3472 0.6765 -0.6495
vn -0.2787 -0.8065 -0.5215
vn -0.4045 0.5134 -0.7568
vn -0.2031 -0.9024 -0.3800
vn -0.4464 0.3215 -0.8351
vn -0.1233 -0.9652 -0.2307
vn -0.4686 0.1096 -0.8766
vn -0.0413 0.9962 -0.0773
vn -0.0413 -0.9962 -0.0773
vn -0.4686 -0.1096 -0.8766
vn -0.1233 0.9652 -0.2307
vn -0.4464 -0.3215 -0.8351
vn -0.2031 0.9024 -0.3800
vn -0.4045 -0.5134 -0.7568
vn -0.2885 0.1096 -0.9512
vn -0.0254 0.9962 -0.0839
vn -0.0254 -0.9962 -0.0839
vn -0.2885 -0.1096 -0.9512
vn -0.0759 0.9652 -0.2503
vn -0.2749 -0.3215 -0.9061
vn -0.1251 0.9024 -0.4124
vn -0.2491 -0.5134 -0.8212
vn -0.1716 0.8065 -0.5658
vn -0.2138 -0.6765 -0.7047
vn -0.2138 0.6765 -0.7047
vn -0.1716 -0.8065 -0.5658
vn -0.2491 0.5134 -0.8212
vn -0.1251 -0.9024 -0.4124
vn -0.2749 0.3215 -0.9061
vn -0.0759 -0.9652 -0.2503
vn -0.0722 -0.6765 -0.7329
vn -0.0722 0.6765 -0.7329
vn -0.0580 -0.8065 -0.5884
vn -0.0841 0.5134 -0.8540
vn -0.0422 -0.9024 -0.4288
vn -0.0928 0.3215 -0.9423
vn -0.0256 -0.9652 -0.2603
vn -0.0974 0.1096 -0.9892
vn -0.0086 0.9962 -0.0872
vn -0.0086 -0.9962 -0.0872
vn -0.0974 -0.1096 -0.9892
vn -0.0256 0.9652 -0.2603
vn -0.0928 -0.3215 -0.9423
vn -0.0422 0.9024 -0.4288
vn -0.0841 -0.5134 -0.8540
vn -0.0580 0.8065 -0.5884
vt 0.021424 0.064292
vt 0.018900 0.061310
vt 0.022013 0.062206
vt 0.042616 0.063719
vt 0.039225 0.062397
vt 0.041915 0.061677
vt 0.024749 0.062784
vt 0.024342 0.065009
vt 0.044952 0.060629
vt 0.045700 0.062434
vt 0.027018 0.065460
vt 0.027291 0.063118
vt 0.048571 0.059043
vt 0.049331 0.060518
vt 0.029579 0.065681
vt 0.029679 0.063278
vt 0.053417 0.056418
vt 0.054000 0.057477
vt 0.032010 0.063293
vt 0.032083 0.065687
vt 0.009583 0.058604
vt 0.004171 0.055371
vt 0.010108 0.057491
vt 0.059111 0.053974
vt 0.034339 0.063160
vt 0.034573 0.065536
vt 0.014484 0.061421
vt 0.015182 0.059894
vt 0.036712 0.062867
vt 0.037111 0.065179
vt 0.018236 0.063163
vt 0.039749 0.064586
vt 0.019448 0.059514
vt 0.036402 0.060694
vt 0.038785 0.060304
vt 0.022459 0.060217
vt 0.041367 0.059724
vt 0.025077 0.060663
vt 0.044320 0.058874
vt 0.027482 0.060925
vt 0.047896 0.057573
vt 0.029747 0.061035
vt 0.052920 0.055318
vt 0.031945 0.061044
vt 0.004770 0.054254
vt 0.010635 0.056393
vt 0.058782 0.053336
vt 0.034147 0.060931
vt 0.015785 0.058381
vt 0.027626 0.058838
vt 0.029792 0.058916
vt 0.047346 0.056101
vt 0.052412 0.054235
vt 0.031891 0.058902
vt 0.005159 0.053574
vt 0.011078 0.055277
vt 0.058192 0.052182
vt 0.033990 0.058810
vt 0.016271 0.056874
vt 0.036147 0.058619
vt 0.019877 0.057762
vt 0.038439 0.058305
vt 0.022814 0.058298
vt 0.040915 0.057833
vt 0.025318 0.058644
vt 0.043809 0.057154
vt 0.035939 0.056622
vt 0.038150 0.056370
vt 0.023063 0.056441
vt 0.040574 0.055996
vt 0.025508 0.056693
vt 0.043407 0.055469
vt 0.027731 0.056832
vt 0.046897 0.054633
vt 0.029817 0.056880
vt 0.051985 0.053139
vt 0.031839 0.056855
vt 0.005499 0.052866
vt 0.011440 0.054148
vt 0.057788 0.051509
vt 0.033859 0.056777
vt 0.016656 0.055376
vt 0.020199 0.056052
vt 0.051736 0.051997
vt 0.029825 0.054910
vt 0.031788 0.054878
vt 0.005558 0.052638
vt 0.011621 0.052977
vt 0.057683 0.051299
vt 0.033750 0.054810
vt 0.016909 0.053882
vt 0.035772 0.054686
vt 0.020448 0.054364
vt 0.037925 0.054489
vt 0.023244 0.054630
vt 0.040304 0.054199
vt 0.025637 0.054801
vt 0.043079 0.053801
vt 0.027799 0.054889
vt 0.046581 0.053160
vt 0.023361 0.052853
vt 0.040101 0.052431
vt 0.025714 0.052951
vt 0.042853 0.052153
vt 0.027833 0.052993
vt 0.046314 0.051700
vt 0.029817 0.052989
vt 0.051455 0.050871
vt 0.031739 0.052950
vt 0.005811 0.051284
vt 0.011839 0.051817
vt 0.057339 0.050003
vt 0.033660 0.052891
vt 0.017120 0.052401
vt 0.035642 0.052794
vt 0.020598 0.052705
vt 0.037756 0.052646
vt 0.029794 0.051101
vt 0.031690 0.051054
vt 0.006020 0.050492
vt 0.011985 0.050662
vt 0.057266 0.049775
vt 0.051353 0.049722
vt 0.033586 0.051004
vt 0.017198 0.050929
vt 0.035544 0.050932
vt 0.020690 0.051059
vt 0.037635 0.050828
vt 0.023417 0.051101
vt 0.039959 0.050684
vt 0.025744 0.051130
vt 0.042684 0.050513
vt 0.027836 0.051128
vt 0.046172 0.050235
vt 0.039877 0.048944
vt 0.023414 0.049362
vt 0.025729 0.049325
vt 0.042603 0.048879
vt 0.027809 0.049281
vt 0.046060 0.048773
vt 0.029756 0.049231
vt 0.051320 0.048564
vt 0.031642 0.049177
vt 0.006153 0.049692
vt 0.012063 0.049511
vt 0.057246 0.048976
vt 0.033528 0.049133
vt 0.017247 0.049468
vt 0.035476 0.049084
vt 0.020695 0.049427
vt 0.037559 0.049022
vt 0.057301 0.048164
vt 0.051357 0.047395
vt 0.033484 0.047265
vt 0.011961 0.048360
vt 0.017175 0.048012
vt 0.035437 0.047238
vt 0.020648 0.047796
vt 0.037526 0.047217
vt 0.023355 0.047629
vt 0.039850 0.047205
vt 0.025670 0.047524
vt 0.042573 0.047241
vt 0.027753 0.047438
vt 0.046078 0.047302
vt 0.029703 0.047364
vt 0.031593 0.047302
vt 0.006140 0.049452
vt 0.039881 0.045454
vt 0.042627 0.045592
vt 0.027666 0.045586
vt 0.046123 0.045827
vt 0.029634 0.045486
vt 0.051460 0.046222
vt 0.031543 0.045415
vt 0.006039 0.048074
vt 0.011904 0.047204
vt 0.057391 0.047339
vt 0.033454 0.045385
vt 0.017061 0.046557
vt 0.035427 0.045380
vt 0.020515 0.046163
vt 0.037536 0.045400
vt 0.023235 0.045890
vt 0.025567 0.045716
vt 0.016865 0.045102
vt 0.035447 0.043496
vt 0.020310 0.044525
vt 0.037591 0.043560
vt 0.023054 0.044137
vt 0.039973 0.043685
vt 0.025415 0.043888
vt 0.042751 0.043932
vt 0.027546 0.043710
vt 0.046256 0.044344
vt 0.029548 0.043582
vt 0.051521 0.045044
vt 0.031492 0.043501
vt 0.006023 0.047284
vt 0.011777 0.046064
vt 0.057502 0.045940
vt 0.033438 0.043477
vt 0.027391 0.041796
vt 0.042953 0.042258
vt 0.046470 0.042855
vt 0.029443 0.041637
vt 0.051656 0.043884
vt 0.031438 0.041543
vt 0.005952 0.046530
vt 0.011575 0.044942
vt 0.057505 0.045153
vt 0.033437 0.041526
vt 0.016582 0.043647
vt 0.035498 0.041572
vt 0.020024 0.042878
vt 0.037695 0.041684
vt 0.022805 0.042362
vt 0.040128 0.041888
vt 0.025211 0.042028
vt 0.035586 0.039590
vt 0.016167 0.042202
vt 0.019663 0.041212
vt 0.037854 0.039758
vt 0.022480 0.040553
vt 0.040354 0.040052
vt 0.024947 0.040122
vt 0.043227 0.040559
vt 0.027193 0.039827
vt 0.046814 0.041366
vt 0.029315 0.039632
vt 0.051970 0.042761
vt 0.031381 0.039523
vt 0.005881 0.046318
vt 0.011200 0.043863
vt 0.057543 0.044928
vt 0.033452 0.039514
vt 0.043613 0.038820
vt 0.047220 0.039866
vt 0.026947 0.037785
vt 0.029161 0.037546
vt 0.052268 0.041628
vt 0.031321 0.037420
vt 0.005448 0.045157
vt 0.010839 0.042771
vt 0.057902 0.043711
vt 0.033487 0.037420
vt 0.015686 0.040748
vt 0.035716 0.037531
vt 0.019185 0.039515
vt 0.038076 0.037763
vt 0.022067 0.038695
vt 0.040665 0.038160
vt 0.024613 0.038152
vt 0.018594 0.037789
vt 0.035895 0.035372
vt 0.038373 0.035683
vt 0.021551 0.036780
vt 0.041071 0.036205
vt 0.024197 0.036104
vt 0.044109 0.037046
vt 0.026642 0.035648
vt 0.047740 0.038362
vt 0.028974 0.035356
vt 0.052652 0.040526
vt 0.031256 0.035208
vt 0.005223 0.044513
vt 0.010394 0.041714
vt 0.058079 0.043039
vt 0.033544 0.035219
vt 0.015088 0.039297
vt 0.026266 0.033391
vt 0.028748 0.033031
vt 0.053209 0.039499
vt 0.031184 0.032857
vt 0.005111 0.044342
vt 0.009783 0.040738
vt 0.058172 0.042854
vt 0.033630 0.032881
vt 0.014368 0.037852
vt 0.036135 0.033088
vt 0.017868 0.036032
vt 0.038762 0.033496
vt 0.020913 0.034796
vt 0.041594 0.034170
vt 0.023680 0.033955
vt 0.044737 0.035230
vt 0.048382 0.036854
vt 0.036453 0.030645
vt 0.039265 0.031175
vt 0.020125 0.032729
vt 0.042259 0.032042
vt 0.023039 0.031683
vt 0.045506 0.033373
vt 0.025799 0.030980
vt 0.049216 0.035362
vt 0.028471 0.030535
vt 0.053867 0.038507
vt 0.031106 0.030327
vt 0.004658 0.043877
vt 0.009076 0.039803
vt 0.058597 0.042355
vt 0.033751 0.030369
vt 0.013458 0.036434
vt 0.016998 0.034245
vt 0.054626 0.037568
vt 0.028129 0.027821
vt 0.031017 0.027569
vt 0.004194 0.043466
vt 0.008272 0.038924
vt 0.059038 0.041912
vt 0.033919 0.027634
vt 0.012422 0.035024
vt 0.036870 0.028000
vt 0.015912 0.032408
vt 0.039913 0.028689
vt 0.019147 0.030558
vt 0.043104 0.029797
vt 0.022238 0.029256
vt 0.046489 0.031450
vt 0.025216 0.028376
vt 0.050174 0.033869
vt 0.044174 0.027425
vt 0.017934 0.028277
vt 0.021231 0.026643
vt 0.047685 0.029492
vt 0.024480 0.025529
vt 0.051365 0.032421
vt 0.027701 0.024827
vt 0.055495 0.036693
vt 0.030917 0.024515
vt 0.003460 0.042885
vt 0.007411 0.038065
vt 0.059524 0.041563
vt 0.034149 0.024612
vt 0.011183 0.033655
vt 0.037420 0.025100
vt 0.014590 0.030539
vt 0.040752 0.026000
vt 0.003086 0.042625
vt 0.006444 0.037313
vt 0.060229 0.041075
vt 0.056436 0.035857
vt 0.034466 0.021220
vt 0.009700 0.032380
vt 0.038149 0.021875
vt 0.013004 0.028673
vt 0.041843 0.023062
vt 0.016420 0.025877
vt 0.045538 0.024905
vt 0.019952 0.023803
vt 0.049175 0.027493
vt 0.023539 0.022373
vt 0.052782 0.031028
vt 0.027157 0.021470
vt 0.030801 0.021078
vt 0.014508 0.023350
vt 0.018304 0.020685
vt 0.047288 0.022225
vt 0.051021 0.025480
vt 0.022314 0.018820
vt 0.054433 0.029737
vt 0.026452 0.017636
vt 0.057514 0.035190
vt 0.030663 0.017132
vt 0.002937 0.042586
vt 0.005353 0.036732
vt 0.060379 0.041020
vt 0.034904 0.017339
vt 0.007994 0.031222
vt 0.039127 0.018230
vt 0.011061 0.026825
vt 0.043280 0.019817
vt 0.035516 0.012802
vt 0.006028 0.030234
vt 0.040465 0.014036
vt 0.008637 0.025023
vt 0.045199 0.016197
vt 0.012060 0.020699
vt 0.049556 0.019384
vt 0.016145 0.017234
vt 0.053313 0.023503
vt 0.020686 0.014749
vt 0.056383 0.028600
vt 0.025518 0.013165
vt 0.058689 0.034622
vt 0.030497 0.012507
vt 0.002346 0.042520
vt 0.004172 0.036258
vt 0.060994 0.040905
vt 0.052536 0.016400
vt 0.056150 0.021657
vt 0.018463 0.009977
vt 0.058640 0.027697
vt 0.024261 0.007818
vt 0.059965 0.034245
vt 0.030293 0.006966
vt 0.002110 0.042577
vt 0.002906 0.035978
vt 0.061251 0.040942
vt 0.036379 0.007367
vt 0.003755 0.029514
vt 0.042340 0.009093
vt 0.005727 0.023419
vt 0.047806 0.012132
vt 0.008902 0.017971
vt 0.013264 0.013397
vt 0.001197 0.029157
vt 0.045094 0.003029
vt 0.002200 0.022181
vt 0.051400 0.007614
vt 0.004719 0.015231
vt 0.056537 0.013319
vt 0.009362 0.009193
vt 0.059626 0.020122
vt 0.015272 0.004160
vt 0.061222 0.027139
vt 0.022559 0.001234
vt 0.061316 0.034100
vt 0.030039 0.000245
vt 0.001996 0.042700
vt 0.001584 0.035929
vt 0.061383 0.041061
vt 0.037582 0.000660
vt 0.010753 0.091660
vt 0.020293 0.090184
vt 0.017403 0.096131
vt 0.062175 0.076584
vt 0.060293 0.068979
vt 0.062925 0.069280
vt 0.024825 0.099207
vt 0.026443 0.092140
vt 0.061083 0.062289
vt 0.062443 0.062322
vt 0.033184 0.100340
vt 0.032921 0.092668
vt 0.001199 0.064018
vt 0.001228 0.056885
vt 0.002585 0.063888
vt 0.061934 0.055366
vt 0.039342 0.091702
vt 0.041438 0.098628
vt 0.001197 0.071152
vt 0.003852 0.070664
vt 0.045327 0.089341
vt 0.048607 0.095049
vt 0.002462 0.078499
vt 0.006189 0.076915
vt 0.054889 0.090153
vt 0.050684 0.085713
vt 0.009914 0.082440
vt 0.005865 0.085443
vt 0.055095 0.080971
vt 0.059298 0.083663
vt 0.014671 0.086909
vt 0.058402 0.075273
vt 0.042968 0.084438
vt 0.006196 0.069787
vt 0.009177 0.075059
vt 0.047648 0.081769
vt 0.013021 0.079417
vt 0.051825 0.078188
vt 0.017456 0.082745
vt 0.055340 0.073639
vt 0.022328 0.085113
vt 0.057942 0.068268
vt 0.027465 0.086439
vt 0.059773 0.062016
vt 0.032723 0.086751
vt 0.001356 0.056979
vt 0.003903 0.063518
vt 0.061819 0.055473
vt 0.037944 0.086094
vt 0.055902 0.067279
vt 0.023778 0.080775
vt 0.028156 0.081712
vt 0.058554 0.061583
vt 0.032566 0.081911
vt 0.001825 0.057046
vt 0.005120 0.062991
vt 0.061373 0.055581
vt 0.036950 0.081431
vt 0.008210 0.068653
vt 0.041246 0.080220
vt 0.011581 0.073072
vt 0.045384 0.078224
vt 0.015408 0.076515
vt 0.049281 0.075469
vt 0.019501 0.079037
vt 0.052848 0.071832
vt 0.039959 0.076539
vt 0.043658 0.075016
vt 0.017255 0.073770
vt 0.047283 0.072866
vt 0.021031 0.075708
vt 0.050811 0.069944
vt 0.024836 0.077006
vt 0.054128 0.066096
vt 0.028643 0.077686
vt 0.057436 0.060947
vt 0.032437 0.077817
vt 0.002238 0.056977
vt 0.006233 0.062317
vt 0.061239 0.055561
vt 0.036212 0.077451
vt 0.009929 0.067346
vt 0.013522 0.071040
vt 0.052621 0.064792
vt 0.056405 0.060238
vt 0.028993 0.074180
vt 0.032329 0.074265
vt 0.002699 0.056807
vt 0.007236 0.061526
vt 0.060540 0.055330
vt 0.035649 0.073979
vt 0.011383 0.065933
vt 0.038975 0.073276
vt 0.015092 0.069014
vt 0.042320 0.072093
vt 0.018697 0.071188
vt 0.045700 0.070395
vt 0.022196 0.072693
vt 0.049143 0.068036
vt 0.025621 0.073677
vt 0.019829 0.068758
vt 0.044436 0.068052
vt 0.023093 0.069935
vt 0.047773 0.066137
vt 0.026213 0.070691
vt 0.051328 0.063407
vt 0.029250 0.071068
vt 0.055512 0.059370
vt 0.032235 0.071121
vt 0.002837 0.056702
vt 0.008088 0.060581
vt 0.060385 0.055251
vt 0.035209 0.070892
vt 0.012618 0.064454
vt 0.038210 0.070340
vt 0.016371 0.067017
vt 0.041266 0.069406
vt 0.029438 0.068259
vt 0.032154 0.068287
vt 0.003575 0.056029
vt 0.008886 0.059618
vt 0.059620 0.054661
vt 0.054676 0.058483
vt 0.034860 0.068102
vt 0.013641 0.062944
vt 0.037609 0.067666
vt 0.017418 0.065066
vt 0.040420 0.066911
vt 0.020714 0.066471
vt 0.043422 0.065828
vt 0.023798 0.067384
vt 0.046642 0.064268
vt 0.026659 0.067979
vt 0.050247 0.061978
vt 0.004062 0.055558
vt 0.059468 0.054528
vt 0.258134 0.177705
vt 0.279645 0.175480
vt 0.262779 0.217865
vt 0.372209 0.069826
vt 0.332678 0.096868
vt 0.318979 0.093188
vt 0.233048 0.229016
vt 0.236894 0.275010
vt 0.311343 0.106402
vt 0.299071 0.101780
vt 0.200258 0.299379
vt 0.205532 0.345295
vt 0.300921 0.112782
vt 0.290223 0.106023
vt 0.167125 0.384716
vt 0.174705 0.425189
vt 0.296070 0.119531
vt 0.285922 0.109737
vt 0.140228 0.478634
vt 0.149135 0.510505
vt 0.283260 0.115259
vt 0.292747 0.129755
vt 0.121569 0.576864
vt 0.129726 0.598920
vt 0.279858 0.125570
vt 0.288434 0.147107
vt 0.107122 0.682956
vt 0.112452 0.696325
vt 0.272842 0.144681
vt 0.468482 0.041533
vt 0.387091 0.073499
vt 0.093541 0.789276
vt 0.137532 0.626299
vt 0.118119 0.714122
vt 0.301804 0.186201
vt 0.288010 0.225177
vt 0.494262 0.054770
vt 0.408767 0.081000
vt 0.095966 0.797343
vt 0.266520 0.275036
vt 0.353533 0.103003
vt 0.238911 0.334497
vt 0.331467 0.115494
vt 0.208959 0.401608
vt 0.320155 0.126493
vt 0.180809 0.473939
vt 0.314256 0.139246
vt 0.157074 0.549003
vt 0.309391 0.158132
vt 0.211482 0.465707
vt 0.186379 0.528879
vt 0.349932 0.154847
vt 0.340878 0.178531
vt 0.164822 0.592894
vt 0.330296 0.209563
vt 0.145793 0.658861
vt 0.314904 0.248494
vt 0.125213 0.736818
vt 0.293626 0.294664
vt 0.515905 0.083842
vt 0.435003 0.098083
vt 0.100390 0.808748
vt 0.267593 0.347074
vt 0.384133 0.117043
vt 0.239283 0.404565
vt 0.361106 0.135834
vt 0.520711 0.112065
vt 0.458822 0.125116
vt 0.109863 0.823553
vt 0.136756 0.764471
vt 0.293496 0.376811
vt 0.265925 0.427751
vt 0.417782 0.148449
vt 0.239095 0.480580
vt 0.397351 0.176572
vt 0.214470 0.534250
vt 0.380805 0.207633
vt 0.192838 0.587857
vt 0.363869 0.243448
vt 0.174021 0.641338
vt 0.343781 0.283985
vt 0.156553 0.696902
vt 0.320007 0.328655
vt 0.397481 0.278687
vt 0.372067 0.322227
vt 0.203329 0.649010
vt 0.188817 0.693359
vt 0.345131 0.367600
vt 0.174934 0.739432
vt 0.317334 0.414492
vt 0.157903 0.793468
vt 0.289849 0.462304
vt 0.521034 0.119353
vt 0.481762 0.154463
vt 0.126697 0.838072
vt 0.263912 0.510299
vt 0.447533 0.195878
vt 0.240538 0.557736
vt 0.421822 0.236850
vt 0.220330 0.604030
vt 0.287234 0.544649
vt 0.265391 0.589481
vt 0.499253 0.190301
vt 0.461550 0.249606
vt 0.247679 0.631823
vt 0.429918 0.300948
vt 0.234239 0.671432
vt 0.399801 0.350547
vt 0.224478 0.708301
vt 0.369909 0.399986
vt 0.216657 0.743051
vt 0.340518 0.449256
vt 0.206916 0.777730
vt 0.312590 0.497718
vt 0.186657 0.816090
vt 0.531680 0.129329
vt 0.142561 0.846276
vt 0.259267 0.752457
vt 0.256079 0.775053
vt 0.365243 0.471458
vt 0.336025 0.524205
vt 0.246960 0.799706
vt 0.310481 0.573541
vt 0.215510 0.834775
vt 0.289826 0.618915
vt 0.543972 0.144298
vt 0.507342 0.225450
vt 0.148808 0.851123
vt 0.274857 0.659918
vt 0.464997 0.297878
vt 0.265677 0.696062
vt 0.429848 0.358610
vt 0.261276 0.726833
vt 0.396806 0.416078
vt 0.509757 0.254815
vt 0.465460 0.338403
vt 0.293084 0.713309
vt 0.291955 0.739286
vt 0.428258 0.408850
vt 0.293095 0.757887
vt 0.393607 0.474000
vt 0.293332 0.771619
vt 0.361758 0.534306
vt 0.290578 0.784791
vt 0.334400 0.589040
vt 0.280604 0.803777
vt 0.313319 0.637562
vt 0.247830 0.843182
vt 0.299602 0.679238
vt 0.552921 0.162678
vt 0.157610 0.876145
vt 0.360692 0.586686
vt 0.336232 0.641168
vt 0.301506 0.799636
vt 0.320511 0.686122
vt 0.273049 0.840784
vt 0.313394 0.720750
vt 0.555985 0.177884
vt 0.510928 0.278157
vt 0.189694 0.899625
vt 0.312437 0.744912
vt 0.466122 0.372090
vt 0.314041 0.760208
vt 0.427659 0.451779
vt 0.315335 0.769698
vt 0.392040 0.523345
vt 0.314722 0.776669
vt 0.310878 0.785138
vt 0.325668 0.760445
vt 0.326717 0.768996
vt 0.468112 0.399581
vt 0.428982 0.487154
vt 0.326992 0.773925
vt 0.392828 0.563270
vt 0.325875 0.777950
vt 0.362353 0.627655
vt 0.322068 0.783643
vt 0.340745 0.679676
vt 0.313475 0.795803
vt 0.329095 0.718687
vt 0.288977 0.835449
vt 0.325381 0.744888
vt 0.556740 0.189323
vt 0.512541 0.296276
vt 0.226154 0.904393
vt 0.320816 0.793445
vt 0.346586 0.705621
vt 0.336541 0.738309
vt 0.298706 0.831583
vt 0.333201 0.757681
vt 0.557026 0.197654
vt 0.515146 0.309729
vt 0.251288 0.896978
vt 0.332791 0.767874
vt 0.471919 0.420978
vt 0.332959 0.772968
vt 0.432692 0.514583
vt 0.332716 0.775775
vt 0.396300 0.593502
vt 0.331442 0.778309
vt 0.366514 0.657400
vt 0.328242 0.782622
vt 0.335910 0.774934
vt 0.335445 0.776731
vt 0.439104 0.533799
vt 0.402636 0.614349
vt 0.334343 0.778540
vt 0.372842 0.677096
vt 0.331773 0.782310
vt 0.352905 0.721585
vt 0.325438 0.792483
vt 0.342352 0.749293
vt 0.304795 0.829907
vt 0.337945 0.764286
vt 0.557510 0.203303
vt 0.518924 0.318820
vt 0.266814 0.888145
vt 0.336428 0.771558
vt 0.477814 0.436050
vt 0.308715 0.830160
vt 0.347491 0.754972
vt 0.341371 0.767610
vt 0.558440 0.206370
vt 0.523928 0.323697
vt 0.276684 0.882488
vt 0.338674 0.773425
vt 0.485960 0.444485
vt 0.337512 0.776004
vt 0.448482 0.544766
vt 0.336875 0.777348
vt 0.412088 0.626356
vt 0.335988 0.778952
vt 0.381459 0.688224
vt 0.333910 0.782651
vt 0.359957 0.730226
vt 0.328360 0.792755
vt 0.425197 0.630185
vt 0.338028 0.777998
vt 0.337218 0.779748
vt 0.393237 0.692206
vt 0.335437 0.783693
vt 0.369054 0.733578
vt 0.330391 0.794192
vt 0.353594 0.757361
vt 0.311498 0.832035
vt 0.345111 0.769156
vt 0.560958 0.206673
vt 0.530198 0.324443
vt 0.285871 0.883706
vt 0.340948 0.774419
vt 0.496451 0.446129
vt 0.339008 0.776703
vt 0.461119 0.547659
vt 0.351152 0.769799
vt 0.563233 0.203784
vt 0.537825 0.320901
vt 0.288414 0.890892
vt 0.313781 0.836218
vt 0.344612 0.775254
vt 0.509371 0.440774
vt 0.341337 0.777660
vt 0.477452 0.542298
vt 0.339714 0.779192
vt 0.443057 0.625839
vt 0.338648 0.781349
vt 0.410131 0.689423
vt 0.336962 0.785931
vt 0.382763 0.732414
vt 0.332176 0.797367
vt 0.363194 0.757405
vt 0.342951 0.781713
vt 0.341064 0.784530
vt 0.433620 0.679018
vt 0.338989 0.790109
vt 0.403523 0.725964
vt 0.334111 0.803022
vt 0.379185 0.754799
vt 0.316027 0.843600
vt 0.362121 0.769811
vt 0.565501 0.200383
vt 0.546720 0.312970
vt 0.290530 0.903347
vt 0.351702 0.776590
vt 0.524566 0.428303
vt 0.345969 0.779676
vt 0.497577 0.528273
vt 0.466256 0.612646
vt 0.567640 0.196957
vt 0.556732 0.300710
vt 0.295547 0.921596
vt 0.319325 0.855470
vt 0.365960 0.778972
vt 0.541841 0.408589
vt 0.355711 0.783936
vt 0.521308 0.505048
vt 0.349722 0.787038
vt 0.494966 0.589488
vt 0.345913 0.790587
vt 0.464750 0.659192
vt 0.342463 0.797624
vt 0.433749 0.711974
vt 0.336811 0.812321
vt 0.405340 0.747623
vt 0.382300 0.768480
vt 0.503607 0.627567
vt 0.356424 0.801969
vt 0.349747 0.810614
vt 0.474692 0.687005
vt 0.341928 0.827133
vt 0.444840 0.731845
vt 0.326871 0.872891
vt 0.417039 0.762401
vt 0.569664 0.193664
vt 0.567683 0.284363
vt 0.310566 0.945089
vt 0.393735 0.780862
vt 0.560967 0.381528
vt 0.376237 0.790891
vt 0.548173 0.472105
vt 0.364315 0.796682
vt 0.528773 0.555039
vt 0.441085 0.775412
vt 0.581650 0.347310
vt 0.416056 0.796137
vt 0.577529 0.429189
vt 0.395498 0.809589
vt 0.566625 0.508274
vt 0.379688 0.819655
vt 0.549002 0.581914
vt 0.367004 0.830003
vt 0.525567 0.647266
vt 0.354713 0.849392
vt 0.498136 0.701911
vt 0.344392 0.892679
vt 0.469144 0.744552
vt 0.571644 0.190523
vt 0.579418 0.264351
vt 0.342540 0.962007
vt 0.402476 0.852121
vt 0.583460 0.589831
vt 0.383049 0.871681
vt 0.561985 0.652960
vt 0.370425 0.907402
vt 0.535721 0.707815
vt 0.573654 0.187707
vt 0.591851 0.241348
vt 0.370411 0.959905
vt 0.506711 0.752893
vt 0.603620 0.306652
vt 0.477214 0.788035
vt 0.608774 0.376594
vt 0.449224 0.814444
vt 0.607206 0.448871
vt 0.424142 0.834547
vt 0.598747 0.520869
vt 0.552568 0.759504
vt 0.641536 0.315459
vt 0.519166 0.801419
vt 0.649458 0.377558
vt 0.485826 0.834937
vt 0.650486 0.444663
vt 0.454120 0.862542
vt 0.644404 0.514117
vt 0.424306 0.888496
vt 0.631029 0.583149
vt 0.396612 0.920363
vt 0.610537 0.648842
vt 0.575368 0.185603
vt 0.604782 0.216417
vt 0.375880 0.956108
vt 0.583802 0.708358
vt 0.626741 0.260961
vt 0.469324 0.894052
vt 0.700179 0.494505
vt 0.425941 0.928321
vt 0.686981 0.568717
vt 0.576253 0.184306
vt 0.617483 0.190817
vt 0.384950 0.961324
vt 0.665125 0.641837
vt 0.650476 0.212575
vt 0.634786 0.710231
vt 0.675309 0.248396
vt 0.597325 0.770464
vt 0.692543 0.296819
vt 0.555383 0.820432
vt 0.702503 0.355704
vt 0.511913 0.860475
vt 0.705167 0.422513
vt 0.708291 0.179369
vt 0.678232 0.723756
vt 0.734818 0.211404
vt 0.628642 0.794505
vt 0.753144 0.258984
vt 0.571892 0.851183
vt 0.763579 0.320256
vt 0.512620 0.894125
vt 0.766010 0.392599
vt 0.453219 0.931313
vt 0.759810 0.472914
vt 0.576324 0.183648
vt 0.628883 0.165412
vt 0.395150 0.966197
vt 0.743891 0.557730
vt 0.673148 0.163988
vt 0.716965 0.642994
vt 0.826531 0.285039
vt 0.476678 0.932408
vt 0.826374 0.369665
vt 0.575685 0.182631
vt 0.638686 0.141071
vt 0.404503 0.969388
vt 0.815922 0.464306
vt 0.692944 0.116868
vt 0.793280 0.564648
vt 0.737971 0.111799
vt 0.755911 0.665490
vt 0.773461 0.126320
vt 0.701689 0.759562
vt 0.799869 0.160755
vt 0.632035 0.837487
vt 0.817536 0.214333
vt 0.554699 0.893093
vt 0.000965 0.302160
vt 0.034856 0.326652
vt 0.000965 0.393676
vt 0.261845 0.003828
vt 0.290688 0.050991
vt 0.272845 0.057835
vt 0.031289 0.424344
vt 0.009160 0.481372
vt 0.258124 0.059494
vt 0.222579 0.004737
vt 0.037474 0.519681
vt 0.023135 0.565150
vt 0.236657 0.058813
vt 0.169784 0.014100
vt 0.050422 0.612264
vt 0.041673 0.644937
vt 0.200756 0.062866
vt 0.105456 0.048672
vt 0.068438 0.702395
vt 0.064053 0.719640
vt 0.148243 0.086535
vt 0.047907 0.117548
vt 0.385887 0.011418
vt 0.443886 0.001954
vt 0.373591 0.025070
vt 0.086985 0.784011
vt 0.092578 0.143940
vt 0.013874 0.207918
vt 0.339615 0.011940
vt 0.320178 0.039446
vt 0.053361 0.229751
vt 0.297979 0.006551
vt 0.073465 0.688141
vt 0.209344 0.091283
vt 0.444153 0.001420
vt 0.364207 0.037804
vt 0.087033 0.783330
vt 0.160709 0.120452
vt 0.309751 0.058481
vt 0.109364 0.184326
vt 0.286941 0.072440
vt 0.073412 0.276119
vt 0.276350 0.079980
vt 0.056504 0.378969
vt 0.268776 0.082672
vt 0.053666 0.483017
vt 0.259105 0.083197
vt 0.060307 0.585706
vt 0.241555 0.083806
vt 0.285274 0.083914
vt 0.277790 0.090299
vt 0.082644 0.347278
vt 0.273380 0.093102
vt 0.070808 0.456358
vt 0.268260 0.094172
vt 0.070942 0.565992
vt 0.258663 0.095258
vt 0.078948 0.677343
vt 0.239288 0.099923
vt 0.439355 0.007840
vt 0.358087 0.047821
vt 0.087309 0.782758
vt 0.204166 0.117689
vt 0.304440 0.070850
vt 0.155853 0.163976
vt 0.110966 0.244823
vt 0.253767 0.106095
vt 0.432096 0.016344
vt 0.355187 0.055085
vt 0.087750 0.782202
vt 0.084696 0.670361
vt 0.228352 0.121306
vt 0.302406 0.078833
vt 0.187838 0.159389
vt 0.285031 0.090326
vt 0.142254 0.231001
vt 0.278708 0.095513
vt 0.107114 0.329810
vt 0.275691 0.097851
vt 0.087807 0.440299
vt 0.272569 0.099093
vt 0.081905 0.553539
vt 0.266592 0.100913
vt 0.127932 0.325851
vt 0.279748 0.098363
vt 0.277102 0.100266
vt 0.103677 0.434911
vt 0.274867 0.101699
vt 0.092764 0.548566
vt 0.270585 0.104422
vt 0.090511 0.667426
vt 0.261078 0.111050
vt 0.425755 0.024082
vt 0.355123 0.060163
vt 0.088344 0.781394
vt 0.089428 0.724410
vt 0.241377 0.127340
vt 0.302780 0.083913
vt 0.207659 0.163928
vt 0.285891 0.094075
vt 0.165337 0.231030
vt 0.089560 0.780398
vt 0.090036 0.723912
vt 0.096211 0.668561
vt 0.265150 0.117034
vt 0.248640 0.136515
vt 0.305178 0.087373
vt 0.219627 0.175681
vt 0.287907 0.096603
vt 0.181283 0.242402
vt 0.281381 0.100368
vt 0.144441 0.334202
vt 0.136187 0.330027
vt 0.278497 0.102148
vt 0.117740 0.439907
vt 0.276458 0.104163
vt 0.103112 0.551059
vt 0.272973 0.108144
vt 0.426143 0.032986
vt 0.357433 0.063888
vt 0.157279 0.354052
vt 0.129871 0.454731
vt 0.280938 0.104808
vt 0.278686 0.107959
vt 0.112731 0.560682
vt 0.275465 0.114205
vt 0.101748 0.673737
vt 0.268474 0.127013
vt 0.434333 0.035507
vt 0.362796 0.066958
vt 0.090610 0.781184
vt 0.253621 0.152058
vt 0.310273 0.090264
vt 0.227492 0.196587
vt 0.291915 0.098921
vt 0.192460 0.265059
vt 0.284416 0.102531
vt 0.448412 0.037341
vt 0.091895 0.784021
vt 0.610444 0.082441
vt 0.607488 0.081143
vt 0.608559 0.076467
vt 0.605764 0.074389
vt 0.606754 0.070493
vt 0.604634 0.069713
vt 0.605515 0.066077
vt 0.705275 0.011008
vt 0.707459 0.009969
vt 0.706376 0.012567
vt 0.701639 0.026594
vt 0.702257 0.026594
vt 0.692742 0.045296
vt 0.692996 0.048413
vt 0.689994 0.051271
vt 0.690259 0.054128
vt 0.687326 0.056725
vt 0.687622 0.060102
vt 0.669618 0.071791
vt 0.670191 0.075168
vt 0.652361 0.083480
vt 0.651565 0.086598
vt 0.650583 0.082441
vt 0.611906 0.086598
vt 0.609344 0.087117
vt 0.606303 0.084779
vt 0.604669 0.078285
vt 0.603661 0.072830
vt 0.706514 0.007631
vt 0.708580 0.007891
vt 0.695490 0.046855
vt 0.693371 0.050751
vt 0.690651 0.056725
vt 0.688060 0.063219
vt 0.670910 0.078285
vt 0.653269 0.087637
vt 0.652706 0.090494
vt 0.610835 0.091273
vt 0.608127 0.091013
vt 0.605026 0.088156
vt 0.603487 0.081143
vt 0.602611 0.075428
vt 0.707795 0.005294
vt 0.712010 0.004514
vt 0.697013 0.048413
vt 0.696441 0.046075
vt 0.696002 0.048933
vt 0.693861 0.052569
vt 0.691163 0.059063
vt 0.688632 0.065557
vt 0.671763 0.080883
vt 0.654324 0.091273
vt 0.653986 0.094130
vt 0.609651 0.095429
vt 0.606814 0.094650
vt 0.603677 0.090754
vt 0.602240 0.083480
vt 0.601502 0.077506
vt 0.709097 0.003475
vt 0.714940 0.003475
vt 0.717152 0.000878
vt 0.696626 0.050751
vt 0.694458 0.054388
vt 0.691787 0.060362
vt 0.689328 0.067376
vt 0.672735 0.082961
vt 0.655508 0.094390
vt 0.066036 0.028917
vt 0.063241 0.030995
vt 0.063067 0.027878
vt 0.608373 0.098546
vt 0.605428 0.096728
vt 0.602280 0.092312
vt 0.600948 0.085299
vt 0.600353 0.079065
vt 0.710398 0.001657
vt 0.715545 0.003475
vt 0.717277 0.001917
vt 0.697350 0.051790
vt 0.695151 0.055946
vt 0.692511 0.061921
vt 0.690137 0.068674
vt 0.673810 0.084779
vt 0.656800 0.096728
vt 0.066196 0.032034
vt 0.063346 0.034631
vt 0.607024 0.100884
vt 0.603993 0.098546
vt 0.600858 0.093611
vt 0.599633 0.086338
vt 0.599185 0.079844
vt 0.711675 0.000618
vt 0.716719 0.003995
vt 0.717360 0.003475
vt 0.698162 0.052569
vt 0.695929 0.056206
vt 0.693324 0.062700
vt 0.685889 0.072830
vt 0.665146 0.092832
vt 0.658178 0.098546
vt 0.066294 0.035670
vt 0.063382 0.038787
vt 0.605627 0.102702
vt 0.602532 0.099585
vt 0.633929 0.004514
vt 0.633568 0.011268
vt 0.632111 0.011008
vt 0.632128 0.018541
vt 0.630780 0.018281
vt 0.631491 0.024516
vt 0.630293 0.024256
vt 0.685148 0.075948
vt 0.684278 0.072830
vt 0.685282 0.072571
vt 0.719162 0.006073
vt 0.717403 0.004774
vt 0.699050 0.052829
vt 0.677873 0.067376
vt 0.677265 0.073610
vt 0.666393 0.087377
vt 0.661550 0.096468
vt 0.659620 0.099585
vt 0.066327 0.038787
vt 0.063346 0.041904
vt 0.635747 0.000358
vt 0.635426 0.004774
vt 0.636898 0.006073
vt 0.635001 0.012047
vt 0.633453 0.019580
vt 0.682812 0.075688
vt 0.684000 0.076467
vt 0.717360 0.007372
vt 0.717403 0.005813
vt 0.657570 0.074908
vt 0.659962 0.078285
vt 0.661358 0.084000
vt 0.662425 0.090754
vt 0.662876 0.096468
vt 0.662591 0.099845
vt 0.661099 0.100105
vt 0.066196 0.044502
vt 0.066294 0.041385
vt 0.638637 0.001657
vt 0.637204 0.000618
vt 0.638320 0.007891
vt 0.636384 0.013866
vt 0.634732 0.021139
vt 0.632668 0.025555
vt 0.681602 0.074649
vt 0.683237 0.072311
vt 0.719115 0.007631
vt 0.717277 0.008930
vt 0.658610 0.074649
vt 0.660948 0.077506
vt 0.662389 0.083480
vt 0.663576 0.089455
vt 0.664191 0.095429
vt 0.614725 0.100105
vt 0.616629 0.102183
vt 0.615334 0.103222
vt 0.066036 0.047619
vt 0.063241 0.044502
vt 0.640020 0.003735
vt 0.639666 0.010229
vt 0.637694 0.016723
vt 0.635943 0.023736
vt 0.633805 0.026853
vt 0.680392 0.073350
vt 0.682179 0.071532
vt 0.719021 0.008930
vt 0.717152 0.009709
vt 0.659640 0.073869
vt 0.661909 0.076467
vt 0.663392 0.081922
vt 0.664697 0.088416
vt 0.665472 0.094130
vt 0.615875 0.099066
vt 0.617884 0.100105
vt 0.642241 0.005294
vt 0.641030 0.002956
vt 0.641330 0.006073
vt 0.640914 0.013866
vt 0.638909 0.019840
vt 0.637066 0.026594
vt 0.634882 0.029191
vt 0.679203 0.071012
vt 0.681121 0.070233
vt 0.671740 0.069973
vt 0.666185 0.072311
vt 0.662828 0.074649
vt 0.664352 0.080363
vt 0.665769 0.086338
vt 0.666698 0.091793
vt 0.616991 0.097248
vt 0.619080 0.097507
vt 0.643364 0.008151
vt 0.642545 0.009450
vt 0.642042 0.017762
vt 0.640007 0.023736
vt 0.638082 0.029971
vt 0.635881 0.031529
vt 0.678055 0.068155
vt 0.680080 0.068415
vt 0.671740 0.067895
vt 0.663689 0.072571
vt 0.665252 0.078285
vt 0.666774 0.084000
vt 0.667846 0.089195
vt 0.618054 0.094650
vt 0.620195 0.094650
vt 0.620837 0.096728
vt 0.643643 0.013086
vt 0.643032 0.022178
vt 0.640970 0.028152
vt 0.638973 0.034127
vt 0.636783 0.034906
vt 0.676968 0.064518
vt 0.679076 0.065557
vt 0.671727 0.065557
vt 0.664478 0.070493
vt 0.666077 0.075688
vt 0.667694 0.081662
vt 0.668898 0.086338
vt 0.619045 0.092052
vt 0.621211 0.090494
vt 0.622043 0.093091
vt 0.644606 0.017762
vt 0.643866 0.026853
vt 0.641781 0.033347
vt 0.639723 0.038283
vt 0.637575 0.038543
vt 0.657101 0.052310
vt 0.678124 0.062700
vt 0.671699 0.062180
vt 0.665182 0.067376
vt 0.666811 0.072830
vt 0.668515 0.078285
vt 0.669836 0.082441
vt 0.619948 0.088416
vt 0.622109 0.086338
vt 0.623141 0.088935
vt 0.645417 0.022178
vt 0.644529 0.032308
vt 0.642427 0.038283
vt 0.640320 0.043478
vt 0.656910 0.051790
vt 0.677242 0.059583
vt 0.671658 0.059063
vt 0.665787 0.064258
vt 0.667444 0.069713
vt 0.669221 0.074649
vt 0.670643 0.078285
vt 0.620747 0.084519
vt 0.622876 0.081662
vt 0.624113 0.084519
vt 0.646063 0.027892
vt 0.645012 0.038283
vt 0.642897 0.043997
vt 0.640755 0.048673
vt 0.659210 0.052050
vt 0.676444 0.055946
vt 0.675865 0.054907
vt 0.668636 0.060882
vt 0.667963 0.066336
vt 0.669802 0.070752
vt 0.671307 0.073869
vt 0.621428 0.080623
vt 0.623496 0.076467
vt 0.624941 0.079324
vt 0.646533 0.033347
vt 0.639629 0.050751
vt 0.643182 0.049452
vt 0.641018 0.054128
vt 0.675155 0.048154
vt 0.675744 0.052050
vt 0.677467 0.050491
vt 0.673278 0.056725
vt 0.668361 0.062700
vt 0.670246 0.066856
vt 0.671814 0.069194
vt 0.622393 0.071532
vt 0.621980 0.075948
vt 0.623961 0.070752
vt 0.625612 0.073869
vt 0.633016 0.058544
vt 0.637007 0.053608
vt 0.643277 0.055946
vt 0.641106 0.059583
vt 0.656484 0.051790
vt 0.674685 0.043478
vt 0.677046 0.046855
vt 0.673205 0.053089
vt 0.668630 0.059063
vt 0.670546 0.062700
vt 0.672157 0.064258
vt 0.622660 0.066336
vt 0.624262 0.065297
vt 0.626440 0.061921
vt 0.637031 0.053608
vt 0.643182 0.061661
vt 0.641018 0.065038
vt 0.656255 0.052310
vt 0.674344 0.039322
vt 0.676740 0.042958
vt 0.673124 0.049452
vt 0.668766 0.054907
vt 0.670698 0.058284
vt 0.672330 0.059583
vt 0.622777 0.060882
vt 0.624393 0.059843
vt 0.626582 0.055946
vt 0.634146 0.050491
vt 0.638695 0.058284
vt 0.640755 0.070493
vt 0.656020 0.051790
vt 0.674136 0.034646
vt 0.676555 0.039322
vt 0.677023 0.044777
vt 0.670782 0.050751
vt 0.670698 0.054128
vt 0.672330 0.054907
vt 0.622742 0.056206
vt 0.624353 0.054128
vt 0.626539 0.049972
vt 0.628479 0.038283
vt 0.642427 0.073350
vt 0.640320 0.075948
vt 0.655785 0.051790
vt 0.674066 0.030490
vt 0.676492 0.035166
vt 0.678958 0.040621
vt 0.674716 0.046075
vt 0.670546 0.049972
vt 0.672157 0.049972
vt 0.622554 0.051530
vt 0.624143 0.048673
vt 0.626311 0.043997
vt 0.628059 0.032308
vt 0.630065 0.033347
vt 0.641781 0.078285
vt 0.638242 0.079844
vt 0.638773 0.075428
vt 0.672330 0.027892
vt 0.674135 0.026334
vt 0.676554 0.031529
vt 0.679017 0.036984
vt 0.674613 0.042439
vt 0.670246 0.045816
vt 0.622218 0.046595
vt 0.623765 0.043478
vt 0.625903 0.038023
vt 0.627461 0.026853
vt 0.629656 0.027892
vt 0.640970 0.083480
vt 0.639723 0.080623
vt 0.637575 0.084000
vt 0.672409 0.023217
vt 0.674342 0.022697
vt 0.676739 0.028152
vt 0.679194 0.033867
vt 0.674506 0.039582
vt 0.669802 0.042179
vt 0.671814 0.045296
vt 0.621740 0.042179
vt 0.623226 0.038283
vt 0.625320 0.032828
vt 0.626694 0.022178
vt 0.629074 0.022178
vt 0.640007 0.088156
vt 0.638973 0.085299
vt 0.636783 0.087637
vt 0.672645 0.018541
vt 0.674682 0.019061
vt 0.677044 0.024775
vt 0.679486 0.030490
vt 0.674399 0.035945
vt 0.669221 0.038283
vt 0.671307 0.040621
vt 0.621126 0.038283
vt 0.622536 0.033867
vt 0.624574 0.027892
vt 0.625772 0.017502
vt 0.628328 0.017762
vt 0.638909 0.092052
vt 0.638082 0.089455
vt 0.635881 0.090754
vt 0.673034 0.014645
vt 0.675151 0.015944
vt 0.677463 0.022178
vt 0.679887 0.027892
vt 0.674293 0.033088
vt 0.668515 0.035166
vt 0.670643 0.036724
vt 0.620389 0.034646
vt 0.621707 0.029711
vt 0.623677 0.023217
vt 0.624711 0.013606
vt 0.627431 0.013086
vt 0.637694 0.095170
vt 0.637066 0.093091
vt 0.634882 0.093611
vt 0.673570 0.011008
vt 0.675740 0.012567
vt 0.677991 0.019580
vt 0.680392 0.025555
vt 0.674189 0.030490
vt 0.667694 0.032308
vt 0.669836 0.033088
vt 0.619540 0.031529
vt 0.620752 0.026334
vt 0.622644 0.019580
vt 0.623528 0.009969
vt 0.626398 0.009190
vt 0.625247 0.005813
vt 0.627253 0.008151
vt 0.635943 0.096209
vt 0.633805 0.095949
vt 0.674243 0.007631
vt 0.676439 0.010229
vt 0.678616 0.017242
vt 0.680991 0.023217
vt 0.692101 0.021399
vt 0.666774 0.029971
vt 0.668898 0.029711
vt 0.618594 0.028672
vt 0.619687 0.023217
vt 0.621493 0.016203
vt 0.622245 0.007631
vt 0.063074 0.022393
vt 0.066327 0.024471
vt 0.063400 0.025510
vt 0.634732 0.098546
vt 0.632668 0.097507
vt 0.675042 0.005294
vt 0.677236 0.008411
vt 0.679330 0.015684
vt 0.681675 0.021918
vt 0.701429 0.016723
vt 0.721013 0.007631
vt 0.721088 0.009190
vt 0.665769 0.027892
vt 0.667846 0.027373
vt 0.617567 0.026594
vt 0.618532 0.020879
vt 0.620244 0.013866
vt 0.620882 0.005294
vt 0.623998 0.003475
vt 0.062853 0.019276
vt 0.066025 0.021354
vt 0.633453 0.100624
vt 0.631491 0.098546
vt 0.675953 0.002956
vt 0.678118 0.007631
vt 0.680120 0.014385
vt 0.682430 0.020879
vt 0.701803 0.015424
vt 0.720966 0.006073
vt 0.664697 0.026594
vt 0.666698 0.025035
vt 0.616477 0.025035
vt 0.617306 0.019061
vt 0.618918 0.011788
vt 0.619464 0.004514
vt 0.622672 0.001657
vt 0.062742 0.015120
vt 0.065821 0.018237
vt 0.632128 0.101404
vt 0.630293 0.098806
vt 0.676960 0.001657
vt 0.679069 0.006333
vt 0.680971 0.013606
vt 0.697035 0.037503
vt 0.706851 0.018541
vt 0.720951 0.004514
vt 0.663576 0.025814
vt 0.665472 0.023736
vt 0.615343 0.024256
vt 0.616029 0.018022
vt 0.617538 0.011268
vt 0.618014 0.004255
vt 0.621292 0.000618
vt 0.062742 0.012003
vt 0.065718 0.015120
vt 0.599633 0.000618
vt 0.600353 0.003735
vt 0.599185 0.003735
vt 0.705135 0.074389
vt 0.705233 0.068415
vt 0.706253 0.068415
vt 0.707422 0.061401
vt 0.708335 0.061401
vt 0.709951 0.054907
vt 0.712140 0.051011
vt 0.720966 0.003216
vt 0.662425 0.025555
vt 0.664191 0.022438
vt 0.662876 0.022178
vt 0.664070 0.016463
vt 0.614725 0.018022
vt 0.616127 0.010749
vt 0.660293 0.003735
vt 0.657283 0.000878
vt 0.658897 0.000358
vt 0.065821 0.008886
vt 0.065718 0.012003
vt 0.602240 0.000878
vt 0.600948 0.000358
vt 0.702891 0.073350
vt 0.703970 0.074389
vt 0.704289 0.067376
vt 0.706577 0.060362
vt 0.709141 0.054128
vt 0.719217 0.001917
vt 0.719176 0.003216
vt 0.667703 0.018541
vt 0.661099 0.016203
vt 0.662591 0.015944
vt 0.660032 0.009709
vt 0.661645 0.009450
vt 0.658636 0.004255
vt 0.655684 0.001657
vt 0.062853 0.008366
vt 0.066025 0.005769
vt 0.603487 0.001917
vt 0.601502 0.004255
vt 0.701917 0.071532
vt 0.703437 0.066077
vt 0.705814 0.059063
vt 0.708411 0.052569
vt 0.711295 0.050232
vt 0.719285 0.000618
vt 0.703622 0.006333
vt 0.678720 0.012047
vt 0.659620 0.017502
vt 0.658433 0.011268
vt 0.656992 0.005294
vt 0.654125 0.003735
vt 0.063074 0.005249
vt 0.066327 0.002652
vt 0.604669 0.003995
vt 0.602611 0.005553
vt 0.701064 0.069713
vt 0.702691 0.063739
vt 0.705146 0.057765
vt 0.707771 0.051271
vt 0.710532 0.048933
vt 0.709864 0.047114
vt 0.711609 0.048413
vt 0.703479 0.003735
vt 0.677431 0.013866
vt 0.658178 0.019320
vt 0.656874 0.012567
vt 0.655391 0.007112
vt 0.652635 0.006333
vt 0.606303 0.004774
vt 0.605764 0.006592
vt 0.603661 0.007112
vt 0.700348 0.066336
vt 0.702064 0.061661
vt 0.704584 0.055427
vt 0.707234 0.048933
vt 0.707279 0.038802
vt 0.710863 0.046075
vt 0.696475 0.005813
vt 0.676165 0.015944
vt 0.656800 0.021399
vt 0.655384 0.015424
vt 0.653859 0.009709
vt 0.651238 0.009450
vt 0.607488 0.007631
vt 0.606754 0.009969
vt 0.604634 0.009450
vt 0.699780 0.063479
vt 0.701567 0.059063
vt 0.704139 0.052569
vt 0.706808 0.046595
vt 0.702502 0.026074
vt 0.697815 0.013866
vt 0.674943 0.019061
vt 0.655508 0.024775
vt 0.653986 0.018541
vt 0.652423 0.013086
vt 0.649958 0.013606
vt 0.608559 0.011268
vt 0.607623 0.013866
vt 0.605515 0.012567
vt 0.699370 0.059843
vt 0.701208 0.055946
vt 0.703818 0.049972
vt 0.706501 0.043997
vt 0.701847 0.026074
vt 0.694197 0.010229
vt 0.673785 0.021918
vt 0.654324 0.028152
vt 0.652706 0.022697
vt 0.651108 0.017242
vt 0.629553 0.019061
vt 0.609498 0.015424
vt 0.608355 0.018541
vt 0.606287 0.015944
vt 0.699125 0.055427
vt 0.700994 0.052310
vt 0.703627 0.046595
vt 0.706317 0.041140
vt 0.701278 0.026074
vt 0.693092 0.013606
vt 0.672712 0.025814
vt 0.653269 0.032308
vt 0.651566 0.026853
vt 0.649936 0.021918
vt 0.629377 0.023996
vt 0.608938 0.022957
vt 0.606937 0.019840
vt 0.699050 0.051271
vt 0.700928 0.048413
vt 0.703567 0.043218
vt 0.706260 0.037763
vt 0.700805 0.026074
vt 0.692035 0.016203
vt 0.671743 0.029711
vt 0.652361 0.036984
vt 0.650583 0.032049
vt 0.648927 0.026853
vt 0.623261 0.029711
vt 0.609361 0.028152
vt 0.607455 0.023996
vt 0.699145 0.046595
vt 0.701011 0.044257
vt 0.703642 0.039582
vt 0.706332 0.034127
vt 0.700436 0.025555
vt 0.691045 0.019840
vt 0.673431 0.032568
vt 0.651615 0.041660
vt 0.649777 0.037503
vt 0.636512 0.033347
vt 0.611655 0.036464
vt 0.609618 0.033867
vt 0.608060 0.033088
vt 0.607832 0.028412
vt 0.699409 0.042179
vt 0.701243 0.039841
vt 0.703849 0.035945
vt 0.704518 0.028672
vt 0.694584 0.025555
vt 0.690137 0.023996
vt 0.689328 0.028152
vt 0.651044 0.047114
vt 0.649159 0.042958
vt 0.630545 0.039582
vt 0.611748 0.042439
vt 0.609704 0.039322
vt 0.608137 0.038283
vt 0.699838 0.036984
vt 0.701618 0.035945
vt 0.704185 0.032049
vt 0.700356 0.025814
vt 0.691163 0.029191
vt 0.688632 0.032308
vt 0.670177 0.038802
vt 0.650658 0.052310
vt 0.648742 0.048673
vt 0.630378 0.045816
vt 0.611655 0.048413
vt 0.609618 0.044777
vt 0.608060 0.043218
vt 0.700423 0.032049
vt 0.702130 0.031529
vt 0.704644 0.028152
vt 0.700331 0.025814
vt 0.690651 0.033347
vt 0.688060 0.036984
vt 0.669607 0.043997
vt 0.650463 0.058024
vt 0.648531 0.054388
vt 0.630222 0.052310
vt 0.611377 0.054388
vt 0.609361 0.050232
vt 0.607832 0.048154
vt 0.701156 0.027633
vt 0.702771 0.027373
vt 0.703531 0.025035
vt 0.695470 0.029971
vt 0.690259 0.036984
vt 0.687622 0.041140
vt 0.669194 0.048413
vt 0.650463 0.063479
vt 0.637262 0.061921
vt 0.624500 0.058544
vt 0.610919 0.060362
vt 0.608938 0.055946
vt 0.607455 0.053089
vt 0.702024 0.022957
vt 0.703530 0.023477
vt 0.700365 0.025814
vt 0.692742 0.035685
vt 0.689994 0.041140
vt 0.687326 0.045296
vt 0.668943 0.053349
vt 0.650658 0.068674
vt 0.631504 0.068674
vt 0.612870 0.066336
vt 0.610289 0.066336
vt 0.608355 0.060882
vt 0.606937 0.057765
vt 0.704394 0.019580
vt 0.700685 0.026074
vt 0.692614 0.039322
vt 0.689860 0.044777
vt 0.687177 0.049452
vt 0.672179 0.056206
vt 0.668947 0.062700
vt 0.631398 0.074389
vt 0.612223 0.072051
vt 0.609498 0.071532
vt 0.607623 0.066077
vt 0.606287 0.062180
vt 0.703011 0.018541
vt 0.705348 0.015944
vt 0.701112 0.026334
vt 0.692614 0.042439
vt 0.689860 0.048154
vt 0.687177 0.053089
vt 0.669201 0.067376
vt 0.651044 0.074389
vt 0.631311 0.080104
vt 0.611410 0.077506
vt 0.704101 0.014645
vt 0.651615 0.078805
vt 0.883277 0.073895
vt 0.861675 0.060863
vt 0.844661 0.043988
vt 0.851449 0.070077
vt 0.865580 0.064899
vt 0.880029 0.130850
vt 0.948532 0.074877
vt 0.973317 0.016708
vt 0.951270 0.084287
vt 0.948337 0.074939
vt 0.951179 0.084321
vt 0.928700 0.155779
vt 0.900608 0.089495
vt 0.913814 0.166116
vt 0.907194 0.143817
vt 0.860088 0.132762
vt 0.826099 0.041237
vt 0.829371 0.042897
vt 0.826199 0.054308
vt 0.957476 0.115058
vt 0.978500 0.040297
vt 0.977910 0.108050
vt 0.919516 0.236038
vt 0.934017 0.179211
vt 0.928157 0.261976
vt 0.906785 0.202628
vt 0.917337 0.228117
vt 0.912480 0.265611
vt 0.834642 0.070714
vt 0.818869 0.067466
vt 0.950389 0.193752
vt 0.920727 0.279266
vt 0.892165 0.210392
vt 0.828373 0.096440
vt 0.845880 0.147665
vt 0.842705 0.169807
vt 0.818869 0.130512
vt 0.826878 0.104475
vt 0.824238 0.187662
vt 0.946786 0.261253
vt 0.971797 0.194031
vt 0.962273 0.265507
vt 0.920576 0.295918
vt 0.924685 0.293570
vt 0.941974 0.290990
vt 0.872713 0.205734
vt 0.897416 0.268476
vt 0.870181 0.235026
vt 0.897388 0.287932
vt 0.869170 0.243166
vt 0.959362 0.270604
vt 0.982220 0.254075
vt 0.990214 0.179783
vt 0.978289 0.237061
vt 0.994074 0.115388
vt 0.828745 0.165584
vt 0.822467 0.240640
vt 0.869197 0.234853
vt 0.867262 0.243839
vt 1.000000 0.040468
vt 0.995003 0.000054
vt 0.898311 0.142735
vt 0.882736 0.090204
vt 0.928788 0.529901
vt 0.950391 0.542932
vt 0.967405 0.559807
vt 0.960617 0.533719
vt 0.946486 0.538897
vt 0.932037 0.472946
vt 0.863534 0.528919
vt 0.838749 0.587088
vt 0.860796 0.519508
vt 0.863729 0.528857
vt 0.860887 0.519474
vt 0.883366 0.448016
vt 0.911458 0.514300
vt 0.898251 0.437680
vt 0.904872 0.459979
vt 0.951978 0.471034
vt 0.985967 0.562558
vt 0.982695 0.560899
vt 0.985867 0.549488
vt 0.854590 0.488737
vt 0.833565 0.563499
vt 0.834156 0.495746
vt 0.892550 0.367758
vt 0.878048 0.424584
vt 0.883909 0.341819
vt 0.905280 0.401168
vt 0.894728 0.375678
vt 0.899586 0.338184
vt 0.977424 0.533082
vt 0.993197 0.536330
vt 0.861676 0.410044
vt 0.891338 0.324529
vt 0.919901 0.393404
vt 0.983693 0.507356
vt 0.966186 0.456130
vt 0.969361 0.433989
vt 0.993197 0.473283
vt 0.985188 0.499321
vt 0.987828 0.416133
vt 0.865280 0.342543
vt 0.840268 0.409765
vt 0.849793 0.338289
vt 0.891489 0.307877
vt 0.887381 0.310225
vt 0.870092 0.312806
vt 0.939352 0.398062
vt 0.914650 0.335320
vt 0.941885 0.368769
vt 0.914678 0.315863
vt 0.942896 0.360629
vt 0.852704 0.333191
vt 0.829846 0.349720
vt 0.821852 0.424012
vt 0.833777 0.366734
vt 0.817992 0.488407
vt 0.983321 0.438212
vt 0.989599 0.363155
vt 0.942869 0.368942
vt 0.944804 0.359956
vt 0.812066 0.563328
vt 0.817063 0.603741
vt 0.913755 0.461061
vt 0.929330 0.513592
vt 0.855659 0.847928
vt 0.877261 0.860959
vt 0.894276 0.877834
vt 0.887488 0.851746
vt 0.873356 0.856924
vt 0.858907 0.790973
vt 0.790405 0.846946
vt 0.765620 0.905115
vt 0.787666 0.837536
vt 0.790600 0.846884
vt 0.787757 0.837501
vt 0.810237 0.766043
vt 0.838329 0.832327
vt 0.825122 0.755707
vt 0.831743 0.778005
vt 0.878848 0.789061
vt 0.912838 0.880585
vt 0.909565 0.878926
vt 0.912738 0.867515
vt 0.781461 0.806764
vt 0.760436 0.881526
vt 0.761027 0.813773
vt 0.819421 0.685785
vt 0.804919 0.742611
vt 0.810779 0.659846
vt 0.832151 0.719195
vt 0.821599 0.693705
vt 0.826456 0.656211
vt 0.904295 0.851109
vt 0.920068 0.854357
vt 0.788547 0.728071
vt 0.818209 0.642556
vt 0.846771 0.711431
vt 0.910563 0.825383
vt 0.893056 0.774157
vt 0.896231 0.752016
vt 0.920068 0.791310
vt 0.912058 0.817348
vt 0.914699 0.734160
vt 0.792151 0.660570
vt 0.767139 0.727792
vt 0.776664 0.656316
vt 0.818360 0.625904
vt 0.814252 0.628252
vt 0.796962 0.630833
vt 0.866223 0.716089
vt 0.841520 0.653347
vt 0.868755 0.686796
vt 0.841549 0.633890
vt 0.869766 0.678656
vt 0.779574 0.651218
vt 0.756717 0.667748
vt 0.748723 0.742039
vt 0.760648 0.684761
vt 0.744863 0.806435
vt 0.910192 0.756238
vt 0.916469 0.681182
vt 0.869739 0.686969
vt 0.871675 0.677983
vt 0.738937 0.881355
vt 0.743934 0.921769
vt 0.840626 0.779088
vt 0.856201 0.831619
vt 0.571803 0.060059
vt 0.566099 0.069549
vt 0.562636 0.067425
vt 0.534072 0.053229
vt 0.533905 0.060234
vt 0.530144 0.061050
vt 0.568577 0.057386
vt 0.558790 0.065305
vt 0.529491 0.055144
vt 0.526612 0.062262
vt 0.564515 0.055055
vt 0.554703 0.063376
vt 0.525142 0.057690
vt 0.523384 0.063771
vt 0.559828 0.053192
vt 0.550477 0.061787
vt 0.521005 0.061443
vt 0.520785 0.065385
vt 0.554729 0.051885
vt 0.546206 0.060643
vt 0.574404 0.070660
vt 0.572254 0.074956
vt 0.571004 0.073120
vt 0.518456 0.066156
vt 0.549428 0.051212
vt 0.541976 0.059999
vt 0.568985 0.071392
vt 0.575037 0.066689
vt 0.544118 0.051218
vt 0.537859 0.059870
vt 0.574001 0.063142
vt 0.538962 0.051904
vt 0.562366 0.074484
vt 0.557855 0.073075
vt 0.534338 0.067753
vt 0.531781 0.068270
vt 0.553803 0.071549
vt 0.529431 0.069084
vt 0.550035 0.070121
vt 0.526957 0.069876
vt 0.546484 0.068933
vt 0.524161 0.070182
vt 0.543135 0.068079
vt 0.521115 0.069247
vt 0.539993 0.067604
vt 0.571958 0.075093
vt 0.567348 0.075108
vt 0.518659 0.066493
vt 0.537063 0.067508
vt 0.541186 0.072587
vt 0.538841 0.072425
vt 0.522624 0.072870
vt 0.536915 0.072493
vt 0.571833 0.075649
vt 0.563708 0.076624
vt 0.517749 0.067349
vt 0.535331 0.072726
vt 0.556768 0.075680
vt 0.533990 0.073045
vt 0.551628 0.074634
vt 0.532787 0.073450
vt 0.547471 0.073710
vt 0.531429 0.073829
vt 0.544033 0.073014
vt 0.529775 0.074177
vt 0.527315 0.074287
vt 0.533807 0.075597
vt 0.547256 0.075547
vt 0.543255 0.075096
vt 0.533009 0.075684
vt 0.540331 0.074892
vt 0.531831 0.075729
vt 0.538255 0.074879
vt 0.529799 0.075686
vt 0.536804 0.074987
vt 0.524933 0.075126
vt 0.535784 0.075156
vt 0.570788 0.077455
vt 0.560572 0.077196
vt 0.516669 0.070192
vt 0.535041 0.075333
vt 0.552660 0.076264
vt 0.534441 0.075480
vt 0.526810 0.075976
vt 0.535893 0.076246
vt 0.535362 0.076353
vt 0.569129 0.078114
vt 0.558218 0.077495
vt 0.518075 0.074006
vt 0.535004 0.076431
vt 0.549675 0.076660
vt 0.534716 0.076488
vt 0.544201 0.076191
vt 0.534369 0.076498
vt 0.540539 0.076013
vt 0.533856 0.076474
vt 0.538191 0.076024
vt 0.532972 0.076407
vt 0.536755 0.076125
vt 0.531264 0.076299
vt 0.542128 0.076657
vt 0.538857 0.076589
vt 0.534295 0.076840
vt 0.537001 0.076640
vt 0.533615 0.076758
vt 0.535999 0.076727
vt 0.532136 0.076634
vt 0.535469 0.076804
vt 0.527968 0.076380
vt 0.535178 0.076858
vt 0.567611 0.078368
vt 0.556528 0.077713
vt 0.520432 0.075365
vt 0.534995 0.076888
vt 0.547557 0.076976
vt 0.534842 0.076897
vt 0.534639 0.076884
vt 0.535264 0.077037
vt 0.535089 0.077059
vt 0.566320 0.078515
vt 0.555395 0.077901
vt 0.522313 0.075935
vt 0.528625 0.076613
vt 0.534986 0.077068
vt 0.546134 0.077246
vt 0.534897 0.077067
vt 0.540818 0.076989
vt 0.534769 0.077051
vt 0.537876 0.076932
vt 0.534520 0.077015
vt 0.536360 0.076956
vt 0.533971 0.076951
vt 0.535619 0.077000
vt 0.532648 0.076840
vt 0.534626 0.077102
vt 0.537369 0.077135
vt 0.536044 0.077116
vt 0.534146 0.077057
vt 0.535438 0.077122
vt 0.532914 0.076971
vt 0.535168 0.077131
vt 0.528959 0.076764
vt 0.535046 0.077137
vt 0.565280 0.078640
vt 0.554736 0.078081
vt 0.523548 0.076252
vt 0.534979 0.077138
vt 0.545302 0.077487
vt 0.534921 0.077135
vt 0.540099 0.077227
vt 0.534828 0.077124
vt 0.524254 0.076472
vt 0.529068 0.076873
vt 0.535030 0.077166
vt 0.534975 0.077164
vt 0.554488 0.078265
vt 0.544991 0.077720
vt 0.534927 0.077161
vt 0.539842 0.077424
vt 0.534845 0.077156
vt 0.537193 0.077274
vt 0.534658 0.077145
vt 0.535937 0.077207
vt 0.534200 0.077119
vt 0.535377 0.077181
vt 0.532999 0.077058
vt 0.535136 0.077170
vt 0.564562 0.078776
vt 0.534634 0.077178
vt 0.534162 0.077168
vt 0.535401 0.077239
vt 0.532942 0.077131
vt 0.535147 0.077207
vt 0.528996 0.076966
vt 0.535033 0.077191
vt 0.564482 0.079038
vt 0.554613 0.078473
vt 0.524375 0.076732
vt 0.534972 0.077183
vt 0.545143 0.077981
vt 0.534918 0.077180
vt 0.539963 0.077642
vt 0.534830 0.077180
vt 0.537272 0.077426
vt 0.535982 0.077304
vt 0.545794 0.078319
vt 0.534965 0.077237
vt 0.534888 0.077228
vt 0.540508 0.077962
vt 0.534771 0.077227
vt 0.537644 0.077679
vt 0.534537 0.077233
vt 0.536204 0.077486
vt 0.534009 0.077236
vt 0.535521 0.077366
vt 0.532717 0.077217
vt 0.535204 0.077295
vt 0.528718 0.077069
vt 0.535052 0.077257
vt 0.565198 0.079261
vt 0.555141 0.078730
vt 0.523849 0.076876
vt 0.535785 0.077644
vt 0.533685 0.077353
vt 0.532258 0.077340
vt 0.535330 0.077509
vt 0.528157 0.077203
vt 0.535090 0.077426
vt 0.566273 0.079506
vt 0.556138 0.079056
vt 0.522859 0.077043
vt 0.534943 0.077377
vt 0.547009 0.078763
vt 0.534815 0.077350
vt 0.541586 0.078447
vt 0.534638 0.077339
vt 0.538415 0.078120
vt 0.534324 0.077343
vt 0.536682 0.077846
vt 0.534874 0.077731
vt 0.534646 0.077648
vt 0.543345 0.079162
vt 0.534357 0.077603
vt 0.539771 0.078871
vt 0.533904 0.077577
vt 0.537579 0.078543
vt 0.533087 0.077566
vt 0.536303 0.078247
vt 0.531468 0.077528
vt 0.535577 0.078014
vt 0.527167 0.077415
vt 0.535152 0.077845
vt 0.567604 0.079800
vt 0.557689 0.079482
vt 0.521278 0.077317
vt 0.548882 0.079343
vt 0.532026 0.077973
vt 0.530142 0.077862
vt 0.536086 0.079168
vt 0.525505 0.077858
vt 0.535270 0.078852
vt 0.569102 0.080211
vt 0.559886 0.080061
vt 0.519018 0.078010
vt 0.534706 0.078589
vt 0.551575 0.080111
vt 0.534255 0.078389
vt 0.545994 0.080181
vt 0.533754 0.078225
vt 0.542001 0.080086
vt 0.533083 0.078090
vt 0.539205 0.079838
vt 0.537322 0.079511
vt 0.549844 0.081630
vt 0.533419 0.080208
vt 0.532520 0.079717
vt 0.545526 0.081959
vt 0.531468 0.079275
vt 0.542081 0.082067
vt 0.530095 0.078879
vt 0.539363 0.081946
vt 0.527874 0.078613
vt 0.537254 0.081633
vt 0.522976 0.079219
vt 0.535642 0.081188
vt 0.570612 0.080939
vt 0.562798 0.080941
vt 0.516443 0.080526
vt 0.534409 0.080690
vt 0.555319 0.081191
vt 0.540020 0.086199
vt 0.524112 0.081163
vt 0.521178 0.082340
vt 0.537125 0.085948
vt 0.571686 0.082496
vt 0.566256 0.082585
vt 0.517498 0.084583
vt 0.534592 0.085385
vt 0.560391 0.082918
vt 0.532388 0.084591
vt 0.555348 0.083872
vt 0.530430 0.083662
vt 0.550916 0.084842
vt 0.528644 0.082610
vt 0.546914 0.085620
vt 0.526660 0.081692
vt 0.543284 0.086090
vt 0.530082 0.091437
vt 0.558623 0.089667
vt 0.527028 0.090023
vt 0.554274 0.091259
vt 0.524317 0.088451
vt 0.549848 0.092507
vt 0.522081 0.086859
vt 0.545453 0.093287
vt 0.520140 0.085804
vt 0.541201 0.093545
vt 0.571873 0.083455
vt 0.569728 0.084928
vt 0.518292 0.085308
vt 0.537186 0.093285
vt 0.566574 0.086252
vt 0.533469 0.092556
vt 0.562781 0.087915
vt 0.519829 0.089342
vt 0.547851 0.103598
vt 0.572011 0.083683
vt 0.573006 0.087561
vt 0.518271 0.085730
vt 0.542535 0.103296
vt 0.572452 0.091273
vt 0.537515 0.102277
vt 0.570513 0.094622
vt 0.532936 0.100639
vt 0.567383 0.097540
vt 0.528868 0.098501
vt 0.563299 0.099983
vt 0.525313 0.095954
vt 0.558495 0.101901
vt 0.522211 0.092978
vt 0.553254 0.103130
vt 0.531873 0.106632
vt 0.575110 0.107164
vt 0.571812 0.110971
vt 0.527434 0.102568
vt 0.567279 0.113763
vt 0.523601 0.098100
vt 0.561731 0.115398
vt 0.519981 0.092735
vt 0.555546 0.115800
vt 0.572420 0.083494
vt 0.576017 0.090450
vt 0.517764 0.086045
vt 0.549121 0.114985
vt 0.577371 0.096972
vt 0.542844 0.113058
vt 0.576987 0.102476
vt 0.537029 0.110199
vt 0.573321 0.083272
vt 0.578488 0.093323
vt 0.516663 0.087445
vt 0.520707 0.095430
vt 0.555848 0.127713
vt 0.581341 0.102250
vt 0.548411 0.124614
vt 0.582461 0.109956
vt 0.541345 0.120146
vt 0.581876 0.116701
vt 0.535015 0.114709
vt 0.579512 0.122252
vt 0.529594 0.108708
vt 0.575435 0.126319
vt 0.524996 0.102411
vt 0.569856 0.128660
vt 0.563170 0.129121
vt 0.588087 0.125428
vt 0.586642 0.132832
vt 0.531556 0.114409
vt 0.583040 0.138338
vt 0.526196 0.106167
vt 0.577495 0.141585
vt 0.521355 0.097570
vt 0.570374 0.142266
vt 0.574362 0.083551
vt 0.580423 0.095804
vt 0.516628 0.088425
vt 0.562240 0.140374
vt 0.584779 0.106791
vt 0.553727 0.136118
vt 0.587390 0.116616
vt 0.545465 0.129956
vt 0.537971 0.122505
vt 0.567991 0.151855
vt 0.582006 0.097768
vt 0.587724 0.110482
vt 0.558464 0.146604
vt 0.591715 0.122195
vt 0.549079 0.138885
vt 0.593596 0.132928
vt 0.540508 0.129525
vt 0.593006 0.142092
vt 0.533179 0.119441
vt 0.589859 0.149001
vt 0.527137 0.109364
vt 0.584356 0.153100
vt 0.521841 0.099277
vt 0.576872 0.154085
vt 0.574838 0.083871
vt 0.516664 0.088933
vt 0.534323 0.123494
vt 0.598231 0.149433
vt 0.595427 0.157497
vt 0.527758 0.111899
vt 0.589983 0.162315
vt 0.522143 0.100572
vt 0.582239 0.163591
vt 0.575117 0.084037
vt 0.583260 0.099179
vt 0.516635 0.089171
vt 0.572720 0.161180
vt 0.590122 0.113208
vt 0.562267 0.155184
vt 0.595261 0.126417
vt 0.551885 0.146198
vt 0.598140 0.138753
vt 0.542396 0.135243
vt 0.584173 0.100001
vt 0.591904 0.114848
vt 0.564715 0.161176
vt 0.597883 0.129025
vt 0.553552 0.151324
vt 0.601497 0.142485
vt 0.543404 0.139250
vt 0.602041 0.154287
vt 0.534849 0.126305
vt 0.599384 0.163211
vt 0.527996 0.113642
vt 0.593952 0.168519
vt 0.522244 0.101434
vt 0.586015 0.170068
vt 0.575319 0.084076
vt 0.516557 0.089277
vt 0.575944 0.167634
vt 0.601262 0.011448
vt 0.600267 0.017371
vt 0.598812 0.011700
vt 0.542881 0.028824
vt 0.534720 0.038973
vt 0.533896 0.039121
vt 0.597923 0.005794
vt 0.596168 0.008237
vt 0.526029 0.049860
vt 0.525614 0.049950
vt 0.592007 0.005876
vt 0.591320 0.003239
vt 0.584924 0.059917
vt 0.577592 0.073487
vt 0.584811 0.059425
vt 0.517449 0.060747
vt 0.585145 0.005146
vt 0.583266 0.003376
vt 0.591918 0.047511
vt 0.591660 0.046581
vt 0.575984 0.007106
vt 0.573789 0.006133
vt 0.597242 0.036579
vt 0.596709 0.035324
vt 0.565471 0.011983
vt 0.563393 0.011582
vt 0.600687 0.026862
vt 0.599665 0.025456
vt 0.554568 0.019429
vt 0.552847 0.019381
vt 0.602041 0.018476
vt 0.544145 0.028707
vt 0.584568 0.007009
vt 0.575734 0.008963
vt 0.595670 0.035610
vt 0.565471 0.013654
vt 0.598421 0.026002
vt 0.554715 0.020791
vt 0.598990 0.018260
vt 0.544342 0.029701
vt 0.597699 0.012888
vt 0.534894 0.039614
vt 0.595182 0.009603
vt 0.526125 0.050181
vt 0.591120 0.007520
vt 0.577413 0.073479
vt 0.584416 0.059482
vt 0.517514 0.060821
vt 0.590913 0.046712
vt 0.543537 0.031820
vt 0.534438 0.041026
vt 0.592925 0.012421
vt 0.525906 0.050907
vt 0.588525 0.010554
vt 0.577121 0.073617
vt 0.583729 0.060091
vt 0.517589 0.060904
vt 0.582012 0.010380
vt 0.589662 0.047847
vt 0.573519 0.012422
vt 0.593980 0.037303
vt 0.563725 0.016899
vt 0.596456 0.028249
vt 0.553464 0.023557
vt 0.596945 0.020964
vt 0.595679 0.015759
vt 0.569651 0.017692
vt 0.560508 0.021776
vt 0.593509 0.032092
vt 0.551011 0.027696
vt 0.593705 0.025444
vt 0.541848 0.034998
vt 0.592179 0.020512
vt 0.533416 0.043146
vt 0.589058 0.017269
vt 0.525380 0.052028
vt 0.584287 0.015599
vt 0.576736 0.073928
vt 0.582738 0.061251
vt 0.517580 0.061098
vt 0.577750 0.015656
vt 0.587907 0.049909
vt 0.591534 0.040300
vt 0.531902 0.045882
vt 0.524561 0.053542
vt 0.583612 0.024212
vt 0.578561 0.022749
vt 0.576257 0.074392
vt 0.581428 0.062962
vt 0.517467 0.061447
vt 0.572085 0.022868
vt 0.585657 0.052846
vt 0.564446 0.024669
vt 0.588340 0.044493
vt 0.556089 0.028121
vt 0.589551 0.037373
vt 0.547567 0.033040
vt 0.589158 0.031550
vt 0.539419 0.039090
vt 0.587157 0.027146
vt 0.584667 0.043921
vt 0.550768 0.035590
vt 0.543388 0.039290
vt 0.583449 0.039130
vt 0.536424 0.043887
vt 0.580810 0.035459
vt 0.529971 0.049162
vt 0.576821 0.032966
vt 0.523456 0.055485
vt 0.571585 0.031694
vt 0.575592 0.075016
vt 0.579748 0.065227
vt 0.517221 0.062066
vt 0.565281 0.031703
vt 0.582890 0.056643
vt 0.558210 0.033016
vt 0.584464 0.049759
vt 0.568893 0.042997
vt 0.563560 0.041790
vt 0.574368 0.075667
vt 0.577494 0.067996
vt 0.516927 0.063175
vt 0.522109 0.057998
vt 0.557582 0.041490
vt 0.579507 0.061298
vt 0.551258 0.042125
vt 0.579871 0.056013
vt 0.544896 0.043682
vt 0.578923 0.051596
vt 0.538767 0.046089
vt 0.576713 0.047935
vt 0.533040 0.049222
vt 0.573335 0.045066
vt 0.527680 0.053010
vt 0.572690 0.075229
vt 0.517432 0.065123
vt 0.710419 0.007112
vt 0.712907 0.000358
vt 0.604206 0.103741
vt 0.063067 0.047619
vt 0.718883 0.010489
vt 0.626189 0.005294
vt 0.630780 0.102183
vt 0.678047 0.000358
vt 0.619881 0.000358
vt 0.063400 0.001613
vt 0.750000 0.875000
vt 0.750000 0.937500
vt 0.718750 0.937500
vt 0.718750 0.875000
vt 0.750000 0.375000
vt 0.750000 0.437500
vt 0.718750 0.437500
vt 0.718750 0.375000
vt 0.750000 0.812500
vt 0.718750 0.812500
vt 0.750000 0.312500
vt 0.718750 0.312500
vt 0.750000 0.750000
vt 0.718750 0.750000
vt 0.750000 0.250000
vt 0.718750 0.250000
vt 0.750000 0.687500
vt 0.718750 0.687500
vt 0.750000 0.187500
vt 0.718750 0.187500
vt 0.750000 0.625000
vt 0.718750 0.625000
vt 0.750000 0.125000
vt 0.718750 0.125000
vt 0.750000 0.562500
vt 0.718750 0.562500
vt 0.750000 0.062500
vt 0.718750 0.062500
vt 0.750000 0.500000
vt 0.718750 0.500000
vt 0.734375 1.000000
vt 0.734375 0.000000
vt 0.703125 1.000000
vt 0.687500 0.937500
vt 0.703125 0.000000
vt 0.687500 0.062500
vt 0.687500 0.500000
vt 0.687500 0.437500
vt 0.687500 0.875000
vt 0.687500 0.375000
vt 0.687500 0.812500
vt 0.687500 0.312500
vt 0.687500 0.750000
vt 0.687500 0.250000
vt 0.687500 0.687500
vt 0.687500 0.187500
vt 0.687500 0.625000
vt 0.687500 0.125000
vt 0.687500 0.562500
vt 0.656250 0.750000
vt 0.656250 0.687500
vt 0.656250 0.250000
vt 0.656250 0.187500
vt 0.656250 0.625000
vt 0.656250 0.125000
vt 0.656250 0.562500
vt 0.656250 0.062500
vt 0.656250 0.500000
vt 0.671875 1.000000
vt 0.656250 0.937500
vt 0.671875 0.000000
vt 0.656250 0.437500
vt 0.656250 0.875000
vt 0.656250 0.375000
vt 0.656250 0.812500
vt 0.656250 0.312500
vt 0.625000 0.500000
vt 0.625000 0.437500
vt 0.625000 0.937500
vt 0.625000 0.875000
vt 0.625000 0.375000
vt 0.625000 0.812500
vt 0.625000 0.312500
vt 0.625000 0.750000
vt 0.625000 0.250000
vt 0.625000 0.687500
vt 0.625000 0.187500
vt 0.625000 0.625000
vt 0.625000 0.125000
vt 0.625000 0.562500
vt 0.625000 0.062500
vt 0.640625 1.000000
vt 0.640625 0.000000
vt 0.593750 0.250000
vt 0.593750 0.187500
vt 0.593750 0.687500
vt 0.593750 0.625000
vt 0.593750 0.125000
vt 0.593750 0.562500
vt 0.593750 0.062500
vt 0.593750 0.500000
vt 0.609375 1.000000
vt 0.593750 0.937500
vt 0.609375 0.000000
vt 0.593750 0.437500
vt 0.593750 0.875000
vt 0.593750 0.375000
vt 0.593750 0.812500
vt 0.593750 0.312500
vt 0.593750 0.750000
vt 0.562500 0.312500
vt 0.562500 0.250000
vt 0.562500 0.750000
vt 0.562500 0.687500
vt 0.562500 0.187500
vt 0.562500 0.625000
vt 0.562500 0.125000
vt 0.562500 0.562500
vt 0.562500 0.062500
vt 0.562500 0.500000
vt 0.578125 1.000000
vt 0.562500 0.937500
vt 0.578125 0.000000
vt 0.562500 0.437500
vt 0.562500 0.875000
vt 0.562500 0.375000
vt 0.562500 0.812500
vt 0.546875 1.000000
vt 0.531250 0.937500
vt 0.546875 0.000000
vt 0.531250 0.062500
vt 0.531250 0.500000
vt 0.531250 0.437500
vt 0.531250 0.875000
vt 0.531250 0.375000
vt 0.531250 0.812500
vt 0.531250 0.312500
vt 0.531250 0.750000
vt 0.531250 0.250000
vt 0.531250 0.687500
vt 0.531250 0.187500
vt 0.531250 0.625000
vt 0.531250 0.125000
vt 0.531250 0.562500
vt 0.500000 0.750000
vt 0.500000 0.687500
vt 0.500000 0.250000
vt 0.500000 0.187500
vt 0.500000 0.625000
vt 0.500000 0.125000
vt 0.500000 0.562500
vt 0.500000 0.062500
vt 0.500000 0.500000
vt 0.515625 1.000000
vt 0.500000 0.937500
vt 0.515625 0.000000
vt 0.500000 0.437500
vt 0.500000 0.875000
vt 0.500000 0.375000
vt 0.500000 0.812500
vt 0.500000 0.312500
vt 0.468750 0.500000
vt 0.468750 0.437500
vt 0.468750 0.937500
vt 0.468750 0.875000
vt 0.468750 0.375000
vt 0.468750 0.812500
vt 0.468750 0.312500
vt 0.468750 0.750000
vt 0.468750 0.250000
vt 0.468750 0.687500
vt 0.468750 0.187500
vt 0.468750 0.625000
vt 0.468750 0.125000
vt 0.468750 0.562500
vt 0.468750 0.062500
vt 0.484375 1.000000
vt 0.484375 0.000000
vt 0.437500 0.250000
vt 0.437500 0.187500
vt 0.437500 0.687500
vt 0.437500 0.625000
vt 0.437500 0.125000
vt 0.437500 0.562500
vt 0.437500 0.062500
vt 0.437500 0.500000
vt 0.453125 1.000000
vt 0.437500 0.937500
vt 0.453125 0.000000
vt 0.437500 0.437500
vt 0.437500 0.875000
vt 0.437500 0.375000
vt 0.437500 0.812500
vt 0.437500 0.312500
vt 0.437500 0.750000
vt 0.406250 0.937500
vt 0.406250 0.875000
vt 0.406250 0.437500
vt 0.406250 0.375000
vt 0.406250 0.812500
vt 0.406250 0.312500
vt 0.406250 0.750000
vt 0.406250 0.250000
vt 0.406250 0.687500
vt 0.406250 0.187500
vt 0.406250 0.625000
vt 0.406250 0.125000
vt 0.406250 0.562500
vt 0.406250 0.062500
vt 0.406250 0.500000
vt 0.421875 1.000000
vt 0.421875 0.000000
vt 0.375000 0.687500
vt 0.375000 0.625000
vt 0.375000 0.187500
vt 0.375000 0.125000
vt 0.375000 0.562500
vt 0.375000 0.062500
vt 0.375000 0.500000
vt 0.390625 1.000000
vt 0.375000 0.937500
vt 0.390625 0.000000
vt 0.375000 0.437500
vt 0.375000 0.875000
vt 0.375000 0.375000
vt 0.375000 0.812500
vt 0.375000 0.312500
vt 0.375000 0.750000
vt 0.375000 0.250000
vt 0.343750 0.437500
vt 0.343750 0.375000
vt 0.343750 0.875000
vt 0.343750 0.812500
vt 0.343750 0.312500
vt 0.343750 0.750000
vt 0.343750 0.250000
vt 0.343750 0.687500
vt 0.343750 0.187500
vt 0.343750 0.625000
vt 0.343750 0.125000
vt 0.343750 0.562500
vt 0.343750 0.062500
vt 0.343750 0.500000
vt 0.359375 1.000000
vt 0.343750 0.937500
vt 0.359375 0.000000
vt 0.312500 0.187500
vt 0.312500 0.125000
vt 0.312500 0.625000
vt 0.312500 0.562500
vt 0.312500 0.062500
vt 0.312500 0.500000
vt 0.328125 1.000000
vt 0.312500 0.937500
vt 0.328125 0.000000
vt 0.312500 0.437500
vt 0.312500 0.875000
vt 0.312500 0.375000
vt 0.312500 0.812500
vt 0.312500 0.312500
vt 0.312500 0.750000
vt 0.312500 0.250000
vt 0.312500 0.687500
vt 0.281250 0.375000
vt 0.281250 0.312500
vt 0.281250 0.812500
vt 0.281250 0.750000
vt 0.281250 0.250000
vt 0.281250 0.687500
vt 0.281250 0.187500
vt 0.281250 0.625000
vt 0.281250 0.125000
vt 0.281250 0.562500
vt 0.281250 0.062500
vt 0.281250 0.500000
vt 0.296875 1.000000
vt 0.281250 0.937500
vt 0.296875 0.000000
vt 0.281250 0.437500
vt 0.281250 0.875000
vt 0.250000 0.125000
vt 0.250000 0.062500
vt 0.250000 0.562500
vt 0.250000 0.500000
vt 0.265625 1.000000
vt 0.250000 0.937500
vt 0.265625 0.000000
vt 0.250000 0.437500
vt 0.250000 0.875000
vt 0.250000 0.375000
vt 0.250000 0.812500
vt 0.250000 0.312500
vt 0.250000 0.750000
vt 0.250000 0.250000
vt 0.250000 0.687500
vt 0.250000 0.187500
vt 0.250000 0.625000
vt 0.218750 0.812500
vt 0.218750 0.750000
vt 0.218750 0.312500
vt 0.218750 0.250000
vt 0.218750 0.687500
vt 0.218750 0.187500
vt 0.218750 0.625000
vt 0.218750 0.125000
vt 0.218750 0.562500
vt 0.218750 0.062500
vt 0.218750 0.500000
vt 0.234375 1.000000
vt 0.218750 0.937500
vt 0.234375 0.000000
vt 0.218750 0.437500
vt 0.218750 0.875000
vt 0.218750 0.375000
vt 0.187500 0.562500
vt 0.187500 0.500000
vt 0.203125 1.000000
vt 0.187500 0.937500
vt 0.203125 0.000000
vt 0.187500 0.062500
vt 0.187500 0.437500
vt 0.187500 0.875000
vt 0.187500 0.375000
vt 0.187500 0.812500
vt 0.187500 0.312500
vt 0.187500 0.750000
vt 0.187500 0.250000
vt 0.187500 0.687500
vt 0.187500 0.187500
vt 0.187500 0.625000
vt 0.187500 0.125000
vt 0.156250 0.312500
vt 0.156250 0.250000
vt 0.156250 0.750000
vt 0.156250 0.687500
vt 0.156250 0.187500
vt 0.156250 0.625000
vt 0.156250 0.125000
vt 0.156250 0.562500
vt 0.156250 0.062500
vt 0.156250 0.500000
vt 0.171875 1.000000
vt 0.156250 0.937500
vt 0.171875 0.000000
vt 0.156250 0.437500
vt 0.156250 0.875000
vt 0.156250 0.375000
vt 0.156250 0.812500
vt 0.140625 1.000000
vt 0.125000 0.937500
vt 0.140625 0.000000
vt 0.125000 0.062500
vt 0.125000 0.500000
vt 0.125000 0.437500
vt 0.125000 0.875000
vt 0.125000 0.375000
vt 0.125000 0.812500
vt 0.125000 0.312500
vt 0.125000 0.750000
vt 0.125000 0.250000
vt 0.125000 0.687500
vt 0.125000 0.187500
vt 0.125000 0.625000
vt 0.125000 0.125000
vt 0.125000 0.562500
vt 0.093750 0.750000
vt 0.093750 0.687500
vt 0.093750 0.250000
vt 0.093750 0.187500
vt 0.093750 0.625000
vt 0.093750 0.125000
vt 0.093750 0.562500
vt 0.093750 0.062500
vt 0.093750 0.500000
vt 0.109375 1.000000
vt 0.093750 0.937500
vt 0.109375 0.000000
vt 0.093750 0.437500
vt 0.093750 0.875000
vt 0.093750 0.375000
vt 0.093750 0.812500
vt 0.093750 0.312500
vt 0.062500 0.500000
vt 0.062500 0.437500
vt 0.062500 0.937500
vt 0.062500 0.875000
vt 0.062500 0.375000
vt 0.062500 0.812500
vt 0.062500 0.312500
vt 0.062500 0.750000
vt 0.062500 0.250000
vt 0.062500 0.687500
vt 0.062500 0.187500
vt 0.062500 0.625000
vt 0.062500 0.125000
vt 0.062500 0.562500
vt 0.062500 0.062500
vt 0.078125 1.000000
vt 0.078125 0.000000
vt 0.031250 0.250000
vt 0.031250 0.187500
vt 0.031250 0.687500
vt 0.031250 0.625000
vt 0.031250 0.125000
vt 0.031250 0.562500
vt 0.031250 0.062500
vt 0.031250 0.500000
vt 0.046875 1.000000
vt 0.031250 0.937500
vt 0.046875 0.000000
vt 0.031250 0.437500
vt 0.031250 0.875000
vt 0.031250 0.375000
vt 0.031250 0.812500
vt 0.031250 0.312500
vt 0.031250 0.750000
vt 0.000000 0.437500
vt 0.000000 0.375000
vt 0.000000 0.875000
vt 0.000000 0.812500
vt 0.000000 0.312500
vt 0.000000 0.750000
vt 0.000000 0.250000
vt 0.000000 0.687500
vt 0.000000 0.187500
vt 0.000000 0.625000
vt 0.000000 0.125000
vt 0.000000 0.562500
vt 0.000000 0.062500
vt 0.000000 0.500000
vt 0.015625 1.000000
vt 0.000000 0.937500
vt 0.015625 0.000000
vt 1.000000 0.125000
vt 1.000000 0.187500
vt 0.968750 0.187500
vt 0.968750 0.125000
vt 1.000000 0.562500
vt 1.000000 0.625000
vt 0.968750 0.625000
vt 0.968750 0.562500
vt 1.000000 0.062500
vt 0.968750 0.062500
vt 1.000000 0.500000
vt 0.968750 0.500000
vt 1.000000 0.937500
vt 0.984375 1.000000
vt 0.968750 0.937500
vt 0.984375 0.000000
vt 1.000000 0.437500
vt 0.968750 0.437500
vt 1.000000 0.875000
vt 0.968750 0.875000
vt 1.000000 0.375000
vt 0.968750 0.375000
vt 1.000000 0.812500
vt 0.968750 0.812500
vt 1.000000 0.312500
vt 0.968750 0.312500
vt 1.000000 0.750000
vt 0.968750 0.750000
vt 1.000000 0.250000
vt 0.968750 0.250000
vt 1.000000 0.687500
vt 0.968750 0.687500
vt 0.937500 0.875000
vt 0.937500 0.812500
vt 0.937500 0.375000
vt 0.937500 0.312500
vt 0.937500 0.750000
vt 0.937500 0.250000
vt 0.937500 0.687500
vt 0.937500 0.187500
vt 0.937500 0.625000
vt 0.937500 0.125000
vt 0.937500 0.562500
vt 0.937500 0.062500
vt 0.937500 0.500000
vt 0.953125 1.000000
vt 0.937500 0.937500
vt 0.953125 0.000000
vt 0.937500 0.437500
vt 0.906250 0.625000
vt 0.906250 0.562500
vt 0.906250 0.125000
vt 0.906250 0.062500
vt 0.906250 0.500000
vt 0.921875 1.000000
vt 0.906250 0.937500
vt 0.921875 0.000000
vt 0.906250 0.437500
vt 0.906250 0.875000
vt 0.906250 0.375000
vt 0.906250 0.812500
vt 0.906250 0.312500
vt 0.906250 0.750000
vt 0.906250 0.250000
vt 0.906250 0.687500
vt 0.906250 0.187500
vt 0.875000 0.375000
vt 0.875000 0.312500
vt 0.875000 0.812500
vt 0.875000 0.750000
vt 0.875000 0.250000
vt 0.875000 0.687500
vt 0.875000 0.187500
vt 0.875000 0.625000
vt 0.875000 0.125000
vt 0.875000 0.562500
vt 0.875000 0.062500
vt 0.875000 0.500000
vt 0.890625 1.000000
vt 0.875000 0.937500
vt 0.890625 0.000000
vt 0.875000 0.437500
vt 0.875000 0.875000
vt 0.843750 0.125000
vt 0.843750 0.062500
vt 0.843750 0.562500
vt 0.843750 0.500000
vt 0.859375 1.000000
vt 0.843750 0.937500
vt 0.859375 0.000000
vt 0.843750 0.437500
vt 0.843750 0.875000
vt 0.843750 0.375000
vt 0.843750 0.812500
vt 0.843750 0.312500
vt 0.843750 0.750000
vt 0.843750 0.250000
vt 0.843750 0.687500
vt 0.843750 0.187500
vt 0.843750 0.625000
vt 0.812500 0.812500
vt 0.812500 0.750000
vt 0.812500 0.312500
vt 0.812500 0.250000
vt 0.812500 0.687500
vt 0.812500 0.187500
vt 0.812500 0.625000
vt 0.812500 0.125000
vt 0.812500 0.562500
vt 0.812500 0.062500
vt 0.812500 0.500000
vt 0.828125 1.000000
vt 0.812500 0.937500
vt 0.828125 0.000000
vt 0.812500 0.437500
vt 0.812500 0.875000
vt 0.812500 0.375000
vt 0.781250 0.562500
vt 0.781250 0.500000
vt 0.796875 1.000000
vt 0.781250 0.937500
vt 0.796875 0.000000
vt 0.781250 0.062500
vt 0.781250 0.437500
vt 0.781250 0.875000
vt 0.781250 0.375000
vt 0.781250 0.812500
vt 0.781250 0.312500
vt 0.781250 0.750000
vt 0.781250 0.250000
vt 0.781250 0.687500
vt 0.781250 0.187500
vt 0.781250 0.625000
vt 0.781250 0.125000
vt 0.765625 1.000000
vt 0.765625 0.000000
s 0
usemtl マテリアル.001
f 476/1/1 9/2/1 10/3/1
f 479/4/2 17/5/2 18/6/2
f 476/1/3 11/7/3 2/8/3
f 479/4/4 19/9/4 480/10/4
f 477/11/5 11/7/5 12/12/5
f 480/10/6 20/13/6 481/14/6
f 3/15/7 12/12/7 13/16/7
f 481/14/8 21/17/8 482/18/8
f 3/15/9 14/19/9 4/20/9
f 474/21/10 82/22/10 7/23/10
f 308/24/11 482/18/11 21/17/11
f 4/20/12 15/25/12 5/26/12
f 475/27/13 7/23/13 8/28/13
f 5/26/14 16/29/14 478/30/14
f 1/31/15 8/28/15 9/2/15
f 478/30/16 17/5/16 6/32/16
f 8/28/17 24/33/17 9/2/17
f 17/5/18 31/34/18 32/35/18
f 9/2/19 25/36/19 10/3/19
f 18/6/20 32/35/20 33/37/20
f 10/3/21 26/38/21 11/7/21
f 19/9/22 33/37/22 34/39/22
f 11/7/23 27/40/23 12/12/23
f 20/13/24 34/39/24 35/41/24
f 13/16/25 27/40/25 28/42/25
f 20/13/26 36/43/26 21/17/26
f 13/16/27 29/44/27 14/19/27
f 7/23/28 82/45/28 22/46/28
f 308/47/29 21/17/29 36/43/29
f 14/19/30 30/48/30 15/25/30
f 7/23/31 23/49/31 8/28/31
f 15/25/32 31/34/32 16/29/32
f 28/42/33 42/50/33 43/51/33
f 36/43/34 50/52/34 51/53/34
f 29/44/35 43/51/35 44/54/35
f 22/46/36 82/55/36 37/56/36
f 308/57/37 36/43/37 51/53/37
f 29/44/38 45/58/38 30/48/38
f 22/46/39 38/59/39 23/49/39
f 30/48/40 46/60/40 31/34/40
f 23/49/41 39/61/41 24/33/41
f 32/35/42 46/60/42 47/62/42
f 24/33/43 40/63/43 25/36/43
f 33/37/44 47/62/44 48/64/44
f 25/36/45 41/65/45 26/38/45
f 34/39/46 48/64/46 49/66/46
f 26/38/47 42/50/47 27/40/47
f 35/41/48 49/66/48 50/52/48
f 47/62/49 61/67/49 62/68/49
f 39/61/50 55/69/50 40/63/50
f 47/62/51 63/70/51 48/64/51
f 41/65/52 55/69/52 56/71/52
f 49/66/53 63/70/53 64/72/53
f 41/65/54 57/73/54 42/50/54
f 50/52/55 64/72/55 65/74/55
f 43/51/56 57/73/56 58/75/56
f 51/53/57 65/74/57 66/76/57
f 44/54/58 58/75/58 59/77/58
f 37/56/59 82/78/59 52/79/59
f 308/80/60 51/53/60 66/76/60
f 44/54/61 60/81/61 45/58/61
f 37/56/62 53/82/62 38/59/62
f 45/58/63 61/67/63 46/60/63
f 38/59/64 54/83/64 39/61/64
f 65/74/65 81/84/65 66/76/65
f 59/77/66 73/85/66 74/86/66
f 52/79/67 82/87/67 67/88/67
f 308/89/68 66/76/68 81/84/68
f 59/77/69 75/90/69 60/81/69
f 53/82/70 67/88/70 68/91/70
f 60/81/71 76/92/71 61/67/71
f 54/83/72 68/91/72 69/93/72
f 62/68/73 76/92/73 77/94/73
f 54/83/74 70/95/74 55/69/74
f 62/68/75 78/96/75 63/70/75
f 56/71/76 70/95/76 71/97/76
f 64/72/77 78/96/77 79/98/77
f 56/71/78 72/99/78 57/73/78
f 64/72/79 80/100/79 65/74/79
f 58/75/80 72/99/80 73/85/80
f 69/93/81 86/101/81 70/95/81
f 77/94/82 94/102/82 78/96/82
f 71/97/83 86/101/83 87/103/83
f 79/98/84 94/102/84 95/104/84
f 71/97/85 88/105/85 72/99/85
f 80/100/86 95/104/86 96/106/86
f 73/85/87 88/105/87 89/107/87
f 81/84/88 96/106/88 97/108/88
f 74/86/89 89/107/89 90/109/89
f 67/88/90 82/110/90 83/111/90
f 308/112/91 81/84/91 97/108/91
f 74/86/92 91/113/92 75/90/92
f 67/88/93 84/114/93 68/91/93
f 75/90/94 92/115/94 76/92/94
f 68/91/95 85/116/95 69/93/95
f 77/94/96 92/115/96 93/117/96
f 90/109/97 104/118/97 105/119/97
f 83/111/98 82/120/98 98/121/98
f 308/122/99 97/108/99 112/123/99
f 90/109/100 106/124/100 91/113/100
f 83/111/101 99/125/101 84/114/101
f 91/113/102 107/126/102 92/115/102
f 85/116/103 99/125/103 100/127/103
f 93/117/104 107/126/104 108/128/104
f 85/116/105 101/129/105 86/101/105
f 93/117/106 109/130/106 94/102/106
f 87/103/107 101/129/107 102/131/107
f 95/104/108 109/130/108 110/132/108
f 87/103/109 103/133/109 88/105/109
f 95/104/110 111/134/110 96/106/110
f 89/107/111 103/133/111 104/118/111
f 96/106/112 112/123/112 97/108/112
f 108/128/113 124/135/113 109/130/113
f 102/131/114 116/136/114 117/137/114
f 110/132/115 124/135/115 125/138/115
f 102/131/116 118/139/116 103/133/116
f 111/134/117 125/138/117 126/140/117
f 104/118/118 118/139/118 119/141/118
f 111/134/119 127/142/119 112/123/119
f 105/119/120 119/141/120 120/143/120
f 98/121/121 82/144/121 113/145/121
f 308/146/122 112/123/122 127/142/122
f 105/119/123 121/147/123 106/124/123
f 98/121/124 114/148/124 99/125/124
f 106/124/125 122/149/125 107/126/125
f 99/125/126 115/150/126 100/127/126
f 108/128/127 122/149/127 123/151/127
f 100/127/128 116/136/128 101/129/128
f 308/152/129 127/142/129 142/153/129
f 120/143/130 136/154/130 121/147/130
f 114/148/131 128/155/131 129/156/131
f 121/147/132 137/157/132 122/149/132
f 115/150/133 129/156/133 130/158/133
f 123/151/134 137/157/134 138/159/134
f 115/150/135 131/160/135 116/136/135
f 123/151/136 139/161/136 124/135/136
f 117/137/137 131/160/137 132/162/137
f 125/138/138 139/161/138 140/163/138
f 117/137/139 133/164/139 118/139/139
f 125/138/140 141/165/140 126/140/140
f 119/141/141 133/164/141 134/166/141
f 126/140/142 142/153/142 127/142/142
f 120/143/143 134/166/143 135/167/143
f 113/145/144 82/168/144 128/155/144
f 140/163/145 154/169/145 155/170/145
f 132/162/146 148/171/146 133/164/146
f 141/165/147 155/170/147 156/172/147
f 134/166/148 148/171/148 149/173/148
f 141/165/149 157/174/149 142/153/149
f 135/167/150 149/173/150 150/175/150
f 128/155/151 82/176/151 143/177/151
f 308/178/152 142/153/152 157/174/152
f 135/167/153 151/179/153 136/154/153
f 128/155/154 144/180/154 129/156/154
f 136/154/155 152/181/155 137/157/155
f 129/156/156 145/182/156 130/158/156
f 138/159/157 152/181/157 153/183/157
f 130/158/158 146/184/158 131/160/158
f 138/159/159 154/169/159 139/161/159
f 132/162/160 146/184/160 147/185/160
f 143/177/161 159/186/161 144/180/161
f 151/179/162 167/187/162 152/181/162
f 144/180/163 160/188/163 145/182/163
f 153/183/164 167/187/164 168/189/164
f 145/182/165 161/190/165 146/184/165
f 153/183/166 169/191/166 154/169/166
f 147/185/167 161/190/167 162/192/167
f 155/170/168 169/191/168 170/193/168
f 147/185/169 163/194/169 148/171/169
f 156/172/170 170/193/170 171/195/170
f 149/173/171 163/194/171 164/196/171
f 157/174/172 171/195/172 172/197/172
f 150/175/173 164/196/173 165/198/173
f 143/177/174 82/199/174 158/200/174
f 308/201/175 157/174/175 172/197/175
f 150/175/176 166/202/176 151/179/176
f 162/192/177 178/203/177 163/194/177
f 171/195/178 185/204/178 186/205/178
f 164/196/179 178/203/179 179/206/179
f 172/197/180 186/205/180 187/207/180
f 165/198/181 179/206/181 180/208/181
f 158/200/182 82/209/182 173/210/182
f 308/211/183 172/197/183 187/207/183
f 165/198/184 181/212/184 166/202/184
f 158/200/185 174/213/185 159/186/185
f 166/202/186 182/214/186 167/187/186
f 159/186/187 175/215/187 160/188/187
f 168/189/188 182/214/188 183/216/188
f 160/188/189 176/217/189 161/190/189
f 168/189/190 184/218/190 169/191/190
f 162/192/191 176/217/191 177/219/191
f 170/193/192 184/218/192 185/204/192
f 181/212/193 197/220/193 182/214/193
f 175/215/194 189/221/194 190/222/194
f 183/216/195 197/220/195 198/223/195
f 175/215/196 191/224/196 176/217/196
f 183/216/197 199/225/197 184/218/197
f 177/219/198 191/224/198 192/226/198
f 185/204/199 199/225/199 200/227/199
f 177/219/200 193/228/200 178/203/200
f 185/204/201 201/229/201 186/205/201
f 179/206/202 193/228/202 194/230/202
f 186/205/203 202/231/203 187/207/203
f 180/208/204 194/230/204 195/232/204
f 173/210/205 82/233/205 188/234/205
f 308/235/206 187/207/206 202/231/206
f 180/208/207 196/236/207 181/212/207
f 174/213/208 188/234/208 189/221/208
f 201/229/209 215/237/209 216/238/209
f 194/230/210 208/239/210 209/240/210
f 202/231/211 216/238/211 217/241/211
f 195/232/212 209/240/212 210/242/212
f 188/234/213 82/243/213 203/244/213
f 308/245/214 202/231/214 217/241/214
f 195/232/215 211/246/215 196/236/215
f 188/234/216 204/247/216 189/221/216
f 196/236/217 212/248/217 197/220/217
f 189/221/218 205/249/218 190/222/218
f 198/223/219 212/248/219 213/250/219
f 190/222/220 206/251/220 191/224/220
f 198/223/221 214/252/221 199/225/221
f 192/226/222 206/251/222 207/253/222
f 200/227/223 214/252/223 215/237/223
f 192/226/224 208/239/224 193/228/224
f 204/247/225 220/254/225 205/249/225
f 213/250/226 227/255/226 228/256/226
f 205/249/227 221/257/227 206/251/227
f 213/250/228 229/258/228 214/252/228
f 207/253/229 221/257/229 222/259/229
f 215/237/230 229/258/230 230/260/230
f 207/253/231 223/261/231 208/239/231
f 216/238/232 230/260/232 231/262/232
f 209/240/233 223/261/233 224/263/233
f 217/241/234 231/262/234 232/264/234
f 210/242/235 224/263/235 225/265/235
f 203/244/236 82/266/236 218/267/236
f 308/268/237 217/241/237 232/264/237
f 210/242/238 226/269/238 211/246/238
f 203/244/239 219/270/239 204/247/239
f 211/246/240 227/255/240 212/248/240
f 224/263/241 238/271/241 239/272/241
f 231/262/242 247/273/242 232/264/242
f 225/265/243 239/272/243 240/274/243
f 218/267/244 82/275/244 233/276/244
f 308/277/245 232/264/245 247/273/245
f 225/265/246 241/278/246 226/269/246
f 219/270/247 233/276/247 234/279/247
f 226/269/248 242/280/248 227/255/248
f 219/270/249 235/281/249 220/254/249
f 228/256/250 242/280/250 243/282/250
f 220/254/251 236/283/251 221/257/251
f 228/256/252 244/284/252 229/258/252
f 222/259/253 236/283/253 237/285/253
f 230/260/254 244/284/254 245/286/254
f 222/259/255 238/271/255 223/261/255
f 231/262/256 245/286/256 246/287/256
f 243/282/257 257/288/257 258/289/257
f 235/281/258 251/290/258 236/283/258
f 243/282/259 259/291/259 244/284/259
f 237/285/260 251/290/260 252/292/260
f 245/286/261 259/291/261 260/293/261
f 237/285/262 253/294/262 238/271/262
f 245/286/263 261/295/263 246/287/263
f 239/272/264 253/294/264 254/296/264
f 246/287/265 262/297/265 247/273/265
f 240/274/266 254/296/266 255/298/266
f 233/276/267 82/299/267 248/300/267
f 308/301/268 247/273/268 262/297/268
f 240/274/269 256/302/269 241/278/269
f 234/279/270 248/300/270 249/303/270
f 241/278/271 257/288/271 242/280/271
f 235/281/272 249/303/272 250/304/272
f 261/295/273 277/305/273 262/297/273
f 255/298/274 269/306/274 270/307/274
f 248/300/275 82/308/275 263/309/275
f 308/310/276 262/297/276 277/305/276
f 255/298/277 271/311/277 256/302/277
f 249/303/278 263/309/278 264/312/278
f 256/302/279 272/313/279 257/288/279
f 249/303/280 265/314/280 250/304/280
f 258/289/281 272/313/281 273/315/281
f 250/304/282 266/316/282 251/290/282
f 258/289/283 274/317/283 259/291/283
f 252/292/284 266/316/284 267/318/284
f 260/293/285 274/317/285 275/319/285
f 252/292/286 268/320/286 253/294/286
f 261/295/287 275/319/287 276/321/287
f 254/296/288 268/320/288 269/306/288
f 273/315/289 289/322/289 274/317/289
f 267/318/290 281/323/290 282/324/290
f 275/319/291 289/322/291 290/325/291
f 267/318/292 283/326/292 268/320/292
f 275/319/293 291/327/293 276/321/293
f 269/306/294 283/326/294 284/328/294
f 276/321/295 292/329/295 277/305/295
f 270/307/296 284/328/296 285/330/296
f 263/309/297 82/331/297 278/332/297
f 308/333/298 277/305/298 292/329/298
f 270/307/299 286/334/299 271/311/299
f 263/309/300 279/335/300 264/312/300
f 271/311/301 287/336/301 272/313/301
f 264/312/302 280/337/302 265/314/302
f 273/315/303 287/336/303 288/338/303
f 265/314/304 281/323/304 266/316/304
f 278/332/305 82/339/305 293/340/305
f 308/341/306 292/329/306 307/342/306
f 285/330/307 301/343/307 286/334/307
f 278/332/308 294/344/308 279/335/308
f 286/334/309 302/345/309 287/336/309
f 280/337/310 294/344/310 295/346/310
f 288/338/311 302/345/311 303/347/311
f 280/337/312 296/348/312 281/323/312
f 288/338/313 304/349/313 289/322/313
f 282/324/314 296/348/314 297/350/314
f 290/325/315 304/349/315 305/351/315
f 282/324/316 298/352/316 283/326/316
f 290/325/317 306/353/317 291/327/317
f 284/328/318 298/352/318 299/354/318
f 292/329/319 306/353/319 307/342/319
f 285/330/320 299/354/320 300/355/320
f 297/350/321 312/356/321 313/357/321
f 305/351/322 320/358/322 321/359/322
f 297/350/323 314/360/323 298/352/323
f 305/351/324 322/361/324 306/353/324
f 299/354/325 314/360/325 315/362/325
f 306/353/326 323/363/326 307/342/326
f 300/355/327 315/362/327 316/364/327
f 293/340/328 82/365/328 309/366/328
f 308/367/329 307/342/329 323/363/329
f 300/355/330 317/368/330 301/343/330
f 294/344/331 309/366/331 310/369/331
f 301/343/332 318/370/332 302/345/332
f 295/346/333 310/369/333 311/371/333
f 303/347/334 318/370/334 319/372/334
f 295/346/335 312/356/335 296/348/335
f 303/347/336 320/358/336 304/349/336
f 316/364/337 332/373/337 317/368/337
f 309/366/338 325/374/338 310/369/338
f 317/368/339 333/375/339 318/370/339
f 310/369/340 326/376/340 311/371/340
f 319/372/341 333/375/341 334/377/341
f 311/371/342 327/378/342 312/356/342
f 319/372/343 335/379/343 320/358/343
f 313/357/344 327/378/344 328/380/344
f 321/359/345 335/379/345 336/381/345
f 313/357/346 329/382/346 314/360/346
f 321/359/347 337/383/347 322/361/347
f 315/362/348 329/382/348 330/384/348
f 323/363/349 337/383/349 338/385/349
f 316/364/350 330/384/350 331/386/350
f 309/366/351 82/387/351 324/388/351
f 308/389/352 323/363/352 338/385/352
f 336/381/353 350/390/353 351/391/353
f 328/380/354 344/392/354 329/382/354
f 336/381/355 352/393/355 337/383/355
f 330/384/356 344/392/356 345/394/356
f 338/385/357 352/393/357 353/395/357
f 331/386/358 345/394/358 346/396/358
f 324/388/359 82/397/359 339/398/359
f 308/399/360 338/385/360 353/395/360
f 331/386/361 347/400/361 332/373/361
f 324/388/362 340/401/362 325/374/362
f 332/373/363 348/402/363 333/375/363
f 326/376/364 340/401/364 341/403/364
f 334/377/365 348/402/365 349/404/365
f 326/376/366 342/405/366 327/378/366
f 334/377/367 350/390/367 335/379/367
f 328/380/368 342/405/368 343/406/368
f 339/398/369 355/407/369 340/401/369
f 347/400/370 363/408/370 348/402/370
f 341/403/371 355/407/371 356/409/371
f 349/404/372 363/408/372 364/410/372
f 341/403/373 357/411/373 342/405/373
f 349/404/374 365/412/374 350/390/374
f 343/406/375 357/411/375 358/413/375
f 351/391/376 365/412/376 366/414/376
f 343/406/377 359/415/377 344/392/377
f 351/391/378 367/416/378 352/393/378
f 345/394/379 359/415/379 360/417/379
f 353/395/380 367/416/380 368/418/380
f 346/396/381 360/417/381 361/419/381
f 339/398/382 82/420/382 354/421/382
f 308/422/383 353/395/383 368/418/383
f 346/396/384 362/423/384 347/400/384
f 358/424/385 374/425/385 359/426/385
f 366/427/386 382/428/386 367/429/386
f 360/430/387 374/425/387 375/431/387
f 367/429/388 383/432/388 368/433/388
f 361/434/389 375/431/389 376/435/389
f 354/436/390 82/437/390 369/438/390
f 308/439/391 368/433/391 383/432/391
f 361/434/392 377/440/392 362/441/392
f 355/442/393 369/438/393 370/443/393
f 362/441/394 378/444/394 363/445/394
f 356/446/395 370/443/395 371/447/395
f 364/448/396 378/444/396 379/449/396
f 356/446/397 372/450/397 357/451/397
f 364/448/398 380/452/398 365/453/398
f 358/424/399 372/450/399 373/454/399
f 366/427/400 380/452/400 381/455/400
f 377/440/401 393/456/401 378/444/401
f 371/447/402 385/457/402 386/458/402
f 379/449/403 393/456/403 394/459/403
f 371/447/404 387/460/404 372/450/404
f 379/449/405 395/461/405 380/452/405
f 373/454/406 387/460/406 388/462/406
f 381/455/407 395/461/407 396/463/407
f 373/454/408 389/464/408 374/425/408
f 381/455/409 397/465/409 382/428/409
f 375/431/410 389/464/410 390/466/410
f 382/428/411 398/467/411 383/432/411
f 376/435/412 390/466/412 391/468/412
f 369/438/413 82/469/413 384/470/413
f 308/471/414 383/432/414 398/467/414
f 376/435/415 392/472/415 377/440/415
f 370/443/416 384/470/416 385/457/416
f 396/463/417 412/473/417 397/465/417
f 390/466/418 404/474/418 405/475/418
f 398/467/419 412/473/419 413/476/419
f 391/468/420 405/475/420 406/477/420
f 384/470/421 82/478/421 399/479/421
f 308/480/422 398/467/422 413/476/422
f 391/468/423 407/481/423 392/472/423
f 384/470/424 400/482/424 385/457/424
f 392/472/425 408/483/425 393/456/425
f 386/458/426 400/482/426 401/484/426
f 394/459/427 408/483/427 409/485/427
f 386/458/428 402/486/428 387/460/428
f 394/459/429 410/487/429 395/461/429
f 388/462/430 402/486/430 403/488/430
f 396/463/431 410/487/431 411/489/431
f 388/462/432 404/474/432 389/464/432
f 409/485/433 423/490/433 424/491/433
f 401/484/434 417/492/434 402/486/434
f 409/485/435 425/493/435 410/487/435
f 403/488/436 417/492/436 418/494/436
f 411/489/437 425/493/437 426/495/437
f 403/488/438 419/496/438 404/474/438
f 411/489/439 427/497/439 412/473/439
f 405/475/440 419/496/440 420/498/440
f 412/473/441 428/499/441 413/476/441
f 406/477/442 420/498/442 421/500/442
f 399/479/443 82/501/443 414/502/443
f 308/503/444 413/476/444 428/499/444
f 406/477/445 422/504/445 407/481/445
f 399/479/446 415/505/446 400/482/446
f 407/481/447 423/490/447 408/483/447
f 401/484/448 415/505/448 416/506/448
f 428/499/449 442/507/449 443/508/449
f 421/500/450 435/509/450 436/510/450
f 414/502/451 82/511/451 429/512/451
f 308/513/452 428/499/452 443/508/452
f 421/500/453 437/514/453 422/504/453
f 414/502/454 430/515/454 415/505/454
f 422/504/455 438/516/455 423/490/455
f 416/506/456 430/515/456 431/517/456
f 424/491/457 438/516/457 439/518/457
f 416/506/458 432/519/458 417/492/458
f 424/491/459 440/520/459 425/493/459
f 418/494/460 432/519/460 433/521/460
f 426/495/461 440/520/461 441/522/461
f 418/494/462 434/523/462 419/496/462
f 426/495/463 442/507/463 427/497/463
f 420/498/464 434/523/464 435/509/464
f 431/517/465 447/524/465 432/519/465
f 439/518/466 455/525/466 440/520/466
f 433/521/467 447/524/467 448/526/467
f 441/522/468 455/525/468 456/527/468
f 433/521/469 449/528/469 434/523/469
f 441/522/470 457/529/470 442/507/470
f 435/509/471 449/528/471 450/530/471
f 442/507/472 458/531/472 443/508/472
f 436/510/473 450/530/473 451/532/473
f 429/512/474 82/533/474 444/534/474
f 308/535/475 443/508/475 458/531/475
f 436/510/476 452/536/476 437/514/476
f 430/515/477 444/534/477 445/537/477
f 437/514/478 453/538/478 438/516/478
f 431/517/479 445/537/479 446/539/479
f 439/518/480 453/538/480 454/540/480
f 451/532/481 465/541/481 466/542/481
f 444/534/482 82/543/482 459/544/482
f 308/545/483 458/531/483 473/546/483
f 451/532/484 467/547/484 452/536/484
f 444/534/485 460/548/485 445/537/485
f 452/536/486 468/549/486 453/538/486
f 446/539/487 460/548/487 461/550/487
f 454/540/488 468/549/488 469/551/488
f 446/539/489 462/552/489 447/524/489
f 454/540/490 470/553/490 455/525/490
f 448/526/491 462/552/491 463/554/491
f 456/527/492 470/553/492 471/555/492
f 448/526/493 464/556/493 449/528/493
f 456/527/494 472/557/494 457/529/494
f 450/530/495 464/556/495 465/541/495
f 458/531/496 472/557/496 473/546/496
f 469/551/497 479/4/497 470/553/497
f 463/554/498 476/1/498 2/8/498
f 471/555/499 479/4/499 480/10/499
f 464/556/500 2/8/500 477/11/500
f 471/555/501 481/14/501 472/557/501
f 465/541/502 477/11/502 3/15/502
f 472/557/503 482/18/503 473/546/503
f 466/542/504 3/15/504 4/20/504
f 459/544/505 82/558/505 474/21/505
f 308/559/506 473/546/506 482/18/506
f 466/542/507 5/26/507 467/547/507
f 459/544/508 475/27/508 460/548/508
f 467/547/509 478/30/509 468/549/509
f 461/550/510 475/27/510 1/31/510
f 468/549/511 6/32/511 469/551/511
f 462/552/512 1/31/512 476/1/512
f 487/560/513 496/561/513 497/562/513
f 956/563/514 490/564/514 957/565/514
f 960/566/515 497/562/515 498/567/515
f 957/565/516 491/568/516 483/569/516
f 488/570/517 498/567/517 499/571/517
f 483/569/518 492/572/518 958/573/518
f 961/574/519 499/571/519 500/575/519
f 958/573/520 493/576/520 484/577/520
f 962/578/521 500/575/521 501/579/521
f 959/580/522 493/576/522 494/581/522
f 963/582/523 501/579/523 502/583/523
f 485/584/524 494/581/524 495/585/524
f 964/586/525 502/583/525 503/587/525
f 486/588/526 495/585/526 496/561/526
f 956/563/527 564/589/527 489/590/527
f 790/591/528 964/586/528 503/587/528
f 503/587/529 517/592/529 518/593/529
f 496/561/530 510/594/530 511/595/530
f 489/590/531 564/596/531 504/597/531
f 790/598/532 503/587/532 518/593/532
f 497/562/533 511/595/533 512/599/533
f 489/590/534 505/600/534 490/564/534
f 498/567/535 512/599/535 513/601/535
f 490/564/536 506/602/536 491/568/536
f 499/571/537 513/601/537 514/603/537
f 491/568/538 507/604/538 492/572/538
f 500/575/539 514/603/539 515/605/539
f 493/576/540 507/604/540 508/606/540
f 501/579/541 515/605/541 516/607/541
f 494/581/542 508/606/542 509/608/542
f 502/583/543 516/607/543 517/592/543
f 495/585/544 509/608/544 510/594/544
f 515/605/545 529/609/545 530/610/545
f 508/606/546 522/611/546 523/612/546
f 516/607/547 530/610/547 531/613/547
f 509/608/548 523/612/548 524/614/548
f 517/592/549 531/613/549 532/615/549
f 510/594/550 524/614/550 525/616/550
f 518/593/551 532/615/551 533/617/551
f 511/595/552 525/616/552 526/618/552
f 504/597/553 564/619/553 519/620/553
f 790/621/554 518/593/554 533/617/554
f 512/599/555 526/618/555 527/622/555
f 504/597/556 520/623/556 505/600/556
f 513/601/557 527/622/557 528/624/557
f 505/600/558 521/625/558 506/602/558
f 514/603/559 528/624/559 529/609/559
f 506/602/560 522/611/560 507/604/560
f 519/620/561 564/626/561 534/627/561
f 790/628/562 533/617/562 548/629/562
f 527/622/563 541/630/563 542/631/563
f 519/620/564 535/632/564 520/623/564
f 528/624/565 542/631/565 543/633/565
f 520/623/566 536/634/566 521/625/566
f 529/609/567 543/633/567 544/635/567
f 522/611/568 536/634/568 537/636/568
f 530/610/569 544/635/569 545/637/569
f 523/612/570 537/636/570 538/638/570
f 531/613/571 545/637/571 546/639/571
f 524/614/572 538/638/572 539/640/572
f 532/615/573 546/639/573 547/641/573
f 525/616/574 539/640/574 540/642/574
f 533/617/575 547/641/575 548/629/575
f 526/618/576 540/642/576 541/630/576
f 538/638/577 552/643/577 553/644/577
f 546/639/578 560/645/578 561/646/578
f 539/640/579 553/644/579 554/647/579
f 547/641/580 561/646/580 562/648/580
f 540/642/581 554/647/581 555/649/581
f 548/629/582 562/648/582 563/650/582
f 541/630/583 555/649/583 556/651/583
f 534/627/584 564/652/584 549/653/584
f 790/654/585 548/629/585 563/650/585
f 542/631/586 556/651/586 557/655/586
f 535/632/587 549/653/587 550/656/587
f 543/633/588 557/655/588 558/657/588
f 536/634/589 550/656/589 551/658/589
f 544/635/590 558/657/590 559/659/590
f 537/636/591 551/658/591 552/643/591
f 545/637/592 559/659/592 560/645/592
f 557/655/593 572/660/593 573/661/593
f 550/656/594 565/662/594 566/663/594
f 558/657/595 573/661/595 574/664/595
f 551/658/596 566/663/596 567/665/596
f 559/659/597 574/664/597 575/666/597
f 552/643/598 567/665/598 568/667/598
f 560/645/599 575/666/599 576/668/599
f 553/644/600 568/667/600 569/669/600
f 561/646/601 576/668/601 577/670/601
f 554/647/602 569/669/602 570/671/602
f 562/648/603 577/670/603 578/672/603
f 555/649/604 570/671/604 571/673/604
f 563/650/605 578/672/605 579/674/605
f 556/651/606 571/673/606 572/660/606
f 549/653/607 564/675/607 565/662/607
f 790/676/608 563/650/608 579/674/608
f 577/670/609 591/677/609 592/678/609
f 570/671/610 584/679/610 585/680/610
f 578/672/611 592/678/611 593/681/611
f 571/673/612 585/680/612 586/682/612
f 578/672/613 594/683/613 579/674/613
f 572/660/614 586/682/614 587/684/614
f 565/662/615 564/685/615 580/686/615
f 790/687/616 579/674/616 594/683/616
f 573/661/617 587/684/617 588/688/617
f 566/663/618 580/686/618 581/689/618
f 574/664/619 588/688/619 589/690/619
f 567/665/620 581/689/620 582/691/620
f 575/666/621 589/690/621 590/692/621
f 568/667/622 582/691/622 583/693/622
f 576/668/623 590/692/623 591/677/623
f 569/669/624 583/693/624 584/679/624
f 581/689/625 595/694/625 596/695/625
f 589/690/626 603/696/626 604/697/626
f 582/691/627 596/695/627 597/698/627
f 590/692/628 604/697/628 605/699/628
f 583/693/629 597/698/629 598/700/629
f 591/677/630 605/699/630 606/701/630
f 584/679/631 598/700/631 599/702/631
f 592/678/632 606/701/632 607/703/632
f 585/680/633 599/702/633 600/704/633
f 592/678/634 608/705/634 593/681/634
f 586/682/635 600/704/635 601/706/635
f 593/681/636 609/707/636 594/683/636
f 587/684/637 601/706/637 602/708/637
f 580/686/638 564/709/638 595/694/638
f 790/710/639 594/683/639 609/707/639
f 588/688/640 602/708/640 603/696/640
f 600/704/641 614/711/641 615/712/641
f 607/703/642 623/713/642 608/705/642
f 601/706/643 615/712/643 616/714/643
f 608/705/644 624/715/644 609/707/644
f 602/708/645 616/714/645 617/716/645
f 595/694/646 564/717/646 610/718/646
f 790/719/647 609/707/647 624/715/647
f 603/696/648 617/716/648 618/720/648
f 596/695/649 610/718/649 611/721/649
f 604/697/650 618/720/650 619/722/650
f 597/698/651 611/721/651 612/723/651
f 605/699/652 619/722/652 620/724/652
f 598/700/653 612/723/653 613/725/653
f 606/701/654 620/724/654 621/726/654
f 599/702/655 613/725/655 614/711/655
f 606/701/656 622/727/656 607/703/656
f 619/722/657 633/728/657 634/729/657
f 612/723/658 626/730/658 627/731/658
f 620/724/659 634/729/659 635/732/659
f 613/725/660 627/731/660 628/733/660
f 621/726/661 635/732/661 636/734/661
f 614/711/662 628/733/662 629/735/662
f 621/726/663 637/736/663 622/727/663
f 615/712/664 629/735/664 630/737/664
f 622/727/665 638/738/665 623/713/665
f 616/714/666 630/737/666 631/739/666
f 623/713/667 639/740/667 624/715/667
f 617/716/668 631/739/668 632/741/668
f 610/718/669 564/742/669 625/743/669
f 790/744/670 624/715/670 639/740/670
f 618/720/671 632/741/671 633/728/671
f 611/721/672 625/743/672 626/730/672
f 637/736/673 653/745/673 638/738/673
f 631/739/674 645/746/674 646/747/674
f 638/738/675 654/748/675 639/740/675
f 632/741/676 646/747/676 647/749/676
f 625/743/677 564/750/677 640/751/677
f 790/752/678 639/740/678 654/748/678
f 633/728/679 647/749/679 648/753/679
f 626/730/680 640/751/680 641/754/680
f 634/729/681 648/753/681 649/755/681
f 627/731/682 641/754/682 642/756/682
f 635/732/683 649/755/683 650/757/683
f 628/733/684 642/756/684 643/758/684
f 635/732/685 651/759/685 636/734/685
f 629/735/686 643/758/686 644/760/686
f 636/734/687 652/761/687 637/736/687
f 630/737/688 644/760/688 645/746/688
f 650/757/689 664/762/689 665/763/689
f 643/758/690 657/764/690 658/765/690
f 650/757/691 666/766/691 651/759/691
f 644/760/692 658/765/692 659/767/692
f 651/759/693 667/768/693 652/761/693
f 645/746/694 659/767/694 660/769/694
f 652/761/695 668/770/695 653/745/695
f 646/747/696 660/769/696 661/771/696
f 653/745/697 669/772/697 654/748/697
f 647/749/698 661/771/698 662/773/698
f 640/751/699 564/774/699 655/775/699
f 790/776/700 654/748/700 669/772/700
f 648/753/701 662/773/701 663/777/701
f 641/754/702 655/775/702 656/778/702
f 649/755/703 663/777/703 664/762/703
f 642/756/704 656/778/704 657/764/704
f 668/770/705 684/779/705 669/772/705
f 662/773/706 676/780/706 677/781/706
f 655/775/707 564/782/707 670/783/707
f 790/784/708 669/772/708 684/779/708
f 663/777/709 677/781/709 678/785/709
f 656/778/710 670/783/710 671/786/710
f 664/762/711 678/785/711 679/787/711
f 657/764/712 671/786/712 672/788/712
f 665/763/713 679/787/713 680/789/713
f 658/765/714 672/788/714 673/790/714
f 665/763/715 681/791/715 666/766/715
f 659/767/716 673/790/716 674/792/716
f 666/766/717 682/793/717 667/768/717
f 660/769/718 674/792/718 675/794/718
f 667/768/719 683/795/719 668/770/719
f 661/771/720 675/794/720 676/780/720
f 672/788/721 688/796/721 673/790/721
f 681/791/722 695/797/722 696/798/722
f 673/790/723 689/799/723 674/792/723
f 682/793/724 696/798/724 697/800/724
f 674/792/725 690/801/725 675/794/725
f 683/795/726 697/800/726 698/802/726
f 675/794/727 691/803/727 676/780/727
f 684/779/728 698/802/728 699/804/728
f 676/780/729 692/805/729 677/781/729
f 670/783/730 564/806/730 685/807/730
f 790/808/731 684/779/731 699/804/731
f 677/781/732 693/809/732 678/785/732
f 670/783/733 686/810/733 671/786/733
f 678/785/734 694/811/734 679/787/734
f 671/786/735 687/812/735 672/788/735
f 679/787/736 695/797/736 680/789/736
f 691/803/737 707/813/737 692/805/737
f 685/807/738 564/814/738 700/815/738
f 790/816/739 699/804/739 714/817/739
f 692/805/740 708/818/740 693/809/740
f 685/807/741 701/819/741 686/810/741
f 693/809/742 709/820/742 694/811/742
f 686/810/743 702/821/743 687/812/743
f 694/811/744 710/822/744 695/797/744
f 687/812/745 703/823/745 688/796/745
f 696/798/746 710/822/746 711/824/746
f 688/796/747 704/825/747 689/799/747
f 697/800/748 711/824/748 712/826/748
f 689/799/749 705/827/749 690/801/749
f 698/802/750 712/826/750 713/828/750
f 690/801/751 706/829/751 691/803/751
f 699/804/752 713/828/752 714/817/752
f 711/824/753 725/830/753 726/831/753
f 703/823/754 719/832/754 704/825/754
f 712/826/755 726/831/755 727/833/755
f 704/825/756 720/834/756 705/827/756
f 713/828/757 727/833/757 728/835/757
f 705/827/758 721/836/758 706/829/758
f 714/817/759 728/835/759 729/837/759
f 706/829/760 722/838/760 707/813/760
f 700/815/761 564/839/761 715/840/761
f 790/841/762 714/817/762 729/837/762
f 707/813/763 723/842/763 708/818/763
f 700/815/764 716/843/764 701/819/764
f 708/818/765 724/844/765 709/820/765
f 701/819/766 717/845/766 702/821/766
f 709/820/767 725/830/767 710/822/767
f 702/821/768 718/846/768 703/823/768
f 715/840/769 564/847/769 730/848/769
f 790/849/770 729/837/770 744/850/770
f 722/838/771 738/851/771 723/842/771
f 715/840/772 731/852/772 716/843/772
f 723/842/773 739/853/773 724/844/773
f 716/843/774 732/854/774 717/845/774
f 724/844/775 740/855/775 725/830/775
f 717/845/776 733/856/776 718/846/776
f 726/831/777 740/855/777 741/857/777
f 718/846/778 734/858/778 719/832/778
f 727/833/779 741/857/779 742/859/779
f 719/832/780 735/860/780 720/834/780
f 728/835/781 742/859/781 743/861/781
f 720/834/782 736/862/782 721/836/782
f 729/837/783 743/861/783 744/850/783
f 721/836/784 737/863/784 722/838/784
f 733/856/785 749/864/785 734/858/785
f 742/859/786 756/865/786 757/866/786
f 734/858/787 750/867/787 735/860/787
f 743/861/788 757/866/788 758/868/788
f 735/860/789 751/869/789 736/862/789
f 744/850/790 758/868/790 759/870/790
f 736/862/791 752/871/791 737/863/791
f 730/848/792 564/872/792 745/873/792
f 790/874/793 744/850/793 759/870/793
f 737/863/794 753/875/794 738/851/794
f 730/848/795 746/876/795 731/852/795
f 738/851/796 754/877/796 739/853/796
f 731/852/797 747/878/797 732/854/797
f 739/853/798 755/879/798 740/855/798
f 732/854/799 748/880/799 733/856/799
f 740/855/800 756/865/800 741/857/800
f 752/871/801 768/881/801 753/875/801
f 745/873/802 761/882/802 746/876/802
f 753/875/803 769/883/803 754/877/803
f 746/876/804 762/884/804 747/878/804
f 754/877/805 770/885/805 755/879/805
f 747/878/806 763/886/806 748/880/806
f 755/879/807 771/887/807 756/865/807
f 748/880/808 764/888/808 749/864/808
f 757/866/809 771/887/809 772/889/809
f 749/864/810 765/890/810 750/867/810
f 758/868/811 772/889/811 773/891/811
f 750/867/812 766/892/812 751/869/812
f 759/870/813 773/891/813 774/893/813
f 751/869/814 767/894/814 752/871/814
f 745/873/815 564/895/815 760/896/815
f 790/897/816 759/870/816 774/893/816
f 771/887/817 787/898/817 772/889/817
f 764/888/818 780/899/818 765/890/818
f 773/891/819 787/898/819 788/900/819
f 765/890/820 781/901/820 766/892/820
f 774/893/821 788/900/821 789/902/821
f 766/892/822 782/903/822 767/894/822
f 760/896/823 564/904/823 775/905/823
f 790/906/824 774/893/824 789/902/824
f 767/894/825 783/907/825 768/881/825
f 760/896/826 776/908/826 761/882/826
f 768/881/827 784/909/827 769/883/827
f 761/882/828 777/910/828 762/884/828
f 769/883/829 785/911/829 770/885/829
f 762/884/830 778/912/830 763/886/830
f 770/885/831 786/913/831 771/887/831
f 763/886/832 779/914/832 764/888/832
f 783/907/833 800/915/833 784/909/833
f 776/908/834 793/916/834 777/910/834
f 784/909/835 801/917/835 785/911/835
f 777/910/836 794/918/836 778/912/836
f 785/911/837 802/919/837 786/913/837
f 778/912/838 795/920/838 779/914/838
f 786/913/839 803/921/839 787/898/839
f 779/914/840 796/922/840 780/899/840
f 787/898/841 804/923/841 788/900/841
f 780/899/842 797/924/842 781/901/842
f 788/900/843 805/925/843 789/902/843
f 781/901/844 798/926/844 782/903/844
f 775/905/845 564/927/845 791/928/845
f 790/929/846 789/902/846 805/925/846
f 782/903/847 799/930/847 783/907/847
f 775/905/848 792/931/848 776/908/848
f 803/921/849 819/932/849 804/923/849
f 796/922/850 812/933/850 797/924/850
f 804/923/851 820/934/851 805/925/851
f 797/924/852 813/935/852 798/926/852
f 791/928/853 564/936/853 806/937/853
f 790/938/854 805/925/854 820/934/854
f 798/926/855 814/939/855 799/930/855
f 791/928/856 807/940/856 792/931/856
f 799/930/857 815/941/857 800/915/857
f 792/931/858 808/942/858 793/916/858
f 800/915/859 816/943/859 801/917/859
f 793/916/860 809/944/860 794/918/860
f 801/917/861 817/945/861 802/919/861
f 794/918/862 810/946/862 795/920/862
f 802/919/863 818/947/863 803/921/863
f 795/920/864 811/948/864 796/922/864
f 807/940/865 823/949/865 808/942/865
f 815/941/866 831/950/866 816/943/866
f 808/942/867 824/951/867 809/944/867
f 816/943/868 832/952/868 817/945/868
f 809/944/869 825/953/869 810/946/869
f 817/945/870 833/954/870 818/947/870
f 810/946/871 826/955/871 811/948/871
f 818/947/872 834/956/872 819/932/872
f 811/948/873 827/957/873 812/933/873
f 819/932/874 835/958/874 820/934/874
f 812/933/875 828/959/875 813/935/875
f 806/937/876 564/960/876 821/961/876
f 790/962/877 820/934/877 835/958/877
f 813/935/878 829/963/878 814/939/878
f 807/940/879 821/961/879 822/964/879
f 814/939/880 830/965/880 815/941/880
f 826/955/881 842/966/881 827/957/881
f 834/956/882 850/967/882 835/958/882
f 827/957/883 843/968/883 828/959/883
f 821/961/884 564/969/884 836/970/884
f 790/971/885 835/958/885 850/967/885
f 828/959/886 844/972/886 829/963/886
f 822/964/887 836/970/887 837/973/887
f 829/963/888 845/974/888 830/965/888
f 823/949/889 837/973/889 838/975/889
f 830/965/890 846/976/890 831/950/890
f 823/949/891 839/977/891 824/951/891
f 831/950/892 847/978/892 832/952/892
f 824/951/893 840/979/893 825/953/893
f 832/952/894 848/980/894 833/954/894
f 825/953/895 841/981/895 826/955/895
f 833/954/896 849/982/896 834/956/896
f 845/983/897 861/984/897 846/985/897
f 839/986/898 853/987/898 854/988/898
f 846/985/899 862/989/899 847/990/899
f 839/986/900 855/991/900 840/992/900
f 847/990/901 863/993/901 848/994/901
f 840/992/902 856/995/902 841/996/902
f 848/994/903 864/997/903 849/998/903
f 841/996/904 857/999/904 842/1000/904
f 849/998/905 865/1001/905 850/1002/905
f 842/1000/906 858/1003/906 843/1004/906
f 836/1005/907 564/1006/907 851/1007/907
f 790/1008/908 850/1002/908 865/1001/908
f 843/1004/909 859/1009/909 844/1010/909
f 837/1011/910 851/1007/910 852/1012/910
f 844/1010/911 860/1013/911 845/983/911
f 838/1014/912 852/1012/912 853/987/912
f 864/997/913 880/1015/913 865/1001/913
f 857/999/914 873/1016/914 858/1003/914
f 851/1007/915 564/1017/915 866/1018/915
f 790/1019/916 865/1001/916 880/1015/916
f 858/1003/917 874/1020/917 859/1009/917
f 852/1012/918 866/1018/918 867/1021/918
f 859/1009/919 875/1022/919 860/1013/919
f 853/987/920 867/1021/920 868/1023/920
f 860/1013/921 876/1024/921 861/984/921
f 854/988/922 868/1023/922 869/1025/922
f 861/984/923 877/1026/923 862/989/923
f 854/988/924 870/1027/924 855/991/924
f 862/989/925 878/1028/925 863/993/925
f 855/991/926 871/1029/926 856/995/926
f 863/993/927 879/1030/927 864/997/927
f 856/995/928 872/1031/928 857/999/928
f 869/1025/929 883/1032/929 884/1033/929
f 876/1024/930 892/1034/930 877/1026/930
f 870/1027/931 884/1033/931 885/1035/931
f 877/1026/932 893/1036/932 878/1028/932
f 870/1027/933 886/1037/933 871/1029/933
f 878/1028/934 894/1038/934 879/1030/934
f 871/1029/935 887/1039/935 872/1031/935
f 879/1030/936 895/1040/936 880/1015/936
f 872/1031/937 888/1041/937 873/1016/937
f 866/1018/938 564/1042/938 881/1043/938
f 790/1044/939 880/1015/939 895/1040/939
f 873/1016/940 889/1045/940 874/1020/940
f 867/1021/941 881/1043/941 882/1046/941
f 874/1020/942 890/1047/942 875/1022/942
f 868/1023/943 882/1046/943 883/1032/943
f 875/1022/944 891/1048/944 876/1024/944
f 887/1039/945 903/1049/945 888/1041/945
f 881/1043/946 564/1050/946 896/1051/946
f 790/1052/947 895/1040/947 910/1053/947
f 888/1041/948 904/1054/948 889/1045/948
f 882/1046/949 896/1051/949 897/1055/949
f 889/1045/950 905/1056/950 890/1047/950
f 883/1032/951 897/1055/951 898/1057/951
f 890/1047/952 906/1058/952 891/1048/952
f 884/1033/953 898/1057/953 899/1059/953
f 891/1048/954 907/1060/954 892/1034/954
f 885/1035/955 899/1059/955 900/1061/955
f 892/1034/956 908/1062/956 893/1036/956
f 885/1035/957 901/1063/957 886/1037/957
f 893/1036/958 909/1064/958 894/1038/958
f 886/1037/959 902/1065/959 887/1039/959
f 894/1038/960 910/1053/960 895/1040/960
f 906/1058/961 922/1066/961 907/1060/961
f 900/1061/962 914/1067/962 915/1068/962
f 907/1060/963 923/1069/963 908/1062/963
f 900/1061/964 916/1070/964 901/1063/964
f 908/1062/965 924/1071/965 909/1064/965
f 901/1063/966 917/1072/966 902/1065/966
f 909/1064/967 925/1073/967 910/1053/967
f 902/1065/968 918/1074/968 903/1049/968
f 896/1051/969 564/1075/969 911/1076/969
f 790/1077/970 910/1053/970 925/1073/970 2149/1078/970
f 903/1049/971 919/1079/971 904/1054/971
f 897/1055/972 911/1076/972 912/1080/972
f 904/1054/973 920/1081/973 905/1056/973
f 898/1057/974 912/1080/974 913/1082/974
f 905/1056/975 921/1083/975 906/1058/975
f 899/1059/976 913/1082/976 914/1067/976
f 790/1084/977 2149/1085/977 925/1073/977 940/1086/977
f 919/1079/978 933/1087/978 934/1088/978
f 911/1076/979 927/1089/979 912/1080/979
f 920/1081/980 934/1088/980 935/1090/980
f 912/1080/981 928/1091/981 913/1082/981
f 921/1083/982 935/1090/982 936/1092/982
f 913/1082/983 929/1093/983 914/1067/983
f 922/1066/984 936/1092/984 937/1094/984 2150/1095/984
f 914/1067/985 930/1096/985 915/1068/985
f 923/1069/986 937/1094/986 938/1097/986
f 916/1070/987 930/1096/987 931/1098/987
f 924/1071/988 938/1097/988 939/1099/988
f 917/1072/989 931/1098/989 932/1100/989
f 925/1073/990 939/1099/990 940/1086/990
f 918/1074/991 932/1100/991 933/1087/991
f 911/1076/992 564/1101/992 926/1102/992
f 938/1097/993 952/1103/993 953/1104/993
f 931/1098/994 945/1105/994 946/1106/994
f 939/1099/995 953/1104/995 954/1107/995
f 932/1100/996 946/1106/996 947/1108/996
f 940/1086/997 954/1107/997 955/1109/997
f 933/1087/998 947/1108/998 948/1110/998
f 926/1102/999 564/1111/999 941/1112/999
f 790/1113/1000 940/1086/1000 955/1109/1000
f 934/1088/1001 948/1110/1001 949/1114/1001
f 926/1102/1002 942/1115/1002 927/1089/1002
f 935/1090/1003 949/1114/1003 950/1116/1003
f 927/1089/1004 943/1117/1004 928/1091/1004
f 936/1092/1005 950/1116/1005 951/1118/1005
f 928/1091/1006 944/1119/1006 929/1093/1006
f 937/1094/1007 951/1118/1007 952/1103/1007
f 929/1093/1008 945/1105/1008 930/1096/1008
f 941/1112/1009 957/565/1009 942/1115/1009
f 950/1116/1010 487/560/1010 960/566/1010
f 942/1115/1011 483/569/1011 943/1117/1011
f 951/1118/1012 960/566/1012 488/570/1012
f 943/1117/1013 958/573/1013 944/1119/1013
f 952/1103/1014 488/570/1014 961/574/1014
f 944/1119/1015 484/577/1015 945/1105/1015
f 953/1104/1016 961/574/1016 962/578/1016
f 946/1106/1017 484/577/1017 959/580/1017
f 954/1107/1018 962/578/1018 963/582/1018
f 947/1108/1019 959/580/1019 485/584/1019
f 955/1109/1020 963/582/1020 964/586/1020
f 948/1110/1021 485/584/1021 486/588/1021
f 941/1112/1022 564/1120/1022 956/563/1022
f 790/1121/1023 955/1109/1023 964/586/1023
f 949/1114/1024 486/588/1024 487/560/1024
f 965/1122/1025 978/1123/1025 966/1124/1025
f 966/1124/1026 979/1125/1026 967/1126/1026
f 967/1126/1027 980/1127/1027 968/1128/1027
f 968/1129/1028 981/1130/1028 969/1131/1028
f 981/1130/1029 970/1132/1029 969/1131/1029
f 982/1133/1030 971/1134/1030 970/1132/1030
f 983/1135/1031 972/1136/1031 971/1134/1031
f 984/1137/1032 973/1138/1032 972/1136/1032
f 985/1139/1033 974/1140/1033 973/1138/1033
f 986/1141/1034 975/1142/1034 974/1140/1034
f 975/1142/1035 988/1143/1035 976/1144/1035
f 976/1145/1036 977/1146/1036 965/1122/1036
f 977/1146/1037 990/1147/1037 978/1123/1037
f 978/1123/1038 991/1148/1038 979/1125/1038
f 979/1125/1039 992/1149/1039 980/1127/1039
f 980/1150/1040 993/1151/1040 981/1130/1040
f 993/1151/1041 982/1133/1041 981/1130/1041
f 994/1152/1042 983/1135/1042 982/1133/1042
f 995/1153/1043 984/1137/1043 983/1135/1043
f 996/1154/1044 985/1139/1044 984/1137/1044
f 997/1155/1045 986/1141/1045 985/1139/1045
f 998/1156/1046 987/1157/1046 986/1141/1046
f 987/1157/1047 1000/1158/1047 988/1143/1047
f 988/1159/1048 989/1160/1048 977/1146/1048
f 989/1160/1049 1002/1161/1049 990/1147/1049
f 990/1147/1050 1003/1162/1050 991/1148/1050
f 991/1148/1051 1004/1163/1051 992/1149/1051
f 992/1164/1052 1005/1165/1052 993/1151/1052
f 1005/1166/1053 994/1152/1053 993/1167/1053
f 1006/1168/1054 995/1153/1054 994/1152/1054
f 1007/1169/1055 996/1154/1055 995/1153/1055
f 1008/1170/1056 997/1155/1056 996/1154/1056
f 1009/1171/1057 998/1156/1057 997/1155/1057
f 1010/1172/1058 999/1173/1058 998/1156/1058
f 999/1173/1059 1012/1174/1059 1000/1158/1059
f 1000/1175/1060 1001/1176/1060 989/1160/1060
f 1001/1176/1061 1014/1177/1061 1002/1161/1061
f 1002/1161/1062 1015/1178/1062 1003/1162/1062
f 1003/1162/1063 1016/1179/1063 1004/1163/1063
f 1004/1180/1064 1017/1181/1064 1005/1165/1064
f 1017/1181/1065 1006/1182/1065 1005/1165/1065
f 1018/1183/1066 1007/1169/1066 1006/1168/1066
f 1019/1184/1067 1008/1170/1067 1007/1169/1067
f 1020/1185/1068 1009/1171/1068 1008/1170/1068
f 1021/1186/1069 1010/1172/1069 1009/1171/1069
f 1022/1187/1070 1011/1188/1070 1010/1172/1070
f 1011/1189/1071 1024/1190/1071 1012/1191/1071
f 1012/1192/1072 1013/1193/1072 1001/1176/1072
f 1013/1193/1073 1026/1194/1073 1014/1177/1073
f 1014/1177/1074 1027/1195/1074 1015/1178/1074
f 1015/1178/1075 1028/1196/1075 1016/1179/1075
f 1016/1197/1076 1029/1198/1076 1017/1181/1076
f 1029/1198/1077 1018/1199/1077 1017/1181/1077
f 1030/1200/1078 1019/1184/1078 1018/1183/1078
f 1031/1201/1079 1020/1185/1079 1019/1184/1079
f 1032/1202/1080 1021/1186/1080 1020/1185/1080
f 1033/1203/1081 1022/1187/1081 1021/1186/1081
f 1034/1204/1082 1023/1205/1082 1022/1187/1082
f 1023/1206/1083 1036/1207/1083 1024/1190/1083
f 1024/1208/1084 1025/1209/1084 1013/1193/1084
f 1025/1209/1085 1038/1210/1085 1026/1194/1085
f 1026/1194/1086 1039/1211/1086 1027/1195/1086
f 1027/1195/1087 1040/1212/1087 1028/1196/1087
f 1028/1213/1088 1041/1214/1088 1029/1198/1088
f 1041/1214/1089 1030/1215/1089 1029/1198/1089
f 1042/1216/1090 1031/1201/1090 1030/1200/1090
f 1043/1217/1091 1032/1202/1091 1031/1201/1091
f 1044/1218/1092 1033/1203/1092 1032/1202/1092
f 1045/1219/1093 1034/1204/1093 1033/1203/1093
f 1046/1220/1094 1035/1221/1094 1034/1204/1094
f 1035/1222/1095 1048/1223/1095 1036/1207/1095
f 1036/1224/1096 1037/1225/1096 1025/1209/1096
f 1037/1226/1097 1050/1227/1097 1038/1228/1097
f 1038/1228/1098 1051/1229/1098 1039/1230/1098
f 1039/1230/1099 1052/1231/1099 1040/1232/1099
f 1040/1233/1100 1053/1234/1100 1041/1235/1100
f 1053/1236/1101 1042/1237/1101 1041/1214/1101
f 1054/1238/1102 1043/1217/1102 1042/1216/1102
f 1055/1239/1103 1044/1218/1103 1043/1217/1103
f 1056/1240/1104 1045/1219/1104 1044/1218/1104
f 1057/1241/1105 1046/1220/1105 1045/1219/1105
f 1058/1242/1106 1047/1243/1106 1046/1220/1106
f 1047/1244/1107 1060/1245/1107 1048/1223/1107
f 1048/1246/1108 1049/1247/1108 1037/1226/1108
f 1061/1248/1109 1050/1227/1109 1049/1247/1109
f 1062/1249/1110 1051/1229/1110 1050/1227/1110
f 1063/1250/1111 1052/1231/1111 1051/1229/1111
f 1064/1251/1112 1053/1234/1112 1052/1252/1112
f 1053/1236/1113 1066/1253/1113 1054/1254/1113
f 1054/1255/1114 1067/1256/1114 1055/1239/1114
f 1055/1239/1115 1068/1257/1115 1056/1240/1115
f 1056/1240/1116 1069/1258/1116 1057/1241/1116
f 1057/1241/1117 1070/1259/1117 1058/1242/1117
f 1058/1242/1118 1071/1260/1118 1059/1261/1118
f 1071/1262/1119 1060/1245/1119 1059/1263/1119
f 1072/1264/1120 1049/1247/1120 1060/1265/1120
f 1073/1266/1121 1062/1249/1121 1061/1248/1121
f 1074/1267/1122 1063/1250/1122 1062/1249/1122
f 1075/1268/1123 1064/1269/1123 1063/1250/1123
f 1076/1270/1124 1065/1271/1124 1064/1251/1124
f 1065/1272/1125 1078/1273/1125 1066/1253/1125
f 1066/1274/1126 1079/1275/1126 1067/1256/1126
f 1067/1256/1127 1080/1276/1127 1068/1257/1127
f 1068/1257/1128 1081/1277/1128 1069/1258/1128
f 1069/1258/1129 1082/1278/1129 1070/1259/1129
f 1070/1279/1130 1083/1280/1130 1071/1281/1130
f 1083/1282/1131 1072/1283/1131 1071/1262/1131
f 1084/1284/1132 1061/1248/1132 1072/1264/1132
f 1085/1285/1133 1074/1267/1133 1073/1266/1133
f 1086/1286/1134 1075/1268/1134 1074/1267/1134
f 1087/1287/1135 1076/1288/1135 1075/1268/1135
f 1088/1289/1136 1077/1290/1136 1076/1270/1136
f 1077/1291/1137 1090/1292/1137 1078/1273/1137
f 1078/1293/1138 1091/1294/1138 1079/1275/1138
f 1079/1275/1139 1092/1295/1139 1080/1276/1139
f 1080/1276/1140 1093/1296/1140 1081/1277/1140
f 1081/1277/1141 1094/1297/1141 1082/1278/1141
f 1082/1298/1142 1095/1299/1142 1083/1280/1142
f 1095/1300/1143 1084/1284/1143 1083/1301/1143
f 1096/1302/1144 1073/1266/1144 1084/1284/1144
f 1097/1303/1145 1086/1286/1145 1085/1285/1145
f 1098/1304/1146 1087/1287/1146 1086/1286/1146
f 1099/1305/1147 1088/1306/1147 1087/1287/1147
f 1100/1307/1148 1089/1308/1148 1088/1289/1148
f 1089/1308/1149 1102/1309/1149 1090/1310/1149
f 1090/1310/1150 1103/1311/1150 1091/1294/1150
f 1091/1294/1151 1104/1312/1151 1092/1295/1151
f 1092/1295/1152 1105/1313/1152 1093/1296/1152
f 1093/1296/1153 1106/1314/1153 1094/1297/1153
f 1094/1315/1154 1107/1316/1154 1095/1299/1154
f 1107/1317/1155 1096/1302/1155 1095/1300/1155
f 1108/1318/1156 1085/1285/1156 1096/1302/1156
f 1109/1319/1157 1098/1304/1157 1097/1303/1157
f 1110/1320/1158 1099/1305/1158 1098/1304/1158
f 1111/1321/1159 1100/1322/1159 1099/1305/1159
f 1112/1323/1160 1101/1324/1160 1100/1307/1160
f 1101/1324/1161 1114/1325/1161 1102/1309/1161
f 1102/1309/1162 1115/1326/1162 1103/1311/1162
f 1103/1311/1163 1116/1327/1163 1104/1312/1163
f 1104/1312/1164 1117/1328/1164 1105/1313/1164
f 1105/1313/1165 1118/1329/1165 1106/1314/1165
f 1106/1330/1166 1119/1331/1166 1107/1316/1166
f 1119/1331/1167 1108/1332/1167 1107/1316/1167
f 1120/1333/1168 1097/1303/1168 1108/1318/1168
f 1121/1334/1169 1110/1320/1169 1109/1319/1169
f 1122/1335/1170 1111/1321/1170 1110/1320/1170
f 1123/1336/1171 1112/1337/1171 1111/1321/1171
f 1124/1338/1172 1113/1339/1172 1112/1323/1172
f 1113/1339/1173 1126/1340/1173 1114/1325/1173
f 1114/1325/1174 1127/1341/1174 1115/1326/1174
f 1115/1326/1175 1128/1342/1175 1116/1327/1175
f 1116/1327/1176 1129/1343/1176 1117/1328/1176
f 1117/1328/1177 1130/1344/1177 1118/1329/1177
f 1118/1345/1178 1131/1346/1178 1119/1331/1178
f 1131/1346/1179 1120/1347/1179 1119/1331/1179
f 1132/1348/1180 1109/1319/1180 1120/1333/1180
f 1133/1349/1181 1122/1335/1181 1121/1334/1181
f 1134/1350/1182 1123/1336/1182 1122/1335/1182
f 1135/1351/1183 1124/1352/1183 1123/1336/1183
f 1136/1353/1184 1125/1354/1184 1124/1338/1184
f 1125/1354/1185 1138/1355/1185 1126/1340/1185
f 1126/1340/1186 1139/1356/1186 1127/1341/1186
f 1127/1341/1187 1140/1357/1187 1128/1342/1187
f 1128/1342/1188 1141/1358/1188 1129/1343/1188
f 1129/1343/1189 1142/1359/1189 1130/1344/1189
f 1130/1360/1190 1143/1361/1190 1131/1346/1190
f 1143/1361/1191 1132/1362/1191 1131/1346/1191
f 1144/1363/1192 1121/1334/1192 1132/1348/1192
f 1145/1364/1193 1134/1350/1193 1133/1349/1193
f 1146/1365/1194 1135/1351/1194 1134/1350/1194
f 1147/1366/1195 1136/1353/1195 1135/1351/1195
f 1148/1367/1196 1137/1368/1196 1136/1353/1196
f 1137/1368/1197 1150/1369/1197 1138/1355/1197
f 1138/1355/1198 1151/1370/1198 1139/1356/1198
f 1139/1356/1199 1152/1371/1199 1140/1357/1199
f 1140/1357/1200 1153/1372/1200 1141/1358/1200
f 1141/1358/1201 1154/1373/1201 1142/1359/1201
f 1142/1374/1202 1155/1375/1202 1143/1361/1202
f 1155/1375/1203 1144/1376/1203 1143/1361/1203
f 1156/1377/1204 1133/1349/1204 1144/1363/1204
f 1157/1378/1205 1146/1365/1205 1145/1364/1205
f 1158/1379/1206 1147/1366/1206 1146/1365/1206
f 1159/1380/1207 1148/1367/1207 1147/1366/1207
f 1160/1381/1208 1149/1382/1208 1148/1367/1208
f 1149/1382/1209 1162/1383/1209 1150/1369/1209
f 1150/1369/1210 1163/1384/1210 1151/1370/1210
f 1151/1370/1211 1164/1385/1211 1152/1371/1211
f 1152/1371/1212 1165/1386/1212 1153/1372/1212
f 1153/1372/1213 1166/1387/1213 1154/1373/1213
f 1154/1388/1214 1167/1389/1214 1155/1375/1214
f 1167/1389/1215 1156/1390/1215 1155/1375/1215
f 1168/1391/1216 1145/1364/1216 1156/1377/1216
f 1169/1392/1217 1158/1379/1217 1157/1378/1217
f 1170/1393/1218 1159/1380/1218 1158/1379/1218
f 1171/1394/1219 1160/1381/1219 1159/1380/1219
f 1160/1381/1220 1173/1395/1220 1161/1396/1220
f 1161/1396/1221 1174/1397/1221 1162/1383/1221
f 1162/1383/1222 1175/1398/1222 1163/1384/1222
f 1163/1384/1223 1176/1399/1223 1164/1385/1223
f 1164/1385/1224 1177/1400/1224 1165/1386/1224
f 1165/1386/1225 1178/1401/1225 1166/1387/1225
f 1178/1402/1226 1167/1389/1226 1166/1403/1226
f 1179/1404/1227 1168/1405/1227 1167/1389/1227
f 1180/1406/1228 1157/1378/1228 1168/1391/1228
f 1181/1407/1229 1170/1393/1229 1169/1392/1229
f 1182/1408/1230 1171/1394/1230 1170/1393/1230
f 1183/1409/1231 1172/1410/1231 1171/1394/1231
f 1172/1410/1232 1185/1411/1232 1173/1395/1232
f 1173/1395/1233 1186/1412/1233 1174/1397/1233
f 1174/1397/1234 1187/1413/1234 1175/1398/1234
f 1175/1398/1235 1188/1414/1235 1176/1399/1235
f 1176/1399/1236 1189/1415/1236 1177/1400/1236
f 1177/1400/1237 1190/1416/1237 1178/1401/1237
f 1190/1417/1238 1179/1404/1238 1178/1402/1238
f 1191/1418/1239 1180/1406/1239 1179/1404/1239
f 1192/1419/1240 1169/1392/1240 1180/1406/1240
f 1193/1420/1241 1182/1408/1241 1181/1407/1241
f 1194/1421/1242 1183/1409/1242 1182/1408/1242
f 1195/1422/1243 1184/1423/1243 1183/1409/1243
f 1184/1423/1244 1197/1424/1244 1185/1411/1244
f 1185/1411/1245 1198/1425/1245 1186/1412/1245
f 1186/1412/1246 1199/1426/1246 1187/1413/1246
f 1187/1413/1247 1200/1427/1247 1188/1414/1247
f 1188/1414/1248 1201/1428/1248 1189/1415/1248
f 1189/1415/1249 1202/1429/1249 1190/1416/1249
f 1202/1430/1250 1191/1418/1250 1190/1417/1250
f 1203/1431/1251 1192/1419/1251 1191/1418/1251
f 1204/1432/1252 1181/1407/1252 1192/1419/1252
f 1205/1433/1253 1194/1421/1253 1193/1420/1253
f 1206/1434/1254 1195/1422/1254 1194/1421/1254
f 1207/1435/1255 1196/1436/1255 1195/1422/1255
f 1196/1436/1256 1209/1437/1256 1197/1424/1256
f 1197/1424/1257 1210/1438/1257 1198/1425/1257
f 1198/1425/1258 1211/1439/1258 1199/1426/1258
f 1199/1426/1259 1212/1440/1259 1200/1427/1259
f 1200/1427/1260 1213/1441/1260 1201/1428/1260
f 1201/1428/1261 1214/1442/1261 1202/1429/1261
f 1214/1443/1262 1203/1431/1262 1202/1430/1262
f 1215/1444/1263 1204/1432/1263 1203/1431/1263
f 1216/1445/1264 1193/1420/1264 1204/1432/1264
f 1217/1446/1265 1206/1434/1265 1205/1433/1265
f 1218/1447/1266 1207/1435/1266 1206/1434/1266
f 1219/1448/1267 1208/1449/1267 1207/1435/1267
f 1208/1449/1268 1221/1450/1268 1209/1437/1268
f 1209/1437/1269 1222/1451/1269 1210/1438/1269
f 1210/1438/1270 1223/1452/1270 1211/1439/1270
f 1211/1439/1271 1224/1453/1271 1212/1440/1271
f 1212/1440/1272 1225/1454/1272 1213/1441/1272
f 1213/1441/1273 1226/1455/1273 1214/1442/1273
f 1226/1456/1274 1215/1444/1274 1214/1443/1274
f 1227/1457/1275 1216/1445/1275 1215/1444/1275
f 1228/1458/1276 1205/1433/1276 1216/1445/1276
f 1229/1459/1277 1218/1460/1277 1217/1446/1277
f 1230/1461/1278 1219/1448/1278 1218/1447/1278
f 1219/1448/1279 1232/1462/1279 1220/1463/1279
f 1220/1464/1280 1233/1465/1280 1221/1450/1280
f 1221/1450/1281 1234/1466/1281 1222/1451/1281
f 1222/1451/1282 1235/1467/1282 1223/1452/1282
f 1223/1452/1283 1236/1468/1283 1224/1453/1283
f 1224/1453/1284 1237/1469/1284 1225/1454/1284
f 1237/1469/1285 1226/1455/1285 1225/1454/1285
f 1238/1470/1286 1227/1457/1286 1226/1456/1286
f 1239/1471/1287 1228/1458/1287 1227/1457/1287
f 1240/1472/1288 1217/1446/1288 1228/1458/1288
f 1241/1473/1289 1230/1474/1289 1229/1459/1289
f 1242/1475/1290 1231/1476/1290 1230/1461/1290
f 1231/1476/1291 1244/1477/1291 1232/1462/1291
f 1232/1478/1292 1245/1479/1292 1233/1465/1292
f 1233/1465/1293 1246/1480/1293 1234/1466/1293
f 1234/1466/1294 1247/1481/1294 1235/1467/1294
f 1235/1467/1295 1248/1482/1295 1236/1468/1295
f 1236/1468/1296 1249/1483/1296 1237/1469/1296
f 1249/1483/1297 1238/1484/1297 1237/1469/1297
f 1250/1485/1298 1239/1471/1298 1238/1470/1298
f 1251/1486/1299 1240/1472/1299 1239/1471/1299
f 1252/1487/1300 1229/1459/1300 1240/1472/1300
f 1253/1488/1301 1242/1489/1301 1241/1473/1301
f 1254/1490/1302 1243/1491/1302 1242/1475/1302
f 1243/1491/1303 1256/1492/1303 1244/1477/1303
f 1244/1493/1304 1257/1494/1304 1245/1479/1304
f 1245/1479/1305 1258/1495/1305 1246/1480/1305
f 1246/1480/1306 1259/1496/1306 1247/1481/1306
f 1247/1481/1307 1260/1497/1307 1248/1482/1307
f 1248/1482/1308 1261/1498/1308 1249/1483/1308
f 1261/1498/1309 1250/1499/1309 1249/1483/1309
f 1262/1500/1310 1251/1486/1310 1250/1485/1310
f 1263/1501/1311 1252/1487/1311 1251/1486/1311
f 1264/1502/1312 1241/1473/1312 1252/1487/1312
f 1265/1503/1030 1254/1504/1030 1253/1488/1030
f 1266/1505/1313 1255/1506/1313 1254/1490/1313
f 1255/1506/1028 1268/1507/1028 1256/1492/1028
f 1256/1508/1314 1269/1509/1314 1257/1494/1314
f 1257/1494/1315 1270/1510/1315 1258/1495/1315
f 1258/1495/1025 1271/1511/1025 1259/1496/1025
f 1259/1496/1036 1272/1512/1036 1260/1497/1036
f 1260/1497/1035 1273/1513/1035 1261/1498/1035
f 1273/1513/1034 1262/1514/1034 1261/1498/1034
f 1274/1515/1033 1263/1501/1033 1262/1500/1033
f 1275/1516/1032 1264/1502/1032 1263/1501/1032
f 1276/1517/1316 1253/1488/1316 1264/1502/1316
f 1277/1518/1042 1266/1519/1042 1265/1503/1042
f 1278/1520/1317 1267/1521/1317 1266/1505/1317
f 1267/1521/1318 1280/1522/1318 1268/1507/1318
f 1268/1523/1319 1281/1524/1319 1269/1509/1319
f 1269/1509/1320 1282/1525/1320 1270/1510/1320
f 1270/1510/1321 1283/1526/1321 1271/1511/1321
f 1271/1511/1048 1284/1527/1048 1272/1512/1048
f 1272/1512/1322 1285/1528/1322 1273/1513/1322
f 1285/1528/1323 1274/1529/1323 1273/1513/1323
f 1286/1530/1324 1275/1516/1324 1274/1515/1324
f 1287/1531/1325 1276/1517/1325 1275/1516/1325
f 1288/1532/1326 1265/1503/1326 1276/1517/1326
f 1289/1533/1054 1278/1534/1054 1277/1518/1054
f 1290/1535/1053 1279/1536/1053 1278/1534/1053
f 1279/1537/1052 1292/1538/1052 1280/1522/1052
f 1280/1539/1327 1293/1540/1327 1281/1524/1327
f 1281/1524/1050 1294/1541/1050 1282/1525/1050
f 1282/1525/1049 1295/1542/1049 1283/1526/1049
f 1283/1526/1060 1296/1543/1060 1284/1527/1060
f 1284/1527/1059 1297/1544/1059 1285/1528/1059
f 1297/1544/1058 1286/1545/1058 1285/1528/1058
f 1298/1546/1057 1287/1531/1057 1286/1530/1057
f 1299/1547/1056 1288/1532/1056 1287/1531/1056
f 1300/1548/1055 1277/1518/1055 1288/1532/1055
f 1301/1549/1328 1290/1535/1328 1289/1533/1328
f 1302/1550/1329 1291/1551/1329 1290/1552/1329
f 1291/1553/1064 1304/1554/1064 1292/1538/1064
f 1292/1555/1063 1305/1556/1063 1293/1540/1063
f 1293/1540/1330 1306/1557/1330 1294/1541/1330
f 1294/1541/1061 1307/1558/1061 1295/1542/1061
f 1295/1542/1331 1308/1559/1331 1296/1543/1331
f 1296/1543/1071 1309/1560/1071 1297/1561/1071
f 1309/1562/1070 1298/1563/1070 1297/1544/1070
f 1310/1564/1069 1299/1547/1069 1298/1546/1069
f 1311/1565/1332 1300/1548/1332 1299/1547/1332
f 1312/1566/1067 1289/1533/1067 1300/1548/1067
f 1313/1567/1333 1302/1568/1333 1301/1549/1333
f 1314/1569/1334 1303/1570/1334 1302/1550/1334
f 1303/1571/1335 1316/1572/1335 1304/1554/1335
f 1304/1573/1075 1317/1574/1075 1305/1556/1075
f 1305/1556/1074 1318/1575/1074 1306/1557/1074
f 1306/1557/1336 1319/1576/1336 1307/1558/1336
f 1307/1558/1337 1320/1577/1337 1308/1559/1337
f 1308/1559/1083 1321/1578/1083 1309/1560/1083
f 1321/1579/1082 1310/1580/1082 1309/1562/1082
f 1322/1581/1338 1311/1565/1338 1310/1564/1338
f 1323/1582/1339 1312/1566/1339 1311/1565/1339
f 1324/1583/1340 1301/1549/1340 1312/1566/1340
f 1325/1584/1341 1314/1585/1341 1313/1567/1341
f 1326/1586/1089 1315/1587/1089 1314/1569/1089
f 1315/1588/1088 1328/1589/1088 1316/1572/1088
f 1316/1590/1342 1329/1591/1342 1317/1574/1342
f 1317/1574/1086 1330/1592/1086 1318/1575/1086
f 1318/1575/1343 1331/1593/1343 1319/1576/1343
f 1319/1576/1096 1332/1594/1096 1320/1577/1096
f 1320/1577/1095 1333/1595/1095 1321/1578/1095
f 1333/1596/1344 1322/1597/1344 1321/1579/1344
f 1334/1598/1093 1323/1582/1093 1322/1581/1093
f 1335/1599/1092 1324/1583/1092 1323/1582/1092
f 1336/1600/1091 1313/1567/1091 1324/1583/1091
f 1337/1601/1102 1326/1602/1102 1325/1584/1102
f 1338/1603/1101 1327/1604/1101 1326/1586/1101
f 1327/1605/1100 1340/1606/1100 1328/1607/1100
f 1328/1608/1099 1341/1609/1099 1329/1610/1099
f 1329/1610/1345 1342/1611/1345 1330/1612/1345
f 1330/1612/1346 1343/1613/1346 1331/1593/1346
f 1331/1593/1108 1344/1614/1108 1332/1594/1108
f 1332/1594/1347 1345/1615/1347 1333/1595/1347
f 1345/1616/1348 1334/1617/1348 1333/1596/1348
f 1346/1618/1105 1335/1619/1105 1334/1617/1105
f 1347/1620/1349 1336/1600/1349 1335/1599/1349
f 1348/1621/1350 1325/1584/1350 1336/1600/1350
f 1337/1622/1351 1350/1623/1351 1338/1624/1351
f 1338/1603/1352 1351/1625/1352 1339/1626/1352
f 1351/1627/1353 1340/1606/1353 1339/1628/1353
f 1352/1629/1354 1341/1609/1354 1340/1630/1354
f 1353/1631/1110 1342/1611/1110 1341/1609/1110
f 1354/1632/1355 1343/1613/1355 1342/1611/1355
f 1355/1633/1120 1344/1614/1120 1343/1613/1120
f 1356/1634/1356 1345/1615/1356 1344/1635/1356
f 1345/1616/1357 1358/1636/1357 1346/1618/1357
f 1346/1618/1358 1359/1637/1358 1347/1638/1358
f 1347/1638/1359 1360/1639/1359 1348/1640/1359
f 1348/1640/1360 1349/1641/1360 1337/1622/1360
f 1349/1641/1361 1362/1642/1361 1350/1623/1361
f 1350/1643/1362 1363/1644/1362 1351/1625/1362
f 1363/1645/1124 1352/1646/1124 1351/1627/1124
f 1364/1647/1123 1353/1631/1123 1352/1629/1123
f 1365/1648/1363 1354/1632/1363 1353/1631/1363
f 1366/1649/1121 1355/1633/1121 1354/1632/1121
f 1367/1650/1364 1356/1651/1364 1355/1633/1364
f 1368/1652/1131 1357/1653/1131 1356/1634/1131
f 1357/1653/1130 1370/1654/1130 1358/1636/1130
f 1358/1636/1365 1371/1655/1365 1359/1637/1365
f 1359/1637/1128 1372/1656/1128 1360/1639/1128
f 1360/1639/1127 1361/1657/1127 1349/1641/1127
f 1361/1657/1366 1374/1658/1366 1362/1642/1366
f 1362/1659/1137 1375/1660/1137 1363/1644/1137
f 1375/1661/1136 1364/1662/1136 1363/1645/1136
f 1376/1663/1367 1365/1648/1367 1364/1647/1367
f 1377/1664/1134 1366/1649/1134 1365/1648/1134
f 1378/1665/1133 1367/1650/1133 1366/1649/1133
f 1379/1666/1144 1368/1667/1144 1367/1650/1144
f 1380/1668/1368 1369/1669/1368 1368/1667/1368
f 1369/1670/1142 1382/1671/1142 1370/1654/1142
f 1370/1654/1369 1383/1672/1369 1371/1655/1369
f 1371/1655/1140 1384/1673/1140 1372/1656/1140
f 1372/1656/1139 1373/1674/1139 1361/1657/1139
f 1373/1674/1150 1386/1675/1150 1374/1658/1150
f 1374/1676/1149 1387/1677/1149 1375/1661/1149
f 1387/1677/1148 1376/1678/1148 1375/1661/1148
f 1388/1679/1147 1377/1664/1147 1376/1663/1147
f 1389/1680/1370 1378/1665/1370 1377/1664/1370
f 1390/1681/1371 1379/1666/1371 1378/1665/1371
f 1391/1682/1156 1380/1668/1156 1379/1666/1156
f 1392/1683/1155 1381/1684/1155 1380/1668/1155
f 1381/1685/1154 1394/1686/1154 1382/1671/1154
f 1382/1671/1153 1395/1687/1153 1383/1672/1153
f 1383/1672/1152 1396/1688/1152 1384/1673/1152
f 1384/1673/1372 1385/1689/1372 1373/1674/1372
f 1385/1689/1162 1398/1690/1162 1386/1675/1162
f 1386/1691/1373 1399/1692/1373 1387/1677/1373
f 1399/1692/1160 1388/1693/1160 1387/1677/1160
f 1400/1694/1374 1389/1680/1374 1388/1679/1374
f 1401/1695/1158 1390/1681/1158 1389/1680/1158
f 1402/1696/1375 1391/1682/1375 1390/1681/1375
f 1403/1697/1376 1392/1683/1376 1391/1682/1376
f 1404/1698/1377 1393/1699/1377 1392/1683/1377
f 1393/1699/1166 1406/1700/1166 1394/1686/1166
f 1394/1686/1378 1407/1701/1378 1395/1687/1378
f 1395/1687/1164 1408/1702/1164 1396/1688/1164
f 1396/1688/1163 1397/1703/1163 1385/1689/1163
f 1397/1703/1174 1410/1704/1174 1398/1690/1174
f 1398/1705/1379 1411/1706/1379 1399/1692/1379
f 1411/1706/1380 1400/1707/1380 1399/1692/1380
f 1412/1708/1171 1401/1695/1171 1400/1694/1171
f 1413/1709/1170 1402/1696/1170 1401/1695/1170
f 1414/1710/1169 1403/1697/1169 1402/1696/1169
f 1415/1711/1381 1404/1698/1381 1403/1697/1381
f 1416/1712/1382 1405/1713/1382 1404/1698/1382
f 1405/1713/1178 1418/1714/1178 1406/1700/1178
f 1406/1700/1383 1419/1715/1383 1407/1701/1383
f 1407/1701/1176 1420/1716/1176 1408/1702/1176
f 1408/1702/1175 1409/1717/1175 1397/1703/1175
f 1409/1717/1186 1422/1718/1186 1410/1704/1186
f 1410/1719/1384 1423/1720/1384 1411/1706/1384
f 1423/1720/1184 1412/1721/1184 1411/1706/1184
f 1424/1722/1385 1413/1709/1385 1412/1708/1385
f 1425/1723/1182 1414/1710/1182 1413/1709/1182
f 1426/1724/1386 1415/1711/1386 1414/1710/1386
f 1427/1725/1192 1416/1712/1192 1415/1711/1192
f 1428/1726/1387 1417/1727/1387 1416/1712/1387
f 1417/1727/1190 1430/1728/1190 1418/1714/1190
f 1418/1714/1189 1431/1729/1189 1419/1715/1189
f 1419/1715/1188 1432/1730/1188 1420/1716/1188
f 1420/1716/1388 1421/1731/1388 1409/1717/1388
f 1421/1731/1389 1434/1732/1389 1422/1718/1389
f 1422/1718/1197 1435/1733/1197 1423/1720/1197
f 1435/1733/1196 1424/1734/1196 1423/1720/1196
f 1436/1735/1390 1425/1723/1390 1424/1722/1390
f 1437/1736/1194 1426/1724/1194 1425/1723/1194
f 1438/1737/1193 1427/1725/1193 1426/1724/1193
f 1439/1738/1204 1428/1726/1204 1427/1725/1204
f 1440/1739/1391 1429/1740/1391 1428/1726/1391
f 1429/1740/1202 1442/1741/1202 1430/1728/1202
f 1430/1728/1392 1443/1742/1392 1431/1729/1392
f 1431/1729/1200 1444/1743/1200 1432/1730/1200
f 1432/1730/1199 1433/1744/1199 1421/1731/1199
f 1433/1744/1393 1446/1745/1393 1434/1732/1393
f 1434/1732/1394 1447/1746/1394 1435/1733/1394
f 1447/1746/1208 1436/1747/1208 1435/1733/1208
f 1448/1748/1207 1437/1736/1207 1436/1735/1207
f 1449/1749/1206 1438/1737/1206 1437/1736/1206
f 1450/1750/1395 1439/1738/1395 1438/1737/1395
f 1451/1751/1396 1440/1739/1396 1439/1738/1396
f 1452/1752/1215 1441/1753/1215 1440/1739/1215
f 1441/1753/1214 1454/1754/1214 1442/1741/1214
f 1442/1741/1213 1455/1755/1213 1443/1742/1213
f 1443/1742/1212 1456/1756/1212 1444/1743/1212
f 1444/1743/1211 1445/1757/1211 1433/1744/1211
f 1445/1757/1222 1458/1758/1222 1446/1745/1222
f 1446/1745/1397 1459/1759/1397 1447/1746/1397
f 1447/1746/1220 1460/1760/1220 1448/1761/1220
f 1460/1762/1398 1449/1749/1398 1448/1748/1398
f 1461/1763/1218 1450/1750/1218 1449/1749/1218
f 1462/1764/1217 1451/1751/1217 1450/1750/1217
f 1463/1765/1228 1452/1752/1228 1451/1751/1228
f 1464/1766/1399 1453/1767/1399 1452/1752/1399
f 1465/1768/1400 1454/1754/1400 1453/1767/1400
f 1454/1754/1225 1467/1769/1225 1455/1755/1225
f 1455/1755/1401 1468/1770/1401 1456/1756/1401
f 1456/1756/1402 1457/1771/1402 1445/1757/1402
f 1457/1771/1403 1470/1772/1403 1458/1758/1403
f 1458/1758/1233 1471/1773/1233 1459/1759/1233
f 1459/1759/1232 1472/1774/1232 1460/1760/1232
f 1472/1775/1404 1461/1763/1404 1460/1762/1404
f 1473/1776/1230 1462/1764/1230 1461/1763/1230
f 1474/1777/1229 1463/1765/1229 1462/1764/1229
f 1475/1778/1240 1464/1766/1240 1463/1765/1240
f 1476/1779/1239 1465/1768/1239 1464/1766/1239
f 1477/1780/1238 1466/1781/1238 1465/1768/1238
f 1466/1781/1405 1479/1782/1405 1467/1769/1405
f 1467/1769/1236 1480/1783/1236 1468/1770/1236
f 1468/1770/1406 1469/1784/1406 1457/1771/1406
f 1469/1784/1246 1482/1785/1246 1470/1772/1246
f 1470/1772/1245 1483/1786/1245 1471/1773/1245
f 1471/1773/1407 1484/1787/1407 1472/1774/1407
f 1484/1788/1408 1473/1776/1408 1472/1775/1408
f 1485/1789/1242 1474/1777/1242 1473/1776/1242
f 1486/1790/1409 1475/1778/1409 1474/1777/1409
f 1487/1791/1252 1476/1779/1252 1475/1778/1252
f 1488/1792/1251 1477/1780/1251 1476/1779/1251
f 1489/1793/1410 1478/1794/1410 1477/1780/1410
f 1478/1794/1411 1491/1795/1411 1479/1782/1411
f 1479/1782/1248 1492/1796/1248 1480/1783/1248
f 1480/1783/1247 1481/1797/1247 1469/1784/1247
f 1481/1797/1412 1494/1798/1412 1482/1785/1412
f 1482/1785/1413 1495/1799/1413 1483/1786/1413
f 1483/1786/1256 1496/1800/1256 1484/1787/1256
f 1496/1801/1414 1485/1789/1414 1484/1788/1414
f 1497/1802/1254 1486/1790/1254 1485/1789/1254
f 1498/1803/1253 1487/1791/1253 1486/1790/1253
f 1499/1804/1415 1488/1792/1415 1487/1791/1415
f 1500/1805/1263 1489/1793/1263 1488/1792/1263
f 1501/1806/1416 1490/1807/1416 1489/1793/1416
f 1490/1807/1417 1503/1808/1417 1491/1795/1417
f 1491/1795/1418 1504/1809/1418 1492/1796/1418
f 1492/1796/1419 1493/1810/1419 1481/1797/1419
f 1493/1810/1420 1506/1811/1420 1494/1798/1420
f 1494/1798/1421 1507/1812/1421 1495/1799/1421
f 1495/1799/1268 1508/1813/1268 1496/1800/1268
f 1508/1814/1267 1497/1802/1267 1496/1801/1267
f 1509/1815/1422 1498/1803/1422 1497/1802/1422
f 1510/1816/1423 1499/1804/1423 1498/1803/1423
f 1511/1817/1424 1500/1805/1424 1499/1804/1424
f 1512/1818/1425 1501/1806/1425 1500/1805/1425
f 1513/1819/1274 1502/1820/1274 1501/1806/1274
f 1502/1820/1426 1515/1821/1426 1503/1808/1426
f 1503/1808/1427 1516/1822/1427 1504/1809/1427
f 1504/1809/1271 1505/1823/1271 1493/1810/1271
f 1505/1823/1282 1518/1824/1282 1506/1811/1282
f 1506/1811/1428 1519/1825/1428 1507/1812/1428
f 1507/1812/1280 1520/1826/1280 1508/1813/1280
f 1508/1814/1429 1521/1827/1429 1509/1815/1429
f 1521/1827/1278 1510/1816/1278 1509/1815/1278
f 1522/1828/1430 1511/1817/1430 1510/1816/1430
f 1523/1829/1288 1512/1818/1288 1511/1817/1288
f 1524/1830/1431 1513/1819/1431 1512/1818/1431
f 1525/1831/1286 1514/1832/1286 1513/1819/1286
f 1526/1833/1285 1515/1821/1285 1514/1832/1285
f 1515/1821/1284 1528/1834/1284 1516/1822/1284
f 1516/1822/1432 1517/1835/1432 1505/1823/1432
f 1517/1835/1294 1530/1836/1294 1518/1824/1294
f 1518/1824/1433 1531/1837/1433 1519/1825/1433
f 1519/1825/1434 1532/1838/1434 1520/1826/1434
f 1520/1839/1435 1533/1840/1435 1521/1827/1435
f 1533/1840/1436 1522/1828/1436 1521/1827/1436
f 1534/1841/1289 1523/1829/1289 1522/1828/1289
f 1535/1842/1300 1524/1830/1300 1523/1829/1300
f 1536/1843/1437 1525/1831/1437 1524/1830/1437
f 1537/1844/1438 1526/1833/1438 1525/1831/1438
f 1538/1845/1297 1527/1846/1297 1526/1833/1297
f 1527/1846/1439 1540/1847/1439 1528/1834/1439
f 1528/1834/1295 1529/1848/1295 1517/1835/1295
f 1529/1848/1440 966/1124/1440 1530/1836/1440
f 1530/1836/1441 967/1126/1441 1531/1837/1441
f 1531/1837/1442 968/1128/1442 1532/1838/1442
f 1532/1849/1443 969/1131/1443 1533/1840/1443
f 969/1131/1444 1534/1841/1444 1533/1840/1444
f 970/1132/1445 1535/1842/1445 1534/1841/1445
f 971/1134/1446 1536/1843/1446 1535/1842/1446
f 972/1136/1311 1537/1844/1311 1536/1843/1311
f 973/1138/1447 1538/1845/1447 1537/1844/1447
f 974/1140/1448 1539/1850/1448 1538/1845/1448
f 1539/1850/1449 976/1144/1449 1540/1847/1449
f 1540/1847/1450 965/1122/1450 1529/1848/1450
f 1541/1851/1451 1554/1852/1451 1553/1853/1451
f 1542/1854/1452 1554/1855/1452 1556/1856/1452
f 1541/1857/1453 1553/1858/1453 1558/1859/1453
f 1541/1860/1454 1558/1861/1454 1560/1862/1454
f 1541/1863/1455 1560/1864/1455 1557/1865/1455
f 1542/1854/1456 1556/1856/1456 1563/1866/1456
f 1543/1867/1457 1555/1868/1457 1565/1869/1457
f 1544/1870/1458 1559/1871/1458 1567/1872/1458
f 1545/1873/1459 1561/1874/1459 1569/1875/1459
f 1546/1876/1460 1562/1877/1460 1571/1878/1460
f 1542/1854/1461 1563/1866/1461 1566/1879/1461
f 1543/1867/1462 1565/1869/1462 1568/1880/1462
f 1544/1870/1463 1567/1872/1463 1570/1881/1463
f 1545/1873/1464 1569/1875/1464 1572/1882/1464
f 1546/1876/1465 1571/1878/1465 1564/1883/1465
f 1547/1884/1466 1573/1885/1466 1578/1886/1466
f 1548/1887/1467 1574/1888/1467 1580/1889/1467
f 1549/1890/1468 1575/1891/1468 1581/1892/1468
f 1550/1893/1469 1576/1894/1469 1582/1895/1469
f 1551/1896/1470 1577/1897/1470 1579/1898/1470
f 1579/1898/1471 1582/1899/1471 1552/1900/1471
f 1579/1898/1472 1577/1897/1472 1582/1899/1472
f 1577/1897/1473 1550/1893/1473 1582/1899/1473
f 1582/1895/1474 1581/1901/1474 1552/1902/1474
f 1582/1895/1475 1576/1894/1475 1581/1901/1475
f 1576/1894/1476 1549/1890/1476 1581/1901/1476
f 1581/1892/1477 1580/1903/1477 1552/1904/1477
f 1581/1892/1478 1575/1891/1478 1580/1903/1478
f 1575/1891/1479 1548/1905/1479 1580/1903/1479
f 1580/1889/1480 1578/1906/1480 1552/1907/1480
f 1580/1889/1481 1574/1888/1481 1578/1906/1481
f 1574/1888/1482 1547/1884/1482 1578/1906/1482
f 1578/1886/1483 1579/1908/1483 1552/1909/1483
f 1578/1886/1484 1573/1885/1484 1579/1908/1484
f 1573/1885/1485 1551/1896/1485 1579/1908/1485
f 1564/1883/1486 1577/1897/1486 1551/1896/1486
f 1564/1883/1487 1571/1878/1487 1577/1897/1487
f 1571/1878/1488 1550/1893/1488 1577/1897/1488
f 1572/1882/1489 1576/1894/1489 1550/1893/1489
f 1572/1882/1490 1569/1875/1490 1576/1894/1490
f 1569/1875/1491 1549/1890/1491 1576/1894/1491
f 1570/1881/1492 1575/1891/1492 1549/1890/1492
f 1570/1881/1493 1567/1872/1493 1575/1891/1493
f 1567/1872/1494 1548/1905/1494 1575/1891/1494
f 1568/1880/1495 1574/1888/1495 1548/1887/1495
f 1568/1880/1496 1565/1869/1496 1574/1888/1496
f 1565/1869/1497 1547/1884/1497 1574/1888/1497
f 1566/1879/1498 1573/1885/1498 1547/1884/1498
f 1566/1879/1499 1563/1866/1499 1573/1885/1499
f 1563/1866/1500 1551/1896/1500 1573/1885/1500
f 1571/1878/1501 1572/1882/1501 1550/1893/1501
f 1571/1878/1502 1562/1877/1502 1572/1882/1502
f 1562/1877/1503 1545/1873/1503 1572/1882/1503
f 1569/1875/1504 1570/1881/1504 1549/1890/1504
f 1569/1875/1505 1561/1874/1505 1570/1881/1505
f 1561/1874/1506 1544/1870/1506 1570/1881/1506
f 1567/1872/1507 1568/1910/1507 1548/1905/1507
f 1567/1872/1508 1559/1871/1508 1568/1910/1508
f 1559/1871/1509 1543/1911/1509 1568/1910/1509
f 1565/1869/1510 1566/1879/1510 1547/1884/1510
f 1565/1869/1511 1555/1868/1511 1566/1879/1511
f 1555/1868/1512 1542/1854/1512 1566/1879/1512
f 1563/1866/1513 1564/1883/1513 1551/1896/1513
f 1563/1866/1514 1556/1856/1514 1564/1883/1514
f 1556/1856/1515 1546/1876/1515 1564/1883/1515
f 1557/1865/1516 1562/1877/1516 1546/1876/1516
f 1557/1865/1517 1560/1864/1517 1562/1877/1517
f 1560/1864/1518 1545/1873/1518 1562/1877/1518
f 1560/1862/1519 1561/1874/1519 1545/1873/1519
f 1560/1862/1520 1558/1861/1520 1561/1874/1520
f 1558/1861/1521 1544/1870/1521 1561/1874/1521
f 1558/1859/1522 1559/1871/1522 1544/1870/1522
f 1558/1859/1523 1553/1858/1523 1559/1871/1523
f 1553/1858/1524 1543/1911/1524 1559/1871/1524
f 1556/1856/1525 1557/1912/1525 1546/1876/1525
f 1556/1856/1526 1554/1855/1526 1557/1912/1526
f 1554/1855/1527 1541/1913/1527 1557/1912/1527
f 1553/1853/1528 1555/1868/1528 1543/1867/1528
f 1553/1853/1529 1554/1852/1529 1555/1868/1529
f 1554/1852/1530 1542/1854/1530 1555/1868/1530
f 1583/1914/1451 1596/1915/1451 1595/1916/1451
f 1584/1917/1531 1596/1918/1531 1598/1919/1531
f 1583/1920/1453 1595/1921/1453 1600/1922/1453
f 1583/1923/1454 1600/1924/1454 1602/1925/1454
f 1583/1926/1455 1602/1927/1455 1599/1928/1455
f 1584/1917/1456 1598/1919/1456 1605/1929/1456
f 1585/1930/1457 1597/1931/1457 1607/1932/1457
f 1586/1933/1458 1601/1934/1458 1609/1935/1458
f 1587/1936/1459 1603/1937/1459 1611/1938/1459
f 1588/1939/1460 1604/1940/1460 1613/1941/1460
f 1584/1917/1461 1605/1929/1461 1608/1942/1461
f 1585/1930/1462 1607/1932/1462 1610/1943/1462
f 1586/1933/1463 1609/1935/1463 1612/1944/1463
f 1587/1936/1464 1611/1938/1464 1614/1945/1464
f 1588/1939/1465 1613/1941/1465 1606/1946/1465
f 1589/1947/1532 1615/1948/1532 1620/1949/1532
f 1590/1950/1467 1616/1951/1467 1622/1952/1467
f 1591/1953/1533 1617/1954/1533 1623/1955/1533
f 1592/1956/1469 1618/1957/1469 1624/1958/1469
f 1593/1959/1470 1619/1960/1470 1621/1961/1470
f 1621/1961/1471 1624/1962/1471 1594/1963/1471
f 1621/1961/1472 1619/1960/1472 1624/1962/1472
f 1619/1960/1534 1592/1956/1534 1624/1962/1534
f 1624/1958/1474 1623/1964/1474 1594/1965/1474
f 1624/1958/1535 1618/1957/1535 1623/1964/1535
f 1618/1957/1476 1591/1953/1476 1623/1964/1476
f 1623/1955/1477 1622/1966/1477 1594/1967/1477
f 1623/1955/1478 1617/1954/1478 1622/1966/1478
f 1617/1954/1536 1590/1968/1536 1622/1966/1536
f 1622/1952/1480 1620/1969/1480 1594/1970/1480
f 1622/1952/1481 1616/1951/1481 1620/1969/1481
f 1616/1951/1482 1589/1947/1482 1620/1969/1482
f 1620/1949/1483 1621/1971/1483 1594/1972/1483
f 1620/1949/1484 1615/1948/1484 1621/1971/1484
f 1615/1948/1485 1593/1959/1485 1621/1971/1485
f 1606/1946/1486 1619/1960/1486 1593/1959/1486
f 1606/1946/1487 1613/1941/1487 1619/1960/1487
f 1613/1941/1488 1592/1956/1488 1619/1960/1488
f 1614/1945/1489 1618/1957/1489 1592/1956/1489
f 1614/1945/1490 1611/1938/1490 1618/1957/1490
f 1611/1938/1491 1591/1953/1491 1618/1957/1491
f 1612/1944/1492 1617/1954/1492 1591/1953/1492
f 1612/1944/1493 1609/1935/1493 1617/1954/1493
f 1609/1935/1494 1590/1968/1494 1617/1954/1494
f 1610/1943/1495 1616/1951/1495 1590/1950/1495
f 1610/1943/1496 1607/1932/1496 1616/1951/1496
f 1607/1932/1537 1589/1947/1537 1616/1951/1537
f 1608/1942/1498 1615/1948/1498 1589/1947/1498
f 1608/1942/1499 1605/1929/1499 1615/1948/1499
f 1605/1929/1500 1593/1959/1500 1615/1948/1500
f 1613/1941/1501 1614/1945/1501 1592/1956/1501
f 1613/1941/1502 1604/1940/1502 1614/1945/1502
f 1604/1940/1503 1587/1936/1503 1614/1945/1503
f 1611/1938/1504 1612/1944/1504 1591/1953/1504
f 1611/1938/1505 1603/1937/1505 1612/1944/1505
f 1603/1937/1506 1586/1933/1506 1612/1944/1506
f 1609/1935/1507 1610/1973/1507 1590/1968/1507
f 1609/1935/1508 1601/1934/1508 1610/1973/1508
f 1601/1934/1509 1585/1974/1509 1610/1973/1509
f 1607/1932/1510 1608/1942/1510 1589/1947/1510
f 1607/1932/1511 1597/1931/1511 1608/1942/1511
f 1597/1931/1512 1584/1917/1512 1608/1942/1512
f 1605/1929/1513 1606/1946/1513 1593/1959/1513
f 1605/1929/1514 1598/1919/1514 1606/1946/1514
f 1598/1919/1515 1588/1939/1515 1606/1946/1515
f 1599/1928/1516 1604/1940/1516 1588/1939/1516
f 1599/1928/1517 1602/1927/1517 1604/1940/1517
f 1602/1927/1518 1587/1936/1518 1604/1940/1518
f 1602/1925/1519 1603/1937/1519 1587/1936/1519
f 1602/1925/1520 1600/1924/1520 1603/1937/1520
f 1600/1924/1521 1586/1933/1521 1603/1937/1521
f 1600/1922/1522 1601/1934/1522 1586/1933/1522
f 1600/1922/1523 1595/1921/1523 1601/1934/1523
f 1595/1921/1524 1585/1974/1524 1601/1934/1524
f 1598/1919/1538 1599/1975/1538 1588/1939/1538
f 1598/1919/1526 1596/1918/1526 1599/1975/1526
f 1596/1918/1527 1583/1976/1527 1599/1975/1527
f 1595/1916/1528 1597/1931/1528 1585/1930/1528
f 1595/1916/1529 1596/1915/1529 1597/1931/1529
f 1596/1915/1530 1584/1917/1530 1597/1931/1530
f 1625/1977/1451 1638/1978/1451 1637/1979/1451
f 1626/1980/1452 1638/1981/1452 1640/1982/1452
f 1625/1983/1453 1637/1984/1453 1642/1985/1453
f 1625/1986/1454 1642/1987/1454 1644/1988/1454
f 1625/1989/1455 1644/1990/1455 1641/1991/1455
f 1626/1980/1456 1640/1982/1456 1647/1992/1456
f 1627/1993/1457 1639/1994/1457 1649/1995/1457
f 1628/1996/1458 1643/1997/1458 1651/1998/1458
f 1629/1999/1459 1645/2000/1459 1653/2001/1459
f 1630/2002/1460 1646/2003/1460 1655/2004/1460
f 1626/1980/1461 1647/1992/1461 1650/2005/1461
f 1627/1993/1462 1649/1995/1462 1652/2006/1462
f 1628/1996/1463 1651/1998/1463 1654/2007/1463
f 1629/1999/1464 1653/2001/1464 1656/2008/1464
f 1630/2002/1465 1655/2004/1465 1648/2009/1465
f 1631/2010/1532 1657/2011/1532 1662/2012/1532
f 1632/2013/1467 1658/2014/1467 1664/2015/1467
f 1633/2016/1468 1659/2017/1468 1665/2018/1468
f 1634/2019/1469 1660/2020/1469 1666/2021/1469
f 1635/2022/1470 1661/2023/1470 1663/2024/1470
f 1663/2024/1471 1666/2025/1471 1636/2026/1471
f 1663/2024/1472 1661/2023/1472 1666/2025/1472
f 1661/2023/1534 1634/2019/1534 1666/2025/1534
f 1666/2021/1474 1665/2027/1474 1636/2028/1474
f 1666/2021/1535 1660/2020/1535 1665/2027/1535
f 1660/2020/1476 1633/2016/1476 1665/2027/1476
f 1665/2018/1477 1664/2029/1477 1636/2030/1477
f 1665/2018/1478 1659/2017/1478 1664/2029/1478
f 1659/2017/1536 1632/2031/1536 1664/2029/1536
f 1664/2015/1480 1662/2032/1480 1636/2033/1480
f 1664/2015/1539 1658/2014/1539 1662/2032/1539
f 1658/2014/1482 1631/2010/1482 1662/2032/1482
f 1662/2012/1483 1663/2034/1483 1636/2035/1483
f 1662/2012/1484 1657/2011/1484 1663/2034/1484
f 1657/2011/1485 1635/2022/1485 1663/2034/1485
f 1648/2009/1486 1661/2023/1486 1635/2022/1486
f 1648/2009/1487 1655/2004/1487 1661/2023/1487
f 1655/2004/1540 1634/2019/1540 1661/2023/1540
f 1656/2008/1489 1660/2020/1489 1634/2019/1489
f 1656/2008/1490 1653/2001/1490 1660/2020/1490
f 1653/2001/1491 1633/2016/1491 1660/2020/1491
f 1654/2007/1492 1659/2017/1492 1633/2016/1492
f 1654/2007/1493 1651/1998/1493 1659/2017/1493
f 1651/1998/1494 1632/2031/1494 1659/2017/1494
f 1652/2006/1495 1658/2014/1495 1632/2013/1495
f 1652/2006/1496 1649/1995/1496 1658/2014/1496
f 1649/1995/1497 1631/2010/1497 1658/2014/1497
f 1650/2005/1541 1657/2011/1541 1631/2010/1541
f 1650/2005/1499 1647/1992/1499 1657/2011/1499
f 1647/1992/1500 1635/2022/1500 1657/2011/1500
f 1655/2004/1501 1656/2008/1501 1634/2019/1501
f 1655/2004/1502 1646/2003/1502 1656/2008/1502
f 1646/2003/1503 1629/1999/1503 1656/2008/1503
f 1653/2001/1542 1654/2007/1542 1633/2016/1542
f 1653/2001/1505 1645/2000/1505 1654/2007/1505
f 1645/2000/1506 1628/1996/1506 1654/2007/1506
f 1651/1998/1507 1652/2036/1507 1632/2031/1507
f 1651/1998/1508 1643/1997/1508 1652/2036/1508
f 1643/1997/1509 1627/2037/1509 1652/2036/1509
f 1649/1995/1510 1650/2005/1510 1631/2010/1510
f 1649/1995/1511 1639/1994/1511 1650/2005/1511
f 1639/1994/1512 1626/1980/1512 1650/2005/1512
f 1647/1992/1513 1648/2009/1513 1635/2022/1513
f 1647/1992/1514 1640/1982/1514 1648/2009/1514
f 1640/1982/1515 1630/2002/1515 1648/2009/1515
f 1641/1991/1516 1646/2003/1516 1630/2002/1516
f 1641/1991/1517 1644/1990/1517 1646/2003/1517
f 1644/1990/1518 1629/1999/1518 1646/2003/1518
f 1644/1988/1543 1645/2000/1543 1629/1999/1543
f 1644/1988/1520 1642/1987/1520 1645/2000/1520
f 1642/1987/1521 1628/1996/1521 1645/2000/1521
f 1642/1985/1522 1643/1997/1522 1628/1996/1522
f 1642/1985/1523 1637/1984/1523 1643/1997/1523
f 1637/1984/1544 1627/2037/1544 1643/1997/1544
f 1640/1982/1525 1641/2038/1525 1630/2002/1525
f 1640/1982/1526 1638/1981/1526 1641/2038/1526
f 1638/1981/1527 1625/2039/1527 1641/2038/1527
f 1637/1979/1528 1639/1994/1528 1627/1993/1528
f 1637/1979/1545 1638/1978/1545 1639/1994/1545
f 1638/1978/1530 1626/1980/1530 1639/1994/1530
f 2142/2040/1546 1675/2041/1546 1676/2042/1546
f 2145/2043/1547 1683/2044/1547 1684/2045/1547
f 1668/2046/1548 1676/2042/1548 1677/2047/1548
f 2146/2048/1549 1684/2045/1549 1685/2049/1549
f 2143/2050/1550 1677/2047/1550 1678/2051/1550
f 2147/2052/1551 1685/2049/1551 1686/2053/1551
f 1669/2054/1552 1678/2051/1552 1679/2055/1552
f 2148/2056/1553 1686/2053/1553 1687/2057/1553
f 1670/2058/1554 1679/2055/1554 1680/2059/1554
f 2140/2060/1555 1748/2061/1555 1673/2062/1555
f 1974/2063/1556 2148/2056/1556 1687/2057/1556
f 1671/2064/1557 1680/2059/1557 1681/2065/1557
f 2140/2060/1558 1674/2066/1558 2141/2067/1558
f 2144/2068/1559 1681/2065/1559 1682/2069/1559
f 2141/2067/1560 1675/2041/1560 1667/2070/1560
f 1672/2071/1561 1682/2069/1561 1683/2044/1561
f 1675/2041/1562 1689/2072/1562 1690/2073/1562
f 1683/2044/1563 1697/2074/1563 1698/2075/1563
f 1676/2042/1564 1690/2073/1564 1691/2076/1564
f 1684/2045/1565 1698/2075/1565 1699/2077/1565
f 1677/2047/1566 1691/2076/1566 1692/2078/1566
f 1685/2049/1567 1699/2077/1567 1700/2079/1567
f 1678/2051/1568 1692/2078/1568 1693/2080/1568
f 1686/2053/1569 1700/2079/1569 1701/2081/1569
f 1679/2055/1570 1693/2080/1570 1694/2082/1570
f 1686/2053/1571 1702/2083/1571 1687/2057/1571
f 1680/2059/1572 1694/2082/1572 1695/2084/1572
f 1673/2062/1573 1748/2085/1573 1688/2086/1573
f 1974/2087/1574 1687/2057/1574 1702/2083/1574
f 1681/2065/1575 1695/2084/1575 1696/2088/1575
f 1674/2066/1576 1688/2086/1576 1689/2072/1576
f 1682/2069/1577 1696/2088/1577 1697/2074/1577
f 1694/2082/1578 1708/2089/1578 1709/2090/1578
f 1701/2081/1579 1717/2091/1579 1702/2083/1579
f 1695/2084/1580 1709/2090/1580 1710/2092/1580
f 1688/2086/1581 1748/2093/1581 1703/2094/1581
f 1974/2095/1582 1702/2083/1582 1717/2091/1582
f 1696/2088/1583 1710/2092/1583 1711/2096/1583
f 1689/2072/1584 1703/2094/1584 1704/2097/1584
f 1697/2074/1585 1711/2096/1585 1712/2098/1585
f 1690/2073/1586 1704/2097/1586 1705/2099/1586
f 1698/2075/1587 1712/2098/1587 1713/2100/1587
f 1691/2076/1588 1705/2099/1588 1706/2101/1588
f 1698/2075/1589 1714/2102/1589 1699/2077/1589
f 1692/2078/1590 1706/2101/1590 1707/2103/1590
f 1699/2077/1591 1715/2104/1591 1700/2079/1591
f 1693/2080/1592 1707/2103/1592 1708/2089/1592
f 1700/2079/1593 1716/2105/1593 1701/2081/1593
f 1712/2098/1594 1728/2106/1594 1713/2100/1594
f 1706/2101/1595 1720/2107/1595 1721/2108/1595
f 1713/2100/1596 1729/2109/1596 1714/2102/1596
f 1707/2103/1597 1721/2108/1597 1722/2110/1597
f 1714/2102/1598 1730/2111/1598 1715/2104/1598
f 1708/2089/1599 1722/2110/1599 1723/2112/1599
f 1715/2104/1600 1731/2113/1600 1716/2105/1600
f 1709/2090/1601 1723/2112/1601 1724/2114/1601
f 1716/2105/1602 1732/2115/1602 1717/2091/1602
f 1710/2092/1603 1724/2114/1603 1725/2116/1603
f 1703/2094/1604 1748/2117/1604 1718/2118/1604
f 1974/2119/1605 1717/2091/1605 1732/2115/1605
f 1711/2096/1606 1725/2116/1606 1726/2120/1606
f 1704/2097/1607 1718/2118/1607 1719/2121/1607
f 1712/2098/1608 1726/2120/1608 1727/2122/1608
f 1705/2099/1609 1719/2121/1609 1720/2107/1609
f 1731/2113/1610 1747/2123/1610 1732/2115/1610
f 1725/2116/1611 1739/2124/1611 1740/2125/1611
f 1718/2118/1612 1748/2126/1612 1733/2127/1612
f 1974/2128/1613 1732/2115/1613 1747/2123/1613
f 1726/2120/1614 1740/2125/1614 1741/2129/1614
f 1719/2121/1615 1733/2127/1615 1734/2130/1615
f 1727/2122/1616 1741/2129/1616 1742/2131/1616
f 1720/2107/1617 1734/2130/1617 1735/2132/1617
f 1727/2122/1618 1743/2133/1618 1728/2106/1618
f 1721/2108/1619 1735/2132/1619 1736/2134/1619
f 1728/2106/1620 1744/2135/1620 1729/2109/1620
f 1722/2110/1621 1736/2134/1621 1737/2136/1621
f 1729/2109/1622 1745/2137/1622 1730/2111/1622
f 1723/2112/1623 1737/2136/1623 1738/2138/1623
f 1730/2111/1624 1746/2139/1624 1731/2113/1624
f 1724/2114/1625 1738/2138/1625 1739/2124/1625
f 1736/2134/1626 1751/2140/1626 1752/2141/1626
f 1743/2133/1627 1760/2142/1627 1744/2135/1627
f 1737/2136/1628 1752/2141/1628 1753/2143/1628
f 1744/2135/1629 1761/2144/1629 1745/2137/1629
f 1738/2138/1630 1753/2143/1630 1754/2145/1630
f 1745/2137/1631 1762/2146/1631 1746/2139/1631
f 1739/2124/1632 1754/2145/1632 1755/2147/1632
f 1746/2139/1633 1763/2148/1633 1747/2123/1633
f 1740/2125/1634 1755/2147/1634 1756/2149/1634
f 1733/2127/1635 1748/2150/1635 1749/2151/1635
f 1974/2152/1636 1747/2123/1636 1763/2148/1636
f 1741/2129/1637 1756/2149/1637 1757/2153/1637
f 1734/2130/1638 1749/2151/1638 1750/2154/1638
f 1741/2129/1639 1758/2155/1639 1742/2131/1639
f 1735/2132/1640 1750/2154/1640 1751/2140/1640
f 1742/2131/1641 1759/2156/1641 1743/2133/1641
f 1756/2149/1642 1770/2157/1642 1771/2158/1642
f 1749/2151/1643 1748/2159/1643 1764/2160/1643
f 1974/2161/1644 1763/2148/1644 1778/2162/1644
f 1757/2153/1645 1771/2158/1645 1772/2163/1645
f 1750/2154/1646 1764/2160/1646 1765/2164/1646
f 1757/2153/1647 1773/2165/1647 1758/2155/1647
f 1751/2140/1648 1765/2164/1648 1766/2166/1648
f 1758/2155/1649 1774/2167/1649 1759/2156/1649
f 1752/2141/1650 1766/2166/1650 1767/2168/1650
f 1759/2156/1651 1775/2169/1651 1760/2142/1651
f 1753/2143/1652 1767/2168/1652 1768/2170/1652
f 1760/2142/1653 1776/2171/1653 1761/2144/1653
f 1754/2145/1654 1768/2170/1654 1769/2172/1654
f 1761/2144/1655 1777/2173/1655 1762/2146/1655
f 1755/2147/1656 1769/2172/1656 1770/2157/1656
f 1762/2146/1657 1778/2162/1657 1763/2148/1657
f 1774/2167/1658 1790/2174/1658 1775/2169/1658
f 1768/2170/1659 1782/2175/1659 1783/2176/1659
f 1775/2169/1660 1791/2177/1660 1776/2171/1660
f 1769/2172/1661 1783/2176/1661 1784/2178/1661
f 1776/2171/1662 1792/2179/1662 1777/2173/1662
f 1770/2157/1663 1784/2178/1663 1785/2180/1663
f 1777/2173/1664 1793/2181/1664 1778/2162/1664
f 1771/2158/1665 1785/2180/1665 1786/2182/1665
f 1764/2160/1666 1748/2183/1666 1779/2184/1666
f 1974/2185/1667 1778/2162/1667 1793/2181/1667
f 1772/2163/1668 1786/2182/1668 1787/2186/1668
f 1765/2164/1669 1779/2184/1669 1780/2187/1669
f 1772/2163/1670 1788/2188/1670 1773/2165/1670
f 1766/2166/1671 1780/2187/1671 1781/2189/1671
f 1773/2165/1672 1789/2190/1672 1774/2167/1672
f 1767/2168/1673 1781/2189/1673 1782/2175/1673
f 1974/2191/1674 1793/2181/1674 1808/2192/1674
f 1787/2186/1675 1801/2193/1675 1802/2194/1675
f 1780/2187/1676 1794/2195/1676 1795/2196/1676
f 1787/2186/1677 1803/2197/1677 1788/2188/1677
f 1781/2189/1678 1795/2196/1678 1796/2198/1678
f 1788/2188/1679 1804/2199/1679 1789/2190/1679
f 1782/2175/1680 1796/2198/1680 1797/2200/1680
f 1789/2190/1681 1805/2201/1681 1790/2174/1681
f 1783/2176/1682 1797/2200/1682 1798/2202/1682
f 1790/2174/1683 1806/2203/1683 1791/2177/1683
f 1784/2178/1684 1798/2202/1684 1799/2204/1684
f 1791/2177/1685 1807/2205/1685 1792/2179/1685
f 1785/2180/1686 1799/2204/1686 1800/2206/1686
f 1792/2179/1687 1808/2192/1687 1793/2181/1687
f 1786/2182/1688 1800/2206/1688 1801/2193/1688
f 1779/2184/1689 1748/2207/1689 1794/2195/1689
f 1806/2203/1690 1820/2208/1690 1821/2209/1690
f 1798/2202/1691 1814/2210/1691 1799/2204/1691
f 1807/2205/1692 1821/2209/1692 1822/2211/1692
f 1799/2204/1693 1815/2212/1693 1800/2206/1693
f 1808/2192/1694 1822/2211/1694 1823/2213/1694
f 1800/2206/1695 1816/2214/1695 1801/2193/1695
f 1794/2195/1696 1748/2215/1696 1809/2216/1696
f 1974/2217/1697 1808/2192/1697 1823/2213/1697
f 1801/2193/1698 1817/2218/1698 1802/2194/1698
f 1794/2195/1699 1810/2219/1699 1795/2196/1699
f 1803/2197/1700 1817/2218/1700 1818/2220/1700
f 1795/2196/1701 1811/2221/1701 1796/2198/1701
f 1804/2199/1702 1818/2220/1702 1819/2222/1702
f 1796/2198/1703 1812/2223/1703 1797/2200/1703
f 1805/2201/1704 1819/2222/1704 1820/2208/1704
f 1797/2200/1705 1813/2224/1705 1798/2202/1705
f 1809/2216/1706 1825/2225/1706 1810/2219/1706
f 1818/2220/1707 1832/2226/1707 1833/2227/1707
f 1810/2219/1708 1826/2228/1708 1811/2221/1708
f 1819/2222/1709 1833/2227/1709 1834/2229/1709
f 1811/2221/1710 1827/2230/1710 1812/2223/1710
f 1820/2208/1711 1834/2229/1711 1835/2231/1711
f 1812/2223/1712 1828/2232/1712 1813/2224/1712
f 1821/2209/1713 1835/2231/1713 1836/2233/1713
f 1813/2224/1714 1829/2234/1714 1814/2210/1714
f 1822/2211/1715 1836/2233/1715 1837/2235/1715
f 1814/2210/1716 1830/2236/1716 1815/2212/1716
f 1823/2213/1717 1837/2235/1717 1838/2237/1717
f 1815/2212/1718 1831/2238/1718 1816/2214/1718
f 1809/2216/1719 1748/2239/1719 1824/2240/1719
f 1974/2241/1720 1823/2213/1720 1838/2237/1720
f 1816/2214/1721 1832/2226/1721 1817/2218/1721
f 1828/2232/1722 1844/2242/1722 1829/2234/1722
f 1837/2235/1723 1851/2243/1723 1852/2244/1723
f 1829/2234/1724 1845/2245/1724 1830/2236/1724
f 1838/2237/1725 1852/2244/1725 1853/2246/1725
f 1830/2236/1726 1846/2247/1726 1831/2238/1726
f 1824/2240/1727 1748/2248/1727 1839/2249/1727
f 1974/2250/1728 1838/2237/1728 1853/2246/1728
f 1831/2238/1729 1847/2251/1729 1832/2226/1729
f 1824/2240/1730 1840/2252/1730 1825/2225/1730
f 1833/2227/1731 1847/2251/1731 1848/2253/1731
f 1825/2225/1732 1841/2254/1732 1826/2228/1732
f 1834/2229/1733 1848/2253/1733 1849/2255/1733
f 1826/2228/1734 1842/2256/1734 1827/2230/1734
f 1835/2231/1735 1849/2255/1735 1850/2257/1735
f 1827/2230/1736 1843/2258/1736 1828/2232/1736
f 1836/2233/1737 1850/2257/1737 1851/2243/1737
f 1848/2253/1738 1862/2259/1738 1863/2260/1738
f 1840/2252/1739 1856/2261/1739 1841/2254/1739
f 1849/2255/1740 1863/2260/1740 1864/2262/1740
f 1841/2254/1741 1857/2263/1741 1842/2256/1741
f 1850/2257/1742 1864/2262/1742 1865/2264/1742
f 1842/2256/1743 1858/2265/1743 1843/2258/1743
f 1851/2243/1744 1865/2264/1744 1866/2266/1744
f 1843/2258/1745 1859/2267/1745 1844/2242/1745
f 1852/2244/1746 1866/2266/1746 1867/2268/1746
f 1844/2242/1747 1860/2269/1747 1845/2245/1747
f 1853/2246/1748 1867/2268/1748 1868/2270/1748
f 1845/2245/1749 1861/2271/1749 1846/2247/1749
f 1839/2249/1750 1748/2272/1750 1854/2273/1750
f 1974/2274/1751 1853/2246/1751 1868/2270/1751
f 1846/2247/1752 1862/2259/1752 1847/2251/1752
f 1839/2249/1753 1855/2275/1753 1840/2252/1753
f 1867/2268/1754 1881/2276/1754 1882/2277/1754
f 1859/2267/1755 1875/2278/1755 1860/2269/1755
f 1868/2270/1756 1882/2277/1756 1883/2279/1756
f 1860/2269/1757 1876/2280/1757 1861/2271/1757
f 1854/2273/1758 1748/2281/1758 1869/2282/1758
f 1974/2283/1759 1868/2270/1759 1883/2279/1759
f 1861/2271/1760 1877/2284/1760 1862/2259/1760
f 1854/2273/1761 1870/2285/1761 1855/2275/1761
f 1862/2259/1762 1878/2286/1762 1863/2260/1762
f 1855/2275/1763 1871/2287/1763 1856/2261/1763
f 1864/2262/1764 1878/2286/1764 1879/2288/1764
f 1856/2261/1765 1872/2289/1765 1857/2263/1765
f 1865/2264/1766 1879/2288/1766 1880/2290/1766
f 1857/2263/1767 1873/2291/1767 1858/2265/1767
f 1866/2266/1768 1880/2290/1768 1881/2276/1768
f 1858/2265/1769 1874/2292/1769 1859/2267/1769
f 1870/2285/1770 1886/2293/1770 1871/2287/1770
f 1879/2288/1771 1893/2294/1771 1894/2295/1771
f 1871/2287/1772 1887/2296/1772 1872/2289/1772
f 1880/2290/1773 1894/2295/1773 1895/2297/1773
f 1872/2289/1774 1888/2298/1774 1873/2291/1774
f 1881/2276/1775 1895/2297/1775 1896/2299/1775
f 1873/2291/1776 1889/2300/1776 1874/2292/1776
f 1882/2277/1777 1896/2299/1777 1897/2301/1777
f 1874/2292/1778 1890/2302/1778 1875/2278/1778
f 1883/2279/1779 1897/2301/1779 1898/2303/1779
f 1875/2278/1780 1891/2304/1780 1876/2280/1780
f 1869/2282/1781 1748/2305/1781 1884/2306/1781
f 1974/2307/1782 1883/2279/1782 1898/2303/1782
f 1876/2280/1783 1892/2308/1783 1877/2284/1783
f 1869/2282/1784 1885/2309/1784 1870/2285/1784
f 1877/2284/1785 1893/2294/1785 1878/2286/1785
f 1889/2300/1786 1905/2310/1786 1890/2302/1786
f 1898/2303/1787 1912/2311/1787 1913/2312/1787
f 1890/2302/1788 1906/2313/1788 1891/2304/1788
f 1884/2306/1789 1748/2314/1789 1899/2315/1789
f 1974/2316/1790 1898/2303/1790 1913/2312/1790
f 1891/2304/1791 1907/2317/1791 1892/2308/1791
f 1884/2306/1792 1900/2318/1792 1885/2309/1792
f 1892/2308/1793 1908/2319/1793 1893/2294/1793
f 1885/2309/1794 1901/2320/1794 1886/2293/1794
f 1893/2294/1795 1909/2321/1795 1894/2295/1795
f 1886/2293/1796 1902/2322/1796 1887/2296/1796
f 1895/2297/1797 1909/2321/1797 1910/2323/1797
f 1887/2296/1798 1903/2324/1798 1888/2298/1798
f 1896/2299/1799 1910/2323/1799 1911/2325/1799
f 1888/2298/1800 1904/2326/1800 1889/2300/1800
f 1897/2301/1801 1911/2325/1801 1912/2311/1801
f 1908/2319/1802 1924/2327/1802 1909/2321/1802
f 1901/2320/1803 1917/2328/1803 1902/2322/1803
f 1909/2321/1804 1925/2329/1804 1910/2323/1804
f 1902/2322/1805 1918/2330/1805 1903/2324/1805
f 1910/2323/1806 1926/2331/1806 1911/2325/1806
f 1903/2324/1807 1919/2332/1807 1904/2326/1807
f 1912/2311/1808 1926/2331/1808 1927/2333/1808
f 1904/2326/1809 1920/2334/1809 1905/2310/1809
f 1913/2312/1810 1927/2333/1810 1928/2335/1810
f 1905/2310/1811 1921/2336/1811 1906/2313/1811
f 1899/2315/1812 1748/2337/1812 1914/2338/1812
f 1974/2339/1813 1913/2312/1813 1928/2335/1813
f 1906/2313/1814 1922/2340/1814 1907/2317/1814
f 1899/2315/1815 1915/2341/1815 1900/2318/1815
f 1907/2317/1816 1923/2342/1816 1908/2319/1816
f 1900/2318/1817 1916/2343/1817 1901/2320/1817
f 1927/2333/1818 1943/2344/1818 1928/2335/1818
f 1920/2334/1819 1936/2345/1819 1921/2336/1819
f 1914/2338/1820 1748/2346/1820 1929/2347/1820
f 1974/2348/1821 1928/2335/1821 1943/2344/1821
f 1921/2336/1822 1937/2349/1822 1922/2340/1822
f 1915/2341/1823 1929/2347/1823 1930/2350/1823
f 1922/2340/1824 1938/2351/1824 1923/2342/1824
f 1915/2341/1825 1931/2352/1825 1916/2343/1825
f 1923/2342/1826 1939/2353/1826 1924/2327/1826
f 1916/2343/1827 1932/2354/1827 1917/2328/1827
f 1924/2327/1828 1940/2355/1828 1925/2329/1828
f 1917/2328/1829 1933/2356/1829 1918/2330/1829
f 1925/2329/1830 1941/2357/1830 1926/2331/1830
f 1918/2330/1831 1934/2358/1831 1919/2332/1831
f 1926/2331/1832 1942/2359/1832 1927/2333/1832
f 1919/2332/1833 1935/2360/1833 1920/2334/1833
f 1939/2353/1834 1955/2361/1834 1940/2355/1834
f 1933/2356/1835 1947/2362/1835 1948/2363/1835
f 1940/2355/1836 1956/2364/1836 1941/2357/1836
f 1933/2356/1837 1949/2365/1837 1934/2358/1837
f 1941/2357/1838 1957/2366/1838 1942/2359/1838
f 1934/2358/1839 1950/2367/1839 1935/2360/1839
f 1942/2359/1840 1958/2368/1840 1943/2344/1840
f 1935/2360/1841 1951/2369/1841 1936/2345/1841
f 1929/2347/1842 1748/2370/1842 1944/2371/1842
f 1974/2372/1843 1943/2344/1843 1958/2368/1843
f 1936/2345/1844 1952/2373/1844 1937/2349/1844
f 1930/2350/1845 1944/2371/1845 1945/2374/1845
f 1937/2349/1846 1953/2375/1846 1938/2351/1846
f 1931/2352/1847 1945/2374/1847 1946/2376/1847
f 1938/2351/1848 1954/2377/1848 1939/2353/1848
f 1932/2354/1849 1946/2376/1849 1947/2362/1849
f 1944/2371/1850 1748/2378/1850 1959/2379/1850
f 1974/2380/1851 1958/2368/1851 1973/2381/1851
f 1951/2369/1852 1967/2382/1852 1952/2373/1852
f 1945/2374/1853 1959/2379/1853 1960/2383/1853
f 1952/2373/1854 1968/2384/1854 1953/2375/1854
f 1946/2376/1855 1960/2383/1855 1961/2385/1855
f 1953/2375/1856 1969/2386/1856 1954/2377/1856
f 1947/2362/1857 1961/2385/1857 1962/2387/1857
f 1954/2377/1858 1970/2388/1858 1955/2361/1858
f 1948/2363/1859 1962/2387/1859 1963/2389/1859
f 1955/2361/1860 1971/2390/1860 1956/2364/1860
f 1949/2365/1861 1963/2389/1861 1964/2391/1861
f 1956/2364/1862 1972/2392/1862 1957/2366/1862
f 1949/2365/1863 1965/2393/1863 1950/2367/1863
f 1957/2366/1864 1973/2381/1864 1958/2368/1864
f 1950/2367/1865 1966/2394/1865 1951/2369/1865
f 1963/2389/1866 1978/2395/1866 1979/2396/1866
f 1970/2388/1867 1987/2397/1867 1971/2390/1867
f 1964/2391/1868 1979/2396/1868 1980/2398/1868
f 1971/2390/1869 1988/2399/1869 1972/2392/1869
f 1964/2391/1870 1981/2400/1870 1965/2393/1870
f 1972/2392/1871 1989/2401/1871 1973/2381/1871
f 1965/2393/1872 1982/2402/1872 1966/2394/1872
f 1959/2379/1873 1748/2403/1873 1975/2404/1873
f 1974/2405/1874 1973/2381/1874 1989/2401/1874
f 1966/2394/1875 1983/2406/1875 1967/2382/1875
f 1960/2383/1876 1975/2404/1876 1976/2407/1876
f 1967/2382/1877 1984/2408/1877 1968/2384/1877
f 1961/2385/1878 1976/2407/1878 1977/2409/1878
f 1968/2384/1879 1985/2410/1879 1969/2386/1879
f 1962/2387/1880 1977/2409/1880 1978/2395/1880
f 1969/2386/1881 1986/2411/1881 1970/2388/1881
f 1982/2402/1882 1998/2412/1882 1983/2406/1882
f 1976/2407/1883 1990/2413/1883 1991/2414/1883
f 1983/2406/1884 1999/2415/1884 1984/2408/1884
f 1977/2409/1885 1991/2414/1885 1992/2416/1885
f 1984/2408/1886 2000/2417/1886 1985/2410/1886
f 1978/2395/1887 1992/2416/1887 1993/2418/1887
f 1985/2410/1888 2001/2419/1888 1986/2411/1888
f 1979/2396/1889 1993/2418/1889 1994/2420/1889
f 1986/2411/1890 2002/2421/1890 1987/2397/1890
f 1980/2398/1891 1994/2420/1891 1995/2422/1891
f 1987/2397/1892 2003/2423/1892 1988/2399/1892
f 1981/2400/1893 1995/2422/1893 1996/2424/1893
f 1988/2399/1894 2004/2425/1894 1989/2401/1894
f 1981/2400/1895 1997/2426/1895 1982/2402/1895
f 1975/2404/1896 1748/2427/1896 1990/2413/1896
f 1974/2428/1897 1989/2401/1897 2004/2425/1897
f 2001/2419/1898 2017/2429/1898 2002/2421/1898
f 1995/2422/1899 2009/2430/1899 2010/2431/1899
f 2002/2421/1900 2018/2432/1900 2003/2423/1900
f 1996/2424/1901 2010/2431/1901 2011/2433/1901
f 2003/2423/1902 2019/2434/1902 2004/2425/1902
f 1996/2424/1903 2012/2435/1903 1997/2426/1903
f 1990/2413/1904 1748/2436/1904 2005/2437/1904
f 1974/2438/1905 2004/2425/1905 2019/2434/1905
f 1997/2426/1906 2013/2439/1906 1998/2412/1906
f 1991/2414/1907 2005/2437/1907 2006/2440/1907
f 1998/2412/1908 2014/2441/1908 1999/2415/1908
f 1992/2416/1909 2006/2440/1909 2007/2442/1909
f 1999/2415/1910 2015/2443/1910 2000/2417/1910
f 1993/2418/1911 2007/2442/1911 2008/2444/1911
f 2000/2417/1912 2016/2445/1912 2001/2419/1912
f 1994/2420/1913 2008/2444/1913 2009/2430/1913
f 2006/2440/1914 2020/2446/1914 2021/2447/1914
f 2013/2439/1915 2029/2448/1915 2014/2441/1915
f 2007/2442/1916 2021/2447/1916 2022/2449/1916
f 2014/2441/1917 2030/2450/1917 2015/2443/1917
f 2008/2444/1918 2022/2449/1918 2023/2451/1918
f 2015/2443/1919 2031/2452/1919 2016/2445/1919
f 2009/2430/1920 2023/2451/1920 2024/2453/1920
f 2016/2445/1921 2032/2454/1921 2017/2429/1921
f 2010/2431/1922 2024/2453/1922 2025/2455/1922
f 2017/2429/1923 2033/2456/1923 2018/2432/1923
f 2011/2433/1924 2025/2455/1924 2026/2457/1924
f 2018/2432/1925 2034/2458/1925 2019/2434/1925
f 2011/2433/1926 2027/2459/1926 2012/2435/1926
f 2005/2437/1927 1748/2460/1927 2020/2446/1927
f 1974/2461/1928 2019/2434/1928 2034/2458/1928
f 2012/2435/1929 2028/2462/1929 2013/2439/1929
f 2025/2463/1930 2039/2464/1930 2040/2465/1930
f 2032/2466/1931 2048/2467/1931 2033/2468/1931
f 2026/2469/1932 2040/2465/1932 2041/2470/1932
f 2033/2468/1933 2049/2471/1933 2034/2472/1933
f 2026/2469/1934 2042/2473/1934 2027/2474/1934
f 2020/2475/1935 1748/2476/1935 2035/2477/1935
f 1974/2478/1936 2034/2472/1936 2049/2471/1936
f 2027/2474/1937 2043/2479/1937 2028/2480/1937
f 2021/2481/1938 2035/2477/1938 2036/2482/1938
f 2028/2480/1939 2044/2483/1939 2029/2484/1939
f 2022/2485/1940 2036/2482/1940 2037/2486/1940
f 2029/2484/1941 2045/2487/1941 2030/2488/1941
f 2023/2489/1942 2037/2486/1942 2038/2490/1942
f 2030/2488/1943 2046/2491/1943 2031/2492/1943
f 2024/2493/1944 2038/2490/1944 2039/2464/1944
f 2031/2492/1945 2047/2494/1945 2032/2466/1945
f 2044/2483/1946 2058/2495/1946 2059/2496/1946
f 2036/2482/1947 2052/2497/1947 2037/2486/1947
f 2045/2487/1948 2059/2496/1948 2060/2498/1948
f 2037/2486/1949 2053/2499/1949 2038/2490/1949
f 2046/2491/1950 2060/2498/1950 2061/2500/1950
f 2038/2490/1951 2054/2501/1951 2039/2464/1951
f 2047/2494/1952 2061/2500/1952 2062/2502/1952
f 2039/2464/1953 2055/2503/1953 2040/2465/1953
f 2048/2467/1954 2062/2502/1954 2063/2504/1954
f 2040/2465/1955 2056/2505/1955 2041/2470/1955
f 2049/2471/1956 2063/2504/1956 2064/2506/1956
f 2042/2473/1957 2056/2505/1957 2057/2507/1957
f 2035/2477/1958 1748/2508/1958 2050/2509/1958
f 1974/2510/1959 2049/2471/1959 2064/2506/1959
f 2043/2479/1960 2057/2507/1960 2058/2495/1960
f 2035/2477/1961 2051/2511/1961 2036/2482/1961
f 2063/2504/1962 2077/2512/1962 2078/2513/1962
f 2055/2503/1963 2071/2514/1963 2056/2505/1963
f 2064/2506/1964 2078/2513/1964 2079/2515/1964
f 2057/2507/1965 2071/2514/1965 2072/2516/1965
f 2050/2509/1966 1748/2517/1966 2065/2518/1966
f 1974/2519/1967 2064/2506/1967 2079/2515/1967
f 2058/2495/1968 2072/2516/1968 2073/2520/1968
f 2050/2509/1969 2066/2521/1969 2051/2511/1969
f 2059/2496/1970 2073/2520/1970 2074/2522/1970
f 2051/2511/1971 2067/2523/1971 2052/2497/1971
f 2060/2498/1972 2074/2522/1972 2075/2524/1972
f 2052/2497/1973 2068/2525/1973 2053/2499/1973
f 2061/2500/1974 2075/2524/1974 2076/2526/1974
f 2053/2499/1975 2069/2527/1975 2054/2501/1975
f 2062/2502/1976 2076/2526/1976 2077/2512/1976
f 2054/2501/1977 2070/2528/1977 2055/2503/1977
f 2075/2524/1978 2089/2529/1978 2090/2530/1978
f 2067/2523/1979 2083/2531/1979 2068/2525/1979
f 2076/2526/1980 2090/2530/1980 2091/2532/1980
f 2068/2525/1981 2084/2533/1981 2069/2527/1981
f 2077/2512/1982 2091/2532/1982 2092/2534/1982
f 2069/2527/1983 2085/2535/1983 2070/2528/1983
f 2078/2513/1984 2092/2534/1984 2093/2536/1984
f 2070/2528/1985 2086/2537/1985 2071/2514/1985
f 2079/2515/1986 2093/2536/1986 2094/2538/1986
f 2072/2516/1987 2086/2537/1987 2087/2539/1987
f 2065/2518/1988 1748/2540/1988 2080/2541/1988
f 1974/2542/1989 2079/2515/1989 2094/2538/1989
f 2073/2520/1990 2087/2539/1990 2088/2543/1990
f 2065/2518/1991 2081/2544/1991 2066/2521/1991
f 2074/2522/1992 2088/2543/1992 2089/2529/1992
f 2066/2521/1993 2082/2545/1993 2067/2523/1993
f 2094/2538/1994 2108/2546/1994 2109/2547/1994
f 2087/2539/1995 2101/2548/1995 2102/2549/1995
f 2080/2541/1996 1748/2550/1996 2095/2551/1996
f 1974/2552/1997 2094/2538/1997 2109/2547/1997
f 2088/2543/1998 2102/2549/1998 2103/2553/1998
f 2080/2541/1999 2096/2554/1999 2081/2544/1999
f 2089/2529/2000 2103/2553/2000 2104/2555/2000
f 2081/2544/2001 2097/2556/2001 2082/2545/2001
f 2090/2530/2002 2104/2555/2002 2105/2557/2002
f 2082/2545/2003 2098/2558/2003 2083/2531/2003
f 2091/2532/2004 2105/2557/2004 2106/2559/2004
f 2083/2531/2005 2099/2560/2005 2084/2533/2005
f 2092/2534/2006 2106/2559/2006 2107/2561/2006
f 2084/2533/2007 2100/2562/2007 2085/2535/2007
f 2093/2536/2008 2107/2561/2008 2108/2546/2008
f 2085/2535/2009 2101/2548/2009 2086/2537/2009
f 2097/2556/2010 2113/2563/2010 2098/2558/2010
f 2106/2559/2011 2120/2564/2011 2121/2565/2011
f 2098/2558/2012 2114/2566/2012 2099/2560/2012
f 2107/2561/2013 2121/2565/2013 2122/2567/2013
f 2099/2560/2014 2115/2568/2014 2100/2562/2014
f 2108/2546/2015 2122/2567/2015 2123/2569/2015
f 2101/2548/2016 2115/2568/2016 2116/2570/2016
f 2109/2547/2017 2123/2569/2017 2124/2571/2017
f 2102/2549/2018 2116/2570/2018 2117/2572/2018
f 2095/2551/2019 1748/2573/2019 2110/2574/2019
f 1974/2575/2020 2109/2547/2020 2124/2571/2020
f 2103/2553/2021 2117/2572/2021 2118/2576/2021
f 2095/2551/2022 2111/2577/2022 2096/2554/2022
f 2104/2555/2023 2118/2576/2023 2119/2578/2023
f 2096/2554/2024 2112/2579/2024 2097/2556/2024
f 2105/2557/2025 2119/2578/2025 2120/2564/2025
f 2117/2572/2026 2131/2580/2026 2132/2581/2026
f 2110/2574/2027 1748/2582/2027 2125/2583/2027
f 1974/2584/2028 2124/2571/2028 2139/2585/2028
f 2118/2576/2029 2132/2581/2029 2133/2586/2029
f 2110/2574/2030 2126/2587/2030 2111/2577/2030
f 2119/2578/2031 2133/2586/2031 2134/2588/2031
f 2111/2577/2032 2127/2589/2032 2112/2579/2032
f 2120/2564/2033 2134/2588/2033 2135/2590/2033
f 2112/2579/2034 2128/2591/2034 2113/2563/2034
f 2121/2565/2035 2135/2590/2035 2136/2592/2035
f 2113/2563/2036 2129/2593/2036 2114/2566/2036
f 2122/2567/2037 2136/2592/2037 2137/2594/2037
f 2114/2566/2038 2130/2595/2038 2115/2568/2038
f 2123/2569/2039 2137/2594/2039 2138/2596/2039
f 2116/2570/2040 2130/2595/2040 2131/2580/2040
f 2124/2571/2041 2138/2596/2041 2139/2585/2041
f 2136/2592/2042 1672/2071/2042 2145/2043/2042
f 2128/2591/2043 1668/2046/2043 2129/2593/2043
f 2137/2594/2044 2145/2043/2044 2146/2048/2044
f 2130/2595/2045 1668/2046/2045 2143/2050/2045
f 2138/2596/2046 2146/2048/2046 2147/2052/2046
f 2131/2580/2047 2143/2050/2047 1669/2054/2047
f 2139/2585/2048 2147/2052/2048 2148/2056/2048
f 2132/2581/2049 1669/2054/2049 1670/2058/2049
f 2125/2583/2050 1748/2597/2050 2140/2060/2050
f 1974/2598/2051 2139/2585/2051 2148/2056/2051
f 2133/2586/2052 1670/2058/2052 1671/2064/2052
f 2125/2583/2053 2141/2067/2053 2126/2587/2053
f 2134/2588/2054 1671/2064/2054 2144/2068/2054
f 2126/2587/2055 1667/2070/2055 2127/2589/2055
f 2135/2590/2056 2144/2068/2056 1672/2071/2056
f 2127/2589/2057 2142/2040/2057 2128/2591/2057
f 476/1/2058 1/31/2058 9/2/2058
f 479/4/2 6/32/2 17/5/2
f 476/1/2059 10/3/2059 11/7/2059
f 479/4/4 18/6/4 19/9/4
f 477/11/5 2/8/5 11/7/5
f 480/10/2060 19/9/2060 20/13/2060
f 3/15/7 477/11/7 12/12/7
f 481/14/8 20/13/8 21/17/8
f 3/15/2061 13/16/2061 14/19/2061
f 4/20/12 14/19/12 15/25/12
f 475/27/13 474/21/13 7/23/13
f 5/26/2062 15/25/2062 16/29/2062
f 1/31/2063 475/27/2063 8/28/2063
f 478/30/16 16/29/16 17/5/16
f 8/28/2064 23/49/2064 24/33/2064
f 17/5/18 16/29/18 31/34/18
f 9/2/19 24/33/19 25/36/19
f 18/6/2065 17/5/2065 32/35/2065
f 10/3/21 25/36/21 26/38/21
f 19/9/2066 18/6/2066 33/37/2066
f 11/7/2067 26/38/2067 27/40/2067
f 20/13/2068 19/9/2068 34/39/2068
f 13/16/2069 12/12/2069 27/40/2069
f 20/13/26 35/41/26 36/43/26
f 13/16/2070 28/42/2070 29/44/2070
f 14/19/30 29/44/30 30/48/30
f 7/23/2071 22/46/2071 23/49/2071
f 15/25/2072 30/48/2072 31/34/2072
f 28/42/33 27/40/33 42/50/33
f 36/43/2073 35/41/2073 50/52/2073
f 29/44/2074 28/42/2074 43/51/2074
f 29/44/38 44/54/38 45/58/38
f 22/46/2075 37/56/2075 38/59/2075
f 30/48/40 45/58/40 46/60/40
f 23/49/2076 38/59/2076 39/61/2076
f 32/35/42 31/34/42 46/60/42
f 24/33/43 39/61/43 40/63/43
f 33/37/44 32/35/44 47/62/44
f 25/36/2077 40/63/2077 41/65/2077
f 34/39/46 33/37/46 48/64/46
f 26/38/2078 41/65/2078 42/50/2078
f 35/41/2079 34/39/2079 49/66/2079
f 47/62/2080 46/60/2080 61/67/2080
f 39/61/2081 54/83/2081 55/69/2081
f 47/62/51 62/68/51 63/70/51
f 41/65/2082 40/63/2082 55/69/2082
f 49/66/53 48/64/53 63/70/53
f 41/65/2083 56/71/2083 57/73/2083
f 50/52/55 49/66/55 64/72/55
f 43/51/2084 42/50/2084 57/73/2084
f 51/53/2085 50/52/2085 65/74/2085
f 44/54/58 43/51/58 58/75/58
f 44/54/61 59/77/61 60/81/61
f 37/56/2086 52/79/2086 53/82/2086
f 45/58/63 60/81/63 61/67/63
f 38/59/2087 53/82/2087 54/83/2087
f 65/74/2088 80/100/2088 81/84/2088
f 59/77/66 58/75/66 73/85/66
f 59/77/69 74/86/69 75/90/69
f 53/82/2089 52/79/2089 67/88/2089
f 60/81/71 75/90/71 76/92/71
f 54/83/2090 53/82/2090 68/91/2090
f 62/68/73 61/67/73 76/92/73
f 54/83/2091 69/93/2091 70/95/2091
f 62/68/2092 77/94/2092 78/96/2092
f 56/71/76 55/69/76 70/95/76
f 64/72/2093 63/70/2093 78/96/2093
f 56/71/78 71/97/78 72/99/78
f 64/72/79 79/98/79 80/100/79
f 58/75/80 57/73/80 72/99/80
f 69/93/2094 85/116/2094 86/101/2094
f 77/94/2095 93/117/2095 94/102/2095
f 71/97/83 70/95/83 86/101/83
f 79/98/2096 78/96/2096 94/102/2096
f 71/97/2097 87/103/2097 88/105/2097
f 80/100/2098 79/98/2098 95/104/2098
f 73/85/87 72/99/87 88/105/87
f 81/84/2099 80/100/2099 96/106/2099
f 74/86/2100 73/85/2100 89/107/2100
f 74/86/92 90/109/92 91/113/92
f 67/88/2101 83/111/2101 84/114/2101
f 75/90/2102 91/113/2102 92/115/2102
f 68/91/2103 84/114/2103 85/116/2103
f 77/94/96 76/92/96 92/115/96
f 90/109/2104 89/107/2104 104/118/2104
f 90/109/100 105/119/100 106/124/100
f 83/111/2105 98/121/2105 99/125/2105
f 91/113/2106 106/124/2106 107/126/2106
f 85/116/2107 84/114/2107 99/125/2107
f 93/117/2108 92/115/2108 107/126/2108
f 85/116/2109 100/127/2109 101/129/2109
f 93/117/106 108/128/106 109/130/106
f 87/103/107 86/101/107 101/129/107
f 95/104/108 94/102/108 109/130/108
f 87/103/2110 102/131/2110 103/133/2110
f 95/104/2111 110/132/2111 111/134/2111
f 89/107/111 88/105/111 103/133/111
f 96/106/2112 111/134/2112 112/123/2112
f 108/128/113 123/151/113 124/135/113
f 102/131/2113 101/129/2113 116/136/2113
f 110/132/2114 109/130/2114 124/135/2114
f 102/131/2115 117/137/2115 118/139/2115
f 111/134/2116 110/132/2116 125/138/2116
f 104/118/2117 103/133/2117 118/139/2117
f 111/134/2118 126/140/2118 127/142/2118
f 105/119/120 104/118/120 119/141/120
f 105/119/2119 120/143/2119 121/147/2119
f 98/121/2120 113/145/2120 114/148/2120
f 106/124/2121 121/147/2121 122/149/2121
f 99/125/2122 114/148/2122 115/150/2122
f 108/128/2123 107/126/2123 122/149/2123
f 100/127/2124 115/150/2124 116/136/2124
f 120/143/2125 135/167/2125 136/154/2125
f 114/148/2126 113/145/2126 128/155/2126
f 121/147/2127 136/154/2127 137/157/2127
f 115/150/2128 114/148/2128 129/156/2128
f 123/151/2129 122/149/2129 137/157/2129
f 115/150/2130 130/158/2130 131/160/2130
f 123/151/2131 138/159/2131 139/161/2131
f 117/137/2132 116/136/2132 131/160/2132
f 125/138/2133 124/135/2133 139/161/2133
f 117/137/2134 132/162/2134 133/164/2134
f 125/138/2135 140/163/2135 141/165/2135
f 119/141/2136 118/139/2136 133/164/2136
f 126/140/2137 141/165/2137 142/153/2137
f 120/143/143 119/141/143 134/166/143
f 140/163/2138 139/161/2138 154/169/2138
f 132/162/2139 147/185/2139 148/171/2139
f 141/165/2140 140/163/2140 155/170/2140
f 134/166/2141 133/164/2141 148/171/2141
f 141/165/2142 156/172/2142 157/174/2142
f 135/167/2143 134/166/2143 149/173/2143
f 135/167/153 150/175/153 151/179/153
f 128/155/154 143/177/154 144/180/154
f 136/154/2144 151/179/2144 152/181/2144
f 129/156/2145 144/180/2145 145/182/2145
f 138/159/2146 137/157/2146 152/181/2146
f 130/158/2147 145/182/2147 146/184/2147
f 138/159/2148 153/183/2148 154/169/2148
f 132/162/2149 131/160/2149 146/184/2149
f 143/177/2150 158/200/2150 159/186/2150
f 151/179/2151 166/202/2151 167/187/2151
f 144/180/163 159/186/163 160/188/163
f 153/183/2152 152/181/2152 167/187/2152
f 145/182/165 160/188/165 161/190/165
f 153/183/166 168/189/166 169/191/166
f 147/185/2153 146/184/2153 161/190/2153
f 155/170/168 154/169/168 169/191/168
f 147/185/2154 162/192/2154 163/194/2154
f 156/172/2155 155/170/2155 170/193/2155
f 149/173/171 148/171/171 163/194/171
f 157/174/2156 156/172/2156 171/195/2156
f 150/175/173 149/173/173 164/196/173
f 150/175/176 165/198/176 166/202/176
f 162/192/177 177/219/177 178/203/177
f 171/195/178 170/193/178 185/204/178
f 164/196/2157 163/194/2157 178/203/2157
f 172/197/2158 171/195/2158 186/205/2158
f 165/198/181 164/196/181 179/206/181
f 165/198/2159 180/208/2159 181/212/2159
f 158/200/2160 173/210/2160 174/213/2160
f 166/202/186 181/212/186 182/214/186
f 159/186/187 174/213/187 175/215/187
f 168/189/2161 167/187/2161 182/214/2161
f 160/188/189 175/215/189 176/217/189
f 168/189/2162 183/216/2162 184/218/2162
f 162/192/2163 161/190/2163 176/217/2163
f 170/193/2164 169/191/2164 184/218/2164
f 181/212/193 196/236/193 197/220/193
f 175/215/2165 174/213/2165 189/221/2165
f 183/216/195 182/214/195 197/220/195
f 175/215/2166 190/222/2166 191/224/2166
f 183/216/2167 198/223/2167 199/225/2167
f 177/219/2168 176/217/2168 191/224/2168
f 185/204/199 184/218/199 199/225/199
f 177/219/200 192/226/200 193/228/200
f 185/204/201 200/227/201 201/229/201
f 179/206/202 178/203/202 193/228/202
f 186/205/2169 201/229/2169 202/231/2169
f 180/208/204 179/206/204 194/230/204
f 180/208/207 195/232/207 196/236/207
f 174/213/208 173/210/208 188/234/208
f 201/229/2170 200/227/2170 215/237/2170
f 194/230/210 193/228/210 208/239/210
f 202/231/2171 201/229/2171 216/238/2171
f 195/232/212 194/230/212 209/240/212
f 195/232/2172 210/242/2172 211/246/2172
f 188/234/2173 203/244/2173 204/247/2173
f 196/236/217 211/246/217 212/248/217
f 189/221/218 204/247/218 205/249/218
f 198/223/219 197/220/219 212/248/219
f 190/222/220 205/249/220 206/251/220
f 198/223/2174 213/250/2174 214/252/2174
f 192/226/222 191/224/222 206/251/222
f 200/227/2175 199/225/2175 214/252/2175
f 192/226/224 207/253/224 208/239/224
f 204/247/2176 219/270/2176 220/254/2176
f 213/250/226 212/248/226 227/255/226
f 205/249/227 220/254/227 221/257/227
f 213/250/228 228/256/228 229/258/228
f 207/253/2177 206/251/2177 221/257/2177
f 215/237/2178 214/252/2178 229/258/2178
f 207/253/231 222/259/231 223/261/231
f 216/238/2179 215/237/2179 230/260/2179
f 209/240/233 208/239/233 223/261/233
f 217/241/234 216/238/234 231/262/234
f 210/242/235 209/240/235 224/263/235
f 210/242/238 225/265/238 226/269/238
f 203/244/2180 218/267/2180 219/270/2180
f 211/246/240 226/269/240 227/255/240
f 224/263/2181 223/261/2181 238/271/2181
f 231/262/242 246/287/242 247/273/242
f 225/265/243 224/263/243 239/272/243
f 225/265/246 240/274/246 241/278/246
f 219/270/2182 218/267/2182 233/276/2182
f 226/269/248 241/278/248 242/280/248
f 219/270/249 234/279/249 235/281/249
f 228/256/250 227/255/250 242/280/250
f 220/254/251 235/281/251 236/283/251
f 228/256/252 243/282/252 244/284/252
f 222/259/2183 221/257/2183 236/283/2183
f 230/260/254 229/258/254 244/284/254
f 222/259/255 237/285/255 238/271/255
f 231/262/256 230/260/256 245/286/256
f 243/282/2184 242/280/2184 257/288/2184
f 235/281/2185 250/304/2185 251/290/2185
f 243/282/259 258/289/259 259/291/259
f 237/285/2186 236/283/2186 251/290/2186
f 245/286/261 244/284/261 259/291/261
f 237/285/262 252/292/262 253/294/262
f 245/286/2187 260/293/2187 261/295/2187
f 239/272/2188 238/271/2188 253/294/2188
f 246/287/265 261/295/265 262/297/265
f 240/274/266 239/272/266 254/296/266
f 240/274/2189 255/298/2189 256/302/2189
f 234/279/2190 233/276/2190 248/300/2190
f 241/278/271 256/302/271 257/288/271
f 235/281/272 234/279/272 249/303/272
f 261/295/2191 276/321/2191 277/305/2191
f 255/298/274 254/296/274 269/306/274
f 255/298/2192 270/307/2192 271/311/2192
f 249/303/2193 248/300/2193 263/309/2193
f 256/302/279 271/311/279 272/313/279
f 249/303/2194 264/312/2194 265/314/2194
f 258/289/2195 257/288/2195 272/313/2195
f 250/304/2196 265/314/2196 266/316/2196
f 258/289/283 273/315/283 274/317/283
f 252/292/2197 251/290/2197 266/316/2197
f 260/293/285 259/291/285 274/317/285
f 252/292/286 267/318/286 268/320/286
f 261/295/2198 260/293/2198 275/319/2198
f 254/296/2199 253/294/2199 268/320/2199
f 273/315/2200 288/338/2200 289/322/2200
f 267/318/290 266/316/290 281/323/290
f 275/319/2201 274/317/2201 289/322/2201
f 267/318/2202 282/324/2202 283/326/2202
f 275/319/2203 290/325/2203 291/327/2203
f 269/306/2204 268/320/2204 283/326/2204
f 276/321/2205 291/327/2205 292/329/2205
f 270/307/296 269/306/296 284/328/296
f 270/307/299 285/330/299 286/334/299
f 263/309/2206 278/332/2206 279/335/2206
f 271/311/301 286/334/301 287/336/301
f 264/312/2207 279/335/2207 280/337/2207
f 273/315/2208 272/313/2208 287/336/2208
f 265/314/2209 280/337/2209 281/323/2209
f 285/330/307 300/355/307 301/343/307
f 278/332/2210 293/340/2210 294/344/2210
f 286/334/309 301/343/309 302/345/309
f 280/337/2211 279/335/2211 294/344/2211
f 288/338/311 287/336/311 302/345/311
f 280/337/312 295/346/312 296/348/312
f 288/338/313 303/347/313 304/349/313
f 282/324/314 281/323/314 296/348/314
f 290/325/315 289/322/315 304/349/315
f 282/324/316 297/350/316 298/352/316
f 290/325/317 305/351/317 306/353/317
f 284/328/318 283/326/318 298/352/318
f 292/329/2212 291/327/2212 306/353/2212
f 285/330/320 284/328/320 299/354/320
f 297/350/321 296/348/321 312/356/321
f 305/351/322 304/349/322 320/358/322
f 297/350/2213 313/357/2213 314/360/2213
f 305/351/2214 321/359/2214 322/361/2214
f 299/354/325 298/352/325 314/360/325
f 306/353/2215 322/361/2215 323/363/2215
f 300/355/327 299/354/327 315/362/327
f 300/355/330 316/364/330 317/368/330
f 294/344/2216 293/340/2216 309/366/2216
f 301/343/2217 317/368/2217 318/370/2217
f 295/346/333 294/344/333 310/369/333
f 303/347/334 302/345/334 318/370/334
f 295/346/2218 311/371/2218 312/356/2218
f 303/347/2219 319/372/2219 320/358/2219
f 316/364/2220 331/386/2220 332/373/2220
f 309/366/2221 324/388/2221 325/374/2221
f 317/368/339 332/373/339 333/375/339
f 310/369/2222 325/374/2222 326/376/2222
f 319/372/2223 318/370/2223 333/375/2223
f 311/371/2224 326/376/2224 327/378/2224
f 319/372/2225 334/377/2225 335/379/2225
f 313/357/344 312/356/344 327/378/344
f 321/359/345 320/358/345 335/379/345
f 313/357/346 328/380/346 329/382/346
f 321/359/2226 336/381/2226 337/383/2226
f 315/362/348 314/360/348 329/382/348
f 323/363/2227 322/361/2227 337/383/2227
f 316/364/2228 315/362/2228 330/384/2228
f 336/381/2229 335/379/2229 350/390/2229
f 328/380/354 343/406/354 344/392/354
f 336/381/2230 351/391/2230 352/393/2230
f 330/384/2231 329/382/2231 344/392/2231
f 338/385/2232 337/383/2232 352/393/2232
f 331/386/2233 330/384/2233 345/394/2233
f 331/386/361 346/396/361 347/400/361
f 324/388/2234 339/398/2234 340/401/2234
f 332/373/363 347/400/363 348/402/363
f 326/376/2235 325/374/2235 340/401/2235
f 334/377/2236 333/375/2236 348/402/2236
f 326/376/2237 341/403/2237 342/405/2237
f 334/377/2238 349/404/2238 350/390/2238
f 328/380/368 327/378/368 342/405/368
f 339/398/2239 354/421/2239 355/407/2239
f 347/400/370 362/423/370 363/408/370
f 341/403/2240 340/401/2240 355/407/2240
f 349/404/2241 348/402/2241 363/408/2241
f 341/403/2242 356/409/2242 357/411/2242
f 349/404/2243 364/410/2243 365/412/2243
f 343/406/375 342/405/375 357/411/375
f 351/391/2244 350/390/2244 365/412/2244
f 343/406/377 358/413/377 359/415/377
f 351/391/378 366/414/378 367/416/378
f 345/394/2245 344/392/2245 359/415/2245
f 353/395/2246 352/393/2246 367/416/2246
f 346/396/2247 345/394/2247 360/417/2247
f 346/396/384 361/419/384 362/423/384
f 358/424/385 373/454/385 374/425/385
f 366/427/2248 381/455/2248 382/428/2248
f 360/430/2249 359/426/2249 374/425/2249
f 367/429/2250 382/428/2250 383/432/2250
f 361/434/2251 360/430/2251 375/431/2251
f 361/434/2252 376/435/2252 377/440/2252
f 355/442/2253 354/436/2253 369/438/2253
f 362/441/2254 377/440/2254 378/444/2254
f 356/446/2255 355/442/2255 370/443/2255
f 364/448/2256 363/445/2256 378/444/2256
f 356/446/2257 371/447/2257 372/450/2257
f 364/448/398 379/449/398 380/452/398
f 358/424/2258 357/451/2258 372/450/2258
f 366/427/2259 365/453/2259 380/452/2259
f 377/440/2260 392/472/2260 393/456/2260
f 371/447/2261 370/443/2261 385/457/2261
f 379/449/403 378/444/403 393/456/403
f 371/447/2262 386/458/2262 387/460/2262
f 379/449/2263 394/459/2263 395/461/2263
f 373/454/2264 372/450/2264 387/460/2264
f 381/455/407 380/452/407 395/461/407
f 373/454/2265 388/462/2265 389/464/2265
f 381/455/2266 396/463/2266 397/465/2266
f 375/431/2267 374/425/2267 389/464/2267
f 382/428/2268 397/465/2268 398/467/2268
f 376/435/412 375/431/412 390/466/412
f 376/435/2269 391/468/2269 392/472/2269
f 370/443/2270 369/438/2270 384/470/2270
f 396/463/2271 411/489/2271 412/473/2271
f 390/466/418 389/464/418 404/474/418
f 398/467/2272 397/465/2272 412/473/2272
f 391/468/420 390/466/420 405/475/420
f 391/468/423 406/477/423 407/481/423
f 384/470/2273 399/479/2273 400/482/2273
f 392/472/425 407/481/425 408/483/425
f 386/458/2274 385/457/2274 400/482/2274
f 394/459/427 393/456/427 408/483/427
f 386/458/428 401/484/428 402/486/428
f 394/459/2275 409/485/2275 410/487/2275
f 388/462/2276 387/460/2276 402/486/2276
f 396/463/2277 395/461/2277 410/487/2277
f 388/462/432 403/488/432 404/474/432
f 409/485/433 408/483/433 423/490/433
f 401/484/2278 416/506/2278 417/492/2278
f 409/485/2279 424/491/2279 425/493/2279
f 403/488/436 402/486/436 417/492/436
f 411/489/437 410/487/437 425/493/437
f 403/488/438 418/494/438 419/496/438
f 411/489/2280 426/495/2280 427/497/2280
f 405/475/440 404/474/440 419/496/440
f 412/473/2281 427/497/2281 428/499/2281
f 406/477/442 405/475/442 420/498/442
f 406/477/445 421/500/445 422/504/445
f 399/479/2282 414/502/2282 415/505/2282
f 407/481/2283 422/504/2283 423/490/2283
f 401/484/2284 400/482/2284 415/505/2284
f 428/499/2285 427/497/2285 442/507/2285
f 421/500/2286 420/498/2286 435/509/2286
f 421/500/453 436/510/453 437/514/453
f 414/502/2287 429/512/2287 430/515/2287
f 422/504/2288 437/514/2288 438/516/2288
f 416/506/2289 415/505/2289 430/515/2289
f 424/491/2290 423/490/2290 438/516/2290
f 416/506/458 431/517/458 432/519/458
f 424/491/2291 439/518/2291 440/520/2291
f 418/494/460 417/492/460 432/519/460
f 426/495/461 425/493/461 440/520/461
f 418/494/462 433/521/462 434/523/462
f 426/495/2292 441/522/2292 442/507/2292
f 420/498/464 419/496/464 434/523/464
f 431/517/465 446/539/465 447/524/465
f 439/518/2293 454/540/2293 455/525/2293
f 433/521/2294 432/519/2294 447/524/2294
f 441/522/2295 440/520/2295 455/525/2295
f 433/521/469 448/526/469 449/528/469
f 441/522/2296 456/527/2296 457/529/2296
f 435/509/471 434/523/471 449/528/471
f 442/507/2297 457/529/2297 458/531/2297
f 436/510/473 435/509/473 450/530/473
f 436/510/476 451/532/476 452/536/476
f 430/515/2298 429/512/2298 444/534/2298
f 437/514/478 452/536/478 453/538/478
f 431/517/2299 430/515/2299 445/537/2299
f 439/518/2300 438/516/2300 453/538/2300
f 451/532/481 450/530/481 465/541/481
f 451/532/484 466/542/484 467/547/484
f 444/534/485 459/544/485 460/548/485
f 452/536/2301 467/547/2301 468/549/2301
f 446/539/2302 445/537/2302 460/548/2302
f 454/540/488 453/538/488 468/549/488
f 446/539/489 461/550/489 462/552/489
f 454/540/2303 469/551/2303 470/553/2303
f 448/526/491 447/524/491 462/552/491
f 456/527/2304 455/525/2304 470/553/2304
f 448/526/493 463/554/493 464/556/493
f 456/527/2305 471/555/2305 472/557/2305
f 450/530/495 449/528/495 464/556/495
f 458/531/2306 457/529/2306 472/557/2306
f 469/551/497 6/32/497 479/4/497
f 463/554/498 462/552/498 476/1/498
f 471/555/499 470/553/499 479/4/499
f 464/556/500 463/554/500 2/8/500
f 471/555/2307 480/10/2307 481/14/2307
f 465/541/502 464/556/502 477/11/502
f 472/557/2308 481/14/2308 482/18/2308
f 466/542/504 465/541/504 3/15/504
f 466/542/507 4/20/507 5/26/507
f 459/544/508 474/21/508 475/27/508
f 467/547/2309 5/26/2309 478/30/2309
f 461/550/510 460/548/510 475/27/510
f 468/549/511 478/30/511 6/32/511
f 462/552/512 461/550/512 1/31/512
f 487/560/513 486/588/513 496/561/513
f 956/563/514 489/590/514 490/564/514
f 960/566/2310 487/560/2310 497/562/2310
f 957/565/516 490/564/516 491/568/516
f 488/570/517 960/566/517 498/567/517
f 483/569/518 491/568/518 492/572/518
f 961/574/519 488/570/519 499/571/519
f 958/573/520 492/572/520 493/576/520
f 962/578/521 961/574/521 500/575/521
f 959/580/522 484/577/522 493/576/522
f 963/582/523 962/578/523 501/579/523
f 485/584/2311 959/580/2311 494/581/2311
f 964/586/525 963/582/525 502/583/525
f 486/588/526 485/584/526 495/585/526
f 503/587/529 502/583/529 517/592/529
f 496/561/530 495/585/530 510/594/530
f 497/562/533 496/561/533 511/595/533
f 489/590/534 504/597/534 505/600/534
f 498/567/535 497/562/535 512/599/535
f 490/564/536 505/600/536 506/602/536
f 499/571/537 498/567/537 513/601/537
f 491/568/538 506/602/538 507/604/538
f 500/575/539 499/571/539 514/603/539
f 493/576/540 492/572/540 507/604/540
f 501/579/541 500/575/541 515/605/541
f 494/581/542 493/576/542 508/606/542
f 502/583/543 501/579/543 516/607/543
f 495/585/544 494/581/544 509/608/544
f 515/605/545 514/603/545 529/609/545
f 508/606/546 507/604/546 522/611/546
f 516/607/547 515/605/547 530/610/547
f 509/608/548 508/606/548 523/612/548
f 517/592/549 516/607/549 531/613/549
f 510/594/550 509/608/550 524/614/550
f 518/593/551 517/592/551 532/615/551
f 511/595/552 510/594/552 525/616/552
f 512/599/555 511/595/555 526/618/555
f 504/597/556 519/620/556 520/623/556
f 513/601/557 512/599/557 527/622/557
f 505/600/558 520/623/558 521/625/558
f 514/603/559 513/601/559 528/624/559
f 506/602/560 521/625/560 522/611/560
f 527/622/563 526/618/563 541/630/563
f 519/620/564 534/627/564 535/632/564
f 528/624/565 527/622/565 542/631/565
f 520/623/2312 535/632/2312 536/634/2312
f 529/609/567 528/624/567 543/633/567
f 522/611/568 521/625/568 536/634/568
f 530/610/569 529/609/569 544/635/569
f 523/612/570 522/611/570 537/636/570
f 531/613/571 530/610/571 545/637/571
f 524/614/572 523/612/572 538/638/572
f 532/615/573 531/613/573 546/639/573
f 525/616/574 524/614/574 539/640/574
f 533/617/575 532/615/575 547/641/575
f 526/618/576 525/616/576 540/642/576
f 538/638/577 537/636/577 552/643/577
f 546/639/578 545/637/578 560/645/578
f 539/640/579 538/638/579 553/644/579
f 547/641/580 546/639/580 561/646/580
f 540/642/581 539/640/581 554/647/581
f 548/629/582 547/641/582 562/648/582
f 541/630/583 540/642/583 555/649/583
f 542/631/586 541/630/586 556/651/586
f 535/632/587 534/627/587 549/653/587
f 543/633/588 542/631/588 557/655/588
f 536/634/589 535/632/589 550/656/589
f 544/635/590 543/633/590 558/657/590
f 537/636/591 536/634/591 551/658/591
f 545/637/592 544/635/592 559/659/592
f 557/655/593 556/651/593 572/660/593
f 550/656/594 549/653/594 565/662/594
f 558/657/595 557/655/595 573/661/595
f 551/658/596 550/656/596 566/663/596
f 559/659/2313 558/657/2313 574/664/2313
f 552/643/598 551/658/598 567/665/598
f 560/645/599 559/659/599 575/666/599
f 553/644/600 552/643/600 568/667/600
f 561/646/601 560/645/601 576/668/601
f 554/647/602 553/644/602 569/669/602
f 562/648/603 561/646/603 577/670/603
f 555/649/604 554/647/604 570/671/604
f 563/650/605 562/648/605 578/672/605
f 556/651/606 555/649/606 571/673/606
f 577/670/609 576/668/609 591/677/609
f 570/671/610 569/669/610 584/679/610
f 578/672/611 577/670/611 592/678/611
f 571/673/612 570/671/612 585/680/612
f 578/672/613 593/681/613 594/683/613
f 572/660/614 571/673/614 586/682/614
f 573/661/617 572/660/617 587/684/617
f 566/663/618 565/662/618 580/686/618
f 574/664/619 573/661/619 588/688/619
f 567/665/620 566/663/620 581/689/620
f 575/666/621 574/664/621 589/690/621
f 568/667/622 567/665/622 582/691/622
f 576/668/623 575/666/623 590/692/623
f 569/669/624 568/667/624 583/693/624
f 581/689/2314 580/686/2314 595/694/2314
f 589/690/2315 588/688/2315 603/696/2315
f 582/691/627 581/689/627 596/695/627
f 590/692/628 589/690/628 604/697/628
f 583/693/629 582/691/629 597/698/629
f 591/677/630 590/692/630 605/699/630
f 584/679/631 583/693/631 598/700/631
f 592/678/632 591/677/632 606/701/632
f 585/680/633 584/679/633 599/702/633
f 592/678/634 607/703/634 608/705/634
f 586/682/2316 585/680/2316 600/704/2316
f 593/681/636 608/705/636 609/707/636
f 587/684/637 586/682/637 601/706/637
f 588/688/640 587/684/640 602/708/640
f 600/704/641 599/702/641 614/711/641
f 607/703/642 622/727/642 623/713/642
f 601/706/2317 600/704/2317 615/712/2317
f 608/705/644 623/713/644 624/715/644
f 602/708/645 601/706/645 616/714/645
f 603/696/648 602/708/648 617/716/648
f 596/695/2318 595/694/2318 610/718/2318
f 604/697/2319 603/696/2319 618/720/2319
f 597/698/651 596/695/651 611/721/651
f 605/699/652 604/697/652 619/722/652
f 598/700/653 597/698/653 612/723/653
f 606/701/654 605/699/654 620/724/654
f 599/702/655 598/700/655 613/725/655
f 606/701/656 621/726/656 622/727/656
f 619/722/657 618/720/657 633/728/657
f 612/723/658 611/721/658 626/730/658
f 620/724/2320 619/722/2320 634/729/2320
f 613/725/660 612/723/660 627/731/660
f 621/726/661 620/724/661 635/732/661
f 614/711/662 613/725/662 628/733/662
f 621/726/663 636/734/663 637/736/663
f 615/712/664 614/711/664 629/735/664
f 622/727/665 637/736/665 638/738/665
f 616/714/666 615/712/666 630/737/666
f 623/713/667 638/738/667 639/740/667
f 617/716/668 616/714/668 631/739/668
f 618/720/671 617/716/671 632/741/671
f 611/721/672 610/718/672 625/743/672
f 637/736/673 652/761/673 653/745/673
f 631/739/674 630/737/674 645/746/674
f 638/738/675 653/745/675 654/748/675
f 632/741/676 631/739/676 646/747/676
f 633/728/679 632/741/679 647/749/679
f 626/730/680 625/743/680 640/751/680
f 634/729/681 633/728/681 648/753/681
f 627/731/682 626/730/682 641/754/682
f 635/732/2321 634/729/2321 649/755/2321
f 628/733/684 627/731/684 642/756/684
f 635/732/685 650/757/685 651/759/685
f 629/735/686 628/733/686 643/758/686
f 636/734/687 651/759/687 652/761/687
f 630/737/688 629/735/688 644/760/688
f 650/757/689 649/755/689 664/762/689
f 643/758/690 642/756/690 657/764/690
f 650/757/691 665/763/691 666/766/691
f 644/760/692 643/758/692 658/765/692
f 651/759/693 666/766/693 667/768/693
f 645/746/694 644/760/694 659/767/694
f 652/761/695 667/768/695 668/770/695
f 646/747/696 645/746/696 660/769/696
f 653/745/697 668/770/697 669/772/697
f 647/749/698 646/747/698 661/771/698
f 648/753/701 647/749/701 662/773/701
f 641/754/702 640/751/702 655/775/702
f 649/755/703 648/753/703 663/777/703
f 642/756/704 641/754/704 656/778/704
f 668/770/705 683/795/705 684/779/705
f 662/773/706 661/771/706 676/780/706
f 663/777/709 662/773/709 677/781/709
f 656/778/710 655/775/710 670/783/710
f 664/762/711 663/777/711 678/785/711
f 657/764/712 656/778/712 671/786/712
f 665/763/713 664/762/713 679/787/713
f 658/765/714 657/764/714 672/788/714
f 665/763/715 680/789/715 681/791/715
f 659/767/716 658/765/716 673/790/716
f 666/766/717 681/791/717 682/793/717
f 660/769/718 659/767/718 674/792/718
f 667/768/2322 682/793/2322 683/795/2322
f 661/771/720 660/769/720 675/794/720
f 672/788/721 687/812/721 688/796/721
f 681/791/722 680/789/722 695/797/722
f 673/790/723 688/796/723 689/799/723
f 682/793/2323 681/791/2323 696/798/2323
f 674/792/2324 689/799/2324 690/801/2324
f 683/795/726 682/793/726 697/800/726
f 675/794/727 690/801/727 691/803/727
f 684/779/728 683/795/728 698/802/728
f 676/780/729 691/803/729 692/805/729
f 677/781/732 692/805/732 693/809/732
f 670/783/733 685/807/733 686/810/733
f 678/785/734 693/809/734 694/811/734
f 671/786/735 686/810/735 687/812/735
f 679/787/736 694/811/736 695/797/736
f 691/803/737 706/829/737 707/813/737
f 692/805/740 707/813/740 708/818/740
f 685/807/741 700/815/741 701/819/741
f 693/809/742 708/818/742 709/820/742
f 686/810/743 701/819/743 702/821/743
f 694/811/744 709/820/744 710/822/744
f 687/812/745 702/821/745 703/823/745
f 696/798/746 695/797/746 710/822/746
f 688/796/747 703/823/747 704/825/747
f 697/800/748 696/798/748 711/824/748
f 689/799/749 704/825/749 705/827/749
f 698/802/750 697/800/750 712/826/750
f 690/801/751 705/827/751 706/829/751
f 699/804/752 698/802/752 713/828/752
f 711/824/753 710/822/753 725/830/753
f 703/823/754 718/846/754 719/832/754
f 712/826/755 711/824/755 726/831/755
f 704/825/756 719/832/756 720/834/756
f 713/828/757 712/826/757 727/833/757
f 705/827/2325 720/834/2325 721/836/2325
f 714/817/759 713/828/759 728/835/759
f 706/829/760 721/836/760 722/838/760
f 707/813/763 722/838/763 723/842/763
f 700/815/764 715/840/764 716/843/764
f 708/818/765 723/842/765 724/844/765
f 701/819/766 716/843/766 717/845/766
f 709/820/767 724/844/767 725/830/767
f 702/821/768 717/845/768 718/846/768
f 722/838/771 737/863/771 738/851/771
f 715/840/772 730/848/772 731/852/772
f 723/842/773 738/851/773 739/853/773
f 716/843/774 731/852/774 732/854/774
f 724/844/775 739/853/775 740/855/775
f 717/845/776 732/854/776 733/856/776
f 726/831/777 725/830/777 740/855/777
f 718/846/778 733/856/778 734/858/778
f 727/833/779 726/831/779 741/857/779
f 719/832/780 734/858/780 735/860/780
f 728/835/781 727/833/781 742/859/781
f 720/834/2326 735/860/2326 736/862/2326
f 729/837/2327 728/835/2327 743/861/2327
f 721/836/784 736/862/784 737/863/784
f 733/856/785 748/880/785 749/864/785
f 742/859/786 741/857/786 756/865/786
f 734/858/787 749/864/787 750/867/787
f 743/861/788 742/859/788 757/866/788
f 735/860/789 750/867/789 751/869/789
f 744/850/790 743/861/790 758/868/790
f 736/862/791 751/869/791 752/871/791
f 737/863/794 752/871/794 753/875/794
f 730/848/795 745/873/795 746/876/795
f 738/851/796 753/875/796 754/877/796
f 731/852/797 746/876/797 747/878/797
f 739/853/798 754/877/798 755/879/798
f 732/854/799 747/878/799 748/880/799
f 740/855/800 755/879/800 756/865/800
f 752/871/801 767/894/801 768/881/801
f 745/873/802 760/896/802 761/882/802
f 753/875/803 768/881/803 769/883/803
f 746/876/804 761/882/804 762/884/804
f 754/877/805 769/883/805 770/885/805
f 747/878/806 762/884/806 763/886/806
f 755/879/807 770/885/807 771/887/807
f 748/880/808 763/886/808 764/888/808
f 757/866/809 756/865/809 771/887/809
f 749/864/810 764/888/810 765/890/810
f 758/868/811 757/866/811 772/889/811
f 750/867/812 765/890/812 766/892/812
f 759/870/813 758/868/813 773/891/813
f 751/869/814 766/892/814 767/894/814
f 771/887/817 786/913/817 787/898/817
f 764/888/818 779/914/818 780/899/818
f 773/891/819 772/889/819 787/898/819
f 765/890/820 780/899/820 781/901/820
f 774/893/821 773/891/821 788/900/821
f 766/892/822 781/901/822 782/903/822
f 767/894/825 782/903/825 783/907/825
f 760/896/826 775/905/826 776/908/826
f 768/881/827 783/907/827 784/909/827
f 761/882/828 776/908/828 777/910/828
f 769/883/2328 784/909/2328 785/911/2328
f 762/884/830 777/910/830 778/912/830
f 770/885/2329 785/911/2329 786/913/2329
f 763/886/832 778/912/832 779/914/832
f 783/907/833 799/930/833 800/915/833
f 776/908/834 792/931/834 793/916/834
f 784/909/2330 800/915/2330 801/917/2330
f 777/910/836 793/916/836 794/918/836
f 785/911/2331 801/917/2331 802/919/2331
f 778/912/838 794/918/838 795/920/838
f 786/913/839 802/919/839 803/921/839
f 779/914/840 795/920/840 796/922/840
f 787/898/841 803/921/841 804/923/841
f 780/899/842 796/922/842 797/924/842
f 788/900/843 804/923/843 805/925/843
f 781/901/844 797/924/844 798/926/844
f 782/903/847 798/926/847 799/930/847
f 775/905/848 791/928/848 792/931/848
f 803/921/849 818/947/849 819/932/849
f 796/922/850 811/948/850 812/933/850
f 804/923/851 819/932/851 820/934/851
f 797/924/852 812/933/852 813/935/852
f 798/926/855 813/935/855 814/939/855
f 791/928/856 806/937/856 807/940/856
f 799/930/857 814/939/857 815/941/857
f 792/931/858 807/940/858 808/942/858
f 800/915/2332 815/941/2332 816/943/2332
f 793/916/860 808/942/860 809/944/860
f 801/917/861 816/943/861 817/945/861
f 794/918/862 809/944/862 810/946/862
f 802/919/863 817/945/863 818/947/863
f 795/920/864 810/946/864 811/948/864
f 807/940/865 822/964/865 823/949/865
f 815/941/866 830/965/866 831/950/866
f 808/942/867 823/949/867 824/951/867
f 816/943/868 831/950/868 832/952/868
f 809/944/869 824/951/869 825/953/869
f 817/945/870 832/952/870 833/954/870
f 810/946/871 825/953/871 826/955/871
f 818/947/872 833/954/872 834/956/872
f 811/948/873 826/955/873 827/957/873
f 819/932/874 834/956/874 835/958/874
f 812/933/875 827/957/875 828/959/875
f 813/935/878 828/959/878 829/963/878
f 807/940/879 806/937/879 821/961/879
f 814/939/880 829/963/880 830/965/880
f 826/955/881 841/981/881 842/966/881
f 834/956/882 849/982/882 850/967/882
f 827/957/883 842/966/883 843/968/883
f 828/959/886 843/968/886 844/972/886
f 822/964/887 821/961/887 836/970/887
f 829/963/888 844/972/888 845/974/888
f 823/949/889 822/964/889 837/973/889
f 830/965/890 845/974/890 846/976/890
f 823/949/891 838/975/891 839/977/891
f 831/950/892 846/976/892 847/978/892
f 824/951/893 839/977/893 840/979/893
f 832/952/894 847/978/894 848/980/894
f 825/953/895 840/979/895 841/981/895
f 833/954/896 848/980/896 849/982/896
f 845/983/897 860/1013/897 861/984/897
f 839/986/898 838/1014/898 853/987/898
f 846/985/899 861/984/899 862/989/899
f 839/986/900 854/988/900 855/991/900
f 847/990/901 862/989/901 863/993/901
f 840/992/902 855/991/902 856/995/902
f 848/994/903 863/993/903 864/997/903
f 841/996/904 856/995/904 857/999/904
f 849/998/905 864/997/905 865/1001/905
f 842/1000/906 857/999/906 858/1003/906
f 843/1004/909 858/1003/909 859/1009/909
f 837/1011/2333 836/1005/2333 851/1007/2333
f 844/1010/911 859/1009/911 860/1013/911
f 838/1014/912 837/1011/912 852/1012/912
f 864/997/913 879/1030/913 880/1015/913
f 857/999/914 872/1031/914 873/1016/914
f 858/1003/917 873/1016/917 874/1020/917
f 852/1012/918 851/1007/918 866/1018/918
f 859/1009/919 874/1020/919 875/1022/919
f 853/987/920 852/1012/920 867/1021/920
f 860/1013/921 875/1022/921 876/1024/921
f 854/988/922 853/987/922 868/1023/922
f 861/984/923 876/1024/923 877/1026/923
f 854/988/924 869/1025/924 870/1027/924
f 862/989/925 877/1026/925 878/1028/925
f 855/991/926 870/1027/926 871/1029/926
f 863/993/927 878/1028/927 879/1030/927
f 856/995/928 871/1029/928 872/1031/928
f 869/1025/929 868/1023/929 883/1032/929
f 876/1024/930 891/1048/930 892/1034/930
f 870/1027/931 869/1025/931 884/1033/931
f 877/1026/932 892/1034/932 893/1036/932
f 870/1027/933 885/1035/933 886/1037/933
f 878/1028/934 893/1036/934 894/1038/934
f 871/1029/935 886/1037/935 887/1039/935
f 879/1030/936 894/1038/936 895/1040/936
f 872/1031/937 887/1039/937 888/1041/937
f 873/1016/940 888/1041/940 889/1045/940
f 867/1021/941 866/1018/941 881/1043/941
f 874/1020/942 889/1045/942 890/1047/942
f 868/1023/943 867/1021/943 882/1046/943
f 875/1022/944 890/1047/944 891/1048/944
f 887/1039/945 902/1065/945 903/1049/945
f 888/1041/948 903/1049/948 904/1054/948
f 882/1046/949 881/1043/949 896/1051/949
f 889/1045/950 904/1054/950 905/1056/950
f 883/1032/951 882/1046/951 897/1055/951
f 890/1047/952 905/1056/952 906/1058/952
f 884/1033/953 883/1032/953 898/1057/953
f 891/1048/954 906/1058/954 907/1060/954
f 885/1035/955 884/1033/955 899/1059/955
f 892/1034/956 907/1060/956 908/1062/956
f 885/1035/957 900/1061/957 901/1063/957
f 893/1036/958 908/1062/958 909/1064/958
f 886/1037/959 901/1063/959 902/1065/959
f 894/1038/960 909/1064/960 910/1053/960
f 906/1058/961 921/1083/961 922/1066/961
f 900/1061/962 899/1059/962 914/1067/962
f 907/1060/963 922/1066/963 923/1069/963
f 900/1061/964 915/1068/964 916/1070/964
f 908/1062/965 923/1069/965 924/1071/965
f 901/1063/966 916/1070/966 917/1072/966
f 909/1064/967 924/1071/967 925/1073/967
f 902/1065/968 917/1072/968 918/1074/968
f 903/1049/971 918/1074/971 919/1079/971
f 897/1055/972 896/1051/972 911/1076/972
f 904/1054/973 919/1079/973 920/1081/973
f 898/1057/974 897/1055/974 912/1080/974
f 905/1056/975 920/1081/975 921/1083/975
f 899/1059/976 898/1057/976 913/1082/976
f 919/1079/978 918/1074/978 933/1087/978
f 911/1076/979 926/1102/979 927/1089/979
f 920/1081/980 919/1079/980 934/1088/980
f 912/1080/981 927/1089/981 928/1091/981
f 921/1083/2334 920/1081/2334 935/1090/2334
f 913/1082/983 928/1091/983 929/1093/983
f 922/1066/984 921/1083/984 936/1092/984
f 914/1067/985 929/1093/985 930/1096/985
f 923/1069/986 922/1066/986 2150/1095/986 937/1094/986
f 916/1070/987 915/1068/987 930/1096/987
f 924/1071/988 923/1069/988 938/1097/988
f 917/1072/989 916/1070/989 931/1098/989
f 925/1073/990 924/1071/990 939/1099/990
f 918/1074/991 917/1072/991 932/1100/991
f 938/1097/993 937/1094/993 952/1103/993
f 931/1098/994 930/1096/994 945/1105/994
f 939/1099/995 938/1097/995 953/1104/995
f 932/1100/996 931/1098/996 946/1106/996
f 940/1086/997 939/1099/997 954/1107/997
f 933/1087/998 932/1100/998 947/1108/998
f 934/1088/1001 933/1087/1001 948/1110/1001
f 926/1102/1002 941/1112/1002 942/1115/1002
f 935/1090/1003 934/1088/1003 949/1114/1003
f 927/1089/1004 942/1115/1004 943/1117/1004
f 936/1092/1005 935/1090/1005 950/1116/1005
f 928/1091/1006 943/1117/1006 944/1119/1006
f 937/1094/1007 936/1092/1007 951/1118/1007
f 929/1093/1008 944/1119/1008 945/1105/1008
f 941/1112/1009 956/563/1009 957/565/1009
f 950/1116/1010 949/1114/1010 487/560/1010
f 942/1115/1011 957/565/1011 483/569/1011
f 951/1118/1012 950/1116/1012 960/566/1012
f 943/1117/1013 483/569/1013 958/573/1013
f 952/1103/1014 951/1118/1014 488/570/1014
f 944/1119/1015 958/573/1015 484/577/1015
f 953/1104/1016 952/1103/1016 961/574/1016
f 946/1106/1017 945/1105/1017 484/577/1017
f 954/1107/1018 953/1104/1018 962/578/1018
f 947/1108/1019 946/1106/1019 959/580/1019
f 955/1109/1020 954/1107/1020 963/582/1020
f 948/1110/1021 947/1108/1021 485/584/1021
f 949/1114/1024 948/1110/1024 486/588/1024
f 965/1122/2335 977/1146/2335 978/1123/2335
f 966/1124/2336 978/1123/2336 979/1125/2336
f 967/1126/1314 979/1125/1314 980/1127/1314
f 968/1129/2337 980/1150/2337 981/1130/2337
f 981/1130/1313 982/1133/1313 970/1132/1313
f 982/1133/1030 983/1135/1030 971/1134/1030
f 983/1135/1316 984/1137/1316 972/1136/1316
f 984/1137/1032 985/1139/1032 973/1138/1032
f 985/1139/2338 986/1141/2338 974/1140/2338
f 986/1141/2339 987/1157/2339 975/1142/2339
f 975/1142/2340 987/1157/2340 988/1143/2340
f 976/1145/2341 988/1159/2341 977/1146/2341
f 977/1146/1321 989/1160/1321 990/1147/1321
f 978/1123/1038 990/1147/1038 991/1148/1038
f 979/1125/1319 991/1148/1319 992/1149/1319
f 980/1150/1318 992/1164/1318 993/1151/1318
f 993/1151/1317 994/2599/1317 982/1133/1317
f 994/1152/1042 995/1153/1042 983/1135/1042
f 995/1153/1043 996/1154/1043 984/1137/1043
f 996/1154/1044 997/1155/1044 985/1139/1044
f 997/1155/1045 998/1156/1045 986/1141/1045
f 998/1156/1323 999/1173/1323 987/1157/1323
f 987/1157/1047 999/1173/1047 1000/1158/1047
f 988/1159/1048 1000/1175/1048 989/1160/1048
f 989/1160/1049 1001/1176/1049 1002/1161/1049
f 990/1147/1050 1002/1161/1050 1003/1162/1050
f 991/1148/1327 1003/1162/1327 1004/1163/1327
f 992/1164/2342 1004/1180/2342 1005/1165/2342
f 1005/1166/2343 1006/1168/2343 994/1152/2343
f 1006/1168/1054 1007/1169/1054 995/1153/1054
f 1007/1169/2344 1008/1170/2344 996/1154/2344
f 1008/1170/1056 1009/1171/1056 997/1155/1056
f 1009/1171/1057 1010/1172/1057 998/1156/1057
f 1010/1172/1058 1011/1188/1058 999/1173/1058
f 999/1173/1059 1011/1188/1059 1012/1174/1059
f 1000/1175/1060 1012/1192/1060 1001/1176/1060
f 1001/1176/2345 1013/1193/2345 1014/1177/2345
f 1002/1161/2346 1014/1177/2346 1015/1178/2346
f 1003/1162/1063 1015/1178/1063 1016/1179/1063
f 1004/1180/1064 1016/1197/1064 1017/1181/1064
f 1017/1181/1065 1018/1199/1065 1006/1182/1065
f 1018/1183/1066 1019/1184/1066 1007/1169/1066
f 1019/1184/1067 1020/1185/1067 1008/1170/1067
f 1020/1185/2347 1021/1186/2347 1009/1171/2347
f 1021/1186/2348 1022/1187/2348 1010/1172/2348
f 1022/1187/1070 1023/1205/1070 1011/1188/1070
f 1011/1189/1071 1023/1206/1071 1024/1190/1071
f 1012/1192/1072 1024/1208/1072 1013/1193/1072
f 1013/1193/1336 1025/1209/1336 1026/1194/1336
f 1014/1177/1074 1026/1194/1074 1027/1195/1074
f 1015/1178/1075 1027/1195/1075 1028/1196/1075
f 1016/1197/1076 1028/1213/1076 1029/1198/1076
f 1029/1198/1334 1030/1215/1334 1018/1199/1334
f 1030/1200/2349 1031/1201/2349 1019/1184/2349
f 1031/1201/2350 1032/1202/2350 1020/1185/2350
f 1032/1202/2351 1033/1203/2351 1021/1186/2351
f 1033/1203/1081 1034/1204/1081 1022/1187/1081
f 1034/1204/2352 1035/1221/2352 1023/1205/2352
f 1023/1206/1083 1035/1222/1083 1036/1207/1083
f 1024/1208/1337 1036/1224/1337 1025/1209/1337
f 1025/1209/1343 1037/1225/1343 1038/1210/1343
f 1026/1194/1086 1038/1210/1086 1039/1211/1086
f 1027/1195/1342 1039/1211/1342 1040/1212/1342
f 1028/1213/1088 1040/2600/1088 1041/1214/1088
f 1041/1214/1089 1042/1237/1089 1030/1215/1089
f 1042/1216/1341 1043/1217/1341 1031/1201/1341
f 1043/1217/2353 1044/1218/2353 1032/1202/2353
f 1044/1218/1092 1045/1219/1092 1033/1203/1092
f 1045/1219/1093 1046/1220/1093 1034/1204/1093
f 1046/1220/1094 1047/1243/1094 1035/1221/1094
f 1035/1222/1095 1047/1244/1095 1048/1223/1095
f 1036/1224/1096 1048/2601/1096 1037/1225/1096
f 1037/1226/1097 1049/1247/1097 1050/1227/1097
f 1038/1228/1098 1050/1227/1098 1051/1229/1098
f 1039/1230/2354 1051/1229/2354 1052/1231/2354
f 1040/1233/2355 1052/1252/2355 1053/1234/2355
f 1053/1236/1101 1054/1254/1101 1042/1237/1101
f 1054/1238/2356 1055/1239/2356 1043/1217/2356
f 1055/1239/1103 1056/1240/1103 1044/1218/1103
f 1056/1240/1349 1057/1241/1349 1045/1219/1349
f 1057/1241/2357 1058/1242/2357 1046/1220/2357
f 1058/1242/1106 1059/1261/1106 1047/1243/1106
f 1047/1244/2358 1059/1263/2358 1060/1245/2358
f 1048/1246/1108 1060/1265/1108 1049/1247/1108
f 1061/1248/1355 1062/1249/1355 1050/1227/1355
f 1062/1249/1110 1063/1250/1110 1051/1229/1110
f 1063/1250/1354 1064/1269/1354 1052/1231/1354
f 1064/1251/1353 1065/1271/1353 1053/1234/1353
f 1053/1236/1113 1065/1272/1113 1066/1253/1113
f 1054/1255/1351 1066/1274/1351 1067/1256/1351
f 1055/1239/1115 1067/1256/1115 1068/1257/1115
f 1056/1240/1359 1068/1257/1359 1069/1258/1359
f 1057/1241/1358 1069/1258/1358 1070/1259/1358
f 1058/1242/1118 1070/1259/1118 1071/1260/1118
f 1071/1262/2359 1072/1283/2359 1060/1245/2359
f 1072/1264/1120 1061/1248/1120 1049/1247/1120
f 1073/1266/2360 1074/1267/2360 1062/1249/2360
f 1074/1267/1122 1075/1268/1122 1063/1250/1122
f 1075/1268/1123 1076/1288/1123 1064/1269/1123
f 1076/1270/1124 1077/1290/1124 1065/1271/1124
f 1065/1272/1125 1077/1291/1125 1078/1273/1125
f 1066/1274/1126 1078/1293/1126 1079/1275/1126
f 1067/1256/1127 1079/1275/1127 1080/1276/1127
f 1068/1257/1128 1080/1276/1128 1081/1277/1128
f 1069/1258/1129 1081/1277/1129 1082/1278/1129
f 1070/1279/1130 1082/1298/1130 1083/1280/1130
f 1083/1282/1131 1084/2602/1131 1072/1283/1131
f 1084/1284/1132 1073/1266/1132 1061/1248/1132
f 1085/1285/2361 1086/1286/2361 1074/1267/2361
f 1086/1286/2362 1087/1287/2362 1075/1268/2362
f 1087/1287/2363 1088/1306/2363 1076/1288/2363
f 1088/1289/2364 1089/1308/2364 1077/1290/2364
f 1077/1291/2365 1089/2603/2365 1090/1292/2365
f 1078/1293/2366 1090/1310/2366 1091/1294/2366
f 1079/1275/2367 1091/1294/2367 1092/1295/2367
f 1080/1276/1140 1092/1295/1140 1093/1296/1140
f 1081/1277/2368 1093/1296/2368 1094/1297/2368
f 1082/1298/1142 1094/1315/1142 1095/1299/1142
f 1095/1300/2369 1096/1302/2369 1084/1284/2369
f 1096/1302/2370 1085/1285/2370 1073/1266/2370
f 1097/1303/2371 1098/1304/2371 1086/1286/2371
f 1098/1304/1146 1099/1305/1146 1087/1287/1146
f 1099/1305/1147 1100/1322/1147 1088/1306/1147
f 1100/1307/1148 1101/1324/1148 1089/1308/1148
f 1089/1308/1149 1101/1324/1149 1102/1309/1149
f 1090/1310/1150 1102/1309/1150 1103/1311/1150
f 1091/1294/1372 1103/1311/1372 1104/1312/1372
f 1092/1295/1152 1104/1312/1152 1105/1313/1152
f 1093/1296/2372 1105/1313/2372 1106/1314/2372
f 1094/1315/1154 1106/1330/1154 1107/1316/1154
f 1107/1317/1155 1108/1318/1155 1096/1302/1155
f 1108/1318/1156 1097/1303/1156 1085/1285/1156
f 1109/1319/1157 1110/1320/1157 1098/1304/1157
f 1110/1320/1158 1111/1321/1158 1099/1305/1158
f 1111/1321/2373 1112/1337/2373 1100/1322/2373
f 1112/1323/1160 1113/1339/1160 1101/1324/1160
f 1101/1324/2374 1113/1339/2374 1114/1325/2374
f 1102/1309/1162 1114/1325/1162 1115/1326/1162
f 1103/1311/1163 1115/1326/1163 1116/1327/1163
f 1104/1312/1164 1116/1327/1164 1117/1328/1164
f 1105/1313/1378 1117/1328/1378 1118/1329/1378
f 1106/1330/1166 1118/1345/1166 1119/1331/1166
f 1119/1331/1167 1120/1347/1167 1108/1332/1167
f 1120/1333/1168 1109/1319/1168 1097/1303/1168
f 1121/1334/1169 1122/1335/1169 1110/1320/1169
f 1122/1335/1170 1123/1336/1170 1111/1321/1170
f 1123/1336/2375 1124/1352/2375 1112/1337/2375
f 1124/1338/1380 1125/1354/1380 1113/1339/1380
f 1113/1339/2376 1125/1354/2376 1126/1340/2376
f 1114/1325/1174 1126/1340/1174 1127/1341/1174
f 1115/1326/1175 1127/1341/1175 1128/1342/1175
f 1116/1327/1176 1128/1342/1176 1129/1343/1176
f 1117/1328/1177 1129/1343/1177 1130/1344/1177
f 1118/1345/1178 1130/1360/1178 1131/1346/1178
f 1131/1346/1179 1132/1362/1179 1120/1347/1179
f 1132/1348/1180 1121/1334/1180 1109/1319/1180
f 1133/1349/1386 1134/1350/1386 1122/1335/1386
f 1134/1350/1182 1135/1351/1182 1123/1336/1182
f 1135/1351/1183 1136/1353/1183 1124/1352/1183
f 1136/1353/1184 1137/1368/1184 1125/1354/1184
f 1125/1354/1185 1137/1368/1185 1138/1355/1185
f 1126/1340/1186 1138/1355/1186 1139/1356/1186
f 1127/1341/1187 1139/1356/1187 1140/1357/1187
f 1128/1342/1188 1140/1357/1188 1141/1358/1188
f 1129/1343/1189 1141/1358/1189 1142/1359/1189
f 1130/1360/1190 1142/1374/1190 1143/1361/1190
f 1143/1361/1191 1144/1376/1191 1132/1362/1191
f 1144/1363/1192 1133/1349/1192 1121/1334/1192
f 1145/1364/2377 1146/1365/2377 1134/1350/2377
f 1146/1365/2378 1147/1366/2378 1135/1351/2378
f 1147/1366/2379 1148/1367/2379 1136/1353/2379
f 1148/1367/1196 1149/1382/1196 1137/1368/1196
f 1137/1368/2380 1149/1382/2380 1150/1369/2380
f 1138/1355/2381 1150/1369/2381 1151/1370/2381
f 1139/1356/2382 1151/1370/2382 1152/1371/2382
f 1140/1357/1200 1152/1371/1200 1153/1372/1200
f 1141/1358/2383 1153/1372/2383 1154/1373/2383
f 1142/1374/1202 1154/1388/1202 1155/1375/1202
f 1155/1375/2384 1156/1390/2384 1144/1376/2384
f 1156/1377/2385 1145/1364/2385 1133/1349/2385
f 1157/1378/1395 1158/1379/1395 1146/1365/1395
f 1158/1379/2386 1159/1380/2386 1147/1366/2386
f 1159/1380/1207 1160/1381/1207 1148/1367/1207
f 1160/1381/1208 1161/1396/1208 1149/1382/1208
f 1149/1382/1209 1161/1396/1209 1162/1383/1209
f 1150/1369/1210 1162/1383/1210 1163/1384/1210
f 1151/1370/1211 1163/1384/1211 1164/1385/1211
f 1152/1371/1212 1164/1385/1212 1165/1386/1212
f 1153/1372/1213 1165/1386/1213 1166/1387/1213
f 1154/1388/1214 1166/1403/1214 1167/1389/1214
f 1167/1389/1215 1168/1405/1215 1156/1390/1215
f 1168/1391/1216 1157/1378/1216 1145/1364/1216
f 1169/1392/2387 1170/1393/2387 1158/1379/2387
f 1170/1393/1218 1171/1394/1218 1159/1380/1218
f 1171/1394/1398 1172/1410/1398 1160/1381/1398
f 1160/1381/2388 1172/1410/2388 1173/1395/2388
f 1161/1396/1397 1173/1395/1397 1174/1397/1397
f 1162/1383/2389 1174/1397/2389 1175/1398/2389
f 1163/1384/2390 1175/1398/2390 1176/1399/2390
f 1164/1385/2391 1176/1399/2391 1177/1400/2391
f 1165/1386/1225 1177/1400/1225 1178/1401/1225
f 1178/1402/1226 1179/1404/1226 1167/1389/1226
f 1179/1404/1399 1180/1406/1399 1168/1405/1399
f 1180/1406/1228 1169/1392/1228 1157/1378/1228
f 1181/1407/1229 1182/1408/1229 1170/1393/1229
f 1182/1408/1230 1183/1409/1230 1171/1394/1230
f 1183/1409/1404 1184/1423/1404 1172/1410/1404
f 1172/1410/2392 1184/1423/2392 1185/1411/2392
f 1173/1395/2393 1185/1411/2393 1186/1412/2393
f 1174/1397/1403 1186/1412/1403 1187/1413/1403
f 1175/1398/1235 1187/1413/1235 1188/1414/1235
f 1176/1399/1236 1188/1414/1236 1189/1415/1236
f 1177/1400/2394 1189/1415/2394 1190/1416/2394
f 1190/1417/1238 1191/1418/1238 1179/1404/1238
f 1191/1418/2395 1192/1419/2395 1180/1406/2395
f 1192/1419/1240 1181/1407/1240 1169/1392/1240
f 1193/1420/1409 1194/1421/1409 1182/1408/1409
f 1194/1421/1242 1195/1422/1242 1183/1409/1242
f 1195/1422/1408 1196/1436/1408 1184/1423/1408
f 1184/1423/1407 1196/1436/1407 1197/1424/1407
f 1185/1411/1245 1197/1424/1245 1198/1425/1245
f 1186/1412/2396 1198/1425/2396 1199/1426/2396
f 1187/1413/2397 1199/1426/2397 1200/1427/2397
f 1188/1414/1248 1200/1427/1248 1201/1428/1248
f 1189/1415/1249 1201/1428/1249 1202/1429/1249
f 1202/1430/1250 1203/1431/1250 1191/1418/1250
f 1203/1431/1251 1204/1432/1251 1192/1419/1251
f 1204/1432/1252 1193/1420/1252 1181/1407/1252
f 1205/1433/2398 1206/1434/2398 1194/1421/2398
f 1206/1434/1254 1207/1435/1254 1195/1422/1254
f 1207/1435/1255 1208/1449/1255 1196/1436/1255
f 1196/1436/2399 1208/1449/2399 1209/1437/2399
f 1197/1424/1413 1209/1437/1413 1210/1438/1413
f 1198/1425/1412 1210/1438/1412 1211/1439/1412
f 1199/1426/1419 1211/1439/1419 1212/1440/1419
f 1200/1427/2400 1212/1440/2400 1213/1441/2400
f 1201/1428/1261 1213/1441/1261 1214/1442/1261
f 1214/1443/2401 1215/1444/2401 1203/1431/2401
f 1215/1444/1263 1216/1445/1263 1204/1432/1263
f 1216/1445/2402 1205/1433/2402 1193/1420/2402
f 1217/1446/1423 1218/1460/1423 1206/1434/1423
f 1218/1447/2403 1219/1448/2403 1207/1435/2403
f 1219/1448/1267 1220/1463/1267 1208/1449/1267
f 1208/1449/1268 1220/1464/1268 1221/1450/1268
f 1209/1437/1269 1221/1450/1269 1222/1451/1269
f 1210/1438/1270 1222/1451/1270 1223/1452/1270
f 1211/1439/1271 1223/1452/1271 1224/1453/1271
f 1212/1440/2404 1224/1453/2404 1225/1454/2404
f 1213/1441/1426 1225/1454/1426 1226/1455/1426
f 1226/1456/1274 1227/1457/1274 1215/1444/1274
f 1227/1457/2405 1228/1458/2405 1216/1445/2405
f 1228/1458/1276 1217/1446/1276 1205/1433/1276
f 1229/1459/1277 1230/1474/1277 1218/1460/1277
f 1230/1461/1278 1231/1476/1278 1219/1448/1278
f 1219/1448/1279 1231/1476/1279 1232/1462/1279
f 1220/1464/1280 1232/1478/1280 1233/1465/1280
f 1221/1450/1428 1233/1465/1428 1234/1466/1428
f 1222/1451/1282 1234/1466/1282 1235/1467/1282
f 1223/1452/1432 1235/1467/1432 1236/1468/1432
f 1224/1453/1284 1236/1468/1284 1237/1469/1284
f 1237/1469/1285 1238/1484/1285 1226/1455/1285
f 1238/1470/1286 1239/1471/1286 1227/1457/1286
f 1239/1471/1287 1240/1472/1287 1228/1458/1287
f 1240/1472/1288 1229/1459/1288 1217/1446/1288
f 1241/1473/2406 1242/1489/2406 1230/1474/2406
f 1242/1475/1290 1243/1491/1290 1231/1476/1290
f 1231/1476/1435 1243/1491/1435 1244/1477/1435
f 1232/1478/1434 1244/1493/1434 1245/1479/1434
f 1233/1465/1433 1245/1479/1433 1246/1480/1433
f 1234/1466/1294 1246/1480/1294 1247/1481/1294
f 1235/1467/1295 1247/1481/1295 1248/1482/1295
f 1236/1468/1296 1248/1482/1296 1249/1483/1296
f 1249/1483/1297 1250/1499/1297 1238/1484/1297
f 1250/1485/2407 1251/1486/2407 1239/1471/2407
f 1251/1486/1299 1252/1487/1299 1240/1472/1299
f 1252/1487/1300 1241/1473/1300 1229/1459/1300
f 1253/1488/1445 1254/1504/1445 1242/1489/1445
f 1254/1490/1444 1255/1506/1444 1243/1491/1444
f 1243/1491/1303 1255/1506/1303 1256/1492/1303
f 1244/1493/1304 1256/1508/1304 1257/1494/1304
f 1245/1479/1305 1257/1494/1305 1258/1495/1305
f 1246/1480/1440 1258/1495/1440 1259/1496/1440
f 1247/1481/1307 1259/1496/1307 1260/1497/1307
f 1248/1482/1308 1260/1497/1308 1261/1498/1308
f 1261/1498/2408 1262/1514/2408 1250/1499/2408
f 1262/1500/1310 1263/1501/1310 1251/1486/1310
f 1263/1501/2409 1264/1502/2409 1252/1487/2409
f 1264/1502/1446 1253/1488/1446 1241/1473/1446
f 1265/1503/1030 1266/1519/1030 1254/1504/1030
f 1266/1505/1029 1267/1521/1029 1255/1506/1029
f 1255/1506/2337 1267/1521/2337 1268/1507/2337
f 1256/1508/1314 1268/1523/1314 1269/1509/1314
f 1257/1494/1315 1269/1509/1315 1270/1510/1315
f 1258/1495/1025 1270/1510/1025 1271/1511/1025
f 1259/1496/2341 1271/1511/2341 1272/1512/2341
f 1260/1497/2340 1272/1512/2340 1273/1513/2340
f 1273/1513/1034 1274/1529/1034 1262/1514/1034
f 1274/1515/2410 1275/1516/2410 1263/1501/2410
f 1275/1516/2411 1276/1517/2411 1264/1502/2411
f 1276/1517/2412 1265/1503/2412 1253/1488/2412
f 1277/1518/1042 1278/1534/1042 1266/1519/1042
f 1278/1520/1041 1279/1537/1041 1267/1521/1041
f 1267/1521/1040 1279/1537/1040 1280/1522/1040
f 1268/1523/1039 1280/1539/1039 1281/1524/1039
f 1269/1509/1320 1281/1524/1320 1282/1525/1320
f 1270/1510/1321 1282/1525/1321 1283/1526/1321
f 1271/1511/1048 1283/1526/1048 1284/1527/1048
f 1272/1512/1322 1284/1527/1322 1285/1528/1322
f 1285/1528/1323 1286/1545/1323 1274/1529/1323
f 1286/1530/1045 1287/1531/1045 1275/1516/1045
f 1287/1531/2413 1288/1532/2413 1276/1517/2413
f 1288/1532/1043 1277/1518/1043 1265/1503/1043
f 1289/1533/1054 1290/1535/1054 1278/1534/1054
f 1290/1535/1053 1291/2604/1053 1279/1536/1053
f 1279/1537/1052 1291/1553/1052 1292/1538/1052
f 1280/1539/2414 1292/1555/2414 1293/1540/2414
f 1281/1524/1050 1293/1540/1050 1294/1541/1050
f 1282/1525/2415 1294/1541/2415 1295/1542/2415
f 1283/1526/1060 1295/1542/1060 1296/1543/1060
f 1284/1527/2416 1296/1543/2416 1297/1544/2416
f 1297/1544/1058 1298/1563/1058 1286/1545/1058
f 1298/1546/1057 1299/1547/1057 1287/1531/1057
f 1299/1547/1056 1300/1548/1056 1288/1532/1056
f 1300/1548/1055 1289/1533/1055 1277/1518/1055
f 1301/1549/1328 1302/1568/1328 1290/1535/1328
f 1302/1550/1329 1303/1570/1329 1291/1551/1329
f 1291/1553/1064 1303/1571/1064 1304/1554/1064
f 1292/1555/1063 1304/1573/1063 1305/1556/1063
f 1293/1540/1330 1305/1556/1330 1306/1557/1330
f 1294/1541/1061 1306/1557/1061 1307/1558/1061
f 1295/1542/2417 1307/1558/2417 1308/1559/2417
f 1296/1543/2418 1308/1559/2418 1309/1560/2418
f 1309/1562/1070 1310/1580/1070 1298/1563/1070
f 1310/1564/1069 1311/1565/1069 1299/1547/1069
f 1311/1565/1332 1312/1566/1332 1300/1548/1332
f 1312/1566/1067 1301/1549/1067 1289/1533/1067
f 1313/1567/1078 1314/1585/1078 1302/1568/1078
f 1314/1569/1077 1315/1587/1077 1303/1570/1077
f 1303/1571/2419 1315/1588/2419 1316/1572/2419
f 1304/1573/2420 1316/1590/2420 1317/1574/2420
f 1305/1556/1074 1317/1574/1074 1318/1575/1074
f 1306/1557/1336 1318/1575/1336 1319/1576/1336
f 1307/1558/2421 1319/1576/2421 1320/1577/2421
f 1308/1559/1083 1320/1577/1083 1321/1578/1083
f 1321/1579/2352 1322/1597/2352 1310/1580/2352
f 1322/1581/2422 1323/1582/2422 1311/1565/2422
f 1323/1582/2423 1324/1583/2423 1312/1566/2423
f 1324/1583/1079 1313/1567/1079 1301/1549/1079
f 1325/1584/1341 1326/1602/1341 1314/1585/1341
f 1326/1586/1089 1327/1604/1089 1315/1587/1089
f 1315/1588/1088 1327/2605/1088 1328/1589/1088
f 1316/1590/1087 1328/2606/1087 1329/1591/1087
f 1317/1574/1086 1329/1591/1086 1330/1592/1086
f 1318/1575/1085 1330/1592/1085 1331/1593/1085
f 1319/1576/1096 1331/1593/1096 1332/1594/1096
f 1320/1577/1095 1332/1594/1095 1333/1595/1095
f 1333/1596/1344 1334/1617/1344 1322/1597/1344
f 1334/1598/2424 1335/1599/2424 1323/1582/2424
f 1335/1599/1092 1336/1600/1092 1324/1583/1092
f 1336/1600/2353 1325/1584/2353 1313/1567/2353
f 1337/1601/1102 1338/2607/1102 1326/1602/1102
f 1338/1603/1101 1339/1626/1101 1327/1604/1101
f 1327/1605/1100 1339/1628/1100 1340/1606/1100
f 1328/1608/1099 1340/1630/1099 1341/1609/1099
f 1329/1610/1098 1341/1609/1098 1342/1611/1098
f 1330/1612/1097 1342/1611/1097 1343/1613/1097
f 1331/1593/1108 1343/1613/1108 1344/1614/1108
f 1332/1594/2358 1344/1635/2358 1345/1615/2358
f 1345/1616/1106 1346/1618/1106 1334/1617/1106
f 1346/1618/2357 1347/1638/2357 1335/1619/2357
f 1347/1620/1349 1348/1621/1349 1336/1600/1349
f 1348/1621/1350 1337/1601/1350 1325/1584/1350
f 1337/1622/1351 1349/1641/1351 1350/1623/1351
f 1338/1603/1113 1350/1643/1113 1351/1625/1113
f 1351/1627/1353 1352/1646/1353 1340/1606/1353
f 1352/1629/2425 1353/1631/2425 1341/1609/2425
f 1353/1631/1110 1354/1632/1110 1342/1611/1110
f 1354/1632/1355 1355/1633/1355 1343/1613/1355
f 1355/1633/1120 1356/1651/1120 1344/1614/1120
f 1356/1634/1356 1357/1653/1356 1345/1615/1356
f 1345/1616/1357 1357/1653/1357 1358/1636/1357
f 1346/1618/1117 1358/1636/1117 1359/1637/1117
f 1347/1638/1116 1359/1637/1116 1360/1639/1116
f 1348/1640/1360 1360/1639/1360 1349/1641/1360
f 1349/1641/1126 1361/1657/1126 1362/1642/1126
f 1350/1643/1125 1362/1659/1125 1363/1644/1125
f 1363/1645/1124 1364/1662/1124 1352/1646/1124
f 1364/1647/1123 1365/1648/1123 1353/1631/1123
f 1365/1648/2426 1366/1649/2426 1354/1632/2426
f 1366/1649/2427 1367/1650/2427 1355/1633/2427
f 1367/1650/2428 1368/1667/2428 1356/1651/2428
f 1368/1652/1131 1369/1670/1131 1357/1653/1131
f 1357/1653/1130 1369/1670/1130 1370/1654/1130
f 1358/1636/1129 1370/1654/1129 1371/1655/1129
f 1359/1637/1128 1371/1655/1128 1372/1656/1128
f 1360/1639/1127 1372/1656/1127 1361/1657/1127
f 1361/1657/1366 1373/1674/1366 1374/1658/1366
f 1362/1659/2365 1374/2608/2365 1375/1660/2365
f 1375/1661/1136 1376/1678/1136 1364/1662/1136
f 1376/1663/2363 1377/1664/2363 1365/1648/2363
f 1377/1664/2362 1378/1665/2362 1366/1649/2362
f 1378/1665/2361 1379/1666/2361 1367/1650/2361
f 1379/1666/2370 1380/1668/2370 1368/1667/2370
f 1380/1668/1143 1381/1684/1143 1369/1669/1143
f 1369/1670/1142 1381/1685/1142 1382/1671/1142
f 1370/1654/2429 1382/1671/2429 1383/1672/2429
f 1371/1655/1140 1383/1672/1140 1384/1673/1140
f 1372/1656/2430 1384/1673/2430 1373/1674/2430
f 1373/1674/1150 1385/1689/1150 1386/1675/1150
f 1374/1676/2431 1386/1691/2431 1387/1677/2431
f 1387/1677/1148 1388/1693/1148 1376/1678/1148
f 1388/1679/2432 1389/1680/2432 1377/1664/2432
f 1389/1680/1146 1390/1681/1146 1378/1665/1146
f 1390/1681/1371 1391/1682/1371 1379/1666/1371
f 1391/1682/1156 1392/1683/1156 1380/1668/1156
f 1392/1683/2433 1393/1699/2433 1381/1684/2433
f 1381/1685/1154 1393/1699/1154 1394/1686/1154
f 1382/1671/2372 1394/1686/2372 1395/1687/2372
f 1383/1672/1152 1395/1687/1152 1396/1688/1152
f 1384/1673/2434 1396/1688/2434 1385/1689/2434
f 1385/1689/1162 1397/1703/1162 1398/1690/1162
f 1386/1691/2435 1398/1705/2435 1399/1692/2435
f 1399/1692/2436 1400/1707/2436 1388/1693/2436
f 1400/1694/1159 1401/1695/1159 1389/1680/1159
f 1401/1695/1158 1402/1696/1158 1390/1681/1158
f 1402/1696/2437 1403/1697/2437 1391/1682/2437
f 1403/1697/1168 1404/1698/1168 1392/1683/1168
f 1404/1698/1167 1405/1713/1167 1393/1699/1167
f 1393/1699/1166 1405/1713/1166 1406/1700/1166
f 1394/1686/2438 1406/1700/2438 1407/1701/2438
f 1395/1687/1164 1407/1701/1164 1408/1702/1164
f 1396/1688/1163 1408/1702/1163 1397/1703/1163
f 1397/1703/1174 1409/1717/1174 1410/1704/1174
f 1398/1705/1173 1410/1719/1173 1411/1706/1173
f 1411/1706/2439 1412/1721/2439 1400/1707/2439
f 1412/1708/1171 1413/1709/1171 1401/1695/1171
f 1413/1709/1170 1414/1710/1170 1402/1696/1170
f 1414/1710/2440 1415/1711/2440 1403/1697/2440
f 1415/1711/1180 1416/1712/1180 1404/1698/1180
f 1416/1712/1382 1417/1727/1382 1405/1713/1382
f 1405/1713/1178 1417/1727/1178 1418/1714/1178
f 1406/1700/2441 1418/1714/2441 1419/1715/2441
f 1407/1701/1176 1419/1715/1176 1420/1716/1176
f 1408/1702/1175 1420/1716/1175 1409/1717/1175
f 1409/1717/1186 1421/1731/1186 1422/1718/1186
f 1410/1719/1185 1422/1718/1185 1423/1720/1185
f 1423/1720/1184 1424/1734/1184 1412/1721/1184
f 1424/1722/2442 1425/1723/2442 1413/1709/2442
f 1425/1723/1182 1426/1724/1182 1414/1710/1182
f 1426/1724/1181 1427/1725/1181 1415/1711/1181
f 1427/1725/1192 1428/1726/1192 1416/1712/1192
f 1428/1726/2443 1429/1740/2443 1417/1727/2443
f 1417/1727/1190 1429/1740/1190 1430/1728/1190
f 1418/1714/2444 1430/1728/2444 1431/1729/2444
f 1419/1715/1188 1431/1729/1188 1432/1730/1188
f 1420/1716/1187 1432/1730/1187 1421/1731/1187
f 1421/1731/1389 1433/1744/1389 1434/1732/1389
f 1422/1718/2445 1434/1732/2445 1435/1733/2445
f 1435/1733/1196 1436/1747/1196 1424/1734/1196
f 1436/1735/2379 1437/1736/2379 1425/1723/2379
f 1437/1736/2378 1438/1737/2378 1426/1724/2378
f 1438/1737/2377 1439/1738/2377 1427/1725/2377
f 1439/1738/2385 1440/1739/2385 1428/1726/2385
f 1440/1739/1391 1441/1753/1391 1429/1740/1391
f 1429/1740/1202 1441/1753/1202 1442/1741/1202
f 1430/1728/2446 1442/1741/2446 1443/1742/2446
f 1431/1729/1200 1443/1742/1200 1444/1743/1200
f 1432/1730/1199 1444/1743/1199 1433/1744/1199
f 1433/1744/1210 1445/1757/1210 1446/1745/1210
f 1434/1732/2447 1446/1745/2447 1447/1746/2447
f 1447/1746/2448 1448/1761/2448 1436/1747/2448
f 1448/1748/1207 1449/1749/1207 1437/1736/1207
f 1449/1749/2386 1450/1750/2386 1438/1737/2386
f 1450/1750/1395 1451/1751/1395 1439/1738/1395
f 1451/1751/2449 1452/1752/2449 1440/1739/2449
f 1452/1752/1215 1453/1767/1215 1441/1753/1215
f 1441/1753/1214 1453/1767/1214 1454/1754/1214
f 1442/1741/2450 1454/1754/2450 1455/1755/2450
f 1443/1742/1212 1455/1755/1212 1456/1756/1212
f 1444/1743/1211 1456/1756/1211 1445/1757/1211
f 1445/1757/1222 1457/1771/1222 1458/1758/1222
f 1446/1745/1397 1458/1758/1397 1459/1759/1397
f 1447/1746/1220 1459/1759/1220 1460/1760/1220
f 1460/1762/1219 1461/1763/1219 1449/1749/1219
f 1461/1763/1218 1462/1764/1218 1450/1750/1218
f 1462/1764/1217 1463/1765/1217 1451/1751/1217
f 1463/1765/1228 1464/1766/1228 1452/1752/1228
f 1464/1766/1399 1465/1768/1399 1453/1767/1399
f 1465/1768/1400 1466/1781/1400 1454/1754/1400
f 1454/1754/2451 1466/1781/2451 1467/1769/2451
f 1455/1755/1401 1467/1769/1401 1468/1770/1401
f 1456/1756/2390 1468/1770/2390 1457/1771/2390
f 1457/1771/1403 1469/1784/1403 1470/1772/1403
f 1458/1758/1233 1470/1772/1233 1471/1773/1233
f 1459/1759/1232 1471/1773/1232 1472/1774/1232
f 1472/1775/1404 1473/1776/1404 1461/1763/1404
f 1473/1776/2452 1474/1777/2452 1462/1764/2452
f 1474/1777/2453 1475/1778/2453 1463/1765/2453
f 1475/1778/1240 1476/1779/1240 1464/1766/1240
f 1476/1779/2454 1477/1780/2454 1465/1768/2454
f 1477/1780/2455 1478/1794/2455 1466/1781/2455
f 1466/1781/1237 1478/1794/1237 1479/1782/1237
f 1467/1769/2456 1479/1782/2456 1480/1783/2456
f 1468/1770/1235 1480/1783/1235 1469/1784/1235
f 1469/1784/1246 1481/1797/1246 1482/1785/1246
f 1470/1772/1245 1482/1785/1245 1483/1786/1245
f 1471/1773/1407 1483/1786/1407 1484/1787/1407
f 1484/1788/1243 1485/1789/1243 1473/1776/1243
f 1485/1789/1242 1486/1790/1242 1474/1777/1242
f 1486/1790/1241 1487/1791/1241 1475/1778/1241
f 1487/1791/1252 1488/1792/1252 1476/1779/1252
f 1488/1792/1251 1489/1793/1251 1477/1780/1251
f 1489/1793/1410 1490/1807/1410 1478/1794/1410
f 1478/1794/1249 1490/1807/1249 1491/1795/1249
f 1479/1782/1248 1491/1795/1248 1492/1796/1248
f 1480/1783/2397 1492/1796/2397 1481/1797/2397
f 1481/1797/2457 1493/1810/2457 1494/1798/2457
f 1482/1785/1257 1494/1798/1257 1495/1799/1257
f 1483/1786/2458 1495/1799/2458 1496/1800/2458
f 1496/1801/1255 1497/1802/1255 1485/1789/1255
f 1497/1802/1254 1498/1803/1254 1486/1790/1254
f 1498/1803/1253 1499/1804/1253 1487/1791/1253
f 1499/1804/1264 1500/1805/1264 1488/1792/1264
f 1500/1805/1263 1501/1806/1263 1489/1793/1263
f 1501/1806/1416 1502/1820/1416 1490/1807/1416
f 1490/1807/2459 1502/1820/2459 1503/1808/2459
f 1491/1795/2460 1503/1808/2460 1504/1809/2460
f 1492/1796/2461 1504/1809/2461 1493/1810/2461
f 1493/1810/1420 1505/1823/1420 1506/1811/1420
f 1494/1798/1421 1506/1811/1421 1507/1812/1421
f 1495/1799/1268 1507/1812/1268 1508/1813/1268
f 1508/1814/1267 1509/1815/1267 1497/1802/1267
f 1509/1815/1422 1510/1816/1422 1498/1803/1422
f 1510/1816/1423 1511/1817/1423 1499/1804/1423
f 1511/1817/1424 1512/1818/1424 1500/1805/1424
f 1512/1818/2405 1513/1819/2405 1501/1806/2405
f 1513/1819/1274 1514/1832/1274 1502/1820/1274
f 1502/1820/1426 1514/1832/1426 1515/1821/1426
f 1503/1808/1427 1515/1821/1427 1516/1822/1427
f 1504/1809/1271 1516/1822/1271 1505/1823/1271
f 1505/1823/1282 1517/1835/1282 1518/1824/1282
f 1506/1811/1428 1518/1824/1428 1519/1825/1428
f 1507/1812/1280 1519/1825/1280 1520/1826/1280
f 1508/1814/2462 1520/1839/2462 1521/1827/2462
f 1521/1827/1278 1522/1828/1278 1510/1816/1278
f 1522/1828/1277 1523/1829/1277 1511/1817/1277
f 1523/1829/1288 1524/1830/1288 1512/1818/1288
f 1524/1830/1287 1525/1831/1287 1513/1819/1287
f 1525/1831/1286 1526/1833/1286 1514/1832/1286
f 1526/1833/1285 1527/1846/1285 1515/1821/1285
f 1515/1821/1284 1527/1846/1284 1528/1834/1284
f 1516/1822/1432 1528/1834/1432 1517/1835/1432
f 1517/1835/1294 1529/1848/1294 1530/1836/1294
f 1518/1824/1293 1530/1836/1293 1531/1837/1293
f 1519/1825/1292 1531/1837/1292 1532/1838/1292
f 1520/1839/1291 1532/1849/1291 1533/1840/1291
f 1533/1840/1436 1534/1841/1436 1522/1828/1436
f 1534/1841/1289 1535/1842/1289 1523/1829/1289
f 1535/1842/1300 1536/1843/1300 1524/1830/1300
f 1536/1843/1437 1537/1844/1437 1525/1831/1437
f 1537/1844/1298 1538/1845/1298 1526/1833/1298
f 1538/1845/2463 1539/1850/2463 1527/1846/2463
f 1527/1846/2464 1539/1850/2464 1540/1847/2464
f 1528/1834/2465 1540/1847/2465 1529/1848/2465
f 1529/1848/1440 965/1122/1440 966/1124/1440
f 1530/1836/1305 966/1124/1305 967/1126/1305
f 1531/1837/2466 967/1126/2466 968/1128/2466
f 1532/1849/1443 968/1129/1443 969/1131/1443
f 969/1131/1302 970/1132/1302 1534/1841/1302
f 970/1132/2467 971/1134/2467 1535/1842/2467
f 971/1134/1446 972/1136/1446 1536/1843/1446
f 972/1136/2409 973/1138/2409 1537/1844/2409
f 973/1138/1447 974/1140/1447 1538/1845/1447
f 974/1140/1309 975/1142/1309 1539/1850/1309
f 1539/1850/1308 975/1142/1308 976/1144/1308
f 1540/1847/1307 976/1145/1307 965/1122/1307
f 2142/2040/2468 1667/2070/2468 1675/2041/2468
f 2145/2043/1547 1672/2071/1547 1683/2044/1547
f 1668/2046/2469 2142/2040/2469 1676/2042/2469
f 2146/2048/2470 2145/2043/2470 1684/2045/2470
f 2143/2050/1550 1668/2046/1550 1677/2047/1550
f 2147/2052/2471 2146/2048/2471 1685/2049/2471
f 1669/2054/1552 2143/2050/1552 1678/2051/1552
f 2148/2056/2472 2147/2052/2472 1686/2053/2472
f 1670/2058/1554 1669/2054/1554 1679/2055/1554
f 1671/2064/1557 1670/2058/1557 1680/2059/1557
f 2140/2060/1558 1673/2062/1558 1674/2066/1558
f 2144/2068/1559 1671/2064/1559 1681/2065/1559
f 2141/2067/2473 1674/2066/2473 1675/2041/2473
f 1672/2071/1561 2144/2068/1561 1682/2069/1561
f 1675/2041/1562 1674/2066/1562 1689/2072/1562
f 1683/2044/1563 1682/2069/1563 1697/2074/1563
f 1676/2042/1564 1675/2041/1564 1690/2073/1564
f 1684/2045/1565 1683/2044/1565 1698/2075/1565
f 1677/2047/1566 1676/2042/1566 1691/2076/1566
f 1685/2049/1567 1684/2045/1567 1699/2077/1567
f 1678/2051/2474 1677/2047/2474 1692/2078/2474
f 1686/2053/2475 1685/2049/2475 1700/2079/2475
f 1679/2055/1570 1678/2051/1570 1693/2080/1570
f 1686/2053/2476 1701/2081/2476 1702/2083/2476
f 1680/2059/1572 1679/2055/1572 1694/2082/1572
f 1681/2065/1575 1680/2059/1575 1695/2084/1575
f 1674/2066/1576 1673/2062/1576 1688/2086/1576
f 1682/2069/1577 1681/2065/1577 1696/2088/1577
f 1694/2082/1578 1693/2080/1578 1708/2089/1578
f 1701/2081/2477 1716/2105/2477 1717/2091/2477
f 1695/2084/1580 1694/2082/1580 1709/2090/1580
f 1696/2088/1583 1695/2084/1583 1710/2092/1583
f 1689/2072/1584 1688/2086/1584 1703/2094/1584
f 1697/2074/2478 1696/2088/2478 1711/2096/2478
f 1690/2073/1586 1689/2072/1586 1704/2097/1586
f 1698/2075/1587 1697/2074/1587 1712/2098/1587
f 1691/2076/2479 1690/2073/2479 1705/2099/2479
f 1698/2075/2480 1713/2100/2480 1714/2102/2480
f 1692/2078/1590 1691/2076/1590 1706/2101/1590
f 1699/2077/2481 1714/2102/2481 1715/2104/2481
f 1693/2080/1592 1692/2078/1592 1707/2103/1592
f 1700/2079/2482 1715/2104/2482 1716/2105/2482
f 1712/2098/1594 1727/2122/1594 1728/2106/1594
f 1706/2101/1595 1705/2099/1595 1720/2107/1595
f 1713/2100/1596 1728/2106/1596 1729/2109/1596
f 1707/2103/1597 1706/2101/1597 1721/2108/1597
f 1714/2102/1598 1729/2109/1598 1730/2111/1598
f 1708/2089/1599 1707/2103/1599 1722/2110/1599
f 1715/2104/1600 1730/2111/1600 1731/2113/1600
f 1709/2090/1601 1708/2089/1601 1723/2112/1601
f 1716/2105/2483 1731/2113/2483 1732/2115/2483
f 1710/2092/1603 1709/2090/1603 1724/2114/1603
f 1711/2096/2484 1710/2092/2484 1725/2116/2484
f 1704/2097/2485 1703/2094/2485 1718/2118/2485
f 1712/2098/1608 1711/2096/1608 1726/2120/1608
f 1705/2099/1609 1704/2097/1609 1719/2121/1609
f 1731/2113/2486 1746/2139/2486 1747/2123/2486
f 1725/2116/2487 1724/2114/2487 1739/2124/2487
f 1726/2120/2488 1725/2116/2488 1740/2125/2488
f 1719/2121/2489 1718/2118/2489 1733/2127/2489
f 1727/2122/1616 1726/2120/1616 1741/2129/1616
f 1720/2107/2490 1719/2121/2490 1734/2130/2490
f 1727/2122/2491 1742/2131/2491 1743/2133/2491
f 1721/2108/1619 1720/2107/1619 1735/2132/1619
f 1728/2106/1620 1743/2133/1620 1744/2135/1620
f 1722/2110/2492 1721/2108/2492 1736/2134/2492
f 1729/2109/2493 1744/2135/2493 1745/2137/2493
f 1723/2112/1623 1722/2110/1623 1737/2136/1623
f 1730/2111/2494 1745/2137/2494 1746/2139/2494
f 1724/2114/2495 1723/2112/2495 1738/2138/2495
f 1736/2134/2496 1735/2132/2496 1751/2140/2496
f 1743/2133/1627 1759/2156/1627 1760/2142/1627
f 1737/2136/1628 1736/2134/1628 1752/2141/1628
f 1744/2135/1629 1760/2142/1629 1761/2144/1629
f 1738/2138/1630 1737/2136/1630 1753/2143/1630
f 1745/2137/2497 1761/2144/2497 1762/2146/2497
f 1739/2124/1632 1738/2138/1632 1754/2145/1632
f 1746/2139/2498 1762/2146/2498 1763/2148/2498
f 1740/2125/1634 1739/2124/1634 1755/2147/1634
f 1741/2129/2499 1740/2125/2499 1756/2149/2499
f 1734/2130/2500 1733/2127/2500 1749/2151/2500
f 1741/2129/1639 1757/2153/1639 1758/2155/1639
f 1735/2132/2501 1734/2130/2501 1750/2154/2501
f 1742/2131/1641 1758/2155/1641 1759/2156/1641
f 1756/2149/1642 1755/2147/1642 1770/2157/1642
f 1757/2153/1645 1756/2149/1645 1771/2158/1645
f 1750/2154/2502 1749/2151/2502 1764/2160/2502
f 1757/2153/2503 1772/2163/2503 1773/2165/2503
f 1751/2140/2504 1750/2154/2504 1765/2164/2504
f 1758/2155/1649 1773/2165/1649 1774/2167/1649
f 1752/2141/1650 1751/2140/1650 1766/2166/1650
f 1759/2156/2505 1774/2167/2505 1775/2169/2505
f 1753/2143/2506 1752/2141/2506 1767/2168/2506
f 1760/2142/2507 1775/2169/2507 1776/2171/2507
f 1754/2145/2508 1753/2143/2508 1768/2170/2508
f 1761/2144/2509 1776/2171/2509 1777/2173/2509
f 1755/2147/2510 1754/2145/2510 1769/2172/2510
f 1762/2146/2511 1777/2173/2511 1778/2162/2511
f 1774/2167/2512 1789/2190/2512 1790/2174/2512
f 1768/2170/2513 1767/2168/2513 1782/2175/2513
f 1775/2169/2514 1790/2174/2514 1791/2177/2514
f 1769/2172/2515 1768/2170/2515 1783/2176/2515
f 1776/2171/1662 1791/2177/1662 1792/2179/1662
f 1770/2157/1663 1769/2172/1663 1784/2178/1663
f 1777/2173/2516 1792/2179/2516 1793/2181/2516
f 1771/2158/1665 1770/2157/1665 1785/2180/1665
f 1772/2163/2517 1771/2158/2517 1786/2182/2517
f 1765/2164/1669 1764/2160/1669 1779/2184/1669
f 1772/2163/2518 1787/2186/2518 1788/2188/2518
f 1766/2166/2519 1765/2164/2519 1780/2187/2519
f 1773/2165/1672 1788/2188/1672 1789/2190/1672
f 1767/2168/2520 1766/2166/2520 1781/2189/2520
f 1787/2186/2521 1786/2182/2521 1801/2193/2521
f 1780/2187/2522 1779/2184/2522 1794/2195/2522
f 1787/2186/2523 1802/2194/2523 1803/2197/2523
f 1781/2189/2524 1780/2187/2524 1795/2196/2524
f 1788/2188/2525 1803/2197/2525 1804/2199/2525
f 1782/2175/2526 1781/2189/2526 1796/2198/2526
f 1789/2190/2527 1804/2199/2527 1805/2201/2527
f 1783/2176/2528 1782/2175/2528 1797/2200/2528
f 1790/2174/2529 1805/2201/2529 1806/2203/2529
f 1784/2178/1684 1783/2176/1684 1798/2202/1684
f 1791/2177/2530 1806/2203/2530 1807/2205/2530
f 1785/2180/2531 1784/2178/2531 1799/2204/2531
f 1792/2179/1687 1807/2205/1687 1808/2192/1687
f 1786/2182/1688 1785/2180/1688 1800/2206/1688
f 1806/2203/1690 1805/2201/1690 1820/2208/1690
f 1798/2202/1691 1813/2224/1691 1814/2210/1691
f 1807/2205/1692 1806/2203/1692 1821/2209/1692
f 1799/2204/2532 1814/2210/2532 1815/2212/2532
f 1808/2192/2533 1807/2205/2533 1822/2211/2533
f 1800/2206/1695 1815/2212/1695 1816/2214/1695
f 1801/2193/1698 1816/2214/1698 1817/2218/1698
f 1794/2195/2534 1809/2216/2534 1810/2219/2534
f 1803/2197/2535 1802/2194/2535 1817/2218/2535
f 1795/2196/2536 1810/2219/2536 1811/2221/2536
f 1804/2199/2537 1803/2197/2537 1818/2220/2537
f 1796/2198/2538 1811/2221/2538 1812/2223/2538
f 1805/2201/2539 1804/2199/2539 1819/2222/2539
f 1797/2200/1705 1812/2223/1705 1813/2224/1705
f 1809/2216/1706 1824/2240/1706 1825/2225/1706
f 1818/2220/2540 1817/2218/2540 1832/2226/2540
f 1810/2219/2541 1825/2225/2541 1826/2228/2541
f 1819/2222/1709 1818/2220/1709 1833/2227/1709
f 1811/2221/1710 1826/2228/1710 1827/2230/1710
f 1820/2208/2542 1819/2222/2542 1834/2229/2542
f 1812/2223/1712 1827/2230/1712 1828/2232/1712
f 1821/2209/1713 1820/2208/1713 1835/2231/1713
f 1813/2224/2543 1828/2232/2543 1829/2234/2543
f 1822/2211/2544 1821/2209/2544 1836/2233/2544
f 1814/2210/2545 1829/2234/2545 1830/2236/2545
f 1823/2213/2546 1822/2211/2546 1837/2235/2546
f 1815/2212/2547 1830/2236/2547 1831/2238/2547
f 1816/2214/1721 1831/2238/1721 1832/2226/1721
f 1828/2232/2548 1843/2258/2548 1844/2242/2548
f 1837/2235/2549 1836/2233/2549 1851/2243/2549
f 1829/2234/1724 1844/2242/1724 1845/2245/1724
f 1838/2237/2550 1837/2235/2550 1852/2244/2550
f 1830/2236/1726 1845/2245/1726 1846/2247/1726
f 1831/2238/1729 1846/2247/1729 1847/2251/1729
f 1824/2240/2551 1839/2249/2551 1840/2252/2551
f 1833/2227/2552 1832/2226/2552 1847/2251/2552
f 1825/2225/2553 1840/2252/2553 1841/2254/2553
f 1834/2229/2554 1833/2227/2554 1848/2253/2554
f 1826/2228/2555 1841/2254/2555 1842/2256/2555
f 1835/2231/1735 1834/2229/1735 1849/2255/1735
f 1827/2230/1736 1842/2256/1736 1843/2258/1736
f 1836/2233/2556 1835/2231/2556 1850/2257/2556
f 1848/2253/1738 1847/2251/1738 1862/2259/1738
f 1840/2252/1739 1855/2275/1739 1856/2261/1739
f 1849/2255/1740 1848/2253/1740 1863/2260/1740
f 1841/2254/1741 1856/2261/1741 1857/2263/1741
f 1850/2257/1742 1849/2255/1742 1864/2262/1742
f 1842/2256/1743 1857/2263/1743 1858/2265/1743
f 1851/2243/1744 1850/2257/1744 1865/2264/1744
f 1843/2258/1745 1858/2265/1745 1859/2267/1745
f 1852/2244/1746 1851/2243/1746 1866/2266/1746
f 1844/2242/1747 1859/2267/1747 1860/2269/1747
f 1853/2246/2557 1852/2244/2557 1867/2268/2557
f 1845/2245/2558 1860/2269/2558 1861/2271/2558
f 1846/2247/1752 1861/2271/1752 1862/2259/1752
f 1839/2249/2559 1854/2273/2559 1855/2275/2559
f 1867/2268/1754 1866/2266/1754 1881/2276/1754
f 1859/2267/1755 1874/2292/1755 1875/2278/1755
f 1868/2270/1756 1867/2268/1756 1882/2277/1756
f 1860/2269/1757 1875/2278/1757 1876/2280/1757
f 1861/2271/1760 1876/2280/1760 1877/2284/1760
f 1854/2273/2560 1869/2282/2560 1870/2285/2560
f 1862/2259/1762 1877/2284/1762 1878/2286/1762
f 1855/2275/2561 1870/2285/2561 1871/2287/2561
f 1864/2262/1764 1863/2260/1764 1878/2286/1764
f 1856/2261/2562 1871/2287/2562 1872/2289/2562
f 1865/2264/1766 1864/2262/1766 1879/2288/1766
f 1857/2263/1767 1872/2289/1767 1873/2291/1767
f 1866/2266/1768 1865/2264/1768 1880/2290/1768
f 1858/2265/2563 1873/2291/2563 1874/2292/2563
f 1870/2285/1770 1885/2309/1770 1886/2293/1770
f 1879/2288/2564 1878/2286/2564 1893/2294/2564
f 1871/2287/2565 1886/2293/2565 1887/2296/2565
f 1880/2290/1773 1879/2288/1773 1894/2295/1773
f 1872/2289/2566 1887/2296/2566 1888/2298/2566
f 1881/2276/1775 1880/2290/1775 1895/2297/1775
f 1873/2291/1776 1888/2298/1776 1889/2300/1776
f 1882/2277/2567 1881/2276/2567 1896/2299/2567
f 1874/2292/1778 1889/2300/1778 1890/2302/1778
f 1883/2279/1779 1882/2277/1779 1897/2301/1779
f 1875/2278/2568 1890/2302/2568 1891/2304/2568
f 1876/2280/2569 1891/2304/2569 1892/2308/2569
f 1869/2282/2570 1884/2306/2570 1885/2309/2570
f 1877/2284/1785 1892/2308/1785 1893/2294/1785
f 1889/2300/1786 1904/2326/1786 1905/2310/1786
f 1898/2303/1787 1897/2301/1787 1912/2311/1787
f 1890/2302/1788 1905/2310/1788 1906/2313/1788
f 1891/2304/1791 1906/2313/1791 1907/2317/1791
f 1884/2306/2571 1899/2315/2571 1900/2318/2571
f 1892/2308/1793 1907/2317/1793 1908/2319/1793
f 1885/2309/2572 1900/2318/2572 1901/2320/2572
f 1893/2294/2573 1908/2319/2573 1909/2321/2573
f 1886/2293/2574 1901/2320/2574 1902/2322/2574
f 1895/2297/1797 1894/2295/1797 1909/2321/1797
f 1887/2296/1798 1902/2322/1798 1903/2324/1798
f 1896/2299/2575 1895/2297/2575 1910/2323/2575
f 1888/2298/1800 1903/2324/1800 1904/2326/1800
f 1897/2301/1801 1896/2299/1801 1911/2325/1801
f 1908/2319/1802 1923/2342/1802 1924/2327/1802
f 1901/2320/2576 1916/2343/2576 1917/2328/2576
f 1909/2321/2577 1924/2327/2577 1925/2329/2577
f 1902/2322/1805 1917/2328/1805 1918/2330/1805
f 1910/2323/2578 1925/2329/2578 1926/2331/2578
f 1903/2324/2579 1918/2330/2579 1919/2332/2579
f 1912/2311/2580 1911/2325/2580 1926/2331/2580
f 1904/2326/1809 1919/2332/1809 1920/2334/1809
f 1913/2312/2581 1912/2311/2581 1927/2333/2581
f 1905/2310/1811 1920/2334/1811 1921/2336/1811
f 1906/2313/1814 1921/2336/1814 1922/2340/1814
f 1899/2315/2582 1914/2338/2582 1915/2341/2582
f 1907/2317/2583 1922/2340/2583 1923/2342/2583
f 1900/2318/2584 1915/2341/2584 1916/2343/2584
f 1927/2333/2585 1942/2359/2585 1943/2344/2585
f 1920/2334/1819 1935/2360/1819 1936/2345/1819
f 1921/2336/1822 1936/2345/1822 1937/2349/1822
f 1915/2341/1823 1914/2338/1823 1929/2347/1823
f 1922/2340/1824 1937/2349/1824 1938/2351/1824
f 1915/2341/1825 1930/2350/1825 1931/2352/1825
f 1923/2342/2586 1938/2351/2586 1939/2353/2586
f 1916/2343/2587 1931/2352/2587 1932/2354/2587
f 1924/2327/1828 1939/2353/1828 1940/2355/1828
f 1917/2328/1829 1932/2354/1829 1933/2356/1829
f 1925/2329/1830 1940/2355/1830 1941/2357/1830
f 1918/2330/2588 1933/2356/2588 1934/2358/2588
f 1926/2331/1832 1941/2357/1832 1942/2359/1832
f 1919/2332/1833 1934/2358/1833 1935/2360/1833
f 1939/2353/2589 1954/2377/2589 1955/2361/2589
f 1933/2356/2590 1932/2354/2590 1947/2362/2590
f 1940/2355/2591 1955/2361/2591 1956/2364/2591
f 1933/2356/1837 1948/2363/1837 1949/2365/1837
f 1941/2357/1838 1956/2364/1838 1957/2366/1838
f 1934/2358/2592 1949/2365/2592 1950/2367/2592
f 1942/2359/1840 1957/2366/1840 1958/2368/1840
f 1935/2360/1841 1950/2367/1841 1951/2369/1841
f 1936/2345/1844 1951/2369/1844 1952/2373/1844
f 1930/2350/2593 1929/2347/2593 1944/2371/2593
f 1937/2349/1846 1952/2373/1846 1953/2375/1846
f 1931/2352/1847 1930/2350/1847 1945/2374/1847
f 1938/2351/1848 1953/2375/1848 1954/2377/1848
f 1932/2354/1849 1931/2352/1849 1946/2376/1849
f 1951/2369/1852 1966/2394/1852 1967/2382/1852
f 1945/2374/2594 1944/2371/2594 1959/2379/2594
f 1952/2373/1854 1967/2382/1854 1968/2384/1854
f 1946/2376/2595 1945/2374/2595 1960/2383/2595
f 1953/2375/1856 1968/2384/1856 1969/2386/1856
f 1947/2362/1857 1946/2376/1857 1961/2385/1857
f 1954/2377/2596 1969/2386/2596 1970/2388/2596
f 1948/2363/2597 1947/2362/2597 1962/2387/2597
f 1955/2361/2598 1970/2388/2598 1971/2390/2598
f 1949/2365/1861 1948/2363/1861 1963/2389/1861
f 1956/2364/2599 1971/2390/2599 1972/2392/2599
f 1949/2365/2600 1964/2391/2600 1965/2393/2600
f 1957/2366/2601 1972/2392/2601 1973/2381/2601
f 1950/2367/1865 1965/2393/1865 1966/2394/1865
f 1963/2389/2602 1962/2387/2602 1978/2395/2602
f 1970/2388/2603 1986/2411/2603 1987/2397/2603
f 1964/2391/2604 1963/2389/2604 1979/2396/2604
f 1971/2390/1869 1987/2397/1869 1988/2399/1869
f 1964/2391/1870 1980/2398/1870 1981/2400/1870
f 1972/2392/2605 1988/2399/2605 1989/2401/2605
f 1965/2393/2606 1981/2400/2606 1982/2402/2606
f 1966/2394/1875 1982/2402/1875 1983/2406/1875
f 1960/2383/2607 1959/2379/2607 1975/2404/2607
f 1967/2382/1877 1983/2406/1877 1984/2408/1877
f 1961/2385/1878 1960/2383/1878 1976/2407/1878
f 1968/2384/1879 1984/2408/1879 1985/2410/1879
f 1962/2387/2608 1961/2385/2608 1977/2409/2608
f 1969/2386/2609 1985/2410/2609 1986/2411/2609
f 1982/2402/1882 1997/2426/1882 1998/2412/1882
f 1976/2407/2610 1975/2404/2610 1990/2413/2610
f 1983/2406/1884 1998/2412/1884 1999/2415/1884
f 1977/2409/2611 1976/2407/2611 1991/2414/2611
f 1984/2408/1886 1999/2415/1886 2000/2417/1886
f 1978/2395/1887 1977/2409/1887 1992/2416/1887
f 1985/2410/2612 2000/2417/2612 2001/2419/2612
f 1979/2396/1889 1978/2395/1889 1993/2418/1889
f 1986/2411/1890 2001/2419/1890 2002/2421/1890
f 1980/2398/1891 1979/2396/1891 1994/2420/1891
f 1987/2397/1892 2002/2421/1892 2003/2423/1892
f 1981/2400/1893 1980/2398/1893 1995/2422/1893
f 1988/2399/2613 2003/2423/2613 2004/2425/2613
f 1981/2400/1895 1996/2424/1895 1997/2426/1895
f 2001/2419/2614 2016/2445/2614 2017/2429/2614
f 1995/2422/2615 1994/2420/2615 2009/2430/2615
f 2002/2421/2616 2017/2429/2616 2018/2432/2616
f 1996/2424/2617 1995/2422/2617 2010/2431/2617
f 2003/2423/2618 2018/2432/2618 2019/2434/2618
f 1996/2424/1903 2011/2433/1903 2012/2435/1903
f 1997/2426/2619 2012/2435/2619 2013/2439/2619
f 1991/2414/2620 1990/2413/2620 2005/2437/2620
f 1998/2412/1908 2013/2439/1908 2014/2441/1908
f 1992/2416/2621 1991/2414/2621 2006/2440/2621
f 1999/2415/1910 2014/2441/1910 2015/2443/1910
f 1993/2418/2622 1992/2416/2622 2007/2442/2622
f 2000/2417/2623 2015/2443/2623 2016/2445/2623
f 1994/2420/1913 1993/2418/1913 2008/2444/1913
f 2006/2440/2624 2005/2437/2624 2020/2446/2624
f 2013/2439/2625 2028/2462/2625 2029/2448/2625
f 2007/2442/2626 2006/2440/2626 2021/2447/2626
f 2014/2441/2627 2029/2448/2627 2030/2450/2627
f 2008/2444/2628 2007/2442/2628 2022/2449/2628
f 2015/2443/2629 2030/2450/2629 2031/2452/2629
f 2009/2430/1920 2008/2444/1920 2023/2451/1920
f 2016/2445/2630 2031/2452/2630 2032/2454/2630
f 2010/2431/1922 2009/2430/1922 2024/2453/1922
f 2017/2429/1923 2032/2454/1923 2033/2456/1923
f 2011/2433/2631 2010/2431/2631 2025/2455/2631
f 2018/2432/2632 2033/2456/2632 2034/2458/2632
f 2011/2433/1926 2026/2457/1926 2027/2459/1926
f 2012/2435/2633 2027/2459/2633 2028/2462/2633
f 2025/2463/2634 2024/2493/2634 2039/2464/2634
f 2032/2466/2635 2047/2494/2635 2048/2467/2635
f 2026/2469/2636 2025/2463/2636 2040/2465/2636
f 2033/2468/2637 2048/2467/2637 2049/2471/2637
f 2026/2469/2638 2041/2470/2638 2042/2473/2638
f 2027/2474/2639 2042/2473/2639 2043/2479/2639
f 2021/2481/2640 2020/2475/2640 2035/2477/2640
f 2028/2480/2641 2043/2479/2641 2044/2483/2641
f 2022/2485/2642 2021/2481/2642 2036/2482/2642
f 2029/2484/2643 2044/2483/2643 2045/2487/2643
f 2023/2489/2644 2022/2485/2644 2037/2486/2644
f 2030/2488/2645 2045/2487/2645 2046/2491/2645
f 2024/2493/2646 2023/2489/2646 2038/2490/2646
f 2031/2492/2647 2046/2491/2647 2047/2494/2647
f 2044/2483/1946 2043/2479/1946 2058/2495/1946
f 2036/2482/2648 2051/2511/2648 2052/2497/2648
f 2045/2487/2649 2044/2483/2649 2059/2496/2649
f 2037/2486/2650 2052/2497/2650 2053/2499/2650
f 2046/2491/2651 2045/2487/2651 2060/2498/2651
f 2038/2490/2652 2053/2499/2652 2054/2501/2652
f 2047/2494/2653 2046/2491/2653 2061/2500/2653
f 2039/2464/2654 2054/2501/2654 2055/2503/2654
f 2048/2467/2655 2047/2494/2655 2062/2502/2655
f 2040/2465/2656 2055/2503/2656 2056/2505/2656
f 2049/2471/2657 2048/2467/2657 2063/2504/2657
f 2042/2473/2658 2041/2470/2658 2056/2505/2658
f 2043/2479/2659 2042/2473/2659 2057/2507/2659
f 2035/2477/2660 2050/2509/2660 2051/2511/2660
f 2063/2504/2661 2062/2502/2661 2077/2512/2661
f 2055/2503/1963 2070/2528/1963 2071/2514/1963
f 2064/2506/2662 2063/2504/2662 2078/2513/2662
f 2057/2507/1965 2056/2505/1965 2071/2514/1965
f 2058/2495/2663 2057/2507/2663 2072/2516/2663
f 2050/2509/2664 2065/2518/2664 2066/2521/2664
f 2059/2496/1970 2058/2495/1970 2073/2520/1970
f 2051/2511/2665 2066/2521/2665 2067/2523/2665
f 2060/2498/2666 2059/2496/2666 2074/2522/2666
f 2052/2497/2667 2067/2523/2667 2068/2525/2667
f 2061/2500/2668 2060/2498/2668 2075/2524/2668
f 2053/2499/2669 2068/2525/2669 2069/2527/2669
f 2062/2502/1976 2061/2500/1976 2076/2526/1976
f 2054/2501/1977 2069/2527/1977 2070/2528/1977
f 2075/2524/2670 2074/2522/2670 2089/2529/2670
f 2067/2523/1979 2082/2545/1979 2083/2531/1979
f 2076/2526/2671 2075/2524/2671 2090/2530/2671
f 2068/2525/1981 2083/2531/1981 2084/2533/1981
f 2077/2512/2672 2076/2526/2672 2091/2532/2672
f 2069/2527/1983 2084/2533/1983 2085/2535/1983
f 2078/2513/2673 2077/2512/2673 2092/2534/2673
f 2070/2528/2674 2085/2535/2674 2086/2537/2674
f 2079/2515/1986 2078/2513/1986 2093/2536/1986
f 2072/2516/1987 2071/2514/1987 2086/2537/1987
f 2073/2520/1990 2072/2516/1990 2087/2539/1990
f 2065/2518/2675 2080/2541/2675 2081/2544/2675
f 2074/2522/1992 2073/2520/1992 2088/2543/1992
f 2066/2521/1993 2081/2544/1993 2082/2545/1993
f 2094/2538/1994 2093/2536/1994 2108/2546/1994
f 2087/2539/1995 2086/2537/1995 2101/2548/1995
f 2088/2543/1998 2087/2539/1998 2102/2549/1998
f 2080/2541/2676 2095/2551/2676 2096/2554/2676
f 2089/2529/2000 2088/2543/2000 2103/2553/2000
f 2081/2544/2001 2096/2554/2001 2097/2556/2001
f 2090/2530/2677 2089/2529/2677 2104/2555/2677
f 2082/2545/2003 2097/2556/2003 2098/2558/2003
f 2091/2532/2678 2090/2530/2678 2105/2557/2678
f 2083/2531/2005 2098/2558/2005 2099/2560/2005
f 2092/2534/2006 2091/2532/2006 2106/2559/2006
f 2084/2533/2679 2099/2560/2679 2100/2562/2679
f 2093/2536/2008 2092/2534/2008 2107/2561/2008
f 2085/2535/2009 2100/2562/2009 2101/2548/2009
f 2097/2556/2010 2112/2579/2010 2113/2563/2010
f 2106/2559/2680 2105/2557/2680 2120/2564/2680
f 2098/2558/2681 2113/2563/2681 2114/2566/2681
f 2107/2561/2013 2106/2559/2013 2121/2565/2013
f 2099/2560/2014 2114/2566/2014 2115/2568/2014
f 2108/2546/2682 2107/2561/2682 2122/2567/2682
f 2101/2548/2016 2100/2562/2016 2115/2568/2016
f 2109/2547/2683 2108/2546/2683 2123/2569/2683
f 2102/2549/2018 2101/2548/2018 2116/2570/2018
f 2103/2553/2021 2102/2549/2021 2117/2572/2021
f 2095/2551/2022 2110/2574/2022 2111/2577/2022
f 2104/2555/2023 2103/2553/2023 2118/2576/2023
f 2096/2554/2684 2111/2577/2684 2112/2579/2684
f 2105/2557/2025 2104/2555/2025 2119/2578/2025
f 2117/2572/2026 2116/2570/2026 2131/2580/2026
f 2118/2576/2029 2117/2572/2029 2132/2581/2029
f 2110/2574/2685 2125/2583/2685 2126/2587/2685
f 2119/2578/2031 2118/2576/2031 2133/2586/2031
f 2111/2577/2686 2126/2587/2686 2127/2589/2686
f 2120/2564/2033 2119/2578/2033 2134/2588/2033
f 2112/2579/2687 2127/2589/2687 2128/2591/2687
f 2121/2565/2688 2120/2564/2688 2135/2590/2688
f 2113/2563/2689 2128/2591/2689 2129/2593/2689
f 2122/2567/2037 2121/2565/2037 2136/2592/2037
f 2114/2566/2038 2129/2593/2038 2130/2595/2038
f 2123/2569/2039 2122/2567/2039 2137/2594/2039
f 2116/2570/2040 2115/2568/2040 2130/2595/2040
f 2124/2571/2690 2123/2569/2690 2138/2596/2690
f 2136/2592/2042 2135/2590/2042 1672/2071/2042
f 2128/2591/2691 2142/2040/2691 1668/2046/2691
f 2137/2594/2692 2136/2592/2692 2145/2043/2692
f 2130/2595/2045 2129/2593/2045 1668/2046/2045
f 2138/2596/2693 2137/2594/2693 2146/2048/2693
f 2131/2580/2047 2130/2595/2047 2143/2050/2047
f 2139/2585/2048 2138/2596/2048 2147/2052/2048
f 2132/2581/2049 2131/2580/2049 1669/2054/2049
f 2133/2586/2694 2132/2581/2694 1670/2058/2694
f 2125/2583/2053 2140/2060/2053 2141/2067/2053
f 2134/2588/2054 2133/2586/2054 1671/2064/2054
f 2126/2587/2055 2141/2067/2055 1667/2070/2055
f 2135/2590/2056 2134/2588/2056 2144/2068/2056
f 2127/2589/2695 1667/2070/2695 2142/2040/2695
f 2625/2609/2696 2624/2610/2696 2157/2611/2696 2158/2612/2696
f 2628/2613/2697 2155/2614/2697 2165/2615/2697 2166/2616/2697
f 2151/2617/2698 2625/2609/2698 2158/2612/2698 2159/2618/2698
f 2156/2619/2699 2628/2613/2699 2166/2616/2699 2167/2620/2699
f 2626/2621/2700 2151/2617/2700 2159/2618/2700 2160/2622/2700
f 2629/2623/2701 2156/2619/2701 2167/2620/2701 2168/2624/2701
f 2152/2625/2702 2626/2621/2702 2160/2622/2702 2161/2626/2702
f 2630/2627/2703 2629/2623/2703 2168/2624/2703 2169/2628/2703
f 2627/2629/2704 2152/2625/2704 2161/2626/2704 2162/2630/2704
f 2631/2631/2705 2630/2627/2705 2169/2628/2705 2170/2632/2705
f 2153/2633/2706 2627/2629/2706 2162/2630/2706 2163/2634/2706
f 2632/2635/2707 2631/2631/2707 2170/2632/2707 2171/2636/2707
f 2154/2637/2708 2153/2633/2708 2163/2634/2708 2164/2638/2708
f 2624/2610/2709 2232/2639/2709 2157/2611/2709
f 2458/2640/2710 2632/2635/2710 2171/2636/2710
f 2155/2614/2711 2154/2637/2711 2164/2638/2711 2165/2615/2711
f 2157/2611/2712 2232/2641/2712 2172/2642/2712
f 2458/2643/2713 2171/2636/2713 2186/2644/2713
f 2165/2615/2714 2164/2638/2714 2179/2645/2714 2180/2646/2714
f 2158/2612/2715 2157/2611/2715 2172/2642/2715 2173/2647/2715
f 2166/2616/2716 2165/2615/2716 2180/2646/2716 2181/2648/2716
f 2159/2618/2717 2158/2612/2717 2173/2647/2717 2174/2649/2717
f 2167/2620/2718 2166/2616/2718 2181/2648/2718 2182/2650/2718
f 2160/2622/2719 2159/2618/2719 2174/2649/2719 2175/2651/2719
f 2168/2624/2720 2167/2620/2720 2182/2650/2720 2183/2652/2720
f 2161/2626/2721 2160/2622/2721 2175/2651/2721 2176/2653/2721
f 2169/2628/2722 2168/2624/2722 2183/2652/2722 2184/2654/2722
f 2162/2630/2723 2161/2626/2723 2176/2653/2723 2177/2655/2723
f 2170/2632/2724 2169/2628/2724 2184/2654/2724 2185/2656/2724
f 2163/2634/2725 2162/2630/2725 2177/2655/2725 2178/2657/2725
f 2171/2636/2726 2170/2632/2726 2185/2656/2726 2186/2644/2726
f 2164/2638/2727 2163/2634/2727 2178/2657/2727 2179/2645/2727
f 2176/2653/2728 2175/2651/2728 2190/2658/2728 2191/2659/2728
f 2184/2654/2729 2183/2652/2729 2198/2660/2729 2199/2661/2729
f 2177/2655/2730 2176/2653/2730 2191/2659/2730 2192/2662/2730
f 2185/2656/2731 2184/2654/2731 2199/2661/2731 2200/2663/2731
f 2178/2657/2732 2177/2655/2732 2192/2662/2732 2193/2664/2732
f 2186/2644/2733 2185/2656/2733 2200/2663/2733 2201/2665/2733
f 2179/2645/2734 2178/2657/2734 2193/2664/2734 2194/2666/2734
f 2172/2642/2735 2232/2667/2735 2187/2668/2735
f 2458/2669/2736 2186/2644/2736 2201/2665/2736
f 2180/2646/2737 2179/2645/2737 2194/2666/2737 2195/2670/2737
f 2173/2647/2738 2172/2642/2738 2187/2668/2738 2188/2671/2738
f 2181/2648/2739 2180/2646/2739 2195/2670/2739 2196/2672/2739
f 2174/2649/2740 2173/2647/2740 2188/2671/2740 2189/2673/2740
f 2182/2650/2741 2181/2648/2741 2196/2672/2741 2197/2674/2741
f 2175/2651/2742 2174/2649/2742 2189/2673/2742 2190/2658/2742
f 2183/2652/2743 2182/2650/2743 2197/2674/2743 2198/2660/2743
f 2195/2670/2744 2194/2666/2744 2209/2675/2744 2210/2676/2744
f 2188/2671/2745 2187/2668/2745 2202/2677/2745 2203/2678/2745
f 2196/2672/2746 2195/2670/2746 2210/2676/2746 2211/2679/2746
f 2189/2673/2747 2188/2671/2747 2203/2678/2747 2204/2680/2747
f 2197/2674/2748 2196/2672/2748 2211/2679/2748 2212/2681/2748
f 2190/2658/2749 2189/2673/2749 2204/2680/2749 2205/2682/2749
f 2198/2660/2750 2197/2674/2750 2212/2681/2750 2213/2683/2750
f 2191/2659/2751 2190/2658/2751 2205/2682/2751 2206/2684/2751
f 2199/2661/2752 2198/2660/2752 2213/2683/2752 2214/2685/2752
f 2192/2662/2753 2191/2659/2753 2206/2684/2753 2207/2686/2753
f 2200/2663/2754 2199/2661/2754 2214/2685/2754 2215/2687/2754
f 2193/2664/2755 2192/2662/2755 2207/2686/2755 2208/2688/2755
f 2201/2665/2756 2200/2663/2756 2215/2687/2756 2216/2689/2756
f 2194/2666/2757 2193/2664/2757 2208/2688/2757 2209/2675/2757
f 2187/2668/2758 2232/2690/2758 2202/2677/2758
f 2458/2691/2759 2201/2665/2759 2216/2689/2759
f 2214/2685/2760 2213/2683/2760 2228/2692/2760 2229/2693/2760
f 2207/2686/2761 2206/2684/2761 2221/2694/2761 2222/2695/2761
f 2215/2687/2762 2214/2685/2762 2229/2693/2762 2230/2696/2762
f 2208/2688/2763 2207/2686/2763 2222/2695/2763 2223/2697/2763
f 2216/2689/2764 2215/2687/2764 2230/2696/2764 2231/2698/2764
f 2209/2675/2765 2208/2688/2765 2223/2697/2765 2224/2699/2765
f 2202/2677/2766 2232/2700/2766 2217/2701/2766
f 2458/2702/2767 2216/2689/2767 2231/2698/2767
f 2210/2676/2768 2209/2675/2768 2224/2699/2768 2225/2703/2768
f 2203/2678/2769 2202/2677/2769 2217/2701/2769 2218/2704/2769
f 2211/2679/2770 2210/2676/2770 2225/2703/2770 2226/2705/2770
f 2204/2680/2771 2203/2678/2771 2218/2704/2771 2219/2706/2771
f 2212/2681/2772 2211/2679/2772 2226/2705/2772 2227/2707/2772
f 2205/2682/2773 2204/2680/2773 2219/2706/2773 2220/2708/2773
f 2213/2683/2774 2212/2681/2774 2227/2707/2774 2228/2692/2774
f 2206/2684/2775 2205/2682/2775 2220/2708/2775 2221/2694/2775
f 2228/2692/2776 2227/2707/2776 2243/2709/2776 2244/2710/2776
f 2221/2694/2777 2220/2708/2777 2236/2711/2777 2237/2712/2777
f 2229/2693/2778 2228/2692/2778 2244/2710/2778 2245/2713/2778
f 2222/2695/2779 2221/2694/2779 2237/2712/2779 2238/2714/2779
f 2230/2696/2780 2229/2693/2780 2245/2713/2780 2246/2715/2780
f 2223/2697/2781 2222/2695/2781 2238/2714/2781 2239/2716/2781
f 2231/2698/2782 2230/2696/2782 2246/2715/2782 2247/2717/2782
f 2224/2699/2783 2223/2697/2783 2239/2716/2783 2240/2718/2783
f 2217/2701/2784 2232/2719/2784 2233/2720/2784
f 2458/2721/2785 2231/2698/2785 2247/2717/2785
f 2225/2703/2786 2224/2699/2786 2240/2718/2786 2241/2722/2786
f 2218/2704/2787 2217/2701/2787 2233/2720/2787 2234/2723/2787
f 2226/2705/2788 2225/2703/2788 2241/2722/2788 2242/2724/2788
f 2219/2706/2789 2218/2704/2789 2234/2723/2789 2235/2725/2789
f 2227/2707/2790 2226/2705/2790 2242/2724/2790 2243/2709/2790
f 2220/2708/2791 2219/2706/2791 2235/2725/2791 2236/2711/2791
f 2233/2720/2792 2232/2726/2792 2248/2727/2792
f 2458/2728/2793 2247/2717/2793 2262/2729/2793
f 2241/2722/2794 2240/2718/2794 2255/2730/2794 2256/2731/2794
f 2234/2723/2795 2233/2720/2795 2248/2727/2795 2249/2732/2795
f 2242/2724/2796 2241/2722/2796 2256/2731/2796 2257/2733/2796
f 2235/2725/2797 2234/2723/2797 2249/2732/2797 2250/2734/2797
f 2243/2709/2798 2242/2724/2798 2257/2733/2798 2258/2735/2798
f 2236/2711/2799 2235/2725/2799 2250/2734/2799 2251/2736/2799
f 2244/2710/2800 2243/2709/2800 2258/2735/2800 2259/2737/2800
f 2237/2712/2801 2236/2711/2801 2251/2736/2801 2252/2738/2801
f 2245/2713/2802 2244/2710/2802 2259/2737/2802 2260/2739/2802
f 2238/2714/2803 2237/2712/2803 2252/2738/2803 2253/2740/2803
f 2246/2715/2804 2245/2713/2804 2260/2739/2804 2261/2741/2804
f 2239/2716/2805 2238/2714/2805 2253/2740/2805 2254/2742/2805
f 2247/2717/2806 2246/2715/2806 2261/2741/2806 2262/2729/2806
f 2240/2718/2807 2239/2716/2807 2254/2742/2807 2255/2730/2807
f 2252/2738/2808 2251/2736/2808 2266/2743/2808 2267/2744/2808
f 2260/2739/2809 2259/2737/2809 2274/2745/2809 2275/2746/2809
f 2253/2740/2810 2252/2738/2810 2267/2744/2810 2268/2747/2810
f 2261/2741/2811 2260/2739/2811 2275/2746/2811 2276/2748/2811
f 2254/2742/2812 2253/2740/2812 2268/2747/2812 2269/2749/2812
f 2262/2729/2813 2261/2741/2813 2276/2748/2813 2277/2750/2813
f 2255/2730/2814 2254/2742/2814 2269/2749/2814 2270/2751/2814
f 2248/2727/2815 2232/2752/2815 2263/2753/2815
f 2458/2754/2816 2262/2729/2816 2277/2750/2816
f 2256/2731/2817 2255/2730/2817 2270/2751/2817 2271/2755/2817
f 2249/2732/2818 2248/2727/2818 2263/2753/2818 2264/2756/2818
f 2257/2733/2819 2256/2731/2819 2271/2755/2819 2272/2757/2819
f 2250/2734/2820 2249/2732/2820 2264/2756/2820 2265/2758/2820
f 2258/2735/2821 2257/2733/2821 2272/2757/2821 2273/2759/2821
f 2251/2736/2822 2250/2734/2822 2265/2758/2822 2266/2743/2822
f 2259/2737/2823 2258/2735/2823 2273/2759/2823 2274/2745/2823
f 2271/2755/2824 2270/2751/2824 2285/2760/2824 2286/2761/2824
f 2264/2756/2825 2263/2753/2825 2278/2762/2825 2279/2763/2825
f 2272/2757/2826 2271/2755/2826 2286/2761/2826 2287/2764/2826
f 2265/2758/2827 2264/2756/2827 2279/2763/2827 2280/2765/2827
f 2273/2759/2828 2272/2757/2828 2287/2764/2828 2288/2766/2828
f 2266/2743/2829 2265/2758/2829 2280/2765/2829 2281/2767/2829
f 2274/2745/2830 2273/2759/2830 2288/2766/2830 2289/2768/2830
f 2267/2744/2831 2266/2743/2831 2281/2767/2831 2282/2769/2831
f 2275/2746/2832 2274/2745/2832 2289/2768/2832 2290/2770/2832
f 2268/2747/2833 2267/2744/2833 2282/2769/2833 2283/2771/2833
f 2276/2748/2834 2275/2746/2834 2290/2770/2834 2291/2772/2834
f 2269/2749/2835 2268/2747/2835 2283/2771/2835 2284/2773/2835
f 2277/2750/2836 2276/2748/2836 2291/2772/2836 2292/2774/2836
f 2270/2751/2837 2269/2749/2837 2284/2773/2837 2285/2760/2837
f 2263/2753/2838 2232/2775/2838 2278/2762/2838
f 2458/2776/2839 2277/2750/2839 2292/2774/2839
f 2290/2770/2840 2289/2768/2840 2304/2777/2840 2305/2778/2840
f 2283/2771/2841 2282/2769/2841 2297/2779/2841 2298/2780/2841
f 2291/2772/2842 2290/2770/2842 2305/2778/2842 2306/2781/2842
f 2284/2773/2843 2283/2771/2843 2298/2780/2843 2299/2782/2843
f 2292/2774/2844 2291/2772/2844 2306/2781/2844 2307/2783/2844
f 2285/2760/2845 2284/2773/2845 2299/2782/2845 2300/2784/2845
f 2278/2762/2846 2232/2785/2846 2293/2786/2846
f 2458/2787/2847 2292/2774/2847 2307/2783/2847
f 2286/2761/2848 2285/2760/2848 2300/2784/2848 2301/2788/2848
f 2279/2763/2849 2278/2762/2849 2293/2786/2849 2294/2789/2849
f 2287/2764/2850 2286/2761/2850 2301/2788/2850 2302/2790/2850
f 2280/2765/2851 2279/2763/2851 2294/2789/2851 2295/2791/2851
f 2288/2766/2852 2287/2764/2852 2302/2790/2852 2303/2792/2852
f 2281/2767/2853 2280/2765/2853 2295/2791/2853 2296/2793/2853
f 2289/2768/2854 2288/2766/2854 2303/2792/2854 2304/2777/2854
f 2282/2769/2855 2281/2767/2855 2296/2793/2855 2297/2779/2855
f 2294/2789/2856 2293/2786/2856 2308/2794/2856 2309/2795/2856
f 2302/2790/2857 2301/2788/2857 2316/2796/2857 2317/2797/2857
f 2295/2791/2858 2294/2789/2858 2309/2795/2858 2310/2798/2858
f 2303/2792/2859 2302/2790/2859 2317/2797/2859 2318/2799/2859
f 2296/2793/2860 2295/2791/2860 2310/2798/2860 2311/2800/2860
f 2304/2777/2861 2303/2792/2861 2318/2799/2861 2319/2801/2861
f 2297/2779/2862 2296/2793/2862 2311/2800/2862 2312/2802/2862
f 2305/2778/2863 2304/2777/2863 2319/2801/2863 2320/2803/2863
f 2298/2780/2864 2297/2779/2864 2312/2802/2864 2313/2804/2864
f 2306/2781/2865 2305/2778/2865 2320/2803/2865 2321/2805/2865
f 2299/2782/2866 2298/2780/2866 2313/2804/2866 2314/2806/2866
f 2307/2783/2867 2306/2781/2867 2321/2805/2867 2322/2807/2867
f 2300/2784/2868 2299/2782/2868 2314/2806/2868 2315/2808/2868
f 2293/2786/2869 2232/2809/2869 2308/2794/2869
f 2458/2810/2870 2307/2783/2870 2322/2807/2870
f 2301/2788/2871 2300/2784/2871 2315/2808/2871 2316/2796/2871
f 2313/2804/2872 2312/2802/2872 2327/2811/2872 2328/2812/2872
f 2321/2805/2873 2320/2803/2873 2335/2813/2873 2336/2814/2873
f 2314/2806/2874 2313/2804/2874 2328/2812/2874 2329/2815/2874
f 2322/2807/2875 2321/2805/2875 2336/2814/2875 2337/2816/2875
f 2315/2808/2876 2314/2806/2876 2329/2815/2876 2330/2817/2876
f 2308/2794/2877 2232/2818/2877 2323/2819/2877
f 2458/2820/2878 2322/2807/2878 2337/2816/2878
f 2316/2796/2879 2315/2808/2879 2330/2817/2879 2331/2821/2879
f 2309/2795/2880 2308/2794/2880 2323/2819/2880 2324/2822/2880
f 2317/2797/2881 2316/2796/2881 2331/2821/2881 2332/2823/2881
f 2310/2798/2882 2309/2795/2882 2324/2822/2882 2325/2824/2882
f 2318/2799/2883 2317/2797/2883 2332/2823/2883 2333/2825/2883
f 2311/2800/2884 2310/2798/2884 2325/2824/2884 2326/2826/2884
f 2319/2801/2885 2318/2799/2885 2333/2825/2885 2334/2827/2885
f 2312/2802/2886 2311/2800/2886 2326/2826/2886 2327/2811/2886
f 2320/2803/2887 2319/2801/2887 2334/2827/2887 2335/2813/2887
f 2332/2823/2888 2331/2821/2888 2346/2828/2888 2347/2829/2888
f 2325/2824/2889 2324/2822/2889 2339/2830/2889 2340/2831/2889
f 2333/2825/2890 2332/2823/2890 2347/2829/2890 2348/2832/2890
f 2326/2826/2891 2325/2824/2891 2340/2831/2891 2341/2833/2891
f 2334/2827/2892 2333/2825/2892 2348/2832/2892 2349/2834/2892
f 2327/2811/2893 2326/2826/2893 2341/2833/2893 2342/2835/2893
f 2335/2813/2894 2334/2827/2894 2349/2834/2894 2350/2836/2894
f 2328/2812/2895 2327/2811/2895 2342/2835/2895 2343/2837/2895
f 2336/2814/2896 2335/2813/2896 2350/2836/2896 2351/2838/2896
f 2329/2815/2897 2328/2812/2897 2343/2837/2897 2344/2839/2897
f 2337/2816/2898 2336/2814/2898 2351/2838/2898 2352/2840/2898
f 2330/2817/2899 2329/2815/2899 2344/2839/2899 2345/2841/2899
f 2323/2819/2900 2232/2842/2900 2338/2843/2900
f 2458/2844/2901 2337/2816/2901 2352/2840/2901
f 2331/2821/2902 2330/2817/2902 2345/2841/2902 2346/2828/2902
f 2324/2822/2903 2323/2819/2903 2338/2843/2903 2339/2830/2903
f 2351/2838/2904 2350/2836/2904 2365/2845/2904 2366/2846/2904
f 2344/2839/2905 2343/2837/2905 2358/2847/2905 2359/2848/2905
f 2352/2840/2906 2351/2838/2906 2366/2846/2906 2367/2849/2906
f 2345/2841/2907 2344/2839/2907 2359/2848/2907 2360/2850/2907
f 2338/2843/2908 2232/2851/2908 2353/2852/2908
f 2458/2853/2909 2352/2840/2909 2367/2849/2909
f 2346/2828/2910 2345/2841/2910 2360/2850/2910 2361/2854/2910
f 2339/2830/2911 2338/2843/2911 2353/2852/2911 2354/2855/2911
f 2347/2829/2912 2346/2828/2912 2361/2854/2912 2362/2856/2912
f 2340/2831/2913 2339/2830/2913 2354/2855/2913 2355/2857/2913
f 2348/2832/2914 2347/2829/2914 2362/2856/2914 2363/2858/2914
f 2341/2833/2915 2340/2831/2915 2355/2857/2915 2356/2859/2915
f 2349/2834/2916 2348/2832/2916 2363/2858/2916 2364/2860/2916
f 2342/2835/2917 2341/2833/2917 2356/2859/2917 2357/2861/2917
f 2350/2836/2918 2349/2834/2918 2364/2860/2918 2365/2845/2918
f 2343/2837/2919 2342/2835/2919 2357/2861/2919 2358/2847/2919
f 2363/2858/2920 2362/2856/2920 2377/2862/2920 2378/2863/2920
f 2356/2859/2921 2355/2857/2921 2370/2864/2921 2371/2865/2921
f 2364/2860/2922 2363/2858/2922 2378/2863/2922 2379/2866/2922
f 2357/2861/2923 2356/2859/2923 2371/2865/2923 2372/2867/2923
f 2365/2845/2924 2364/2860/2924 2379/2866/2924 2380/2868/2924
f 2358/2847/2925 2357/2861/2925 2372/2867/2925 2373/2869/2925
f 2366/2846/2926 2365/2845/2926 2380/2868/2926 2381/2870/2926
f 2359/2848/2927 2358/2847/2927 2373/2869/2927 2374/2871/2927
f 2367/2849/2928 2366/2846/2928 2381/2870/2928 2382/2872/2928
f 2360/2850/2929 2359/2848/2929 2374/2871/2929 2375/2873/2929
f 2353/2852/2930 2232/2874/2930 2368/2875/2930
f 2458/2876/2931 2367/2849/2931 2382/2872/2931
f 2361/2854/2932 2360/2850/2932 2375/2873/2932 2376/2877/2932
f 2354/2855/2933 2353/2852/2933 2368/2875/2933 2369/2878/2933
f 2362/2856/2934 2361/2854/2934 2376/2877/2934 2377/2862/2934
f 2355/2857/2935 2354/2855/2935 2369/2878/2935 2370/2864/2935
f 2382/2872/2936 2381/2870/2936 2396/2879/2936 2397/2880/2936
f 2375/2873/2937 2374/2871/2937 2389/2881/2937 2390/2882/2937
f 2368/2875/2938 2232/2883/2938 2383/2884/2938
f 2458/2885/2939 2382/2872/2939 2397/2880/2939
f 2376/2877/2940 2375/2873/2940 2390/2882/2940 2391/2886/2940
f 2369/2878/2941 2368/2875/2941 2383/2884/2941 2384/2887/2941
f 2377/2862/2942 2376/2877/2942 2391/2886/2942 2392/2888/2942
f 2370/2864/2943 2369/2878/2943 2384/2887/2943 2385/2889/2943
f 2378/2863/2944 2377/2862/2944 2392/2888/2944 2393/2890/2944
f 2371/2865/2945 2370/2864/2945 2385/2889/2945 2386/2891/2945
f 2379/2866/2946 2378/2863/2946 2393/2890/2946 2394/2892/2946
f 2372/2867/2947 2371/2865/2947 2386/2891/2947 2387/2893/2947
f 2380/2868/2948 2379/2866/2948 2394/2892/2948 2395/2894/2948
f 2373/2869/2949 2372/2867/2949 2387/2893/2949 2388/2895/2949
f 2381/2870/2950 2380/2868/2950 2395/2894/2950 2396/2879/2950
f 2374/2871/2951 2373/2869/2951 2388/2895/2951 2389/2881/2951
f 2386/2891/2952 2385/2889/2952 2400/2896/2952 2401/2897/2952
f 2394/2892/2953 2393/2890/2953 2408/2898/2953 2409/2899/2953
f 2387/2893/2954 2386/2891/2954 2401/2897/2954 2402/2900/2954
f 2395/2894/2955 2394/2892/2955 2409/2899/2955 2410/2901/2955
f 2388/2895/2956 2387/2893/2956 2402/2900/2956 2403/2902/2956
f 2396/2879/2957 2395/2894/2957 2410/2901/2957 2411/2903/2957
f 2389/2881/2958 2388/2895/2958 2403/2902/2958 2404/2904/2958
f 2397/2880/2959 2396/2879/2959 2411/2903/2959 2412/2905/2959
f 2390/2882/2960 2389/2881/2960 2404/2904/2960 2405/2906/2960
f 2383/2884/2961 2232/2907/2961 2398/2908/2961
f 2458/2909/2962 2397/2880/2962 2412/2905/2962
f 2391/2886/2963 2390/2882/2963 2405/2906/2963 2406/2910/2963
f 2384/2887/2964 2383/2884/2964 2398/2908/2964 2399/2911/2964
f 2392/2888/2965 2391/2886/2965 2406/2910/2965 2407/2912/2965
f 2385/2889/2966 2384/2887/2966 2399/2911/2966 2400/2896/2966
f 2393/2890/2967 2392/2888/2967 2407/2912/2967 2408/2898/2967
f 2405/2906/2968 2404/2904/2968 2419/2913/2968 2420/2914/2968
f 2398/2908/2969 2232/2915/2969 2413/2916/2969
f 2458/2917/2970 2412/2905/2970 2427/2918/2970
f 2406/2910/2971 2405/2906/2971 2420/2914/2971 2421/2919/2971
f 2399/2911/2972 2398/2908/2972 2413/2916/2972 2414/2920/2972
f 2407/2912/2973 2406/2910/2973 2421/2919/2973 2422/2921/2973
f 2400/2896/2974 2399/2911/2974 2414/2920/2974 2415/2922/2974
f 2408/2898/2975 2407/2912/2975 2422/2921/2975 2423/2923/2975
f 2401/2897/2976 2400/2896/2976 2415/2922/2976 2416/2924/2976
f 2409/2899/2977 2408/2898/2977 2423/2923/2977 2424/2925/2977
f 2402/2900/2978 2401/2897/2978 2416/2924/2978 2417/2926/2978
f 2410/2901/2979 2409/2899/2979 2424/2925/2979 2425/2927/2979
f 2403/2902/2980 2402/2900/2980 2417/2926/2980 2418/2928/2980
f 2411/2903/2981 2410/2901/2981 2425/2927/2981 2426/2929/2981
f 2404/2904/2982 2403/2902/2982 2418/2928/2982 2419/2913/2982
f 2412/2905/2983 2411/2903/2983 2426/2929/2983 2427/2918/2983
f 2424/2925/2984 2423/2923/2984 2438/2930/2984 2439/2931/2984
f 2417/2926/2985 2416/2924/2985 2431/2932/2985 2432/2933/2985
f 2425/2927/2986 2424/2925/2986 2439/2931/2986 2440/2934/2986
f 2418/2928/2987 2417/2926/2987 2432/2933/2987 2433/2935/2987
f 2426/2929/2988 2425/2927/2988 2440/2934/2988 2441/2936/2988
f 2419/2913/2989 2418/2928/2989 2433/2935/2989 2434/2937/2989
f 2427/2918/2990 2426/2929/2990 2441/2936/2990 2442/2938/2990
f 2420/2914/2991 2419/2913/2991 2434/2937/2991 2435/2939/2991
f 2413/2916/2992 2232/2940/2992 2428/2941/2992
f 2458/2942/2993 2427/2918/2993 2442/2938/2993
f 2421/2919/2994 2420/2914/2994 2435/2939/2994 2436/2943/2994
f 2414/2920/2995 2413/2916/2995 2428/2941/2995 2429/2944/2995
f 2422/2921/2996 2421/2919/2996 2436/2943/2996 2437/2945/2996
f 2415/2922/2997 2414/2920/2997 2429/2944/2997 2430/2946/2997
f 2423/2923/2998 2422/2921/2998 2437/2945/2998 2438/2930/2998
f 2416/2924/2999 2415/2922/2999 2430/2946/2999 2431/2932/2999
f 2428/2941/3000 2232/2947/3000 2443/2948/3000
f 2458/2949/3001 2442/2938/3001 2457/2950/3001
f 2436/2943/3002 2435/2939/3002 2450/2951/3002 2451/2952/3002
f 2429/2944/3003 2428/2941/3003 2443/2948/3003 2444/2953/3003
f 2437/2945/3004 2436/2943/3004 2451/2952/3004 2452/2954/3004
f 2430/2946/3005 2429/2944/3005 2444/2953/3005 2445/2955/3005
f 2438/2930/3006 2437/2945/3006 2452/2954/3006 2453/2956/3006
f 2431/2932/3007 2430/2946/3007 2445/2955/3007 2446/2957/3007
f 2439/2931/3008 2438/2930/3008 2453/2956/3008 2454/2958/3008
f 2432/2933/3009 2431/2932/3009 2446/2957/3009 2447/2959/3009
f 2440/2934/3010 2439/2931/3010 2454/2958/3010 2455/2960/3010
f 2433/2935/3011 2432/2933/3011 2447/2959/3011 2448/2961/3011
f 2441/2936/3012 2440/2934/3012 2455/2960/3012 2456/2962/3012
f 2434/2937/3013 2433/2935/3013 2448/2961/3013 2449/2963/3013
f 2442/2938/3014 2441/2936/3014 2456/2962/3014 2457/2950/3014
f 2435/2939/3015 2434/2937/3015 2449/2963/3015 2450/2951/3015
f 2447/2959/3016 2446/2957/3016 2462/2964/3016 2463/2965/3016
f 2455/2960/3017 2454/2958/3017 2470/2966/3017 2471/2967/3017
f 2448/2961/3018 2447/2959/3018 2463/2965/3018 2464/2968/3018
f 2456/2962/3019 2455/2960/3019 2471/2967/3019 2472/2969/3019
f 2449/2963/3020 2448/2961/3020 2464/2968/3020 2465/2970/3020
f 2457/2950/3021 2456/2962/3021 2472/2969/3021 2473/2971/3021
f 2450/2951/3022 2449/2963/3022 2465/2970/3022 2466/2972/3022
f 2443/2948/3023 2232/2973/3023 2459/2974/3023
f 2458/2975/3024 2457/2950/3024 2473/2971/3024
f 2451/2952/3025 2450/2951/3025 2466/2972/3025 2467/2976/3025
f 2444/2953/3026 2443/2948/3026 2459/2974/3026 2460/2977/3026
f 2452/2954/3027 2451/2952/3027 2467/2976/3027 2468/2978/3027
f 2445/2955/3028 2444/2953/3028 2460/2977/3028 2461/2979/3028
f 2453/2956/3029 2452/2954/3029 2468/2978/3029 2469/2980/3029
f 2446/2957/3030 2445/2955/3030 2461/2979/3030 2462/2964/3030
f 2454/2958/3031 2453/2956/3031 2469/2980/3031 2470/2966/3031
f 2467/2976/3032 2466/2972/3032 2481/2981/3032 2482/2982/3032
f 2460/2977/3033 2459/2974/3033 2474/2983/3033 2475/2984/3033
f 2468/2978/3034 2467/2976/3034 2482/2982/3034 2483/2985/3034
f 2461/2979/3035 2460/2977/3035 2475/2984/3035 2476/2986/3035
f 2469/2980/3036 2468/2978/3036 2483/2985/3036 2484/2987/3036
f 2462/2964/3037 2461/2979/3037 2476/2986/3037 2477/2988/3037
f 2470/2966/3038 2469/2980/3038 2484/2987/3038 2485/2989/3038
f 2463/2965/3039 2462/2964/3039 2477/2988/3039 2478/2990/3039
f 2471/2967/3040 2470/2966/3040 2485/2989/3040 2486/2991/3040
f 2464/2968/3041 2463/2965/3041 2478/2990/3041 2479/2992/3041
f 2472/2969/3042 2471/2967/3042 2486/2991/3042 2487/2993/3042
f 2465/2970/3043 2464/2968/3043 2479/2992/3043 2480/2994/3043
f 2473/2971/3044 2472/2969/3044 2487/2993/3044 2488/2995/3044
f 2466/2972/3045 2465/2970/3045 2480/2994/3045 2481/2981/3045
f 2459/2974/3046 2232/2996/3046 2474/2983/3046
f 2458/2997/3047 2473/2971/3047 2488/2995/3047
f 2486/2991/3048 2485/2989/3048 2500/2998/3048 2501/2999/3048
f 2479/2992/3049 2478/2990/3049 2493/3000/3049 2494/3001/3049
f 2487/2993/3050 2486/2991/3050 2501/2999/3050 2502/3002/3050
f 2480/2994/3051 2479/2992/3051 2494/3001/3051 2495/3003/3051
f 2488/2995/3052 2487/2993/3052 2502/3002/3052 2503/3004/3052
f 2481/2981/3053 2480/2994/3053 2495/3003/3053 2496/3005/3053
f 2474/2983/3054 2232/3006/3054 2489/3007/3054
f 2458/3008/3055 2488/2995/3055 2503/3004/3055
f 2482/2982/3056 2481/2981/3056 2496/3005/3056 2497/3009/3056
f 2475/2984/3057 2474/2983/3057 2489/3007/3057 2490/3010/3057
f 2483/2985/3058 2482/2982/3058 2497/3009/3058 2498/3011/3058
f 2476/2986/3059 2475/2984/3059 2490/3010/3059 2491/3012/3059
f 2484/2987/3060 2483/2985/3060 2498/3011/3060 2499/3013/3060
f 2477/2988/3061 2476/2986/3061 2491/3012/3061 2492/3014/3061
f 2485/2989/3062 2484/2987/3062 2499/3013/3062 2500/2998/3062
f 2478/2990/3063 2477/2988/3063 2492/3014/3063 2493/3000/3063
f 2498/3011/3064 2497/3009/3064 2512/3015/3064 2513/3016/3064
f 2491/3012/3065 2490/3010/3065 2505/3017/3065 2506/3018/3065
f 2499/3013/3066 2498/3011/3066 2513/3016/3066 2514/3019/3066
f 2492/3014/3067 2491/3012/3067 2506/3018/3067 2507/3020/3067
f 2500/2998/3068 2499/3013/3068 2514/3019/3068 2515/3021/3068
f 2493/3000/3069 2492/3014/3069 2507/3020/3069 2508/3022/3069
f 2501/2999/3070 2500/2998/3070 2515/3021/3070 2516/3023/3070
f 2494/3001/3071 2493/3000/3071 2508/3022/3071 2509/3024/3071
f 2502/3002/3072 2501/2999/3072 2516/3023/3072 2517/3025/3072
f 2495/3003/3073 2494/3001/3073 2509/3024/3073 2510/3026/3073
f 2503/3004/3074 2502/3002/3074 2517/3025/3074 2518/3027/3074
f 2496/3005/3075 2495/3003/3075 2510/3026/3075 2511/3028/3075
f 2489/3007/3076 2232/3029/3076 2504/3030/3076
f 2458/3031/3077 2503/3004/3077 2518/3027/3077
f 2497/3009/3078 2496/3005/3078 2511/3028/3078 2512/3015/3078
f 2490/3010/3079 2489/3007/3079 2504/3030/3079 2505/3017/3079
f 2517/3032/3080 2516/3033/3080 2531/3034/3080 2532/3035/3080
f 2510/3036/3081 2509/3037/3081 2524/3038/3081 2525/3039/3081
f 2518/3040/3082 2517/3032/3082 2532/3035/3082 2533/3041/3082
f 2511/3042/3083 2510/3036/3083 2525/3039/3083 2526/3043/3083
f 2504/3044/3084 2232/3045/3084 2519/3046/3084
f 2458/3047/3085 2518/3040/3085 2533/3041/3085
f 2512/3048/3086 2511/3042/3086 2526/3043/3086 2527/3049/3086
f 2505/3050/3087 2504/3044/3087 2519/3046/3087 2520/3051/3087
f 2513/3052/3088 2512/3048/3088 2527/3049/3088 2528/3053/3088
f 2506/3054/3089 2505/3050/3089 2520/3051/3089 2521/3055/3089
f 2514/3056/3090 2513/3052/3090 2528/3053/3090 2529/3057/3090
f 2507/3058/3091 2506/3054/3091 2521/3055/3091 2522/3059/3091
f 2515/3060/3092 2514/3056/3092 2529/3057/3092 2530/3061/3092
f 2508/3062/3093 2507/3058/3093 2522/3059/3093 2523/3063/3093
f 2516/3033/3094 2515/3060/3094 2530/3061/3094 2531/3034/3094
f 2509/3037/3095 2508/3062/3095 2523/3063/3095 2524/3038/3095
f 2521/3055/3096 2520/3051/3096 2535/3064/3096 2536/3065/3096
f 2529/3057/3097 2528/3053/3097 2543/3066/3097 2544/3067/3097
f 2522/3059/3098 2521/3055/3098 2536/3065/3098 2537/3068/3098
f 2530/3061/3099 2529/3057/3099 2544/3067/3099 2545/3069/3099
f 2523/3063/3100 2522/3059/3100 2537/3068/3100 2538/3070/3100
f 2531/3034/3101 2530/3061/3101 2545/3069/3101 2546/3071/3101
f 2524/3038/3102 2523/3063/3102 2538/3070/3102 2539/3072/3102
f 2532/3035/3103 2531/3034/3103 2546/3071/3103 2547/3073/3103
f 2525/3039/3104 2524/3038/3104 2539/3072/3104 2540/3074/3104
f 2533/3041/3105 2532/3035/3105 2547/3073/3105 2548/3075/3105
f 2526/3043/3106 2525/3039/3106 2540/3074/3106 2541/3076/3106
f 2519/3046/3107 2232/3077/3107 2534/3078/3107
f 2458/3079/3108 2533/3041/3108 2548/3075/3108
f 2527/3049/3109 2526/3043/3109 2541/3076/3109 2542/3080/3109
f 2520/3051/3110 2519/3046/3110 2534/3078/3110 2535/3064/3110
f 2528/3053/3111 2527/3049/3111 2542/3080/3111 2543/3066/3111
f 2540/3074/3112 2539/3072/3112 2554/3081/3112 2555/3082/3112
f 2548/3075/3113 2547/3073/3113 2562/3083/3113 2563/3084/3113
f 2541/3076/3114 2540/3074/3114 2555/3082/3114 2556/3085/3114
f 2534/3078/3115 2232/3086/3115 2549/3087/3115
f 2458/3088/3116 2548/3075/3116 2563/3084/3116
f 2542/3080/3117 2541/3076/3117 2556/3085/3117 2557/3089/3117
f 2535/3064/3118 2534/3078/3118 2549/3087/3118 2550/3090/3118
f 2543/3066/3119 2542/3080/3119 2557/3089/3119 2558/3091/3119
f 2536/3065/3120 2535/3064/3120 2550/3090/3120 2551/3092/3120
f 2544/3067/3121 2543/3066/3121 2558/3091/3121 2559/3093/3121
f 2537/3068/3122 2536/3065/3122 2551/3092/3122 2552/3094/3122
f 2545/3069/3123 2544/3067/3123 2559/3093/3123 2560/3095/3123
f 2538/3070/3124 2537/3068/3124 2552/3094/3124 2553/3096/3124
f 2546/3071/3125 2545/3069/3125 2560/3095/3125 2561/3097/3125
f 2539/3072/3126 2538/3070/3126 2553/3096/3126 2554/3081/3126
f 2547/3073/3127 2546/3071/3127 2561/3097/3127 2562/3083/3127
f 2559/3093/3128 2558/3091/3128 2573/3098/3128 2574/3099/3128
f 2552/3094/3129 2551/3092/3129 2566/3100/3129 2567/3101/3129
f 2560/3095/3130 2559/3093/3130 2574/3099/3130 2575/3102/3130
f 2553/3096/3131 2552/3094/3131 2567/3101/3131 2568/3103/3131
f 2561/3097/3132 2560/3095/3132 2575/3102/3132 2576/3104/3132
f 2554/3081/3133 2553/3096/3133 2568/3103/3133 2569/3105/3133
f 2562/3083/3134 2561/3097/3134 2576/3104/3134 2577/3106/3134
f 2555/3082/3135 2554/3081/3135 2569/3105/3135 2570/3107/3135
f 2563/3084/3136 2562/3083/3136 2577/3106/3136 2578/3108/3136
f 2556/3085/3137 2555/3082/3137 2570/3107/3137 2571/3109/3137
f 2549/3087/3138 2232/3110/3138 2564/3111/3138
f 2458/3112/3139 2563/3084/3139 2578/3108/3139
f 2557/3089/3140 2556/3085/3140 2571/3109/3140 2572/3113/3140
f 2550/3090/3141 2549/3087/3141 2564/3111/3141 2565/3114/3141
f 2558/3091/3142 2557/3089/3142 2572/3113/3142 2573/3098/3142
f 2551/3092/3143 2550/3090/3143 2565/3114/3143 2566/3100/3143
f 2578/3108/3144 2577/3106/3144 2592/3115/3144 2593/3116/3144
f 2571/3109/3145 2570/3107/3145 2585/3117/3145 2586/3118/3145
f 2564/3111/3146 2232/3119/3146 2579/3120/3146
f 2458/3121/3147 2578/3108/3147 2593/3116/3147
f 2572/3113/3148 2571/3109/3148 2586/3118/3148 2587/3122/3148
f 2565/3114/3149 2564/3111/3149 2579/3120/3149 2580/3123/3149
f 2573/3098/3150 2572/3113/3150 2587/3122/3150 2588/3124/3150
f 2566/3100/3151 2565/3114/3151 2580/3123/3151 2581/3125/3151
f 2574/3099/3152 2573/3098/3152 2588/3124/3152 2589/3126/3152
f 2567/3101/3153 2566/3100/3153 2581/3125/3153 2582/3127/3153
f 2575/3102/3154 2574/3099/3154 2589/3126/3154 2590/3128/3154
f 2568/3103/3155 2567/3101/3155 2582/3127/3155 2583/3129/3155
f 2576/3104/3156 2575/3102/3156 2590/3128/3156 2591/3130/3156
f 2569/3105/3157 2568/3103/3157 2583/3129/3157 2584/3131/3157
f 2577/3106/3158 2576/3104/3158 2591/3130/3158 2592/3115/3158
f 2570/3107/3159 2569/3105/3159 2584/3131/3159 2585/3117/3159
f 2582/3127/3160 2581/3125/3160 2596/3132/3160 2597/3133/3160
f 2590/3128/3161 2589/3126/3161 2604/3134/3161 2605/3135/3161
f 2583/3129/3162 2582/3127/3162 2597/3133/3162 2598/3136/3162
f 2591/3130/3163 2590/3128/3163 2605/3135/3163 2606/3137/3163
f 2584/3131/3164 2583/3129/3164 2598/3136/3164 2599/3138/3164
f 2592/3115/3165 2591/3130/3165 2606/3137/3165 2607/3139/3165
f 2585/3117/3166 2584/3131/3166 2599/3138/3166 2600/3140/3166
f 2593/3116/3167 2592/3115/3167 2607/3139/3167 2608/3141/3167
f 2586/3118/3168 2585/3117/3168 2600/3140/3168 2601/3142/3168
f 2579/3120/3169 2232/3143/3169 2594/3144/3169
f 2458/3145/3170 2593/3116/3170 2608/3141/3170
f 2587/3122/3171 2586/3118/3171 2601/3142/3171 2602/3146/3171
f 2580/3123/3172 2579/3120/3172 2594/3144/3172 2595/3147/3172
f 2588/3124/3173 2587/3122/3173 2602/3146/3173 2603/3148/3173
f 2581/3125/3174 2580/3123/3174 2595/3147/3174 2596/3132/3174
f 2589/3126/3175 2588/3124/3175 2603/3148/3175 2604/3134/3175
f 2601/3142/3176 2600/3140/3176 2615/3149/3176 2616/3150/3176
f 2594/3144/3177 2232/3151/3177 2609/3152/3177
f 2458/3153/3178 2608/3141/3178 2623/3154/3178
f 2602/3146/3179 2601/3142/3179 2616/3150/3179 2617/3155/3179
f 2595/3147/3180 2594/3144/3180 2609/3152/3180 2610/3156/3180
f 2603/3148/3181 2602/3146/3181 2617/3155/3181 2618/3157/3181
f 2596/3132/3182 2595/3147/3182 2610/3156/3182 2611/3158/3182
f 2604/3134/3183 2603/3148/3183 2618/3157/3183 2619/3159/3183
f 2597/3133/3184 2596/3132/3184 2611/3158/3184 2612/3160/3184
f 2605/3135/3185 2604/3134/3185 2619/3159/3185 2620/3161/3185
f 2598/3136/3186 2597/3133/3186 2612/3160/3186 2613/3162/3186
f 2606/3137/3187 2605/3135/3187 2620/3161/3187 2621/3163/3187
f 2599/3138/3188 2598/3136/3188 2613/3162/3188 2614/3164/3188
f 2607/3139/3189 2606/3137/3189 2621/3163/3189 2622/3165/3189
f 2600/3140/3190 2599/3138/3190 2614/3164/3190 2615/3149/3190
f 2608/3141/3191 2607/3139/3191 2622/3165/3191 2623/3154/3191
f 2620/3161/3192 2619/3159/3192 2156/2619/3192 2629/2623/3192
f 2613/3162/3193 2612/3160/3193 2626/2621/3193 2152/2625/3193
f 2621/3163/3194 2620/3161/3194 2629/2623/3194 2630/2627/3194
f 2614/3164/3195 2613/3162/3195 2152/2625/3195 2627/2629/3195
f 2622/3165/3196 2621/3163/3196 2630/2627/3196 2631/2631/3196
f 2615/3149/3197 2614/3164/3197 2627/2629/3197 2153/2633/3197
f 2623/3154/3198 2622/3165/3198 2631/2631/3198 2632/2635/3198
f 2616/3150/3199 2615/3149/3199 2153/2633/3199 2154/2637/3199
f 2609/3152/3200 2232/3166/3200 2624/2610/3200
f 2458/3167/3201 2623/3154/3201 2632/2635/3201
f 2617/3155/3202 2616/3150/3202 2154/2637/3202 2155/2614/3202
f 2610/3156/3203 2609/3152/3203 2624/2610/3203 2625/2609/3203
f 2618/3157/3204 2617/3155/3204 2155/2614/3204 2628/2613/3204
f 2611/3158/3205 2610/3156/3205 2625/2609/3205 2151/2617/3205
f 2619/3159/3206 2618/3157/3206 2628/2613/3206 2156/2619/3206
f 2612/3160/3207 2611/3158/3207 2151/2617/3207 2626/2621/3207
