# Blender 4.1.1
# www.blender.org
mtllib Submarine.mtl
o Spaceship_BarbaraTheBee
v -0.948988 0.271297 -0.007565
v -1.028153 0.532169 -0.014838
v -1.156711 0.772589 -0.021542
v -0.983701 0.983319 -0.027417
v -0.772889 1.156261 -0.032239
v -0.532375 1.284768 -0.035822
v -0.271403 1.363903 -0.038029
v -0.948988 0.267560 0.045508
v -1.028153 0.524838 0.089268
v -1.156711 0.761947 0.129597
v -0.983701 0.969774 0.164946
v -0.772889 1.140333 0.193956
v -0.532375 1.267070 0.215512
v -0.271403 1.345115 0.228786
v -0.948988 0.253541 0.096832
v -1.028153 0.497338 0.189944
v -1.156711 0.722023 0.275755
v -0.983701 0.918961 0.350970
v -0.772889 1.080583 0.412697
v -0.532375 1.200680 0.458564
v -0.271403 1.274635 0.486809
v -0.948988 0.229778 0.144435
v -1.028153 0.450726 0.283320
v -1.156711 0.654352 0.411316
v -0.983701 0.832832 0.523506
v -0.772889 0.979307 0.615578
v -0.532375 1.088147 0.683994
v -0.271403 1.155171 0.726124
v -0.948988 0.197185 0.186487
v -1.028153 0.386792 0.365808
v -1.156711 0.561535 0.531071
v -0.983701 0.714698 0.675925
v -0.772889 0.840396 0.794804
v -0.532375 0.933798 0.883138
v -0.271403 0.991315 0.937534
v -0.948988 0.157014 0.221373
v -1.028153 0.307994 0.434238
v -1.156711 0.447138 0.630416
v -0.983701 0.569099 0.802368
v -0.772889 0.669190 0.943485
v -0.532375 0.743564 1.048344
v -0.271403 0.789363 1.112916
v -0.948988 0.110809 0.247751
v -1.028153 0.217361 0.485981
v -1.156711 0.315559 0.705536
v -0.983701 0.401630 0.897976
v -0.772889 0.472267 1.055908
v -0.532375 0.524755 1.173262
v -0.271403 0.557076 1.245529
v -0.948988 0.060346 0.264609
v -1.028153 0.118374 0.519048
v -1.156711 0.171852 0.753541
v -0.983701 0.218726 0.959076
v -0.772889 0.257195 1.127754
v -0.532376 0.285779 1.253093
v -0.271403 0.303382 1.330276
v -0.948988 0.007564 0.271297
v -1.028153 0.014838 0.532169
v -1.156711 0.021541 0.772589
v -0.983701 0.027417 0.983319
v -0.772889 0.032239 1.156261
v -0.532376 0.035822 1.284768
v -0.271403 0.038028 1.363902
v -0.948988 -0.045509 0.267560
v -1.028153 -0.089268 0.524838
v -1.156711 -0.129597 0.761946
v -0.983701 -0.164946 0.969774
v -0.772889 -0.193956 1.140333
v -0.532376 -0.215512 1.267070
v -0.271403 -0.228787 1.345114
v -0.948988 -0.096833 0.253541
v -1.028153 -0.189944 0.497338
v -1.156711 -0.275755 0.722023
v -0.983702 -0.350970 0.918960
v -0.772889 -0.412697 1.080583
v -0.532376 -0.458564 1.200680
v -0.271403 -0.486810 1.274634
v -0.948988 -0.144435 0.229778
v -1.028153 -0.283320 0.450726
v -1.156711 -0.411317 0.654352
v -0.983702 -0.523507 0.832832
v -0.772889 -0.615579 0.979307
v -0.532376 -0.683994 1.088147
v -0.271403 -0.726125 1.155171
v -0.948988 -0.186488 0.197185
v -1.028153 -0.365808 0.386792
v -1.156711 -0.531071 0.561535
v -0.983702 -0.675925 0.714698
v -0.772889 -0.794804 0.840396
v -0.532376 -0.883139 0.933798
v -0.271403 -0.937535 0.991315
v -0.948988 -0.221373 0.157014
v -1.028153 -0.434239 0.307994
v -1.156711 -0.630417 0.447138
v -0.983702 -0.802368 0.569099
v -0.948988 -0.247752 0.110809
v -1.028153 -0.485982 0.217361
v -1.156711 -0.705536 0.315559
v -0.983702 -0.897976 0.401630
v -0.948988 -0.264609 0.060346
v -1.028153 -0.519049 0.118374
v -1.156711 -0.753541 0.171852
v -0.983702 -0.959076 0.218726
v -0.948988 -0.271298 0.007564
v -1.028153 -0.532169 0.014838
v -1.156711 -0.772589 0.021541
v -0.983702 -0.983319 0.027417
v -0.948988 -0.267560 -0.045509
v -1.028153 -0.524838 -0.089268
v -1.156711 -0.761947 -0.129597
v -0.983702 -0.969774 -0.164946
v -0.948988 -0.253541 -0.096833
v -1.028153 -0.497338 -0.189944
v -1.156711 -0.722023 -0.275755
v -0.983702 -0.918961 -0.350970
v -0.948988 -0.229778 -0.144435
v -1.028153 -0.450726 -0.283320
v -1.156711 -0.654352 -0.411317
v -0.983702 -0.832832 -0.523507
v -0.922257 -0.000001 -0.000001
v -0.948988 -0.197185 -0.186488
v -1.028153 -0.386792 -0.365808
v -1.156711 -0.561535 -0.531071
v -0.983702 -0.714698 -0.675925
v -0.772890 -0.840396 -0.794804
v -0.532376 -0.933799 -0.883138
v -0.271403 -0.991315 -0.937535
v -0.948988 -0.157014 -0.221373
v -1.028153 -0.307994 -0.434239
v -1.156711 -0.447139 -0.630417
v -0.983702 -0.569099 -0.802368
v -0.772889 -0.669190 -0.943485
v -0.532376 -0.743564 -1.048344
v -0.271403 -0.789363 -1.112916
v -0.948988 -0.110810 -0.247752
v -1.028153 -0.217361 -0.485981
v -1.156710 -0.315559 -0.705536
v -0.983702 -0.401630 -0.897976
v -0.772889 -0.472267 -1.055908
v -0.532376 -0.524755 -1.173263
v -0.271403 -0.557077 -1.245529
v -0.948988 -0.060347 -0.264609
v -1.028153 -0.118374 -0.519048
v -1.156711 -0.171852 -0.753541
v -0.983702 -0.218726 -0.959076
v -0.772889 -0.257195 -1.127754
v -0.532376 -0.285780 -1.253093
v -0.271403 -0.303382 -1.330276
v -0.948988 -0.007565 -0.271298
v -1.028153 -0.014838 -0.532169
v -1.156711 -0.021542 -0.772589
v -0.983702 -0.027417 -0.983319
v -0.772889 -0.032239 -1.156261
v -0.532376 -0.035823 -1.284768
v -0.271403 -0.038029 -1.363902
v -0.948988 0.045508 -0.267560
v -1.028153 0.089268 -0.524838
v -1.156711 0.129597 -0.761946
v -0.983701 0.164946 -0.969774
v -0.772889 0.193956 -1.140333
v -0.532376 0.215512 -1.267071
v -0.271403 0.228786 -1.345114
v -0.948988 0.096832 -0.253541
v -1.028153 0.189943 -0.497338
v -1.156711 0.275755 -0.722023
v -0.983701 0.350970 -0.918961
v -0.772889 0.412697 -1.080583
v -0.532376 0.458564 -1.200680
v -0.271403 0.486809 -1.274634
v -0.948988 0.144435 -0.229778
v -1.028153 0.283319 -0.450726
v -1.156711 0.411316 -0.654352
v -0.983702 0.523506 -0.832832
v -0.772889 0.615578 -0.979307
v -0.532376 0.683994 -1.088148
v -0.271403 0.726124 -1.155171
v -0.948988 0.186487 -0.197185
v -1.028153 0.365808 -0.386792
v -1.156711 0.531071 -0.561535
v -0.983701 0.675925 -0.714698
v -0.772889 0.794803 -0.840396
v -0.532375 0.883138 -0.933798
v -0.271403 0.937534 -0.991315
v -0.948988 0.221373 -0.157014
v -1.028153 0.434238 -0.307994
v -1.156711 0.630416 -0.447138
v -0.983701 0.802368 -0.569099
v -0.772889 0.943484 -0.669190
v -0.532375 1.048343 -0.743564
v -0.271403 1.112915 -0.789363
v -0.948988 0.247751 -0.110810
v -1.028154 0.485981 -0.217361
v -1.156711 0.705535 -0.315559
v -0.983701 0.897976 -0.401630
v -0.772889 1.055908 -0.472267
v -0.532375 1.173262 -0.524755
v -0.271403 1.245528 -0.557076
v -0.948988 0.264608 -0.060347
v -1.028153 0.519048 -0.118374
v -1.156711 0.753541 -0.171852
v -0.983701 0.959076 -0.218726
v -0.772889 1.127753 -0.257195
v -0.532375 1.253093 -0.285780
v -0.271403 1.330276 -0.303382
v -0.926061 -0.643472 0.689179
v -0.722705 -0.758146 0.810431
v -0.490699 -0.843356 0.900529
v -0.238958 -0.895828 0.956011
v -0.926061 -0.765442 0.548730
v -0.722705 -0.901567 0.645280
v -0.490700 -1.002718 0.717024
v -0.238958 -1.065005 0.761203
v -0.926061 -0.857669 0.387185
v -0.722705 -1.010014 0.455323
v -0.490700 -1.123217 0.505954
v -0.238958 -1.192927 0.537133
v -0.926061 -0.916607 0.210751
v -0.722706 -1.079318 0.247859
v -0.490700 -1.200224 0.275432
v -0.238958 -1.274677 0.292412
v -0.926061 -0.939992 0.026209
v -0.722706 -1.106817 0.030860
v -0.490700 -1.230779 0.034317
v -0.238958 -1.307114 0.036445
v -0.926061 -0.926926 -0.159350
v -0.722706 -1.091452 -0.187333
v -0.490700 -1.213707 -0.208127
v -0.238958 -1.288990 -0.220932
v -0.926061 -0.877910 -0.338793
v -0.722706 -1.033816 -0.398337
v -0.490700 -1.149665 -0.442582
v -0.238958 -1.221003 -0.469828
v -0.926061 -0.794829 -0.505227
v -0.722705 -0.936122 -0.594042
v -0.490700 -1.041113 -0.660037
v -0.238958 -1.105766 -0.700677
v -0.926061 -0.680874 -0.652254
v -0.722705 -0.802125 -0.766927
v -0.490700 -0.892224 -0.852137
v -0.238958 -0.947706 -0.904609
v -0.923395 -0.686754 -0.745299
v -0.739832 -0.789017 -0.855054
v -0.530405 -0.865006 -0.936609
v -0.303164 -0.911800 -0.986831
v -0.923395 -0.629399 -0.795108
v -0.739832 -0.721575 -0.913623
v -0.530405 -0.790069 -1.001687
v -0.303164 -0.832247 -1.055917
v -0.218697 -0.517728 -1.427634
v -0.218697 -0.278573 -1.507525
v -0.218697 -0.028428 -1.539223
v -0.218697 0.223095 -1.521512
v -0.218697 0.466329 -1.455072
v -0.218697 0.691928 -1.342455
v -0.218697 0.891221 -1.187990
v 0.948988 0.271297 -0.007565
v 1.028153 0.532169 -0.014838
v 1.156711 0.772589 -0.021542
v 0.983701 0.983319 -0.027417
v 0.772889 1.156261 -0.032239
v 0.532376 1.284768 -0.035822
v 0.271403 1.363903 -0.038029
v 0.000000 1.390623 -0.038774
v 0.948988 0.267560 0.045508
v 1.028153 0.524838 0.089268
v 1.156711 0.761946 0.129597
v 0.983701 0.969774 0.164946
v 0.772889 1.140333 0.193956
v 0.532376 1.267070 0.215512
v 0.271403 1.345115 0.228786
v 0.000000 1.371467 0.233268
v 0.948988 0.253541 0.096832
v 1.028153 0.497338 0.189944
v 1.156711 0.722023 0.275755
v 0.983701 0.918960 0.350970
v 0.772889 1.080583 0.412697
v 0.532376 1.200680 0.458564
v 0.271403 1.274635 0.486809
v 0.000000 1.299606 0.496346
v 0.948988 0.229778 0.144435
v 1.028153 0.450726 0.283320
v 1.156711 0.654352 0.411316
v 0.983701 0.832832 0.523506
v 0.772889 0.979307 0.615578
v 0.532376 1.088147 0.683994
v 0.271403 1.155171 0.726124
v 0.000000 1.177802 0.740350
v 0.948988 0.197185 0.186487
v 1.028153 0.386792 0.365808
v 1.156711 0.561535 0.531071
v 0.983702 0.714698 0.675925
v 0.772889 0.840396 0.794804
v 0.532375 0.933798 0.883138
v 0.271403 0.991315 0.937534
v 0.000000 1.010736 0.955902
v 0.948988 0.157014 0.221373
v 1.028153 0.307994 0.434238
v 1.156711 0.447138 0.630416
v 0.983702 0.569099 0.802368
v 0.772889 0.669190 0.943485
v 0.532376 0.743564 1.048344
v 0.271403 0.789363 1.112916
v 0.000000 0.804828 1.134719
v 0.948988 0.110809 0.247751
v 1.028153 0.217360 0.485981
v 1.156711 0.315558 0.705536
v 0.983702 0.401630 0.897976
v 0.772889 0.472267 1.055908
v 0.532376 0.524755 1.173262
v 0.271403 0.557076 1.245529
v 0.000000 0.567990 1.269930
v 0.948988 0.060346 0.264609
v 1.028153 0.118374 0.519048
v 1.156711 0.171852 0.753541
v 0.983701 0.218726 0.959076
v 0.772889 0.257195 1.127754
v 0.532376 0.285779 1.253093
v 0.271403 0.303382 1.330276
v 0.000000 0.309325 1.356338
v 0.948988 0.007564 0.271297
v 1.028153 0.014838 0.532169
v 1.156711 0.021541 0.772589
v 0.983701 0.027417 0.983319
v 0.772889 0.032239 1.156261
v 0.532376 0.035822 1.284768
v 0.271403 0.038028 1.363902
v 0.000000 0.038773 1.390623
v 0.948988 -0.045509 0.267560
v 1.028153 -0.089268 0.524838
v 1.156711 -0.129597 0.761946
v 0.983701 -0.164946 0.969774
v 0.772889 -0.193956 1.140333
v 0.532376 -0.215512 1.267070
v 0.271403 -0.228787 1.345114
v -0.000000 -0.233269 1.371467
v 0.948988 -0.096833 0.253541
v 1.028153 -0.189944 0.497338
v 1.156711 -0.275756 0.722023
v 0.983701 -0.350970 0.918960
v 0.772889 -0.412697 1.080583
v 0.532376 -0.458565 1.200680
v 0.271403 -0.486810 1.274634
v -0.000000 -0.496347 1.299606
v 0.948988 -0.144436 0.229778
v 1.028153 -0.283320 0.450726
v 1.156711 -0.411317 0.654352
v 0.983701 -0.523507 0.832832
v 0.772889 -0.615579 0.979307
v 0.532376 -0.683994 1.088147
v 0.271403 -0.726125 1.155171
v -0.000000 -0.740350 1.177802
v 0.948988 -0.186488 0.197185
v 1.028153 -0.365808 0.386792
v 1.156711 -0.531071 0.561535
v 0.983702 -0.675925 0.714698
v 0.772889 -0.794804 0.840396
v 0.532376 -0.883139 0.933798
v 0.271403 -0.937535 0.991315
v -0.000000 -0.955903 1.010736
v 0.948988 -0.221373 0.157014
v 1.028153 -0.434239 0.307994
v 1.156711 -0.630417 0.447138
v 0.983702 -0.802368 0.569099
v 0.948988 -0.247752 0.110809
v 1.028153 -0.485982 0.217361
v 1.156710 -0.705536 0.315559
v 0.983702 -0.897977 0.401630
v 0.948988 -0.264609 0.060346
v 1.028153 -0.519049 0.118374
v 1.156710 -0.753542 0.171852
v 0.983702 -0.959076 0.218726
v 0.948988 -0.271298 0.007564
v 1.028153 -0.532169 0.014838
v 1.156710 -0.772589 0.021541
v 0.983702 -0.983319 0.027417
v 0.948988 -0.267561 -0.045509
v 1.028153 -0.524838 -0.089268
v 1.156710 -0.761947 -0.129597
v 0.983702 -0.969774 -0.164946
v 0.948988 -0.253541 -0.096833
v 1.028153 -0.497338 -0.189944
v 1.156710 -0.722023 -0.275755
v 0.983702 -0.918961 -0.350970
v 0.948988 -0.229778 -0.144435
v 1.028153 -0.450726 -0.283320
v 1.156711 -0.654352 -0.411317
v 0.983702 -0.832832 -0.523507
v 0.922257 -0.000001 -0.000001
v 0.948988 -0.197185 -0.186488
v 1.028153 -0.386792 -0.365808
v 1.156711 -0.561535 -0.531071
v 0.983702 -0.714699 -0.675925
v 0.772889 -0.840396 -0.794804
v 0.532376 -0.933799 -0.883138
v 0.271403 -0.991315 -0.937535
v -0.000000 -1.010736 -0.955902
v 0.948988 -0.157015 -0.221373
v 1.028153 -0.307995 -0.434239
v 1.156711 -0.447139 -0.630417
v 0.983702 -0.569100 -0.802368
v 0.772889 -0.669190 -0.943485
v 0.532376 -0.743564 -1.048344
v 0.271403 -0.789363 -1.112916
v -0.000000 -0.804828 -1.134720
v 0.948988 -0.110810 -0.247752
v 1.028153 -0.217361 -0.485981
v 1.156710 -0.315559 -0.705536
v 0.983702 -0.401630 -0.897976
v 0.772889 -0.472267 -1.055908
v 0.532376 -0.524755 -1.173263
v 0.271403 -0.557077 -1.245529
v -0.000000 -0.567991 -1.269930
v 0.948988 -0.060347 -0.264609
v 1.028153 -0.118374 -0.519048
v 1.156711 -0.171853 -0.753541
v 0.983702 -0.218727 -0.959076
v 0.772889 -0.257195 -1.127754
v 0.532376 -0.285780 -1.253093
v 0.271403 -0.303382 -1.330276
v 0.948988 -0.007565 -0.271298
v 1.028153 -0.014838 -0.532169
v 1.156711 -0.021542 -0.772589
v 0.983702 -0.027417 -0.983319
v 0.772889 -0.032239 -1.156261
v 0.532376 -0.035823 -1.284768
v 0.271403 -0.038029 -1.363902
v 0.948988 0.045508 -0.267560
v 1.028153 0.089268 -0.524838
v 1.156711 0.129597 -0.761946
v 0.983701 0.164945 -0.969774
v 0.772889 0.193955 -1.140333
v 0.532376 0.215512 -1.267071
v 0.271403 0.228786 -1.345114
v 0.948988 0.096832 -0.253541
v 1.028153 0.189943 -0.497338
v 1.156711 0.275755 -0.722023
v 0.983702 0.350970 -0.918961
v 0.772889 0.412697 -1.080583
v 0.532376 0.458564 -1.200680
v 0.271403 0.486809 -1.274634
v 0.948988 0.144435 -0.229778
v 1.028153 0.283319 -0.450726
v 1.156711 0.411316 -0.654352
v 0.983702 0.523506 -0.832832
v 0.772889 0.615578 -0.979307
v 0.532376 0.683993 -1.088148
v 0.271403 0.726124 -1.155171
v 0.948988 0.186487 -0.197185
v 1.028153 0.365807 -0.386792
v 1.156711 0.531070 -0.561535
v 0.983702 0.675924 -0.714698
v 0.772889 0.794803 -0.840396
v 0.532376 0.883138 -0.933798
v 0.271403 0.937534 -0.991315
v 0.000000 0.955901 -1.010736
v 0.948988 0.221373 -0.157014
v 1.028153 0.434238 -0.307994
v 1.156711 0.630416 -0.447138
v 0.983702 0.802367 -0.569099
v 0.772889 0.943484 -0.669190
v 0.532376 1.048343 -0.743564
v 0.271403 1.112915 -0.789363
v 0.000000 1.134719 -0.804828
v 0.948988 0.247751 -0.110810
v 1.028154 0.485981 -0.217361
v 1.156711 0.705535 -0.315559
v 0.983702 0.897976 -0.401630
v 0.772889 1.055907 -0.472267
v 0.532376 1.173262 -0.524755
v 0.271403 1.245528 -0.557076
v 0.000000 1.269929 -0.567990
v 0.948988 0.264608 -0.060347
v 1.028153 0.519048 -0.118374
v 1.156711 0.753541 -0.171852
v 0.983702 0.959076 -0.218726
v 0.772889 1.127753 -0.257195
v 0.532376 1.253093 -0.285780
v 0.271403 1.330276 -0.303382
v 0.000000 1.356337 -0.309326
v 0.926060 -0.643472 0.689179
v 0.722705 -0.758146 0.810431
v 0.490699 -0.843356 0.900529
v 0.238958 -0.895828 0.956011
v -0.000000 -0.913546 0.974745
v 0.926060 -0.765442 0.548730
v 0.722705 -0.901567 0.645280
v 0.490699 -1.002718 0.717024
v 0.238958 -1.065005 0.761203
v -0.000000 -1.086038 0.776120
v 0.926060 -0.857669 0.387185
v 0.722705 -1.010014 0.455323
v 0.490699 -1.123217 0.505954
v 0.238958 -1.192927 0.537133
v -0.000000 -1.216466 0.547660
v 0.926060 -0.916607 0.210751
v 0.722705 -1.079319 0.247859
v 0.490699 -1.200224 0.275432
v 0.238958 -1.274677 0.292412
v -0.000000 -1.299817 0.298145
v 0.926060 -0.939993 0.026209
v 0.722705 -1.106817 0.030860
v 0.490699 -1.230779 0.034317
v 0.238958 -1.307114 0.036445
v -0.000000 -1.332889 0.037163
v 0.926060 -0.926926 -0.159350
v 0.722705 -1.091453 -0.187333
v 0.490699 -1.213707 -0.208127
v 0.238958 -1.288990 -0.220932
v -0.000000 -1.314411 -0.225256
v 0.926060 -0.877910 -0.338793
v 0.722705 -1.033816 -0.398337
v 0.490699 -1.149665 -0.442582
v 0.238958 -1.221003 -0.469828
v -0.000000 -1.245092 -0.479028
v 0.926061 -0.794829 -0.505227
v 0.722705 -0.936122 -0.594042
v 0.490699 -1.041113 -0.660037
v 0.238958 -1.105766 -0.700677
v -0.000000 -1.127596 -0.714400
v 0.926060 -0.680874 -0.652254
v 0.722705 -0.802125 -0.766927
v 0.490699 -0.892224 -0.852137
v 0.238958 -0.947706 -0.904609
v -0.000000 -0.966440 -0.922327
v 0.923395 -0.686754 -0.745299
v 0.739831 -0.789017 -0.855054
v 0.530405 -0.865006 -0.936609
v 0.303164 -0.911800 -0.986831
v -0.000000 -0.927600 -1.003789
v 0.923395 -0.629399 -0.795108
v 0.739831 -0.721575 -0.913623
v 0.530405 -0.790069 -1.001687
v 0.303164 -0.832247 -1.055917
v -0.000000 -0.846489 -1.074229
v 0.218697 -0.517728 -1.427634
v -0.000000 -0.528016 -1.450637
v 0.218697 -0.278573 -1.507525
v -0.000000 -0.284176 -1.532093
v 0.218697 -0.028428 -1.539223
v -0.000000 -0.029131 -1.564413
v 0.218697 0.223095 -1.521512
v 0.000000 0.227320 -1.546355
v 0.218697 0.466329 -1.455072
v 0.000000 0.475320 -1.478612
v 0.218697 0.691928 -1.342455
v 0.000000 0.705338 -1.363789
v 0.218697 0.891221 -1.187990
v 0.000000 0.908536 -1.206298
v 0.019212 0.523231 -2.535424
v 0.012255 0.142022 -2.493767
v 0.027964 0.887090 -2.514542
v -0.033829 -0.148148 -1.800610
v 0.021972 -0.148148 -1.800610
v -0.005260 0.888906 -2.514592
v -0.043545 0.142022 -2.493767
v -0.035029 0.360557 -1.814793
v 0.037681 0.866538 -1.828901
v -0.035029 0.515918 -2.504192
v 0.053996 0.514102 -2.504142
v 0.053996 0.358741 -1.814743
v 0.004456 0.868354 -1.828952
v -0.025301 0.524139 -2.535449
v 0.046499 0.848784 -1.174367
v -0.025010 -0.423768 -1.138885
v 0.025327 0.797525 -2.535315
v -0.039433 0.244826 -2.519905
v -0.016299 0.796113 -2.512005
v -0.046017 -0.020972 -1.804155
v 0.049917 0.739134 -1.825349
v 0.045990 -0.021426 -1.804143
v -0.013870 0.741858 -1.825425
v -0.048446 0.235496 -2.496374
v 0.047488 0.793389 -2.511929
v 0.043561 0.235042 -2.496361
v -0.002382 0.882369 -2.327629
v 0.015133 0.062204 -2.304761
v 0.013275 0.850600 -1.174417
v 0.030790 -0.423768 -1.138885
v -0.010720 0.799114 -2.535359
v 0.013545 0.244599 -2.519898
v 0.030842 0.880553 -2.327579
v -0.040667 0.062204 -2.304761
v -0.007991 -0.148148 -1.800610
v 0.021217 0.867446 -1.828926
v 0.006642 0.887998 -2.514567
v -0.022566 0.142022 -2.493767
v -0.035029 0.213870 -1.156664
v -0.032597 0.522310 -2.527642
v 0.053996 0.470925 -2.316157
v 0.053996 0.212054 -1.156613
v 0.045300 0.520722 -2.527597
v -0.035029 0.472740 -2.316208
v -0.009309 0.523685 -2.535437
v -0.043812 -0.264358 -1.143330
v -0.011665 0.691871 -1.169992
v 0.052122 0.689147 -1.169916
v 0.048194 -0.264812 -1.143317
v -0.019208 0.726799 -2.527310
v 0.041254 0.724680 -2.527251
v -0.042003 0.314273 -2.515808
v 0.036018 0.313566 -2.515788
v -0.015579 0.780416 -2.324786
v -0.047726 0.164838 -2.307623
v 0.048207 0.777692 -2.324711
v 0.044280 0.164385 -2.307610
v 0.034445 0.849692 -1.174392
v 0.005238 -0.423768 -1.138885
v 0.001981 0.798320 -2.535337
v -0.019925 0.244713 -2.519902
v 0.010959 0.881461 -2.327604
v -0.018248 0.062204 -2.304761
v 1.070206 0.856308 -0.195289
v 1.070206 0.801755 -0.358594
v 1.070206 0.716392 -0.508119
v 1.070206 0.603497 -0.638117
v 1.070206 0.467411 -0.743592
v 1.070206 0.313362 -0.820492
v 1.070206 0.147271 -0.865860
v 1.070206 -0.024480 -0.877954
v 1.070206 -0.195290 -0.856309
v 1.070206 -0.358595 -0.801756
v 1.070206 -0.508119 -0.716392
v 1.070206 -0.638117 -0.603498
v 1.070206 -0.743593 -0.467412
v 1.070206 -0.820492 -0.313363
v 1.070206 -0.865860 -0.147272
v 1.070206 -0.877954 0.024479
v 1.070206 -0.856309 0.195289
v 1.070206 -0.801756 0.358594
v 1.070206 -0.716392 0.508119
v 1.070206 -0.603498 0.638117
v 1.070206 -0.467412 0.743592
v 1.070206 -0.313363 0.820491
v 1.070206 -0.147272 0.865860
v 1.070206 0.024479 0.877954
v 1.070206 0.195289 0.856309
v 1.070206 0.358594 0.801756
v 1.070206 0.508119 0.716392
v 1.070206 0.638117 0.603498
v 1.070206 0.743592 0.467411
v 1.070206 0.820491 0.313362
v 1.070206 0.865860 0.147271
v 1.070206 0.877954 -0.024480
v -1.070206 0.856308 -0.195289
v -1.070206 0.801756 -0.358594
v -1.070206 0.716392 -0.508119
v -1.070206 0.603498 -0.638117
v -1.070206 0.467411 -0.743592
v -1.070206 0.313362 -0.820492
v -1.070206 0.147271 -0.865860
v -1.070206 -0.024479 -0.877954
v -1.070206 -0.195289 -0.856309
v -1.070206 -0.358595 -0.801756
v -1.070206 -0.508119 -0.716392
v -1.070206 -0.638117 -0.603498
v -1.070206 -0.743592 -0.467412
v -1.070206 -0.820492 -0.313363
v -1.070206 -0.865860 -0.147272
v -1.070206 -0.877954 0.024479
v -1.070206 -0.856309 0.195289
v -1.070206 -0.801756 0.358594
v -1.070206 -0.716392 0.508119
v -1.070206 -0.603498 0.638117
v -1.070206 -0.467412 0.743592
v -1.070206 -0.313363 0.820491
v -1.070206 -0.147272 0.865860
v -1.070206 0.024479 0.877954
v -1.070206 0.195289 0.856309
v -1.070206 0.358594 0.801756
v -1.070206 0.508119 0.716392
v -1.070206 0.638117 0.603498
v -1.070206 0.743592 0.467411
v -1.070206 0.820492 0.313362
v -1.070206 0.865860 0.147271
v -1.070206 0.877954 -0.024480
v -0.250922 0.712836 -1.227947
v -0.250922 -0.034298 -1.432030
v -0.250922 -0.541786 -1.316293
v -0.250922 0.226574 -1.413661
v -0.250922 0.919537 -1.067741
v 0.000000 0.937496 -1.086729
v -0.000000 -0.552457 -1.340151
v -0.250922 0.478851 -1.344750
v -0.250922 -0.293742 -1.399153
v 0.250922 0.712836 -1.227947
v 0.250922 -0.034298 -1.432030
v 0.250922 -0.541786 -1.316293
v 0.250922 0.226574 -1.413661
v 0.250922 0.919537 -1.067741
v 0.250922 0.478851 -1.344750
v 0.250922 -0.293742 -1.399153
v -1.000968 -0.169243 -0.836886
v -0.920060 -0.185636 -0.933159
v -0.722887 -0.212544 -1.091176
v -0.497933 -0.232539 -1.208595
v -0.253844 -0.244851 -1.280900
v -1.000968 -0.055538 -0.855846
v -0.920060 -0.058286 -0.954395
v -0.722887 -0.062796 -1.116148
v -0.497933 -0.066147 -1.236342
v -0.253844 -0.068211 -1.310356
v -1.081876 -0.052790 -0.757298
v -1.081876 -0.152849 -0.740613
v 1.000968 -0.169243 -0.836886
v 0.920060 -0.185636 -0.933159
v 0.722887 -0.212544 -1.091176
v 0.497933 -0.232539 -1.208595
v 0.253844 -0.244851 -1.280900
v 1.000968 -0.055538 -0.855846
v 0.920060 -0.058286 -0.954395
v 0.722887 -0.062796 -1.116148
v 0.497933 -0.066147 -1.236342
v 0.253844 -0.068211 -1.310356
v 1.081876 -0.052790 -0.757298
v 1.081876 -0.152849 -0.740613
v -0.914687 1.385072 -0.739858
v -0.900647 1.335557 -0.658786
v -0.810346 1.007541 -0.479869
v -0.771480 0.865057 -0.449666
v -0.695164 0.583846 -0.441825
v -0.565996 0.102425 -0.624404
v -0.543310 0.014201 -0.788106
v -0.540391 0.000938 -0.877662
v -0.967275 1.370571 -0.748087
v -0.976993 1.314505 -0.670733
v -0.977314 1.235159 -0.602089
v -0.963975 1.119920 -0.544357
v -0.937304 0.972533 -0.499736
v -0.906258 0.827893 -0.470756
v -0.870740 0.686806 -0.458399
v -0.829942 0.546682 -0.462916
v -0.783256 0.404892 -0.483909
v -0.731187 0.262135 -0.520440
v -0.683668 0.153126 -0.571919
v -0.642342 0.081373 -0.636351
v -0.604544 0.033968 -0.710820
v -0.570119 0.006809 -0.792301
v -1.014715 1.357009 -0.772764
v -1.045865 1.294815 -0.706558
v -1.064972 1.210099 -0.647686
v -1.067050 1.090453 -0.597974
v -1.051834 0.939790 -0.559312
v -1.027843 0.793133 -0.534002
v -0.994707 0.651365 -0.522884
v -0.951527 0.511922 -0.526161
v -0.897786 0.372149 -0.543485
v -0.834262 0.232667 -0.574057
v -0.771327 0.128066 -0.617517
v -0.711214 0.061683 -0.672176
v -0.651984 0.020406 -0.735497
v -0.594304 -0.000106 -0.804882
v -1.052364 1.345713 -0.811474
v -1.100523 1.278415 -0.762756
v -1.134537 1.189226 -0.719212
v -1.148851 1.065908 -0.682079
v -1.142727 0.912518 -0.652765
v -1.124333 0.764181 -0.633211
v -1.093088 0.621846 -0.624037
v -1.048017 0.482970 -0.625371
v -0.988679 0.344877 -0.636938
v -0.916062 0.208123 -0.658162
v -0.840892 0.107193 -0.689043
v -0.765872 0.045283 -0.728374
v -0.689633 0.009109 -0.774207
v -0.613497 -0.005864 -0.824615
v -1.076536 1.337788 -0.860427
v -1.135615 1.266910 -0.833825
v -1.179201 1.174583 -0.809665
v -1.201370 1.048690 -0.788441
v -1.201083 0.893386 -0.770948
v -1.186284 0.743870 -0.758673
v -1.156253 0.601138 -0.751957
v -1.109968 0.462660 -0.750833
v -1.047035 0.325745 -0.755121
v -0.968582 0.190904 -0.764524
v -0.885556 0.092550 -0.779496
v -0.800964 0.033778 -0.799442
v -0.713805 0.001184 -0.823160
v -0.625820 -0.009905 -0.849571
v -1.084865 1.334010 -0.914831
v -1.147707 1.261426 -0.912807
v -1.194592 1.167603 -0.910192
v -1.219467 1.040483 -0.906647
v -1.221191 0.884267 -0.902292
v -1.207631 0.734190 -0.898107
v -1.178017 0.591267 -0.894122
v -1.131315 0.452979 -0.890266
v -1.067143 0.316626 -0.886465
v -0.986679 0.182697 -0.882730
v -0.900946 0.085570 -0.880022
v -0.813056 0.028295 -0.878425
v -0.722134 -0.002593 -0.877564
v -0.630066 -0.011830 -0.877306
v -1.076536 1.334750 -0.969361
v -1.135615 1.262500 -0.991973
v -1.179201 1.168971 -1.010950
v -1.201370 1.042091 -1.025127
v -1.201083 0.886053 -1.033939
v -1.186284 0.736086 -1.037864
v -1.156253 0.593201 -1.036616
v -1.109968 0.454875 -1.030023
v -1.047035 0.318412 -1.018112
v -0.968582 0.184305 -1.001210
v -0.885556 0.086937 -0.980781
v -0.800964 0.029369 -0.957591
v -0.713805 -0.001853 -0.932094
v -0.625820 -0.011453 -0.905106
v -1.052364 1.339935 -1.018680
v -1.100523 1.270028 -1.063573
v -1.134538 1.178551 -1.102079
v -1.148851 1.053356 -1.132283
v -1.142727 0.898570 -1.153005
v -1.124333 0.749374 -1.164263
v -1.093088 0.606749 -1.165492
v -1.048017 0.468163 -1.156422
v -0.988679 0.330929 -1.137178
v -0.916062 0.195570 -1.108366
v -0.840892 0.096518 -1.071910
v -0.765872 0.036896 -1.029190
v -0.689633 0.003332 -0.981413
v -0.613497 -0.008810 -0.930248
v -1.014715 1.349057 -1.057959
v -1.045865 1.283271 -1.120597
v -1.064972 1.195406 -1.174657
v -1.067050 1.073175 -1.217625
v -1.051834 0.920593 -1.247832
v -1.027843 0.772753 -1.264931
v -0.994707 0.630586 -1.268133
v -0.951527 0.491542 -1.257090
v -0.897786 0.352952 -1.232005
v -0.834262 0.215390 -1.193709
v -0.771327 0.113373 -1.144488
v -0.711214 0.050139 -1.086214
v -0.651984 0.012454 -1.020692
v -0.594304 -0.004159 -0.950272
v -0.967275 1.361224 -1.083354
v -0.976993 1.300934 -1.157464
v -0.977314 1.217887 -1.221580
v -0.963975 1.099610 -1.272801
v -0.937304 0.949965 -1.309140
v -0.906258 0.803935 -1.330015
v -0.870740 0.662378 -1.334492
v -0.829942 0.522724 -1.322175
v -0.783256 0.382324 -1.293313
v -0.731187 0.241824 -1.248884
v -0.683669 0.135854 -1.191411
v -0.642342 0.067802 -1.123082
v -0.604544 0.024620 -1.046086
v -0.570119 0.002043 -0.963218
v -0.914687 1.375243 -1.092378
v -0.900647 1.321287 -1.170565
v -0.880144 1.243792 -1.238255
v -0.849716 1.130071 -1.292409
v -0.810346 0.983812 -1.330927
v -0.771480 0.839866 -1.353144
v -0.733322 0.699014 -1.358074
v -0.695164 0.558655 -1.345303
v -0.656298 0.416171 -1.315100
v -0.616927 0.272285 -1.268492
v -0.586499 0.161759 -1.208086
v -0.565996 0.088156 -1.136183
v -0.551956 0.038640 -1.055110
v -0.543310 0.009190 -0.967819
v -0.862099 1.389744 -1.084149
v -0.824301 1.342339 -1.158618
v -0.782975 1.270586 -1.223049
v -0.735456 1.161578 -1.274529
v -0.683387 1.018820 -1.311060
v -0.636701 0.877031 -1.332053
v -0.595903 0.736907 -1.336570
v -0.560385 0.595820 -1.324213
v -0.529339 0.451179 -1.295233
v -0.502668 0.303792 -1.250612
v -0.489329 0.188553 -1.192880
v -0.489650 0.109208 -1.124236
v -0.499368 0.053141 -1.046882
v -0.516501 0.016583 -0.963624
v -0.814659 1.403307 -1.059472
v -0.755429 1.362029 -1.122793
v -0.695317 1.295646 -1.177452
v -0.632381 1.191045 -1.220912
v -0.568857 1.051563 -1.251484
v -0.515116 0.911790 -1.268808
v -0.471936 0.772347 -1.272085
v -0.438800 0.630579 -1.260967
v -0.414809 0.483922 -1.235657
v -0.399593 0.333260 -1.196995
v -0.401671 0.213613 -1.147283
v -0.420778 0.128897 -1.088410
v -0.451928 0.066703 -1.022204
v -0.492316 0.023497 -0.951043
v -0.777011 1.414603 -1.020762
v -0.700771 1.378429 -1.066595
v -0.625751 1.316519 -1.105926
v -0.550581 1.215590 -1.136806
v -0.477965 1.078835 -1.158031
v -0.418626 0.940742 -1.169598
v -0.373555 0.801866 -1.170932
v -0.342310 0.659531 -1.161757
v -0.323917 0.511194 -1.142204
v -0.317792 0.357804 -1.112889
v -0.332105 0.234486 -1.075757
v -0.366120 0.145297 -1.032213
v -0.414279 0.078000 -0.983495
v -0.473123 0.029256 -0.931310
v -0.752838 1.422528 -0.971809
v -0.665679 1.389934 -0.995526
v -0.581087 1.331163 -1.015473
v -0.498061 1.232808 -1.030445
v -0.419608 1.097967 -1.039848
v -0.356675 0.961053 -1.044136
v -0.310391 0.822575 -1.043012
v -0.280359 0.679842 -1.036295
v -0.265560 0.530326 -1.024021
v -0.265273 0.375022 -1.006528
v -0.287441 0.249129 -0.985303
v -0.331028 0.156802 -0.961144
v -0.390107 0.085925 -0.934542
v -0.460800 0.033296 -0.906354
v -0.744509 1.426305 -0.917405
v -0.653587 1.395418 -0.916543
v -0.565697 1.338142 -0.914946
v -0.479965 1.241015 -0.912238
v -0.399500 1.107086 -0.908504
v -0.335328 0.970734 -0.904702
v -0.288626 0.832445 -0.900847
v -0.259012 0.689523 -0.896862
v -0.245452 0.539445 -0.892677
v -0.247176 0.383229 -0.888322
v -0.272051 0.256109 -0.884777
v -0.318936 0.162286 -0.882161
v -0.381778 0.089702 -0.880137
v -0.456554 0.035221 -0.878618
v -0.752838 1.425565 -0.862874
v -0.665679 1.394343 -0.837378
v -0.581087 1.336775 -0.814188
v -0.498061 1.239407 -0.793759
v -0.419608 1.105300 -0.776856
v -0.356675 0.968837 -0.764946
v -0.310391 0.830512 -0.758352
v -0.280359 0.687626 -0.757105
v -0.265560 0.537659 -0.761030
v -0.265273 0.381622 -0.769842
v -0.287441 0.254742 -0.784018
v -0.331028 0.161212 -0.802996
v -0.390107 0.088962 -0.825607
v -0.460800 0.034844 -0.850819
v -0.777011 1.420381 -0.813556
v -0.700771 1.386816 -0.765778
v -0.625751 1.327195 -0.723059
v -0.550581 1.228142 -0.686603
v -0.477965 1.092783 -0.657791
v -0.418626 0.955549 -0.638547
v -0.373555 0.816963 -0.629477
v -0.342310 0.674338 -0.630706
v -0.323916 0.525142 -0.641964
v -0.317792 0.370357 -0.662686
v -0.332105 0.245162 -0.692890
v -0.366121 0.153685 -0.731396
v -0.414279 0.083777 -0.776289
v -0.473123 0.032201 -0.825677
v -0.814659 1.411259 -0.774277
v -0.755429 1.373573 -0.708754
v -0.695317 1.310339 -0.650481
v -0.632381 1.208323 -0.601260
v -0.568857 1.070760 -0.562963
v -0.515116 0.932170 -0.537878
v -0.471936 0.793126 -0.526836
v -0.438800 0.650959 -0.530038
v -0.414809 0.503119 -0.547136
v -0.399593 0.350537 -0.577343
v -0.401671 0.228306 -0.620312
v -0.420778 0.140442 -0.674372
v -0.451928 0.074655 -0.737010
v -0.492316 0.027551 -0.805653
v -0.862099 1.399092 -0.748882
v -0.824301 1.355910 -0.671887
v -0.782975 1.287859 -0.603558
v -0.735456 1.181888 -0.546084
v -0.683387 1.041388 -0.501656
v -0.636701 0.900989 -0.472794
v -0.595903 0.761334 -0.460477
v -0.560386 0.619778 -0.464953
v -0.529339 0.473747 -0.485829
v -0.502668 0.324102 -0.522167
v -0.489329 0.205826 -0.573389
v -0.489650 0.122779 -0.637505
v -0.499368 0.062489 -0.711615
v -0.516501 0.021348 -0.792707
v -0.880144 1.261953 -0.586883
v -0.849716 1.151427 -0.526477
v -0.733322 0.724698 -0.436895
v -0.656297 0.439900 -0.464042
v -0.616927 0.293641 -0.502560
v -0.586499 0.179920 -0.556714
v -0.551956 0.048469 -0.702591
v -0.863749 1.666208 0.920899
v -0.846325 1.631982 0.821588
v -0.734264 1.321541 0.551894
v -0.686032 1.175585 0.486245
v -0.591327 0.875423 0.412791
v -0.431034 0.315747 0.499486
v -0.402881 0.182741 0.656543
v -0.399258 0.147567 0.750549
v -0.921515 1.646738 0.925985
v -0.930188 1.603715 0.828972
v -0.927619 1.533767 0.736051
v -0.908630 1.422862 0.646700
v -0.873722 1.274534 0.564175
v -0.834081 1.125683 0.499282
v -0.789628 0.976958 0.453275
v -0.739375 0.825521 0.425828
v -0.682553 0.668639 0.415903
v -0.619747 0.507269 0.422641
v -0.563214 0.378814 0.453417
v -0.514896 0.287480 0.506870
v -0.471376 0.220058 0.576856
v -0.432329 0.172815 0.659136
v -0.973626 1.624624 0.949164
v -1.005841 1.571610 0.862623
v -1.023908 1.492905 0.778880
v -1.021854 1.374815 0.697061
v -0.999530 1.221146 0.620133
v -0.967637 1.069007 0.558687
v -0.925801 0.919171 0.513844
v -0.872931 0.768844 0.485233
v -0.808361 0.615251 0.471862
v -0.732971 0.459221 0.473002
v -0.659503 0.337952 0.496245
v -0.590550 0.255376 0.540521
v -0.523487 0.197944 0.600035
v -0.458895 0.161542 0.670953
v -1.014981 1.602031 0.988166
v -1.065881 1.538811 0.919244
v -1.100323 1.451160 0.850945
v -1.111709 1.325727 0.781802
v -1.099371 1.166603 0.714292
v -1.073628 1.011104 0.658646
v -1.033869 0.860134 0.615760
v -0.978922 0.710941 0.585191
v -0.908202 0.560707 0.566020
v -0.822826 0.410133 0.557742
v -0.735918 0.296207 0.568311
v -0.650589 0.222576 0.597142
v -0.564842 0.175352 0.639036
v -0.479978 0.150024 0.690835
v -1.041533 1.581171 1.039173
v -1.104428 1.508527 0.993295
v -1.149385 1.412616 0.945194
v -1.169399 1.280404 0.892626
v -1.163473 1.116243 0.837434
v -1.141678 0.957642 0.789372
v -1.103252 0.805625 0.749048
v -1.046973 0.657480 0.715918
v -0.972304 0.510347 0.689162
v -0.880516 0.364811 0.668567
v -0.784979 0.257663 0.662560
v -0.689136 0.192293 0.671193
v -0.591394 0.154492 0.690044
v -0.493514 0.139390 0.716839
v -1.050682 1.564086 1.097192
v -1.117711 1.483724 1.077526
v -1.166290 1.381047 1.052400
v -1.189278 1.243283 1.018687
v -1.185561 1.074996 0.977505
v -1.165127 0.913855 0.938071
v -1.127160 0.760980 0.900660
v -1.070422 0.613692 0.864617
v -0.994392 0.469101 0.829233
v -0.900395 0.327690 0.794628
v -0.801885 0.226094 0.769766
v -0.702419 0.167489 0.755424
v -0.600543 0.137407 0.748063
v -0.498179 0.130680 0.746417
v -1.041533 1.552449 1.156545
v -1.104428 1.466828 1.163693
v -1.149385 1.359544 1.162069
v -1.169399 1.217997 1.147644
v -1.163473 1.046900 1.120794
v -1.141678 0.884028 1.090187
v -1.103253 0.730569 1.055756
v -1.046973 0.583866 1.016732
v -0.972304 0.441005 0.972523
v -0.880516 0.302404 0.923585
v -0.784980 0.204590 0.879435
v -0.689136 0.150594 0.841591
v -0.591394 0.125769 0.807415
v -0.493514 0.124747 0.776674
v -1.014981 1.547397 1.211421
v -1.065881 1.459495 1.243360
v -1.100323 1.350210 1.263466
v -1.111709 1.207022 1.266874
v -1.099371 1.034705 1.253276
v -1.073628 0.871082 1.230828
v -1.033869 0.717369 1.199152
v -0.978922 0.570920 1.157374
v -0.908202 0.428810 1.105004
v -0.822826 0.291429 1.042815
v -0.735918 0.195257 0.980832
v -0.650589 0.143260 0.921258
v -0.564842 0.120718 0.862291
v -0.479978 0.122172 0.804650
v -0.973626 1.549427 1.256448
v -1.005841 1.462441 1.308729
v -1.023908 1.353960 1.346665
v -1.021854 1.211432 1.364706
v -0.999530 1.039605 1.361981
v -0.967637 0.876284 1.346229
v -0.925801 0.722672 1.316814
v -0.872931 0.576121 1.272774
v -0.808361 0.433710 1.213709
v -0.732971 0.295838 1.140647
v -0.659503 0.199007 1.064031
v -0.590550 0.146207 0.986627
v -0.523487 0.122747 0.907318
v -0.458895 0.123207 0.827604
v -0.921515 1.558339 1.287219
v -0.930188 1.475379 1.353402
v -0.927619 1.370426 1.403523
v -0.908630 1.230794 1.431564
v -0.873723 1.061120 1.436269
v -0.834081 0.899124 1.425093
v -0.789628 0.745960 1.397223
v -0.739375 0.598961 1.351638
v -0.682553 0.455224 1.287998
v -0.619747 0.315201 1.207505
v -0.563214 0.215473 1.120889
v -0.514896 0.159145 1.031300
v -0.471376 0.131659 0.938089
v -0.432329 0.127750 0.843291
v -0.863749 1.573260 1.300722
v -0.846325 1.497042 1.373006
v -0.820882 1.397998 1.428473
v -0.783121 1.263215 1.460903
v -0.734264 1.097143 1.468868
v -0.686032 0.937366 1.459700
v -0.638680 0.784952 1.432508
v -0.591326 0.637204 1.386246
v -0.543095 0.491248 1.320597
v -0.494238 0.347622 1.236843
v -0.456477 0.243045 1.145839
v -0.431033 0.180807 1.050903
v -0.413610 0.146581 0.951592
v -0.402881 0.135357 0.850175
v -0.805983 1.592731 1.295635
v -0.762463 1.525309 1.365620
v -0.714145 1.433975 1.419074
v -0.657612 1.305520 1.449850
v -0.594805 1.144150 1.456588
v -0.537984 0.987268 1.446663
v -0.487731 0.835831 1.419216
v -0.443278 0.687106 1.373209
v -0.403636 0.538255 1.308316
v -0.368728 0.389926 1.225791
v -0.349740 0.279022 1.136440
v -0.347171 0.209074 1.043519
v -0.355844 0.166051 0.946505
v -0.373432 0.145283 0.847582
v -0.753872 1.614845 1.272457
v -0.686809 1.557413 1.331970
v -0.617856 1.474837 1.376246
v -0.544388 1.353567 1.399489
v -0.468998 1.197538 1.400630
v -0.404427 1.043944 1.387258
v -0.351558 0.893618 1.358647
v -0.309722 0.743782 1.313804
v -0.277829 0.591643 1.252358
v -0.255505 0.437974 1.175430
v -0.253451 0.319884 1.093612
v -0.271517 0.241179 1.009868
v -0.303733 0.188165 0.923327
v -0.346866 0.156556 0.835765
v -0.712516 1.637437 1.233455
v -0.626770 1.590213 1.275349
v -0.541441 1.516582 1.304180
v -0.454533 1.402656 1.314749
v -0.369157 1.252081 1.306471
v -0.298436 1.101847 1.287300
v -0.243490 0.952655 1.256731
v -0.203731 0.801685 1.213845
v -0.177987 0.646186 1.158200
v -0.165650 0.487062 1.090689
v -0.177036 0.361629 1.021546
v -0.211478 0.273978 0.953246
v -0.262378 0.210758 0.884325
v -0.325783 0.168074 0.815882
v -0.685964 1.658297 1.182448
v -0.588222 1.620496 1.201298
v -0.492379 1.555126 1.209931
v -0.396843 1.447978 1.203924
v -0.305055 1.302441 1.183329
v -0.230386 1.155309 1.156573
v -0.174106 1.007164 1.123443
v -0.135680 0.855147 1.083119
v -0.113885 0.696546 1.035057
v -0.107959 0.532385 0.979865
v -0.127974 0.400173 0.927297
v -0.172931 0.304262 0.879196
v -0.235826 0.231618 0.833318
v -0.312247 0.178708 0.789879
v -0.676815 1.675382 1.124428
v -0.574940 1.645300 1.117066
v -0.475474 1.586695 1.102725
v -0.376964 1.485099 1.077863
v -0.282966 1.343688 1.043258
v -0.206937 1.199096 1.007874
v -0.150199 1.051809 0.971831
v -0.112232 0.898934 0.934420
v -0.091797 0.737792 0.894986
v -0.088081 0.569506 0.853804
v -0.111069 0.431742 0.820091
v -0.159648 0.329066 0.794964
v -0.226676 0.248703 0.775299
v -0.307583 0.187418 0.760301
v -0.685964 1.687020 1.065076
v -0.588222 1.662195 1.030900
v -0.492379 1.608199 0.993056
v -0.396843 1.510385 0.948906
v -0.305055 1.371784 0.899968
v -0.230386 1.228923 0.855759
v -0.174106 1.082220 0.816735
v -0.135680 0.928761 0.782305
v -0.113885 0.765888 0.751697
v -0.107959 0.594791 0.724847
v -0.127974 0.453245 0.710422
v -0.172931 0.345961 0.708798
v -0.235826 0.260341 0.715946
v -0.312247 0.193351 0.730044
v -0.712516 1.692071 1.010200
v -0.626770 1.669529 0.951233
v -0.541441 1.617532 0.891659
v -0.454533 1.521360 0.829676
v -0.369157 1.383979 0.767487
v -0.298436 1.241869 0.715117
v -0.243490 1.095420 0.673338
v -0.203731 0.941707 0.641663
v -0.177987 0.778083 0.619215
v -0.165650 0.605767 0.605617
v -0.177036 0.462579 0.609025
v -0.211478 0.353294 0.629131
v -0.262377 0.265392 0.661070
v -0.325783 0.195926 0.702068
v -0.753872 1.690042 0.965173
v -0.686809 1.666582 0.885864
v -0.617856 1.613782 0.808460
v -0.544388 1.516950 0.731844
v -0.468998 1.379079 0.658782
v -0.404427 1.236668 0.599716
v -0.351558 1.090117 0.555677
v -0.309722 0.936505 0.526262
v -0.277829 0.773184 0.510510
v -0.255504 0.601357 0.507784
v -0.253451 0.458829 0.525826
v -0.271517 0.350348 0.563762
v -0.303733 0.263362 0.616043
v -0.346866 0.194891 0.679114
v -0.805983 1.681130 0.934402
v -0.762463 1.653645 0.841191
v -0.714145 1.597316 0.751602
v -0.657612 1.497588 0.664986
v -0.594805 1.357564 0.584493
v -0.537984 1.213828 0.520852
v -0.487730 1.066829 0.475268
v -0.443278 0.913665 0.447398
v -0.403636 0.751669 0.436222
v -0.368728 0.581994 0.440927
v -0.349740 0.442363 0.468968
v -0.347171 0.337410 0.519089
v -0.355844 0.254451 0.585272
v -0.373432 0.190348 0.663427
v -0.820882 1.569744 0.726651
v -0.783121 1.465167 0.635648
v -0.638679 1.027837 0.439982
v -0.543095 0.715645 0.403622
v -0.494238 0.549574 0.411588
v -0.456477 0.414791 0.444017
v -0.413610 0.239529 0.571769
v -0.820118 1.034190 -0.816545
v -0.811472 1.004740 -0.729254
v -0.846927 1.026797 -0.820740
v -0.864059 0.990239 -0.737483
v -0.871111 1.019883 -0.833321
v -0.911500 0.976676 -0.762160
v -0.890305 1.014124 -0.853055
v -0.949148 0.965380 -0.800869
v -0.902627 1.010084 -0.878011
v -0.973320 0.957455 -0.849822
v -0.906873 1.008159 -0.905746
v -0.981649 0.953678 -0.904227
v -0.902627 1.008536 -0.933545
v -0.973320 0.954418 -0.958757
v -0.890305 1.011179 -0.958688
v -0.949148 0.959603 -1.008076
v -0.871111 1.015829 -0.978712
v -0.911500 0.968725 -1.047354
v -0.846927 1.022032 -0.991658
v -0.864059 0.980891 -1.072749
v -0.820118 1.029179 -0.996258
v -0.811471 0.994911 -1.081773
v -0.793308 1.036572 -0.992063
v -0.758884 1.009412 -1.073544
v -0.769123 1.043486 -0.979483
v -0.711443 1.022974 -1.048867
v -0.823037 1.042442 -0.906702
v -0.749930 1.049245 -0.959749
v -0.673795 1.034271 -1.010158
v -0.737608 1.053285 -0.934793
v -0.649623 1.042196 -0.961205
v -0.733361 1.055210 -0.907058
v -0.641294 1.045973 -0.906800
v -0.737608 1.054833 -0.879258
v -0.649623 1.045233 -0.852270
v -0.749930 1.052190 -0.854116
v -0.673795 1.040048 -0.802951
v -0.769123 1.047540 -0.834092
v -0.711443 1.030926 -0.763672
v -0.793308 1.041337 -0.821146
v -0.758884 1.018760 -0.738278
v -0.746391 1.271469 0.922970
v -0.735661 1.260245 0.821553
v -0.775839 1.261543 0.925564
v -0.793427 1.240774 0.826640
v -0.802405 1.250269 0.937380
v -0.845538 1.218660 0.849819
v -0.823488 1.238751 0.957263
v -0.886893 1.196067 0.888821
v -0.837024 1.228117 0.983266
v -0.913446 1.175207 0.939828
v -0.841689 1.219407 1.012844
v -0.922595 1.158123 0.997847
v -0.837024 1.213474 1.043102
v -0.913445 1.146484 1.057199
v -0.823488 1.210899 1.071077
v -0.886893 1.141433 1.112075
v -0.802405 1.211934 1.094032
v -0.845538 1.143463 1.157102
v -0.775839 1.216477 1.109719
v -0.793427 1.152375 1.187873
v -0.746391 1.224084 1.116603
v -0.735661 1.167296 1.201376
v -0.716942 1.234010 1.114010
v -0.677895 1.186767 1.196290
v -0.690376 1.245284 1.102193
v -0.625784 1.208881 1.173111
v -0.750013 1.259259 1.022597
v -0.669293 1.256801 1.082310
v -0.584429 1.231473 1.134109
v -0.655757 1.267435 1.056307
v -0.557877 1.252333 1.083102
v -0.651092 1.276145 1.026729
v -0.548727 1.269418 1.025083
v -0.655757 1.282078 0.996471
v -0.557877 1.281056 0.965730
v -0.669293 1.284653 0.968496
v -0.584429 1.286107 0.910855
v -0.690376 1.283619 0.945541
v -0.625784 1.284078 0.865827
v -0.716942 1.279076 0.929854
v -0.677895 1.275166 0.835056
v 0.914688 1.385072 -0.739858
v 0.900647 1.335557 -0.658786
v 0.810346 1.007541 -0.479869
v 0.771480 0.865057 -0.449666
v 0.695164 0.583846 -0.441825
v 0.565996 0.102425 -0.624404
v 0.543310 0.014201 -0.788106
v 0.540391 0.000938 -0.877662
v 0.967275 1.370571 -0.748087
v 0.976993 1.314504 -0.670733
v 0.977314 1.235159 -0.602089
v 0.963975 1.119920 -0.544357
v 0.937304 0.972533 -0.499736
v 0.906258 0.827892 -0.470756
v 0.870740 0.686806 -0.458399
v 0.829942 0.546681 -0.462916
v 0.783256 0.404892 -0.483909
v 0.731187 0.262134 -0.520440
v 0.683668 0.153126 -0.571919
v 0.642342 0.081373 -0.636351
v 0.604544 0.033968 -0.710820
v 0.570119 0.006808 -0.792301
v 1.014716 1.357009 -0.772764
v 1.045865 1.294815 -0.706558
v 1.064972 1.210099 -0.647686
v 1.067050 1.090452 -0.597974
v 1.051835 0.939790 -0.559312
v 1.027843 0.793133 -0.534002
v 0.994707 0.651365 -0.522884
v 0.951527 0.511922 -0.526161
v 0.897786 0.372149 -0.543485
v 0.834262 0.232667 -0.574057
v 0.771327 0.128066 -0.617517
v 0.711214 0.061683 -0.672176
v 0.651984 0.020405 -0.735497
v 0.594304 -0.000106 -0.804882
v 1.052364 1.345712 -0.811474
v 1.100523 1.278415 -0.762756
v 1.134538 1.189226 -0.719212
v 1.148851 1.065908 -0.682079
v 1.142727 0.912518 -0.652765
v 1.124334 0.764181 -0.633211
v 1.093088 0.621846 -0.624037
v 1.048017 0.482970 -0.625371
v 0.988679 0.344877 -0.636938
v 0.916062 0.208122 -0.658162
v 0.840892 0.107193 -0.689043
v 0.765872 0.045283 -0.728374
v 0.689633 0.009109 -0.774207
v 0.613497 -0.005865 -0.824615
v 1.076536 1.337788 -0.860427
v 1.135615 1.266910 -0.833825
v 1.179202 1.174582 -0.809665
v 1.201370 1.048689 -0.788441
v 1.201083 0.893386 -0.770948
v 1.186284 0.743870 -0.758673
v 1.156253 0.601137 -0.751957
v 1.109968 0.462659 -0.750833
v 1.047035 0.325745 -0.755121
v 0.968582 0.190904 -0.764524
v 0.885556 0.092550 -0.779496
v 0.800964 0.033778 -0.799442
v 0.713805 0.001184 -0.823160
v 0.625820 -0.009905 -0.849571
v 1.084865 1.334010 -0.914831
v 1.147707 1.261426 -0.912807
v 1.194592 1.167603 -0.910192
v 1.219467 1.040483 -0.906647
v 1.221191 0.884267 -0.902292
v 1.207631 0.734189 -0.898107
v 1.178017 0.591267 -0.894122
v 1.131315 0.452978 -0.890266
v 1.067143 0.316626 -0.886465
v 0.986679 0.182697 -0.882730
v 0.900946 0.085570 -0.880022
v 0.813056 0.028295 -0.878425
v 0.722134 -0.002593 -0.877564
v 0.630066 -0.011830 -0.877306
v 1.076536 1.334750 -0.969361
v 1.135615 1.262500 -0.991973
v 1.179202 1.168970 -1.010950
v 1.201370 1.042090 -1.025127
v 1.201083 0.886053 -1.033939
v 1.186284 0.736086 -1.037864
v 1.156253 0.593200 -1.036616
v 1.109968 0.454875 -1.030023
v 1.047035 0.318412 -1.018112
v 0.968582 0.184305 -1.001210
v 0.885556 0.086937 -0.980781
v 0.800964 0.029369 -0.957591
v 0.713805 -0.001853 -0.932094
v 0.625820 -0.011453 -0.905106
v 1.052364 1.339935 -1.018680
v 1.100523 1.270027 -1.063573
v 1.134538 1.178550 -1.102079
v 1.148851 1.053355 -1.132283
v 1.142727 0.898570 -1.153005
v 1.124334 0.749374 -1.164263
v 1.093088 0.606749 -1.165492
v 1.048017 0.468163 -1.156422
v 0.988679 0.330929 -1.137178
v 0.916062 0.195570 -1.108366
v 0.840892 0.096517 -1.071910
v 0.765872 0.036896 -1.029190
v 0.689633 0.003332 -0.981413
v 0.613497 -0.008810 -0.930248
v 1.014716 1.349057 -1.057959
v 1.045865 1.283271 -1.120597
v 1.064972 1.195406 -1.174657
v 1.067050 1.073175 -1.217625
v 1.051835 0.920593 -1.247832
v 1.027843 0.772753 -1.264931
v 0.994707 0.630586 -1.268133
v 0.951527 0.491542 -1.257090
v 0.897786 0.352952 -1.232005
v 0.834262 0.215390 -1.193709
v 0.771327 0.113373 -1.144488
v 0.711214 0.050139 -1.086214
v 0.651984 0.012454 -1.020692
v 0.594304 -0.004159 -0.950272
v 0.967275 1.361223 -1.083354
v 0.976993 1.300933 -1.157464
v 0.977314 1.217886 -1.221580
v 0.963975 1.099609 -1.272801
v 0.937304 0.949965 -1.309140
v 0.906258 0.803935 -1.330015
v 0.870740 0.662378 -1.334492
v 0.829942 0.522723 -1.322175
v 0.783256 0.382324 -1.293313
v 0.731187 0.241824 -1.248884
v 0.683669 0.135853 -1.191411
v 0.642342 0.067802 -1.123082
v 0.604544 0.024620 -1.046086
v 0.570119 0.002043 -0.963218
v 0.914687 1.375243 -1.092378
v 0.900647 1.321287 -1.170565
v 0.880145 1.243792 -1.238255
v 0.849716 1.130071 -1.292409
v 0.810346 0.983812 -1.330927
v 0.771480 0.839866 -1.353144
v 0.733322 0.699014 -1.358074
v 0.695164 0.558655 -1.345303
v 0.656298 0.416171 -1.315100
v 0.616927 0.272285 -1.268492
v 0.586499 0.161759 -1.208086
v 0.565996 0.088156 -1.136183
v 0.551956 0.038640 -1.055110
v 0.543310 0.009190 -0.967819
v 0.862100 1.389744 -1.084149
v 0.824302 1.342339 -1.158618
v 0.782975 1.270586 -1.223049
v 0.735457 1.161577 -1.274529
v 0.683388 1.018820 -1.311060
v 0.636701 0.877031 -1.332053
v 0.595903 0.736907 -1.336570
v 0.560386 0.595820 -1.324213
v 0.529339 0.451179 -1.295233
v 0.502668 0.303792 -1.250612
v 0.489329 0.188553 -1.192880
v 0.489650 0.109208 -1.124236
v 0.499368 0.053141 -1.046882
v 0.516501 0.016583 -0.963624
v 0.814659 1.403306 -1.059472
v 0.755429 1.362029 -1.122793
v 0.695317 1.295646 -1.177452
v 0.632382 1.191045 -1.220912
v 0.568857 1.051563 -1.251484
v 0.515116 0.911790 -1.268808
v 0.471936 0.772347 -1.272085
v 0.438800 0.630579 -1.260967
v 0.414809 0.483922 -1.235657
v 0.399593 0.333260 -1.196995
v 0.401671 0.213613 -1.147283
v 0.420778 0.128897 -1.088410
v 0.451928 0.066703 -1.022204
v 0.492316 0.023497 -0.951043
v 0.777011 1.414603 -1.020762
v 0.700772 1.378429 -1.066595
v 0.625751 1.316519 -1.105926
v 0.550581 1.215590 -1.136806
v 0.477965 1.078835 -1.158031
v 0.418626 0.940742 -1.169598
v 0.373555 0.801866 -1.170932
v 0.342310 0.659531 -1.161757
v 0.323917 0.511194 -1.142204
v 0.317792 0.357804 -1.112889
v 0.332106 0.234486 -1.075757
v 0.366120 0.145297 -1.032213
v 0.414279 0.078000 -0.983495
v 0.473123 0.029256 -0.931310
v 0.752839 1.422528 -0.971809
v 0.665679 1.389934 -0.995526
v 0.581087 1.331163 -1.015473
v 0.498062 1.232808 -1.030445
v 0.419609 1.097967 -1.039848
v 0.356675 0.961053 -1.044136
v 0.310391 0.822575 -1.043012
v 0.280359 0.679842 -1.036295
v 0.265560 0.530326 -1.024021
v 0.265273 0.375022 -1.006528
v 0.287442 0.249129 -0.985303
v 0.331028 0.156802 -0.961144
v 0.390107 0.085925 -0.934542
v 0.460800 0.033296 -0.906354
v 0.744510 1.426305 -0.917405
v 0.653587 1.395418 -0.916543
v 0.565697 1.338142 -0.914946
v 0.479965 1.241015 -0.912238
v 0.399500 1.107086 -0.908504
v 0.335328 0.970734 -0.904702
v 0.288626 0.832445 -0.900847
v 0.259013 0.689523 -0.896862
v 0.245452 0.539445 -0.892677
v 0.247176 0.383229 -0.888322
v 0.272051 0.256109 -0.884777
v 0.318936 0.162286 -0.882161
v 0.381778 0.089702 -0.880137
v 0.456554 0.035221 -0.878618
v 0.752839 1.425565 -0.862874
v 0.665679 1.394343 -0.837378
v 0.581087 1.336775 -0.814188
v 0.498062 1.239407 -0.793759
v 0.419609 1.105300 -0.776856
v 0.356675 0.968837 -0.764946
v 0.310391 0.830512 -0.758352
v 0.280359 0.687626 -0.757105
v 0.265560 0.537659 -0.761030
v 0.265273 0.381622 -0.769842
v 0.287442 0.254742 -0.784018
v 0.331028 0.161212 -0.802996
v 0.390107 0.088962 -0.825607
v 0.460800 0.034844 -0.850819
v 0.777011 1.420380 -0.813556
v 0.700772 1.386816 -0.765778
v 0.625751 1.327195 -0.723059
v 0.550581 1.228142 -0.686603
v 0.477965 1.092783 -0.657791
v 0.418626 0.955549 -0.638547
v 0.373555 0.816963 -0.629477
v 0.342310 0.674338 -0.630706
v 0.323917 0.525142 -0.641964
v 0.317792 0.370357 -0.662686
v 0.332106 0.245161 -0.692890
v 0.366121 0.153685 -0.731396
v 0.414279 0.083777 -0.776289
v 0.473123 0.032201 -0.825677
v 0.814659 1.411258 -0.774277
v 0.755429 1.373573 -0.708754
v 0.695317 1.310339 -0.650481
v 0.632382 1.208323 -0.601260
v 0.568857 1.070760 -0.562963
v 0.515116 0.932170 -0.537878
v 0.471936 0.793126 -0.526836
v 0.438801 0.650959 -0.530038
v 0.414809 0.503119 -0.547136
v 0.399593 0.350537 -0.577343
v 0.401671 0.228306 -0.620312
v 0.420778 0.140442 -0.674372
v 0.451928 0.074655 -0.737010
v 0.492316 0.027551 -0.805653
v 0.862100 1.399092 -0.748882
v 0.824302 1.355910 -0.671887
v 0.782975 1.287858 -0.603558
v 0.735457 1.181888 -0.546084
v 0.683388 1.041388 -0.501656
v 0.636702 0.900989 -0.472794
v 0.595903 0.761334 -0.460477
v 0.560386 0.619778 -0.464953
v 0.529339 0.473747 -0.485829
v 0.502668 0.324102 -0.522167
v 0.489329 0.205826 -0.573389
v 0.489650 0.122779 -0.637505
v 0.499368 0.062489 -0.711615
v 0.516501 0.021348 -0.792707
v 0.880144 1.261953 -0.586883
v 0.849716 1.151427 -0.526477
v 0.733322 0.724698 -0.436895
v 0.656298 0.439900 -0.464042
v 0.616927 0.293641 -0.502560
v 0.586499 0.179920 -0.556714
v 0.551956 0.048469 -0.702591
v 0.863749 1.666208 0.920899
v 0.846326 1.631981 0.821588
v 0.734264 1.321540 0.551894
v 0.686033 1.175585 0.486245
v 0.591327 0.875423 0.412791
v 0.431034 0.315747 0.499486
v 0.402881 0.182741 0.656543
v 0.399258 0.147567 0.750549
v 0.921515 1.646737 0.925985
v 0.930188 1.603714 0.828972
v 0.927619 1.533767 0.736051
v 0.908631 1.422862 0.646700
v 0.873723 1.274534 0.564175
v 0.834081 1.125683 0.499282
v 0.789628 0.976958 0.453275
v 0.739375 0.825521 0.425828
v 0.682553 0.668639 0.415903
v 0.619747 0.507269 0.422641
v 0.563214 0.378814 0.453417
v 0.514896 0.287480 0.506870
v 0.471376 0.220058 0.576856
v 0.432329 0.172815 0.659136
v 0.973626 1.624623 0.949164
v 1.005842 1.571610 0.862623
v 1.023908 1.492905 0.778880
v 1.021854 1.374814 0.697061
v 0.999530 1.221146 0.620133
v 0.967637 1.069006 0.558687
v 0.925801 0.919171 0.513844
v 0.872931 0.768844 0.485233
v 0.808361 0.615251 0.471862
v 0.732971 0.459221 0.473002
v 0.659503 0.337952 0.496245
v 0.590550 0.255376 0.540521
v 0.523487 0.197944 0.600035
v 0.458895 0.161542 0.670953
v 1.014982 1.602031 0.988166
v 1.065881 1.538811 0.919244
v 1.100323 1.451160 0.850945
v 1.111709 1.325726 0.781802
v 1.099372 1.166602 0.714292
v 1.073628 1.011104 0.658646
v 1.033869 0.860133 0.615760
v 0.978922 0.710941 0.585191
v 0.908202 0.560707 0.566020
v 0.822826 0.410133 0.557742
v 0.735918 0.296207 0.568311
v 0.650589 0.222576 0.597142
v 0.564842 0.175352 0.639036
v 0.479978 0.150024 0.690835
v 1.041533 1.581171 1.039173
v 1.104429 1.508527 0.993295
v 1.149385 1.412616 0.945194
v 1.169400 1.280404 0.892626
v 1.163473 1.116243 0.837434
v 1.141679 0.957642 0.789372
v 1.103253 0.805624 0.749048
v 1.046973 0.657479 0.715918
v 0.972304 0.510347 0.689162
v 0.880516 0.364811 0.668567
v 0.784979 0.257663 0.662560
v 0.689136 0.192293 0.671193
v 0.591394 0.154492 0.690044
v 0.493514 0.139390 0.716839
v 1.050683 1.564086 1.097192
v 1.117711 1.483724 1.077526
v 1.166290 1.381047 1.052400
v 1.189278 1.243283 1.018687
v 1.185562 1.074996 0.977505
v 1.165127 0.913855 0.938071
v 1.127160 0.760979 0.900660
v 1.070422 0.613692 0.864617
v 0.994392 0.469101 0.829233
v 0.900395 0.327689 0.794628
v 0.801885 0.226094 0.769766
v 0.702419 0.167489 0.755424
v 0.600543 0.137407 0.748063
v 0.498179 0.130680 0.746417
v 1.041533 1.552448 1.156545
v 1.104429 1.466828 1.163693
v 1.149385 1.359544 1.162069
v 1.169400 1.217997 1.147644
v 1.163473 1.046900 1.120794
v 1.141679 0.884028 1.090187
v 1.103253 0.730568 1.055756
v 1.046973 0.583866 1.016732
v 0.972304 0.441005 0.972523
v 0.880516 0.302404 0.923585
v 0.784980 0.204590 0.879435
v 0.689136 0.150594 0.841591
v 0.591394 0.125769 0.807415
v 0.493514 0.124747 0.776674
v 1.014982 1.547397 1.211421
v 1.065881 1.459494 1.243360
v 1.100323 1.350210 1.263466
v 1.111709 1.207022 1.266874
v 1.099372 1.034705 1.253276
v 1.073628 0.871082 1.230828
v 1.033869 0.717369 1.199152
v 0.978922 0.570920 1.157374
v 0.908202 0.428810 1.105004
v 0.822826 0.291429 1.042815
v 0.735918 0.195257 0.980832
v 0.650589 0.143260 0.921258
v 0.564842 0.120718 0.862291
v 0.479978 0.122172 0.804650
v 0.973626 1.549426 1.256448
v 1.005842 1.462441 1.308729
v 1.023908 1.353960 1.346665
v 1.021854 1.211432 1.364706
v 0.999530 1.039605 1.361981
v 0.967637 0.876284 1.346229
v 0.925801 0.722672 1.316814
v 0.872931 0.576121 1.272774
v 0.808361 0.433710 1.213709
v 0.732971 0.295838 1.140647
v 0.659503 0.199007 1.064031
v 0.590550 0.146207 0.986627
v 0.523487 0.122747 0.907318
v 0.458895 0.123207 0.827604
v 0.921515 1.558338 1.287219
v 0.930188 1.475379 1.353402
v 0.927619 1.370426 1.403523
v 0.908631 1.230794 1.431564
v 0.873723 1.061119 1.436269
v 0.834081 0.899123 1.425093
v 0.789628 0.745960 1.397223
v 0.739375 0.598961 1.351638
v 0.682554 0.455224 1.287998
v 0.619747 0.315201 1.207505
v 0.563214 0.215473 1.120889
v 0.514896 0.159144 1.031300
v 0.471376 0.131659 0.938089
v 0.432329 0.127750 0.843291
v 0.863749 1.573260 1.300722
v 0.846325 1.497041 1.373006
v 0.820882 1.397997 1.428473
v 0.783122 1.263215 1.460903
v 0.734264 1.097143 1.468868
v 0.686033 0.937366 1.459700
v 0.638680 0.784952 1.432508
v 0.591327 0.637204 1.386246
v 0.543095 0.491248 1.320597
v 0.494238 0.347622 1.236843
v 0.456477 0.243045 1.145839
v 0.431033 0.180807 1.050903
v 0.413610 0.146581 0.951592
v 0.402881 0.135357 0.850175
v 0.805983 1.592731 1.295635
v 0.762463 1.525308 1.365620
v 0.714145 1.433975 1.419074
v 0.657612 1.305520 1.449850
v 0.594806 1.144150 1.456588
v 0.537984 0.987268 1.446663
v 0.487731 0.835831 1.419216
v 0.443278 0.687106 1.373209
v 0.403636 0.538255 1.308316
v 0.368728 0.389926 1.225791
v 0.349740 0.279022 1.136440
v 0.347171 0.209074 1.043519
v 0.355844 0.166051 0.946505
v 0.373432 0.145283 0.847582
v 0.753872 1.614844 1.272457
v 0.686809 1.557413 1.331970
v 0.617856 1.474837 1.376246
v 0.544388 1.353567 1.399489
v 0.468998 1.197538 1.400630
v 0.404428 1.043944 1.387258
v 0.351558 0.893618 1.358647
v 0.309722 0.743782 1.313804
v 0.277829 0.591643 1.252358
v 0.255505 0.437974 1.175430
v 0.253451 0.319883 1.093612
v 0.271517 0.241179 1.009868
v 0.303733 0.188165 0.923327
v 0.346866 0.156556 0.835765
v 0.712517 1.637437 1.233455
v 0.626770 1.590213 1.275349
v 0.541441 1.516582 1.304180
v 0.454533 1.402656 1.314749
v 0.369157 1.252081 1.306471
v 0.298437 1.101847 1.287300
v 0.243490 0.952655 1.256731
v 0.203731 0.801685 1.213845
v 0.177988 0.646186 1.158200
v 0.165650 0.487062 1.090689
v 0.177036 0.361629 1.021546
v 0.211478 0.273978 0.953246
v 0.262378 0.210758 0.884325
v 0.325783 0.168074 0.815882
v 0.685965 1.658297 1.182448
v 0.588223 1.620496 1.201298
v 0.492379 1.555126 1.209931
v 0.396843 1.447978 1.203924
v 0.305055 1.302441 1.183329
v 0.230386 1.155309 1.156573
v 0.174107 1.007164 1.123443
v 0.135680 0.855147 1.083119
v 0.113886 0.696546 1.035057
v 0.107959 0.532385 0.979865
v 0.127974 0.400173 0.927297
v 0.172931 0.304262 0.879196
v 0.235826 0.231618 0.833318
v 0.312247 0.178708 0.789879
v 0.676815 1.675382 1.124428
v 0.574940 1.645300 1.117066
v 0.475474 1.586695 1.102725
v 0.376964 1.485099 1.077863
v 0.282967 1.343688 1.043258
v 0.206938 1.199096 1.007874
v 0.150199 1.051809 0.971831
v 0.112232 0.898934 0.934420
v 0.091797 0.737792 0.894986
v 0.088081 0.569506 0.853804
v 0.111069 0.431742 0.820091
v 0.159648 0.329066 0.794964
v 0.226676 0.248703 0.775299
v 0.307583 0.187418 0.760301
v 0.685965 1.687019 1.065076
v 0.588223 1.662195 1.030900
v 0.492379 1.608199 0.993056
v 0.396843 1.510385 0.948906
v 0.305055 1.371784 0.899968
v 0.230386 1.228923 0.855759
v 0.174107 1.082220 0.816735
v 0.135680 0.928761 0.782305
v 0.113885 0.765888 0.751697
v 0.107959 0.594791 0.724847
v 0.127974 0.453245 0.710422
v 0.172931 0.345961 0.708798
v 0.235826 0.260340 0.715946
v 0.312247 0.193351 0.730044
v 0.712517 1.692071 1.010200
v 0.626770 1.669529 0.951233
v 0.541441 1.617532 0.891659
v 0.454533 1.521360 0.829676
v 0.369157 1.383979 0.767487
v 0.298437 1.241869 0.715117
v 0.243490 1.095420 0.673338
v 0.203731 0.941707 0.641663
v 0.177987 0.778083 0.619215
v 0.165650 0.605767 0.605617
v 0.177036 0.462579 0.609025
v 0.211478 0.353294 0.629131
v 0.262377 0.265392 0.661070
v 0.325783 0.195926 0.702068
v 0.753872 1.690041 0.965173
v 0.686809 1.666582 0.885864
v 0.617856 1.613782 0.808460
v 0.544388 1.516950 0.731844
v 0.468998 1.379079 0.658782
v 0.404428 1.236668 0.599716
v 0.351558 1.090117 0.555677
v 0.309722 0.936505 0.526262
v 0.277829 0.773184 0.510510
v 0.255505 0.601357 0.507784
v 0.253451 0.458829 0.525826
v 0.271517 0.350348 0.563762
v 0.303733 0.263362 0.616043
v 0.346866 0.194891 0.679114
v 0.805983 1.681130 0.934402
v 0.762463 1.653644 0.841191
v 0.714145 1.597315 0.751602
v 0.657612 1.497588 0.664986
v 0.594806 1.357564 0.584493
v 0.537984 1.213828 0.520852
v 0.487731 1.066829 0.475268
v 0.443278 0.913665 0.447398
v 0.403636 0.751669 0.436222
v 0.368728 0.581994 0.440927
v 0.349740 0.442363 0.468968
v 0.347171 0.337410 0.519089
v 0.355844 0.254451 0.585272
v 0.373432 0.190348 0.663427
v 0.820882 1.569744 0.726651
v 0.783122 1.465167 0.635648
v 0.638680 1.027837 0.439982
v 0.543095 0.715645 0.403622
v 0.494238 0.549574 0.411588
v 0.456477 0.414791 0.444017
v 0.413610 0.239529 0.571769
v 0.820118 1.034190 -0.816545
v 0.811472 1.004740 -0.729254
v 0.846927 1.026797 -0.820740
v 0.864060 0.990239 -0.737483
v 0.871112 1.019883 -0.833321
v 0.911500 0.976676 -0.762160
v 0.890305 1.014124 -0.853055
v 0.949148 0.965380 -0.800869
v 0.902627 1.010084 -0.878011
v 0.973320 0.957455 -0.849822
v 0.906874 1.008158 -0.905746
v 0.981649 0.953678 -0.904227
v 0.902627 1.008536 -0.933545
v 0.973320 0.954417 -0.958757
v 0.890305 1.011179 -0.958688
v 0.949148 0.959603 -1.008076
v 0.871112 1.015829 -0.978712
v 0.911500 0.968725 -1.047354
v 0.846927 1.022032 -0.991658
v 0.864060 0.980891 -1.072749
v 0.820118 1.029179 -0.996258
v 0.811472 0.994910 -1.081773
v 0.793309 1.036571 -0.992063
v 0.758884 1.009412 -1.073544
v 0.769124 1.043485 -0.979483
v 0.711444 1.022974 -1.048867
v 0.823037 1.042441 -0.906702
v 0.749931 1.049244 -0.959749
v 0.673795 1.034271 -1.010158
v 0.737608 1.053284 -0.934793
v 0.649623 1.042196 -0.961205
v 0.733362 1.055210 -0.907058
v 0.641294 1.045973 -0.906800
v 0.737608 1.054833 -0.879258
v 0.649623 1.045233 -0.852270
v 0.749931 1.052190 -0.854116
v 0.673795 1.040048 -0.802951
v 0.769124 1.047539 -0.834092
v 0.711444 1.030926 -0.763672
v 0.793309 1.041337 -0.821146
v 0.758884 1.018759 -0.738278
v 0.746391 1.271469 0.922970
v 0.735661 1.260244 0.821553
v 0.775840 1.261543 0.925564
v 0.793427 1.240774 0.826640
v 0.802406 1.250269 0.937380
v 0.845538 1.218660 0.849819
v 0.823489 1.238751 0.957263
v 0.886894 1.196067 0.888821
v 0.837025 1.228117 0.983266
v 0.913446 1.175207 0.939828
v 0.841689 1.219407 1.012844
v 0.922595 1.158122 0.997847
v 0.837025 1.213474 1.043102
v 0.913446 1.146484 1.057199
v 0.823489 1.210899 1.071077
v 0.886894 1.141433 1.112075
v 0.802406 1.211934 1.094032
v 0.845538 1.143463 1.157102
v 0.775840 1.216477 1.109719
v 0.793427 1.152374 1.187873
v 0.746391 1.224084 1.116603
v 0.735661 1.167296 1.201376
v 0.716942 1.234010 1.114010
v 0.677896 1.186767 1.196290
v 0.690376 1.245283 1.102193
v 0.625784 1.208881 1.173111
v 0.750014 1.259259 1.022597
v 0.669293 1.256801 1.082310
v 0.584429 1.231473 1.134109
v 0.655757 1.267435 1.056307
v 0.557877 1.252333 1.083102
v 0.651093 1.276145 1.026729
v 0.548728 1.269418 1.025083
v 0.655757 1.282078 0.996471
v 0.557877 1.281056 0.965730
v 0.669293 1.284653 0.968496
v 0.584429 1.286107 0.910855
v 0.690376 1.283619 0.945541
v 0.625784 1.284078 0.865827
v 0.716942 1.279075 0.929854
v 0.677896 1.275166 0.835056
v -1.615042 0.192338 -0.005363
v -1.535060 0.377285 -0.010520
v -1.405178 0.518207 -0.014449
v -1.615042 0.189689 0.032263
v -1.535060 0.372088 0.063287
v -1.405178 0.511069 0.086926
v -1.615042 0.179750 0.068650
v -1.535060 0.352591 0.134662
v -1.405178 0.484290 0.184960
v -1.615042 0.162903 0.102398
v -1.535060 0.319545 0.200861
v -1.405178 0.438901 0.275887
v -1.615042 0.139796 0.132211
v -1.535060 0.274219 0.259342
v -1.405178 0.376645 0.356211
v -1.615042 0.111316 0.156944
v -1.535060 0.218355 0.307856
v -1.405178 0.299914 0.422846
v -1.615042 0.078559 0.175645
v -1.535060 0.154099 0.344540
v -1.405178 0.211658 0.473232
v -1.615042 0.042783 0.187596
v -1.535061 0.083922 0.367983
v -1.405178 0.115268 0.505431
v -1.615042 0.005363 0.192338
v -1.535061 0.010519 0.377285
v -1.405178 0.014449 0.518207
v -1.615042 -0.032264 0.189689
v -1.535061 -0.063287 0.372087
v -1.405178 -0.086926 0.511069
v -1.615042 -0.068650 0.179749
v -1.535061 -0.134662 0.352591
v -1.405178 -0.184961 0.484290
v -1.615042 -0.102399 0.162903
v -1.535061 -0.200862 0.319545
v -1.405178 -0.275887 0.438901
v -1.615042 -0.132212 0.139796
v -1.535061 -0.259342 0.274219
v -1.405179 -0.356211 0.376644
v -1.615042 -0.156944 0.111316
v -1.535061 -0.307857 0.218355
v -1.405179 -0.422846 0.299914
v -1.615042 -0.175645 0.078559
v -1.535061 -0.344540 0.154099
v -1.405179 -0.473232 0.211658
v -1.615042 -0.187596 0.042783
v -1.535061 -0.367983 0.083922
v -1.405179 -0.505431 0.115268
v -1.615042 -0.192338 0.005363
v -1.535061 -0.377285 0.010519
v -1.405179 -0.518207 0.014449
v -1.615042 -0.189689 -0.032264
v -1.535061 -0.372088 -0.063287
v -1.405179 -0.511069 -0.086926
v -1.615042 -0.179750 -0.068650
v -1.535061 -0.352591 -0.134662
v -1.405179 -0.484290 -0.184961
v -1.615042 -0.162903 -0.102399
v -1.535061 -0.319545 -0.200862
v -1.405178 -0.438901 -0.275887
v -1.642048 -0.000000 -0.000000
v -1.615042 -0.139796 -0.132212
v -1.535061 -0.274219 -0.259342
v -1.405179 -0.376645 -0.356211
v -1.615042 -0.111316 -0.156944
v -1.535061 -0.218355 -0.307857
v -1.405179 -0.299914 -0.422846
v -1.615041 -0.078559 -0.175645
v -1.535061 -0.154099 -0.344540
v -1.405179 -0.211658 -0.473232
v -1.615042 -0.042783 -0.187596
v -1.535061 -0.083922 -0.367983
v -1.405178 -0.115268 -0.505431
v -1.615041 -0.005363 -0.192338
v -1.535061 -0.010520 -0.377285
v -1.405178 -0.014449 -0.518207
v -1.615042 0.032263 -0.189689
v -1.535061 0.063287 -0.372088
v -1.405178 0.086926 -0.511069
v -1.615041 0.068650 -0.179750
v -1.535061 0.134662 -0.352591
v -1.405178 0.184960 -0.484290
v -1.615042 0.102398 -0.162903
v -1.535060 0.200861 -0.319545
v -1.405178 0.275887 -0.438901
v -1.615042 0.132211 -0.139796
v -1.535061 0.259342 -0.274219
v -1.405178 0.356211 -0.376645
v -1.615042 0.156944 -0.111317
v -1.535060 0.307856 -0.218355
v -1.405178 0.422846 -0.299914
v -1.615041 0.175645 -0.078559
v -1.535060 0.344540 -0.154099
v -1.405178 0.473231 -0.211658
v -1.615041 0.187596 -0.042783
v -1.535060 0.367983 -0.083922
v -1.405178 0.505431 -0.115268
v -1.394090 0.666718 -0.152051
v -1.394090 0.624243 -0.279200
v -1.394090 0.557779 -0.395619
v -1.394090 0.469880 -0.496835
v -1.394089 0.363924 -0.578957
v -1.394090 0.243983 -0.638831
v -1.394090 0.114665 -0.674155
v -1.394089 -0.019060 -0.683571
v -1.394090 -0.152051 -0.666718
v -1.394090 -0.279200 -0.624244
v -1.394090 -0.395619 -0.557780
v -1.394090 -0.496835 -0.469881
v -1.394090 -0.578958 -0.363925
v -1.394090 -0.638831 -0.243983
v -1.394090 -0.674155 -0.114665
v -1.394090 -0.683571 0.019059
v -1.394090 -0.666718 0.152051
v -1.394090 -0.624244 0.279200
v -1.394090 -0.557780 0.395619
v -1.394090 -0.469881 0.496835
v -1.394090 -0.363925 0.578957
v -1.394090 -0.243983 0.638831
v -1.394090 -0.114665 0.674155
v -1.394090 0.019059 0.683571
v -1.394090 0.152051 0.666718
v -1.394090 0.279200 0.624244
v -1.394090 0.395619 0.557780
v -1.394090 0.496835 0.469881
v -1.394090 0.578958 0.363924
v -1.394090 0.638831 0.243983
v -1.394089 0.683571 -0.019060
v -1.394090 0.674155 0.114665
v -1.278121 0.760881 -0.021215
v -1.278121 0.742121 -0.169248
v -1.278121 0.620862 -0.440362
v -1.278121 0.694843 -0.310777
v -1.278121 0.523022 -0.553025
v -1.278121 0.405083 -0.644435
v -1.278121 0.271576 -0.711080
v -1.278121 0.127633 -0.750399
v -1.278121 -0.021215 -0.760880
v -1.278121 -0.169248 -0.742122
v -1.278121 -0.310777 -0.694843
v -1.278121 -0.440362 -0.620863
v -1.278121 -0.553025 -0.523023
v -1.278121 -0.644436 -0.405083
v -1.278121 -0.711081 -0.271576
v -1.278121 -0.750399 -0.127633
v -1.278121 -0.760881 0.021215
v -1.278121 -0.742122 0.169248
v -1.278121 -0.694844 0.310776
v -1.278121 -0.620863 0.440362
v -1.278121 -0.523023 0.553025
v -1.278121 -0.405083 0.644435
v -1.278121 -0.271576 0.711080
v -1.278121 -0.127633 0.750399
v -1.278121 0.021215 0.760880
v -1.278121 0.169248 0.742122
v -1.278121 0.310777 0.694843
v -1.278121 0.440362 0.620863
v -1.278121 0.553025 0.523022
v -1.278121 0.644436 0.405083
v -1.278121 0.711081 0.271576
v -1.278121 0.750399 0.127633
v -1.404913 -0.494498 -0.310834
v -1.404913 -0.545637 -0.208390
v -1.404913 -0.310834 0.494497
v -1.404913 -0.208390 0.545637
v -1.404913 0.533177 -0.238470
v -1.404913 0.476409 -0.337905
v -1.404913 0.494498 0.310834
v -1.404913 0.545637 0.208390
v -1.404913 0.310834 -0.494498
v -1.404913 0.208390 -0.545637
v -1.404913 0.583850 -0.016279
v -1.404913 0.569455 -0.129870
v -1.404913 -0.575807 -0.097937
v -1.404913 -0.583850 0.016279
v -1.404913 -0.533177 0.238469
v -1.404913 -0.476409 0.337905
v -1.404913 0.238469 0.533177
v -1.404913 0.337905 0.476409
v -1.404913 -0.238470 -0.533177
v -1.404913 -0.337905 -0.476409
v -1.404913 0.424355 0.401333
v -1.404913 -0.097937 0.575807
v -1.404913 0.016279 0.583850
v -1.404913 0.401333 -0.424355
v -1.404913 0.575807 0.097937
v -1.404913 0.097937 -0.575807
v -1.404913 -0.016279 -0.583850
v -1.404913 -0.569456 0.129870
v -1.404913 -0.401333 0.424355
v -1.404913 -0.424355 -0.401333
v -1.404913 0.129870 0.569456
v -1.404913 -0.129870 -0.569456
v -1.278121 0.565627 -0.015771
v -1.278121 0.551681 -0.125816
v -1.278121 0.461539 -0.327358
v -1.278121 0.516536 -0.231026
v -1.278121 0.388807 -0.411110
v -1.278121 0.301132 -0.479063
v -1.278121 0.201885 -0.528606
v -1.278121 0.094880 -0.557835
v -1.278121 -0.015771 -0.565627
v -1.278121 -0.125816 -0.551682
v -1.278121 -0.231027 -0.516536
v -1.278121 -0.327359 -0.461540
v -1.278121 -0.411110 -0.388807
v -1.278121 -0.479064 -0.301133
v -1.278121 -0.528607 -0.201886
v -1.278121 -0.557836 -0.094881
v -1.278121 -0.565627 0.015771
v -1.278121 -0.551682 0.125816
v -1.278121 -0.516536 0.231026
v -1.278121 -0.461540 0.327358
v -1.278121 -0.388807 0.411110
v -1.278121 -0.301133 0.479063
v -1.278121 -0.201886 0.528606
v -1.278121 -0.094881 0.557835
v -1.278121 0.015771 0.565627
v -1.278121 0.125816 0.551682
v -1.278121 0.231026 0.516536
v -1.278121 0.327358 0.461540
v -1.278121 0.411110 0.388807
v -1.278121 0.479063 0.301132
v -1.278121 0.528606 0.201886
v -1.278121 0.557835 0.094880
v -1.048843 0.713538 -0.019895
v -1.048843 0.695946 -0.158717
v -1.048843 0.582232 -0.412962
v -1.048843 0.651609 -0.291440
v -1.048843 0.490479 -0.518615
v -1.048843 0.379878 -0.604338
v -1.048843 0.254678 -0.666837
v -1.048843 0.119691 -0.703709
v -1.048843 -0.019895 -0.713538
v -1.048843 -0.158717 -0.695946
v -1.048843 -0.291440 -0.651610
v -1.048843 -0.412963 -0.582232
v -1.048843 -0.518615 -0.490480
v -1.048843 -0.604338 -0.379879
v -1.048843 -0.666837 -0.254679
v -1.048843 -0.703709 -0.119692
v -1.048843 -0.713538 0.019895
v -1.048843 -0.695946 0.158717
v -1.048843 -0.651610 0.291439
v -1.048843 -0.582232 0.412962
v -1.048843 -0.490480 0.518615
v -1.048843 -0.379878 0.604338
v -1.048843 -0.254679 0.666836
v -1.048843 -0.119692 0.703709
v -1.048843 0.019895 0.713538
v -1.048843 0.158717 0.695946
v -1.048843 0.291440 0.651610
v -1.048843 0.412962 0.582232
v -1.048843 0.518615 0.490479
v -1.048843 0.604338 0.379878
v -1.048843 0.666837 0.254678
v -1.048843 0.703709 0.119691
v 1.615042 0.192338 -0.005363
v 1.535060 0.377284 -0.010520
v 1.405178 0.518207 -0.014449
v 1.615042 0.189688 0.032263
v 1.535060 0.372087 0.063287
v 1.405178 0.511069 0.086926
v 1.615042 0.179749 0.068650
v 1.535060 0.352591 0.134662
v 1.405178 0.484290 0.184960
v 1.615042 0.162902 0.102398
v 1.535060 0.319545 0.200861
v 1.405178 0.438900 0.275887
v 1.615042 0.139795 0.132211
v 1.535060 0.274219 0.259342
v 1.405178 0.376644 0.356211
v 1.615042 0.111316 0.156944
v 1.535060 0.218355 0.307856
v 1.405178 0.299914 0.422846
v 1.615042 0.078559 0.175645
v 1.535060 0.154099 0.344540
v 1.405178 0.211658 0.473232
v 1.615042 0.042783 0.187596
v 1.535061 0.083922 0.367983
v 1.405178 0.115268 0.505431
v 1.615042 0.005362 0.192338
v 1.535061 0.010519 0.377285
v 1.405178 0.014448 0.518207
v 1.615042 -0.032264 0.189689
v 1.535061 -0.063288 0.372087
v 1.405178 -0.086926 0.511069
v 1.615042 -0.068650 0.179749
v 1.535061 -0.134662 0.352591
v 1.405178 -0.184961 0.484290
v 1.615042 -0.102399 0.162903
v 1.535061 -0.200862 0.319545
v 1.405178 -0.275887 0.438901
v 1.615042 -0.132212 0.139796
v 1.535061 -0.259343 0.274219
v 1.405179 -0.356211 0.376644
v 1.615042 -0.156944 0.111316
v 1.535061 -0.307857 0.218355
v 1.405179 -0.422847 0.299914
v 1.615042 -0.175645 0.078559
v 1.535061 -0.344540 0.154099
v 1.405179 -0.473232 0.211658
v 1.615042 -0.187597 0.042783
v 1.535061 -0.367983 0.083922
v 1.405179 -0.505431 0.115268
v 1.615042 -0.192339 0.005363
v 1.535061 -0.377285 0.010519
v 1.405179 -0.518208 0.014449
v 1.615042 -0.189689 -0.032264
v 1.535061 -0.372088 -0.063287
v 1.405179 -0.511069 -0.086926
v 1.615042 -0.179750 -0.068650
v 1.535061 -0.352592 -0.134662
v 1.405179 -0.484291 -0.184961
v 1.615042 -0.162903 -0.102399
v 1.535061 -0.319545 -0.200862
v 1.405178 -0.438901 -0.275887
v 1.642048 -0.000001 -0.000000
v 1.615042 -0.139796 -0.132212
v 1.535061 -0.274219 -0.259342
v 1.405179 -0.376645 -0.356211
v 1.615042 -0.111317 -0.156944
v 1.535061 -0.218355 -0.307857
v 1.405179 -0.299914 -0.422846
v 1.615041 -0.078560 -0.175645
v 1.535061 -0.154100 -0.344540
v 1.405179 -0.211659 -0.473232
v 1.615042 -0.042783 -0.187596
v 1.535061 -0.083922 -0.367983
v 1.405178 -0.115269 -0.505431
v 1.615041 -0.005363 -0.192338
v 1.535061 -0.010520 -0.377285
v 1.405178 -0.014449 -0.518207
v 1.615042 0.032263 -0.189689
v 1.535061 0.063287 -0.372088
v 1.405178 0.086926 -0.511069
v 1.615041 0.068650 -0.179750
v 1.535061 0.134661 -0.352591
v 1.405178 0.184960 -0.484290
v 1.615042 0.102398 -0.162903
v 1.535060 0.200861 -0.319545
v 1.405178 0.275886 -0.438901
v 1.615042 0.132211 -0.139796
v 1.535061 0.259342 -0.274219
v 1.405178 0.356210 -0.376645
v 1.615042 0.156943 -0.111317
v 1.535060 0.307856 -0.218355
v 1.405178 0.422846 -0.299914
v 1.615041 0.175645 -0.078559
v 1.535060 0.344539 -0.154099
v 1.405178 0.473231 -0.211658
v 1.615041 0.187596 -0.042783
v 1.535060 0.367982 -0.083922
v 1.405178 0.505430 -0.115268
v 1.394090 0.666717 -0.152051
v 1.394090 0.624243 -0.279200
v 1.394090 0.557779 -0.395619
v 1.394090 0.469880 -0.496835
v 1.394089 0.363924 -0.578957
v 1.394090 0.243982 -0.638831
v 1.394090 0.114664 -0.674155
v 1.394089 -0.019060 -0.683571
v 1.394090 -0.152052 -0.666718
v 1.394090 -0.279200 -0.624244
v 1.394090 -0.395619 -0.557780
v 1.394090 -0.496835 -0.469881
v 1.394090 -0.578958 -0.363925
v 1.394090 -0.638831 -0.243983
v 1.394090 -0.674155 -0.114665
v 1.394090 -0.683572 0.019059
v 1.394090 -0.666719 0.152051
v 1.394090 -0.624244 0.279200
v 1.394090 -0.557780 0.395619
v 1.394090 -0.469881 0.496835
v 1.394090 -0.363925 0.578957
v 1.394090 -0.243983 0.638831
v 1.394090 -0.114665 0.674155
v 1.394090 0.019059 0.683571
v 1.394090 0.152051 0.666718
v 1.394090 0.279200 0.624244
v 1.394090 0.395619 0.557780
v 1.394090 0.496835 0.469881
v 1.394090 0.578957 0.363924
v 1.394090 0.638831 0.243983
v 1.394090 0.683571 -0.019060
v 1.394090 0.674155 0.114665
v 1.278121 0.760880 -0.021215
v 1.278121 0.742121 -0.169248
v 1.278121 0.620862 -0.440362
v 1.278121 0.694843 -0.310777
v 1.278121 0.523022 -0.553025
v 1.278121 0.405082 -0.644435
v 1.278121 0.271576 -0.711080
v 1.278121 0.127633 -0.750399
v 1.278121 -0.021215 -0.760880
v 1.278121 -0.169248 -0.742122
v 1.278121 -0.310777 -0.694843
v 1.278121 -0.440363 -0.620863
v 1.278121 -0.553025 -0.523023
v 1.278121 -0.644436 -0.405083
v 1.278121 -0.711081 -0.271576
v 1.278121 -0.750400 -0.127633
v 1.278121 -0.760881 0.021215
v 1.278121 -0.742122 0.169248
v 1.278121 -0.694844 0.310776
v 1.278121 -0.620863 0.440362
v 1.278121 -0.523023 0.553025
v 1.278121 -0.405083 0.644435
v 1.278121 -0.271577 0.711080
v 1.278121 -0.127633 0.750399
v 1.278121 0.021215 0.760880
v 1.278121 0.169247 0.742122
v 1.278121 0.310776 0.694843
v 1.278121 0.440362 0.620863
v 1.278121 0.553025 0.523022
v 1.278121 0.644435 0.405083
v 1.278121 0.711080 0.271576
v 1.278121 0.750399 0.127633
v 1.404913 -0.494498 -0.310834
v 1.404913 -0.545637 -0.208390
v 1.404913 -0.310835 0.494497
v 1.404913 -0.208390 0.545637
v 1.404913 0.533177 -0.238470
v 1.404913 0.476409 -0.337905
v 1.404913 0.494497 0.310834
v 1.404913 0.545636 0.208390
v 1.404913 0.310834 -0.494498
v 1.404913 0.208389 -0.545637
v 1.404913 0.583850 -0.016279
v 1.404913 0.569455 -0.129870
v 1.404913 -0.575808 -0.097937
v 1.404913 -0.583850 0.016279
v 1.404913 -0.533178 0.238469
v 1.404913 -0.476410 0.337905
v 1.404913 0.238469 0.533177
v 1.404913 0.337905 0.476409
v 1.404913 -0.238470 -0.533177
v 1.404913 -0.337905 -0.476409
v 1.404913 0.424355 0.401333
v 1.404913 -0.097938 0.575807
v 1.404913 0.016279 0.583850
v 1.404913 0.401333 -0.424355
v 1.404913 0.575807 0.097937
v 1.404913 0.097937 -0.575807
v 1.404913 -0.016279 -0.583850
v 1.404913 -0.569456 0.129870
v 1.404913 -0.401334 0.424355
v 1.404913 -0.424356 -0.401333
v 1.404913 0.129869 0.569456
v 1.404913 -0.129870 -0.569456
v 1.278121 0.565627 -0.015771
v 1.278121 0.551681 -0.125816
v 1.278121 0.461539 -0.327358
v 1.278121 0.516535 -0.231026
v 1.278121 0.388806 -0.411110
v 1.278121 0.301132 -0.479063
v 1.278121 0.201885 -0.528606
v 1.278121 0.094880 -0.557835
v 1.278121 -0.015771 -0.565627
v 1.278121 -0.125817 -0.551682
v 1.278121 -0.231027 -0.516536
v 1.278121 -0.327359 -0.461540
v 1.278121 -0.411111 -0.388807
v 1.278121 -0.479064 -0.301133
v 1.278121 -0.528607 -0.201886
v 1.278121 -0.557836 -0.094881
v 1.278121 -0.565627 0.015771
v 1.278121 -0.551682 0.125816
v 1.278121 -0.516536 0.231026
v 1.278121 -0.461540 0.327358
v 1.278121 -0.388807 0.411110
v 1.278121 -0.301133 0.479063
v 1.278121 -0.201886 0.528606
v 1.278121 -0.094881 0.557835
v 1.278121 0.015771 0.565627
v 1.278121 0.125816 0.551682
v 1.278121 0.231026 0.516536
v 1.278121 0.327358 0.461540
v 1.278121 0.411110 0.388807
v 1.278121 0.479063 0.301132
v 1.278121 0.528606 0.201886
v 1.278121 0.557835 0.094880
v 1.048843 0.713538 -0.019895
v 1.048843 0.695945 -0.158717
v 1.048843 0.582231 -0.412962
v 1.048843 0.651609 -0.291440
v 1.048843 0.490479 -0.518615
v 1.048843 0.379878 -0.604338
v 1.048843 0.254678 -0.666837
v 1.048843 0.119691 -0.703709
v 1.048843 -0.019895 -0.713538
v 1.048843 -0.158717 -0.695946
v 1.048843 -0.291440 -0.651610
v 1.048843 -0.412963 -0.582232
v 1.048843 -0.518616 -0.490480
v 1.048843 -0.604339 -0.379879
v 1.048843 -0.666837 -0.254679
v 1.048843 -0.703709 -0.119692
v 1.048843 -0.713538 0.019895
v 1.048843 -0.695947 0.158717
v 1.048843 -0.651610 0.291439
v 1.048843 -0.582232 0.412962
v 1.048843 -0.490480 0.518615
v 1.048843 -0.379879 0.604338
v 1.048843 -0.254679 0.666836
v 1.048843 -0.119692 0.703709
v 1.048843 0.019895 0.713538
v 1.048843 0.158717 0.695946
v 1.048843 0.291440 0.651610
v 1.048843 0.412962 0.582232
v 1.048843 0.518615 0.490479
v 1.048843 0.604338 0.379878
v 1.048843 0.666836 0.254678
v 1.048843 0.703709 0.119691
v -2.575975 1.855431 -1.697167
v -2.598722 1.786285 -1.669185
v -2.519389 1.882467 -1.691858
v -2.565606 1.680340 -1.534709
v -2.534001 1.896992 -1.660663
v -2.624772 1.808631 -1.616670
v -2.503440 1.754120 -1.545228
v -2.415961 1.803200 -1.609386
v -2.583949 1.857223 -1.629035
v -2.543288 1.820352 -1.712744
v -2.462779 1.717250 -1.628938
v -2.430573 1.817725 -1.578191
v -2.596306 1.873867 -1.655312
v -1.259030 0.776203 -0.511837
v -1.137952 0.827541 -0.583123
v -1.218369 0.739332 -0.595547
v -1.152564 0.842066 -0.551928
v -1.341423 0.688693 -0.521146
v -1.315374 0.666348 -0.573661
v -1.941395 0.370518 -0.758313
v -1.967444 0.392864 -0.705799
v -1.392011 1.028485 -0.750026
v -1.651103 0.684626 -0.786923
v -1.377400 1.013960 -0.781221
v -1.691764 0.721497 -0.703213
v -1.677566 0.502652 -0.683668
v -1.703615 0.524997 -0.631153
v -1.294781 0.952788 -0.669586
v -1.470573 0.712845 -0.709380
v -1.280169 0.938263 -0.700781
v -1.511235 0.749715 -0.625670
v -1.883217 1.402033 -1.142144
v -2.230294 0.972941 -1.150774
v -2.539557 1.657994 -1.587224
v -2.038085 1.169977 -1.185403
v -1.868605 1.387508 -1.173339
v -2.078746 1.206848 -1.101693
v -2.256344 0.995286 -1.098259
v -2.125320 2.217511 1.478984
v -2.163661 2.154094 1.454698
v -2.064042 2.230356 1.472562
v -2.156883 2.036131 1.326465
v -2.075089 2.246136 1.440523
v -2.184158 2.178950 1.400867
v -2.079237 2.093949 1.333315
v -1.982349 2.124857 1.395242
v -2.133101 2.217355 1.410806
v -2.101557 2.176719 1.496677
v -2.047693 2.053313 1.419185
v -1.993395 2.140637 1.363203
v -2.141093 2.237829 1.436049
v -1.102203 0.798862 0.363300
v -0.972062 0.824564 0.432437
v -1.070659 0.758225 0.449171
v -0.983109 0.840344 0.400397
v -1.202579 0.733489 0.376871
v -1.182082 0.708634 0.430702
v -1.858429 0.576632 0.627284
v -1.878927 0.601488 0.573453
v -1.171519 1.087802 0.586399
v -1.503037 0.815954 0.640462
v -1.160473 1.072022 0.618438
v -1.534581 0.856590 0.554591
v -1.571641 0.639682 0.547196
v -1.592138 0.664538 0.493365
v -1.095014 0.987319 0.510871
v -1.321390 0.797237 0.562654
v -1.083966 0.971539 0.542911
v -1.352934 0.837873 0.476784
v -1.560177 1.586037 0.954209
v -1.997226 1.250259 0.984165
v -2.136386 2.011275 1.380296
v -1.764348 1.398954 1.009154
v -1.549130 1.570257 0.986249
v -1.795892 1.439590 0.923284
v -2.017724 1.275115 0.930334
v -1.513262 1.117515 -0.890056
v -2.052730 0.553638 -0.814719
v -2.544114 1.884102 -1.701651
v -2.623997 1.837602 -1.634511
v -2.547855 1.888721 -1.649565
v -2.450602 1.803877 -1.565862
v -2.617761 1.823520 -1.613321
v -2.519425 1.861347 -1.709486
v -2.575034 1.786370 -1.699892
v -2.497565 1.868782 -1.631579
v -2.577590 1.741551 -1.640515
v -1.527874 1.132041 -0.858861
v -2.026680 0.531292 -0.867234
v -2.560156 1.899604 -1.667791
v -2.599377 1.816234 -1.684361
v -2.482953 1.854257 -1.662774
v -2.603640 1.763896 -1.588000
v -2.425107 1.812041 -1.590078
v -2.528980 1.891690 -1.671653
v -2.615065 1.800304 -1.636240
v -1.801570 0.853003 -0.813638
v -2.595375 1.871806 -1.644174
v -2.514823 1.784155 -1.683223
v -1.760909 0.816133 -0.897348
v -2.559797 1.839544 -1.717421
v -2.555484 1.821025 -1.599513
v -2.589065 1.867158 -1.670345
v -1.066843 0.772180 -0.524293
v -1.216938 0.699919 -0.464173
v -1.081455 0.786705 -0.493098
v -1.190889 0.677574 -0.516688
v -1.161233 0.754135 -0.453936
v -1.120572 0.717264 -0.537646
v -1.472730 0.957195 -0.726235
v -1.327081 0.715937 -0.506207
v -1.444300 0.929821 -0.786156
v -1.143130 0.832978 -0.571815
v -1.862053 0.443239 -0.779112
v -1.328655 0.677741 -0.546886
v -1.354675 0.907476 -0.646519
v -1.904780 0.480388 -0.692541
v -1.326245 0.880102 -0.706440
v -1.382578 1.019397 -0.769913
v -1.619049 0.549393 -0.703742
v -1.954676 0.381911 -0.731539
v -1.862376 0.393383 -0.728847
v -1.888426 0.415729 -0.676332
v -1.354643 0.999393 -0.719111
v -1.592910 0.681513 -0.756732
v -1.340031 0.984867 -0.750306
v -1.633571 0.718384 -0.673022
v -1.661776 0.586543 -0.617171
v -1.285347 0.943700 -0.689473
v -1.690847 0.514044 -0.656893
v -1.184961 0.831057 -0.529817
v -1.156531 0.803683 -0.589738
v -1.284354 0.678787 -0.592779
v -1.468164 0.619811 -0.629649
v -1.494214 0.642156 -0.577134
v -1.223672 0.897427 -0.610757
v -1.330318 0.743744 -0.652956
v -1.209060 0.882902 -0.641952
v -1.370980 0.780614 -0.569246
v -2.216952 1.052472 -1.089022
v -1.907627 1.329755 -1.183539
v -2.174225 1.015323 -1.175593
v -2.244824 0.985404 -1.121482
v -1.936057 1.357130 -1.123618
v -1.875607 1.394509 -1.158356
v -2.553603 1.701820 -1.530206
v -2.422172 1.776502 -1.625782
v -2.510876 1.664671 -1.616777
v -2.555555 1.671718 -1.554971
v -2.438999 1.435247 -1.445311
v -2.252598 1.682562 -1.436409
v -2.324688 1.539302 -1.484721
v -2.237987 1.668036 -1.467604
v -2.365350 1.576173 -1.401011
v -2.465049 1.457593 -1.392796
v -1.267914 1.210078 0.720537
v -1.923903 0.783393 0.672818
v -2.087651 2.238214 1.482091
v -2.176571 2.207886 1.417093
v -2.090556 2.240705 1.429806
v -2.016170 2.131155 1.351524
v -2.173908 2.191600 1.396749
v -2.068861 2.210820 1.491324
v -2.140400 2.150371 1.485506
v -2.046376 2.208691 1.413269
v -2.153663 2.104172 1.428667
v -1.278960 1.225859 0.688497
v -1.903405 0.758537 0.726649
v -2.099880 2.255129 1.447327
v -2.157255 2.184165 1.468200
v -2.035330 2.192911 1.445309
v -2.174160 2.129028 1.374836
v -1.989320 2.134503 1.375419
v -2.071364 2.240426 1.451819
v -2.176520 2.169687 1.420927
v -1.610186 1.015838 0.656910
v -2.140737 2.235000 1.425047
v -2.082453 2.133342 1.469373
v -1.578642 0.975201 0.742781
v -2.113135 2.199443 1.500184
v -2.113997 2.173978 1.383503
v -2.135507 2.230460 1.451473
v -0.916110 0.751076 0.377200
v -1.079255 0.712396 0.320174
v -0.927157 0.766857 0.345161
v -1.058758 0.687540 0.374005
v -1.012565 0.751571 0.307333
v -0.981020 0.710935 0.393203
v -1.266721 1.035975 0.566040
v -1.182407 0.755802 0.360551
v -1.245026 1.006090 0.627557
v -0.975911 0.830424 0.420814
v -1.764255 0.630004 0.644566
v -1.192533 0.721306 0.403256
v -1.163930 0.955933 0.489942
v -1.797763 0.671233 0.555810
v -1.142235 0.926049 0.551459
v -1.164322 1.077882 0.606816
v -1.503752 0.672612 0.565049
v -1.868880 0.589305 0.599838
v -1.776456 0.578897 0.597116
v -1.796952 0.603753 0.543285
v -1.142116 1.049184 0.557371
v -1.447348 0.797777 0.610864
v -1.131069 1.033404 0.589411
v -1.478893 0.838413 0.524994
v -1.537259 0.713841 0.476292
v -1.087816 0.977399 0.531288
v -1.582092 0.652355 0.519750
v -1.017318 0.835949 0.378716
v -0.995624 0.806065 0.440233
v -1.148900 0.714573 0.449307
v -1.341134 0.701943 0.488175
v -1.361631 0.726798 0.434344
v -1.039061 0.913832 0.455634
v -1.178160 0.791623 0.505525
v -1.028014 0.898052 0.487674
v -1.209705 0.832260 0.419654
v -1.966206 1.321012 0.918223
v -1.600413 1.523777 0.999355
v -1.932698 1.279782 1.006980
v -2.008659 1.264122 0.954140
v -1.622107 1.553662 0.937837
v -1.554413 1.577856 0.970859
v -2.140256 2.053962 1.320866
v -1.994475 2.101270 1.413041
v -2.106748 2.012733 1.409622
v -2.148974 2.026541 1.347235
v -2.091138 1.763828 1.251493
v -1.852533 1.960307 1.230217
v -1.955563 1.840546 1.285863
v -1.841486 1.944527 1.262257
v -1.987107 1.881182 1.199992
v -2.111635 1.788684 1.197662
v -1.995884 0.633578 -0.802467
v -1.601623 1.067347 -0.836386
v -1.573193 1.039973 -0.896307
v -1.953156 0.596428 -0.889038
v -2.566588 1.890272 -1.655679
v -2.539410 1.864635 -1.712496
v -2.615945 1.843554 -1.629667
v -2.579871 1.811836 -1.703066
v -2.513585 1.858662 -1.620023
v -2.594943 1.781046 -1.584141
v -2.485155 1.831288 -1.679944
v -2.552216 1.743896 -1.670712
v -1.518896 1.123343 -0.877830
v -2.040274 0.542953 -0.839830
v -2.554642 1.894003 -1.679668
v -2.614967 1.829732 -1.652822
v -2.492372 1.863332 -1.642917
v -2.593785 1.755443 -1.607867
v -1.209268 0.718839 -0.449003
v -1.107180 0.784020 -0.471220
v -1.078750 0.756645 -0.531140
v -1.166541 0.681690 -0.535574
v -1.072021 0.777618 -0.512985
v -1.204170 0.688967 -0.489913
v -1.430156 0.934597 -0.695500
v -1.830968 0.496759 -0.662893
v -1.401726 0.907223 -0.755421
v -1.345209 0.990305 -0.738998
v -1.788241 0.459609 -0.749464
v -1.875658 0.404776 -0.702072
v -1.469661 0.682137 -0.562551
v -1.214239 0.888339 -0.630644
v -1.481446 0.631204 -0.602874
v -1.266280 0.873681 -0.588291
v -1.237850 0.846306 -0.648212
v -1.426934 0.644988 -0.649122
v -2.283296 1.658615 -1.422065
v -2.246435 1.676279 -1.449703
v -2.444140 1.490683 -1.386754
v -2.254866 1.631241 -1.481985
v -2.401413 1.453533 -1.473325
v -2.454520 1.448561 -1.414021
v -1.850150 0.847175 0.656559
v -1.365844 1.178894 0.669135
v -1.344150 1.149010 0.730652
v -1.816643 0.805946 0.745315
v -2.108378 2.246891 1.435705
v -2.087519 2.218814 1.494019
v -2.167390 2.211535 1.411982
v -2.139180 2.176399 1.487245
v -2.064381 2.201942 1.402184
v -2.161749 2.143454 1.370096
v -2.042686 2.172057 1.463701
v -2.128242 2.102226 1.458853
v -1.272122 1.216373 0.707972
v -1.914102 0.771507 0.698559
v -2.095738 2.249063 1.459529
v -2.169495 2.199156 1.435867
v -2.042516 2.202817 1.424923
v -2.166406 2.119625 1.395200
v -1.067505 0.728159 0.304036
v -0.952945 0.769011 0.323296
v -0.931250 0.739127 0.384814
v -1.033998 0.686930 0.392792
v -0.919959 0.756936 0.365577
v -1.069209 0.700213 0.346559
v -1.230746 1.002467 0.536870
v -1.722360 0.668387 0.525785
v -1.209051 0.972582 0.598387
v -1.134918 1.039263 0.577788
v -1.688853 0.627158 0.614541
v -1.786906 0.591570 0.569670
v -1.328572 0.759133 0.417744
v -1.031864 0.903911 0.476051
v -1.351585 0.714615 0.460729
v -1.086158 0.899414 0.434232
v -1.064463 0.869530 0.495750
v -1.295065 0.717904 0.506500
v -1.888039 1.943380 1.217012
v -1.847909 1.953507 1.243875
v -2.083663 1.815641 1.189945
v -1.866344 1.913496 1.278530
v -2.050155 1.774412 1.278702
v -2.103350 1.778638 1.219419
v 2.575976 1.855431 -1.697167
v 2.598723 1.786285 -1.669185
v 2.519389 1.882467 -1.691858
v 2.565607 1.680339 -1.534709
v 2.534001 1.896992 -1.660663
v 2.624773 1.808631 -1.616670
v 2.503441 1.754120 -1.545228
v 2.415961 1.803199 -1.609386
v 2.583949 1.857223 -1.629035
v 2.543288 1.820352 -1.712744
v 2.462779 1.717249 -1.628938
v 2.430573 1.817725 -1.578191
v 2.596307 1.873866 -1.655312
v 1.259030 0.776202 -0.511837
v 1.137952 0.827541 -0.583123
v 1.218369 0.739332 -0.595547
v 1.152564 0.842066 -0.551928
v 1.341424 0.688693 -0.521146
v 1.315374 0.666348 -0.573661
v 1.941395 0.370518 -0.758313
v 1.967444 0.392863 -0.705799
v 1.392012 1.028485 -0.750026
v 1.651103 0.684626 -0.786923
v 1.377400 1.013960 -0.781221
v 1.691764 0.721497 -0.703213
v 1.677566 0.502651 -0.683668
v 1.703615 0.524997 -0.631153
v 1.294781 0.952788 -0.669586
v 1.470574 0.712844 -0.709380
v 1.280169 0.938262 -0.700781
v 1.511235 0.749715 -0.625670
v 1.883218 1.402033 -1.142144
v 2.230294 0.972940 -1.150774
v 2.539557 1.657994 -1.587224
v 2.038085 1.169977 -1.185403
v 1.868606 1.387508 -1.173339
v 2.078746 1.206848 -1.101693
v 2.256344 0.995286 -1.098259
v 2.125321 2.217511 1.478984
v 2.163661 2.154093 1.454698
v 2.064043 2.230355 1.472562
v 2.156884 2.036130 1.326465
v 2.075090 2.246135 1.440523
v 2.184158 2.178949 1.400867
v 2.079237 2.093949 1.333315
v 1.982349 2.124856 1.395242
v 2.133102 2.217355 1.410806
v 2.101557 2.176719 1.496677
v 2.047693 2.053313 1.419185
v 1.993396 2.140636 1.363203
v 2.141093 2.237829 1.436049
v 1.102203 0.798861 0.363300
v 0.972062 0.824564 0.432437
v 1.070659 0.758225 0.449171
v 0.983109 0.840344 0.400397
v 1.202580 0.733489 0.376871
v 1.182083 0.708634 0.430702
v 1.858429 0.576632 0.627284
v 1.878927 0.601488 0.573453
v 1.171520 1.087802 0.586399
v 1.503037 0.815953 0.640462
v 1.160473 1.072022 0.618438
v 1.534582 0.856589 0.554591
v 1.571641 0.639682 0.547196
v 1.592138 0.664537 0.493365
v 1.095014 0.987319 0.510871
v 1.321390 0.797237 0.562654
v 1.083967 0.971539 0.542911
v 1.352934 0.837873 0.476784
v 1.560177 1.586037 0.954209
v 1.997227 1.250258 0.984165
v 2.136387 2.011274 1.380296
v 1.764348 1.398954 1.009154
v 1.549130 1.570257 0.986249
v 1.795892 1.439590 0.923284
v 2.017724 1.275114 0.930334
v 1.513262 1.117515 -0.890056
v 2.052730 0.553637 -0.814719
v 2.544115 1.884101 -1.701651
v 2.623997 1.837601 -1.634511
v 2.547855 1.888720 -1.649565
v 2.450603 1.803876 -1.565862
v 2.617762 1.823519 -1.613321
v 2.519425 1.861346 -1.709486
v 2.575034 1.786369 -1.699892
v 2.497565 1.868782 -1.631579
v 2.577591 1.741551 -1.640515
v 1.527874 1.132040 -0.858861
v 2.026680 0.531292 -0.867234
v 2.560156 1.899604 -1.667791
v 2.599377 1.816233 -1.684361
v 2.482953 1.854256 -1.662774
v 2.603640 1.763896 -1.588000
v 2.425107 1.812041 -1.590078
v 2.528981 1.891690 -1.671653
v 2.615065 1.800304 -1.636240
v 1.801571 0.853003 -0.813638
v 2.595376 1.871806 -1.644174
v 2.514824 1.784154 -1.683223
v 1.760909 0.816132 -0.897348
v 2.559797 1.839544 -1.717421
v 2.555485 1.821025 -1.599513
v 2.589066 1.867157 -1.670345
v 1.066843 0.772180 -0.524293
v 1.216938 0.699919 -0.464173
v 1.081455 0.786705 -0.493098
v 1.190889 0.677573 -0.516688
v 1.161233 0.754135 -0.453936
v 1.120572 0.717264 -0.537646
v 1.472731 0.957195 -0.726235
v 1.327081 0.715937 -0.506207
v 1.444300 0.929820 -0.786156
v 1.143130 0.832978 -0.571815
v 1.862053 0.443238 -0.779112
v 1.328655 0.677740 -0.546886
v 1.354676 0.907476 -0.646519
v 1.904780 0.480388 -0.692541
v 1.326245 0.880102 -0.706440
v 1.382578 1.019397 -0.769913
v 1.619049 0.549393 -0.703742
v 1.954676 0.381911 -0.731539
v 1.862376 0.393383 -0.728847
v 1.888426 0.415728 -0.676332
v 1.354643 0.999392 -0.719111
v 1.592910 0.681512 -0.756732
v 1.340031 0.984867 -0.750306
v 1.633571 0.718383 -0.673022
v 1.661776 0.586543 -0.617171
v 1.285348 0.943700 -0.689473
v 1.690847 0.514044 -0.656893
v 1.184961 0.831057 -0.529817
v 1.156531 0.803683 -0.589738
v 1.284354 0.678787 -0.592779
v 1.468164 0.619811 -0.629649
v 1.494214 0.642156 -0.577134
v 1.223673 0.897427 -0.610757
v 1.330318 0.743744 -0.652956
v 1.209061 0.882902 -0.641952
v 1.370980 0.780614 -0.569246
v 2.216952 1.052472 -1.089022
v 1.907628 1.329755 -1.183539
v 2.174225 1.015322 -1.175593
v 2.244824 0.985404 -1.121482
v 1.936058 1.357129 -1.123618
v 1.875607 1.394508 -1.158356
v 2.553604 1.701820 -1.530206
v 2.422172 1.776502 -1.625782
v 2.510876 1.664670 -1.616777
v 2.555556 1.671718 -1.554971
v 2.439000 1.435247 -1.445311
v 2.252599 1.682561 -1.436409
v 2.324689 1.539302 -1.484721
v 2.237987 1.668036 -1.467604
v 2.365350 1.576173 -1.401011
v 2.465049 1.457592 -1.392796
v 1.267914 1.210078 0.720537
v 1.923903 0.783392 0.672818
v 2.087652 2.238214 1.482091
v 2.176572 2.207886 1.417093
v 2.090556 2.240705 1.429806
v 2.016170 2.131154 1.351524
v 2.173908 2.191599 1.396749
v 2.068861 2.210820 1.491324
v 2.140401 2.150370 1.485506
v 2.046377 2.208691 1.413269
v 2.153663 2.104172 1.428667
v 1.278961 1.225859 0.688497
v 1.903406 0.758536 0.726649
v 2.099880 2.255128 1.447327
v 2.157256 2.184165 1.468200
v 2.035330 2.192910 1.445309
v 2.174161 2.129028 1.374836
v 1.989321 2.134502 1.375419
v 2.071365 2.240426 1.451819
v 2.176520 2.169687 1.420927
v 1.610186 1.015837 0.656910
v 2.140737 2.235000 1.425047
v 2.082454 2.133341 1.469373
v 1.578642 0.975201 0.742781
v 2.113136 2.199443 1.500184
v 2.113998 2.173977 1.383503
v 2.135508 2.230460 1.451473
v 0.916110 0.751076 0.377200
v 1.079255 0.712396 0.320174
v 0.927157 0.766857 0.345161
v 1.058759 0.687540 0.374005
v 1.012565 0.751571 0.307333
v 0.981021 0.710935 0.393203
v 1.266721 1.035974 0.566040
v 1.182408 0.755801 0.360551
v 1.245026 1.006090 0.627557
v 0.975911 0.830424 0.420814
v 1.764255 0.630003 0.644566
v 1.192533 0.721306 0.403256
v 1.163930 0.955933 0.489942
v 1.797763 0.671232 0.555810
v 1.142235 0.926049 0.551459
v 1.164322 1.077882 0.606816
v 1.503752 0.672612 0.565049
v 1.868880 0.589305 0.599838
v 1.776456 0.578897 0.597116
v 1.796952 0.603752 0.543285
v 1.142116 1.049184 0.557371
v 1.447349 0.797776 0.610864
v 1.131069 1.033403 0.589411
v 1.478893 0.838413 0.524994
v 1.537260 0.713840 0.476292
v 1.087816 0.977399 0.531288
v 1.582092 0.652354 0.519750
v 1.017319 0.835949 0.378716
v 0.995624 0.806064 0.440233
v 1.148901 0.714573 0.449307
v 1.341134 0.701942 0.488175
v 1.361631 0.726798 0.434344
v 1.039061 0.913832 0.455634
v 1.178161 0.791623 0.505525
v 1.028014 0.898051 0.487674
v 1.209705 0.832259 0.419654
v 1.966206 1.321011 0.918223
v 1.600413 1.523777 0.999355
v 1.932698 1.279782 1.006980
v 2.008659 1.264122 0.954140
v 1.622107 1.553662 0.937837
v 1.554414 1.577856 0.970859
v 2.140256 2.053961 1.320866
v 1.994475 2.101269 1.413041
v 2.106749 2.012732 1.409622
v 2.148975 2.026540 1.347235
v 2.091138 1.763828 1.251493
v 1.852534 1.960307 1.230217
v 1.955563 1.840546 1.285863
v 1.841486 1.944527 1.262257
v 1.987107 1.881182 1.199992
v 2.111635 1.788684 1.197662
v 1.995884 0.633577 -0.802467
v 1.601623 1.067347 -0.836386
v 1.573193 1.039973 -0.896307
v 1.953156 0.596427 -0.889038
v 2.566588 1.890271 -1.655679
v 2.539411 1.864635 -1.712496
v 2.615946 1.843554 -1.629667
v 2.579872 1.811835 -1.703066
v 2.513585 1.858661 -1.620023
v 2.594943 1.781045 -1.584141
v 2.485155 1.831287 -1.679944
v 2.552216 1.743896 -1.670712
v 1.518896 1.123343 -0.877830
v 2.040274 0.542952 -0.839830
v 2.554642 1.894003 -1.679668
v 2.614968 1.829731 -1.652822
v 2.492372 1.863332 -1.642917
v 2.593786 1.755443 -1.607867
v 1.209268 0.718839 -0.449003
v 1.107180 0.784019 -0.471220
v 1.078750 0.756645 -0.531140
v 1.166541 0.681690 -0.535574
v 1.072021 0.777617 -0.512985
v 1.204170 0.688966 -0.489913
v 1.430156 0.934597 -0.695500
v 1.830968 0.496758 -0.662893
v 1.401726 0.907222 -0.755421
v 1.345210 0.990304 -0.738998
v 1.788241 0.459609 -0.749464
v 1.875658 0.404776 -0.702072
v 1.469661 0.682137 -0.562551
v 1.214239 0.888339 -0.630644
v 1.481446 0.631203 -0.602874
v 1.266280 0.873680 -0.588291
v 1.237850 0.846306 -0.648212
v 1.426934 0.644987 -0.649122
v 2.283297 1.658615 -1.422065
v 2.246436 1.676279 -1.449703
v 2.444140 1.490682 -1.386754
v 2.254867 1.631241 -1.481985
v 2.401413 1.453533 -1.473325
v 2.454521 1.448561 -1.414021
v 1.850150 0.847175 0.656559
v 1.365845 1.178894 0.669135
v 1.344150 1.149009 0.730652
v 1.816643 0.805946 0.745315
v 2.108379 2.246890 1.435705
v 2.087520 2.218814 1.494019
v 2.167391 2.211534 1.411982
v 2.139181 2.176399 1.487245
v 2.064382 2.201941 1.402184
v 2.161750 2.143454 1.370096
v 2.042687 2.172057 1.463701
v 2.128242 2.102225 1.458853
v 1.272122 1.216373 0.707972
v 1.914102 0.771507 0.698559
v 2.095738 2.249063 1.459529
v 2.169495 2.199155 1.435867
v 2.042516 2.202817 1.424923
v 2.166407 2.119625 1.395200
v 1.067505 0.728159 0.304036
v 0.952945 0.769011 0.323296
v 0.931250 0.739126 0.384814
v 1.033998 0.686930 0.392792
v 0.919959 0.756936 0.365577
v 1.069209 0.700213 0.346559
v 1.230746 1.002466 0.536870
v 1.722360 0.668387 0.525785
v 1.209052 0.972582 0.598387
v 1.134918 1.039263 0.577788
v 1.688853 0.627158 0.614541
v 1.786906 0.591569 0.569670
v 1.328572 0.759133 0.417744
v 1.031864 0.903911 0.476051
v 1.351585 0.714615 0.460729
v 1.086158 0.899414 0.434232
v 1.064463 0.869530 0.495750
v 1.295065 0.717904 0.506500
v 1.888039 1.943380 1.217012
v 1.847909 1.953507 1.243875
v 2.083663 1.815640 1.189945
v 1.866345 1.913496 1.278530
v 2.050156 1.774412 1.278702
v 2.103351 1.778638 1.219419
vn -0.5528 0.8330 -0.0232
vn -0.7041 0.7001 0.1191
vn -0.5528 0.8215 0.1397
vn -0.3805 0.9117 0.1551
vn -0.3805 0.9244 -0.0258
vn -0.1939 0.9671 0.1645
vn -0.1939 0.9806 -0.0273
vn -0.0000 0.9858 0.1677
vn -0.0000 0.9996 -0.0279
vn -0.9796 -0.2009 0.0056
vn -1.0000 -0.0000 -0.0000
vn -0.9796 -0.1981 -0.0337
vn -0.9217 -0.3877 0.0108
vn -0.9217 -0.3824 -0.0650
vn -0.8819 -0.4712 0.0131
vn -0.8819 -0.4647 -0.0790
vn -0.7730 0.6341 -0.0177
vn -0.7730 0.6254 0.1064
vn -0.9217 -0.3624 -0.1384
vn -0.8819 -0.4404 -0.1682
vn -0.7730 0.5926 0.2263
vn -0.7041 0.6634 0.2534
vn -0.5528 0.7785 0.2973
vn -0.3805 0.8639 0.3299
vn -0.1939 0.9165 0.3500
vn -0.0000 0.9342 0.3568
vn -0.9796 -0.1877 -0.0717
vn -0.3805 0.7829 0.4921
vn -0.1939 0.8306 0.5221
vn -0.0000 0.8466 0.5322
vn -0.9796 -0.1701 -0.1069
vn -0.9217 -0.3284 -0.2064
vn -0.8819 -0.3991 -0.2509
vn -0.7730 0.5371 0.3376
vn -0.7041 0.6012 0.3779
vn -0.5528 0.7055 0.4435
vn -0.7730 0.4609 0.4359
vn -0.5528 0.6055 0.5726
vn -0.3805 0.6719 0.6354
vn -0.1939 0.7127 0.6741
vn -0.0000 0.7265 0.6871
vn -0.9796 -0.1460 -0.1381
vn -0.9217 -0.2818 -0.2665
vn -0.8819 -0.3425 -0.3239
vn -0.1939 0.5675 0.8002
vn -0.0000 0.5785 0.8157
vn -0.9796 -0.1163 -0.1639
vn -0.9217 -0.2244 -0.3164
vn -0.8819 -0.2727 -0.3845
vn -0.7730 0.3670 0.5175
vn -0.7041 0.4108 0.5792
vn -0.5528 0.4821 0.6797
vn -0.3805 0.5350 0.7543
vn -0.5528 0.3402 0.7607
vn -0.3805 0.3776 0.8442
vn -0.1939 0.4005 0.8955
vn -0.0000 0.4083 0.9129
vn -0.9796 -0.0821 -0.1835
vn -0.9217 -0.1584 -0.3541
vn -0.8819 -0.1925 -0.4303
vn -0.7730 0.2590 0.5791
vn -0.9796 -0.0447 -0.1959
vn -0.9217 -0.0862 -0.3782
vn -0.8819 -0.1048 -0.4596
vn -0.7730 0.1411 0.6185
vn -0.7041 0.2899 0.6483
vn -0.5528 0.1853 0.8125
vn -0.3805 0.2056 0.9016
vn -0.1939 0.2181 0.9565
vn -0.0000 0.2224 0.9750
vn -0.7041 0.1579 0.6924
vn -0.5528 0.0232 0.8330
vn -0.3805 0.0258 0.9244
vn -0.1939 0.0273 0.9806
vn -0.0000 0.0279 0.9996
vn -0.9796 -0.0056 -0.2009
vn -0.9217 -0.0108 -0.3877
vn -0.8819 -0.0131 -0.4712
vn -0.7730 0.0177 0.6341
vn -0.9796 0.0337 -0.1981
vn -0.9217 0.0650 -0.3824
vn -0.8819 0.0790 -0.4647
vn -0.7730 -0.1064 0.6254
vn -0.7041 -0.1191 0.7001
vn -0.5528 -0.1397 0.8215
vn -0.3805 -0.1551 0.9117
vn -0.1939 -0.1645 0.9671
vn -0.0000 -0.1677 0.9858
vn -0.3805 -0.3299 0.8639
vn -0.1939 -0.3500 0.9165
vn -0.0000 -0.3568 0.9342
vn -0.9796 0.0717 -0.1877
vn -0.9217 0.1384 -0.3624
vn -0.8819 0.1682 -0.4404
vn -0.7730 -0.2263 0.5926
vn -0.7041 -0.2534 0.6634
vn -0.5528 -0.2973 0.7785
vn -0.9796 0.1069 -0.1701
vn -0.9217 0.2064 -0.3284
vn -0.8819 0.2509 -0.3991
vn -0.7730 -0.3376 0.5371
vn -0.7041 -0.3779 0.6012
vn -0.5528 -0.4435 0.7055
vn -0.3805 -0.4921 0.7829
vn -0.1939 -0.5221 0.8306
vn -0.0000 -0.5322 0.8466
vn -0.3790 -0.5669 0.7314
vn -0.1930 -0.6011 0.7755
vn -0.0000 -0.6126 0.7904
vn -0.9796 0.1381 -0.1460
vn -0.9217 0.2665 -0.2818
vn -0.8819 0.3239 -0.3425
vn -0.7730 -0.4359 0.4609
vn -0.7270 -0.4518 0.5170
vn -0.5509 -0.5113 0.6596
vn -0.8819 0.3845 -0.2727
vn -0.7730 -0.5174 0.3670
vn -0.7730 -0.5175 0.3670
vn -0.9796 0.1639 -0.1163
vn -0.9217 0.3164 -0.2244
vn -0.9796 0.1835 -0.0821
vn -0.9217 0.3541 -0.1584
vn -0.8819 0.4303 -0.1925
vn -0.7730 -0.5791 0.2590
vn -0.7730 -0.6185 0.1411
vn -0.9796 0.1959 -0.0447
vn -0.9217 0.3782 -0.0862
vn -0.8819 0.4596 -0.1048
vn -0.9796 0.2009 -0.0056
vn -0.9217 0.3877 -0.0108
vn -0.8819 0.4712 -0.0131
vn -0.7730 -0.6341 0.0177
vn -0.7730 -0.6254 -0.1064
vn 0.0375 -0.6212 0.7827
vn 0.0490 -0.6292 0.7757
vn 0.0508 -0.6307 0.7744
vn 0.5818 -0.6428 -0.4982
vn 0.5878 -0.6830 -0.4335
vn 0.5882 -0.6864 -0.4277
vn 0.5882 -0.6615 0.4653
vn 0.5951 -0.7326 0.3303
vn 0.5878 -0.6578 0.4709
vn -0.0000 -0.6480 -0.7616
vn 0.0176 -0.6537 -0.7566
vn -0.0000 -0.6475 -0.7621
vn -0.9796 0.1981 0.0337
vn -0.9217 0.3824 0.0650
vn -0.8819 0.4647 0.0790
vn 0.5953 -0.7514 -0.2847
vn 0.5995 -0.7888 -0.1354
vn 0.5996 -0.7892 -0.1331
vn -0.9796 0.1877 0.0717
vn -0.9217 0.3624 0.1384
vn -0.8819 0.4404 0.1682
vn -0.7730 -0.5926 -0.2263
vn 0.0560 -0.6348 0.7706
vn 0.5996 -0.7805 0.1769
vn 0.6010 -0.7989 0.0223
vn 0.5995 -0.7801 0.1792
vn 0.0215 -0.6556 -0.7548
vn 0.0347 -0.6623 -0.7484
vn 0.0375 -0.6639 -0.7469
vn 0.0490 -0.6715 -0.7394
vn 0.0508 -0.6728 -0.7380
vn 0.0560 -0.6768 -0.7341
vn 0.5951 -0.7499 -0.2890
vn 0.5818 -0.6141 0.5333
vn -0.9796 0.1701 0.1070
vn -0.9217 0.3284 0.2064
vn -0.8819 0.3991 0.2509
vn -0.7730 -0.5371 -0.3376
vn -0.9796 0.1460 0.1381
vn -0.9217 0.2818 0.2665
vn -0.8819 0.3425 0.3239
vn -0.7730 -0.4609 -0.4359
vn -0.0000 -0.6046 0.7965
vn 0.0176 -0.6105 0.7918
vn 0.0215 -0.6125 0.7902
vn 0.5953 -0.7344 0.3261
vn 0.0347 -0.6195 0.7842
vn -0.3773 -0.5614 -0.7365
vn -0.1950 -0.6095 -0.7685
vn -0.1590 -0.5595 -0.8135
vn -0.5653 -0.5378 -0.6255
vn -0.5787 -0.5944 -0.5584
vn -0.6856 -0.4418 -0.5786
vn -0.1746 -0.6281 -0.7583
vn -0.0000 -0.7422 -0.6702
vn -0.1980 -0.6841 -0.7020
vn -0.5412 -0.5143 -0.6653
vn -0.3806 -0.5837 -0.7172
vn -0.9796 0.1163 0.1639
vn -0.9217 0.2244 0.3164
vn -0.8819 0.2727 0.3845
vn -0.7730 -0.3670 -0.5175
vn -0.9217 0.1584 0.3541
vn -0.8819 0.1925 0.4303
vn -0.7730 -0.2590 -0.5791
vn -0.7041 -0.2899 -0.6483
vn -0.5528 -0.3402 -0.7607
vn -0.3805 -0.3776 -0.8442
vn -0.3808 -0.5661 -0.7312
vn -0.2260 -0.4279 -0.8751
vn -0.0000 -0.6754 -0.7375
vn -0.0000 -0.4958 -0.8684
vn -0.9796 0.0821 0.1835
vn -0.3790 -0.2932 -0.8777
vn -0.2890 -0.3033 -0.9080
vn -0.9353 0.1906 -0.2980
vn -0.9237 0.2347 -0.3028
vn -0.9402 0.1693 -0.2955
vn -0.9796 0.0447 0.1959
vn -0.9217 0.0862 0.3782
vn -0.8819 0.1048 0.4596
vn -0.7715 -0.2016 -0.6034
vn -0.7023 -0.2255 -0.6752
vn -0.5509 -0.2644 -0.7916
vn -0.8819 0.0131 0.4712
vn -0.1904 -0.8872 -0.4202
vn -0.2517 -0.8951 -0.3680
vn -0.2631 -0.8970 -0.3553
vn -0.2721 0.7813 -0.5617
vn -0.2676 0.8495 -0.4547
vn -0.2710 0.7680 -0.5803
vn 0.3144 -0.9079 -0.2772
vn 0.3303 -0.9113 -0.2458
vn 0.3054 -0.9055 -0.2945
vn -0.3054 -0.9055 -0.2945
vn -0.3144 -0.9079 -0.2772
vn -0.9537 -0.0679 -0.2931
vn -0.9499 -0.0990 -0.2963
vn -0.9796 0.0056 0.2009
vn -0.9217 0.0108 0.3877
vn -0.2890 0.0672 -0.9550
vn -0.3805 0.1551 -0.9117
vn -0.2903 0.1605 -0.9434
vn -0.9503 0.1124 -0.2903
vn -0.9517 0.1019 -0.2896
vn -0.9796 -0.0337 0.1981
vn -0.9217 -0.0650 0.3824
vn -0.8819 -0.0790 0.4647
vn -0.7715 0.0447 -0.6347
vn -0.7730 0.1064 -0.6254
vn -0.5509 0.0586 -0.8325
vn -0.7041 0.1191 -0.7001
vn -0.5528 0.1397 -0.8215
vn -0.3790 0.0650 -0.9231
vn -0.8819 -0.1682 0.4404
vn -0.7730 0.2263 -0.5926
vn -0.7041 0.2534 -0.6634
vn -0.5528 0.2973 -0.7785
vn -0.3805 0.3299 -0.8639
vn -0.2903 0.3414 -0.8940
vn -0.9575 -0.0083 -0.2883
vn -0.9567 0.0456 -0.2873
vn -0.9575 -0.0067 -0.2882
vn -0.9796 -0.0717 0.1877
vn -0.9217 -0.1384 0.3624
vn -0.3805 0.4921 -0.7829
vn -0.2903 0.5093 -0.8102
vn -0.0000 0.9712 -0.2381
vn -0.0903 0.9650 -0.2461
vn -0.0855 0.9649 -0.2485
vn -0.9796 -0.1069 0.1701
vn -0.9217 -0.2064 0.3284
vn -0.8819 -0.2509 0.3991
vn -0.7730 0.3376 -0.5371
vn -0.7041 0.3779 -0.6012
vn -0.5528 0.4435 -0.7055
vn -0.7730 0.4359 -0.4609
vn -0.5528 0.5726 -0.6055
vn -0.3805 0.6354 -0.6719
vn -0.2002 0.7700 -0.6058
vn -0.0000 -0.9760 -0.2179
vn -0.0644 -0.9722 -0.2250
vn -0.0000 -0.9764 -0.2160
vn -0.9796 -0.1381 0.1460
vn -0.9217 -0.2665 0.2818
vn -0.8819 -0.3239 0.3425
vn -0.0000 0.8903 -0.4555
vn -0.1939 0.8002 -0.5675
vn -0.0000 0.8157 -0.5785
vn -0.9796 -0.1639 0.1163
vn -0.9217 -0.3164 0.2244
vn -0.8819 -0.3845 0.2727
vn -0.7730 0.5175 -0.3670
vn -0.7041 0.5792 -0.4108
vn -0.5528 0.6797 -0.4821
vn -0.3805 0.7543 -0.5350
vn -0.7730 0.5791 -0.2590
vn -0.7041 0.6483 -0.2899
vn -0.5528 0.7607 -0.3402
vn -0.3805 0.8442 -0.3776
vn -0.1939 0.8955 -0.4005
vn -0.0000 0.9129 -0.4083
vn -0.9796 -0.1835 0.0821
vn -0.9217 -0.3541 0.1584
vn -0.8819 -0.4303 0.1925
vn -0.0000 0.9750 -0.2224
vn -0.9796 -0.1959 0.0447
vn -0.9217 -0.3782 0.0862
vn -0.8819 -0.4596 0.1048
vn -0.7730 0.6185 -0.1411
vn -0.7041 0.6924 -0.1579
vn -0.5528 0.8125 -0.1853
vn -0.3805 0.9016 -0.2056
vn -0.1939 0.9565 -0.2181
vn -0.7041 0.7099 -0.0198
vn -0.6326 -0.5848 0.5078
vn -0.5528 -0.6797 0.4821
vn -0.5509 -0.6301 0.5472
vn -0.3805 -0.7543 0.5350
vn -0.3790 -0.6987 0.6068
vn -0.1976 -0.7401 0.6428
vn -0.1985 -0.7994 0.5670
vn -0.0000 -0.7550 0.6557
vn -0.0000 -0.8157 0.5785
vn -0.3805 -0.8442 0.3776
vn -0.1985 -0.8947 0.4002
vn -0.0000 -0.9129 0.4083
vn -0.6344 -0.7056 0.3156
vn -0.5528 -0.7607 0.3402
vn -0.6344 -0.7537 0.1719
vn -0.5528 -0.8125 0.1853
vn -0.3805 -0.9016 0.2056
vn -0.1985 -0.9556 0.2179
vn -0.0000 -0.9750 0.2223
vn -0.1985 -0.9797 0.0273
vn -0.0000 -0.9996 0.0279
vn -0.5528 -0.8330 0.0232
vn -0.3805 -0.9244 0.0258
vn -0.6344 -0.7621 -0.1296
vn -0.5528 -0.8215 -0.1397
vn -0.3805 -0.9117 -0.1551
vn -0.1985 -0.9662 -0.1643
vn -0.0000 -0.9858 -0.1677
vn -0.1985 -0.9156 -0.3497
vn -0.0000 -0.9342 -0.3568
vn -0.5528 -0.7785 -0.2973
vn -0.3805 -0.8639 -0.3299
vn -0.6344 -0.6545 -0.4114
vn -0.5528 -0.7055 -0.4435
vn -0.3805 -0.7829 -0.4921
vn -0.1985 -0.8298 -0.5216
vn -0.0000 -0.8466 -0.5322
vn -0.6326 -0.6122 -0.4745
vn -0.5509 -0.6596 -0.5113
vn -0.3790 -0.7314 -0.5669
vn -0.1976 -0.7748 -0.6005
vn -0.0000 -0.7904 -0.6126
vn -0.5371 -0.5979 -0.5951
vn -0.3801 -0.6355 -0.6721
vn -0.0000 -0.5846 -0.8113
vn -0.0000 -0.4991 -0.8665
vn -0.5779 -0.4879 -0.6542
vn -0.7057 -0.4724 -0.5281
vn -0.5647 -0.4470 -0.6938
vn -0.1139 -0.3148 -0.9423
vn -0.0000 -0.2224 -0.9750
vn -0.0000 -0.3168 -0.9485
vn -0.1145 -0.2209 -0.9686
vn -0.0000 -0.0279 -0.9996
vn -0.1145 -0.0277 -0.9930
vn -0.0000 0.1677 -0.9858
vn -0.1145 0.1666 -0.9794
vn -0.0000 0.3568 -0.9342
vn -0.1145 0.5287 -0.8411
vn -0.0000 0.5322 -0.8466
vn -0.0000 0.6126 -0.7904
vn -0.9544 -0.0605 -0.2923
vn -0.9565 0.0494 -0.2874
vn 0.5528 0.8330 -0.0232
vn 0.7041 0.7001 0.1191
vn 0.7041 0.7099 -0.0198
vn 0.3805 0.9117 0.1551
vn 0.3805 0.9244 -0.0258
vn 0.1939 0.9671 0.1645
vn 0.1939 0.9806 -0.0273
vn 0.9796 -0.2009 0.0056
vn 0.9796 -0.1981 -0.0337
vn 1.0000 -0.0000 -0.0000
vn 0.9217 -0.3877 0.0108
vn 0.8819 -0.4712 0.0131
vn 0.9217 -0.3824 -0.0650
vn 0.7730 0.6254 0.1064
vn 0.7730 0.6341 -0.0177
vn 0.8819 -0.4647 -0.0790
vn 0.9217 -0.3624 -0.1384
vn 0.7730 0.5926 0.2263
vn 0.5528 0.8215 0.1397
vn 0.7041 0.6634 0.2534
vn 0.3805 0.8639 0.3299
vn 0.9796 -0.1877 -0.0717
vn 0.1939 0.9165 0.3500
vn 0.3805 0.7829 0.4921
vn 0.1939 0.8306 0.5221
vn 0.9796 -0.1701 -0.1070
vn 0.9217 -0.3284 -0.2064
vn 0.8819 -0.3991 -0.2509
vn 0.8819 -0.4404 -0.1682
vn 0.7730 0.5371 0.3376
vn 0.5528 0.7785 0.2973
vn 0.7041 0.6012 0.3779
vn 0.7730 0.4609 0.4359
vn 0.5528 0.6055 0.5726
vn 0.5528 0.7055 0.4435
vn 0.1939 0.7127 0.6741
vn 0.9796 -0.1460 -0.1381
vn 0.9217 -0.2818 -0.2665
vn 0.1939 0.5675 0.8002
vn 0.9796 -0.1163 -0.1639
vn 0.8819 -0.2727 -0.3845
vn 0.8819 -0.3425 -0.3239
vn 0.7730 0.3670 0.5175
vn 0.7041 0.4108 0.5792
vn 0.7041 0.5159 0.4880
vn 0.3805 0.5350 0.7543
vn 0.3805 0.6719 0.6354
vn 0.5528 0.3402 0.7607
vn 0.5528 0.4821 0.6797
vn 0.3805 0.3776 0.8442
vn 0.1939 0.4005 0.8955
vn 0.9796 -0.0821 -0.1835
vn 0.9217 -0.1584 -0.3541
vn 0.9217 -0.2244 -0.3164
vn 0.8819 -0.1925 -0.4303
vn 0.7730 0.2590 0.5791
vn 0.9796 -0.0447 -0.1959
vn 0.9217 -0.0862 -0.3782
vn 0.8819 -0.1048 -0.4596
vn 0.7730 0.1411 0.6185
vn 0.5528 0.1853 0.8125
vn 0.7041 0.2899 0.6483
vn 0.3805 0.2056 0.9016
vn 0.1939 0.2181 0.9565
vn 0.5528 0.0232 0.8330
vn 0.7041 0.1579 0.6924
vn 0.3805 0.0258 0.9244
vn 0.9796 -0.0056 -0.2009
vn 0.9217 -0.0108 -0.3877
vn 0.8819 -0.0131 -0.4712
vn 0.7730 0.0177 0.6341
vn 0.9796 0.0337 -0.1981
vn 0.9217 0.0650 -0.3824
vn 0.7730 -0.1064 0.6254
vn 0.7041 -0.1191 0.7001
vn 0.7041 0.0198 0.7099
vn 0.3805 -0.1551 0.9117
vn 0.1939 0.0273 0.9806
vn 0.3805 -0.3299 0.8639
vn 0.5528 -0.1397 0.8215
vn 0.1939 -0.1645 0.9671
vn 0.9796 0.0717 -0.1877
vn 0.9217 0.1384 -0.3624
vn 0.8819 0.1682 -0.4404
vn 0.8819 0.0790 -0.4647
vn 0.7730 -0.2263 0.5926
vn 0.7041 -0.2534 0.6634
vn 0.9796 0.1069 -0.1701
vn 0.9217 0.2064 -0.3284
vn 0.7730 -0.3376 0.5371
vn 0.5528 -0.2973 0.7785
vn 0.7041 -0.3779 0.6012
vn 0.3805 -0.4921 0.7829
vn 0.1939 -0.3500 0.9165
vn 0.3790 -0.5669 0.7314
vn 0.5528 -0.4435 0.7055
vn 0.1939 -0.5221 0.8306
vn 0.1930 -0.6011 0.7755
vn 0.9796 0.1381 -0.1460
vn 0.9217 0.2665 -0.2818
vn 0.8819 0.3239 -0.3425
vn 0.8819 0.2509 -0.3991
vn 0.7730 -0.4359 0.4609
vn 0.7270 -0.4518 0.5170
vn 0.8819 0.3845 -0.2727
vn 0.7730 -0.5175 0.3670
vn 0.9796 0.1639 -0.1163
vn 0.9217 0.3164 -0.2244
vn 0.9796 0.1835 -0.0821
vn 0.9217 0.3541 -0.1584
vn 0.8819 0.4303 -0.1925
vn 0.7730 -0.5791 0.2590
vn 0.7730 -0.6185 0.1411
vn 0.9796 0.1959 -0.0447
vn 0.9217 0.3782 -0.0862
vn 0.8819 0.4596 -0.1048
vn 0.9796 0.2009 -0.0056
vn 0.9217 0.3877 -0.0108
vn 0.7730 -0.6341 0.0177
vn 0.7730 -0.6254 -0.1064
vn -0.0490 -0.6292 0.7757
vn -0.0375 -0.6212 0.7827
vn -0.0508 -0.6307 0.7744
vn -0.5878 -0.6830 -0.4335
vn -0.5818 -0.6428 -0.4982
vn -0.5882 -0.6864 -0.4277
vn -0.5882 -0.6615 0.4653
vn -0.5951 -0.7326 0.3303
vn -0.5953 -0.7344 0.3261
vn -0.0176 -0.6537 -0.7566
vn -0.0215 -0.6556 -0.7548
vn 0.9796 0.1981 0.0337
vn 0.9217 0.3824 0.0650
vn 0.8819 0.4647 0.0790
vn 0.8819 0.4712 -0.0131
vn -0.5995 -0.7888 -0.1354
vn -0.5953 -0.7514 -0.2847
vn -0.5996 -0.7892 -0.1331
vn 0.9796 0.1877 0.0717
vn 0.9217 0.3624 0.1384
vn 0.8819 0.4404 0.1682
vn 0.7730 -0.5926 -0.2263
vn -0.0560 -0.6348 0.7706
vn -0.5996 -0.7805 0.1769
vn -0.6010 -0.7989 0.0223
vn -0.0347 -0.6623 -0.7484
vn -0.0375 -0.6639 -0.7469
vn -0.0490 -0.6715 -0.7394
vn -0.0508 -0.6728 -0.7380
vn -0.0560 -0.6768 -0.7341
vn -0.5951 -0.7499 -0.2890
vn -0.5818 -0.6141 0.5333
vn -0.5878 -0.6578 0.4709
vn 0.9796 0.1701 0.1069
vn 0.9217 0.3284 0.2064
vn 0.7730 -0.5371 -0.3376
vn 0.9796 0.1460 0.1381
vn 0.9217 0.2818 0.2665
vn 0.8819 0.3425 0.3239
vn 0.8819 0.3991 0.2509
vn 0.7730 -0.4609 -0.4359
vn -0.0176 -0.6105 0.7918
vn -0.0215 -0.6125 0.7902
vn -0.5995 -0.7801 0.1792
vn -0.0347 -0.6195 0.7842
vn 0.1950 -0.6095 -0.7685
vn 0.3773 -0.5614 -0.7365
vn 0.1590 -0.5595 -0.8135
vn 0.5787 -0.5944 -0.5584
vn 0.5653 -0.5378 -0.6255
vn 0.6856 -0.4418 -0.5786
vn 0.1746 -0.6281 -0.7583
vn 0.5412 -0.5143 -0.6653
vn 0.5647 -0.4470 -0.6938
vn 0.9796 0.1163 0.1639
vn 0.9217 0.2244 0.3164
vn 0.8819 0.2727 0.3845
vn 0.7730 -0.3670 -0.5175
vn 0.9217 0.1584 0.3541
vn 0.8819 0.1925 0.4303
vn 0.7730 -0.2590 -0.5791
vn 0.7041 -0.2899 -0.6483
vn 0.3805 -0.3776 -0.8442
vn 0.3808 -0.5661 -0.7312
vn 0.2260 -0.4279 -0.8751
vn 0.9796 0.0821 0.1835
vn 0.3790 -0.2932 -0.8777
vn 0.5528 -0.3402 -0.7607
vn 0.9353 0.1906 -0.2980
vn 0.9237 0.2347 -0.3028
vn 0.9796 0.0447 0.1959
vn 0.9217 0.0862 0.3782
vn 0.8819 0.1048 0.4596
vn 0.7715 -0.2016 -0.6034
vn 0.7023 -0.2255 -0.6752
vn 0.8819 0.0131 0.4712
vn -0.2578 0.8640 -0.4325
vn -0.2438 0.8928 -0.3788
vn -0.2213 0.9022 -0.3703
vn -0.1929 0.9148 -0.3550
vn -0.3303 -0.9113 -0.2458
vn -0.1828 -0.1456 -0.9723
vn -0.1657 -0.1350 -0.9769
vn -0.1485 -0.1243 -0.9811
vn 0.9499 -0.0990 -0.2963
vn 0.9537 -0.0679 -0.2931
vn 0.9796 0.0056 0.2009
vn 0.2890 0.0672 -0.9550
vn 0.3805 0.1551 -0.9117
vn 0.3790 0.0650 -0.9231
vn 0.9503 0.1124 -0.2903
vn 0.9402 0.1693 -0.2955
vn 0.9796 -0.0337 0.1981
vn 0.9217 -0.0650 0.3824
vn 0.9217 0.0108 0.3877
vn 0.7715 0.0447 -0.6347
vn 0.7730 0.1064 -0.6254
vn 0.5509 0.0586 -0.8325
vn 0.7041 0.1191 -0.7001
vn 0.7023 0.0500 -0.7101
vn 0.8819 -0.1682 0.4404
vn 0.8819 -0.0790 0.4647
vn 0.7730 0.2263 -0.5926
vn 0.5528 0.1397 -0.8215
vn 0.7041 0.2534 -0.6634
vn 0.3805 0.3299 -0.8639
vn 0.2903 0.1605 -0.9434
vn 0.9575 -0.0083 -0.2883
vn 0.9567 0.0456 -0.2873
vn 0.9565 0.0494 -0.2874
vn 0.9796 -0.0717 0.1877
vn 0.2903 0.3414 -0.8940
vn 0.3805 0.4921 -0.7829
vn 0.0903 0.9650 -0.2461
vn 0.0855 0.9649 -0.2485
vn 0.9796 -0.1069 0.1701
vn 0.9217 -0.2064 0.3284
vn 0.9217 -0.1384 0.3624
vn 0.7730 0.3376 -0.5371
vn 0.5528 0.2973 -0.7785
vn 0.7041 0.3779 -0.6012
vn 0.7730 0.4359 -0.4609
vn 0.5528 0.5726 -0.6055
vn 0.5528 0.4435 -0.7055
vn 0.3805 0.6354 -0.6719
vn 0.2903 0.5093 -0.8102
vn 0.0644 -0.9722 -0.2250
vn 0.0611 -0.9721 -0.2266
vn 0.9796 -0.1381 0.1460
vn 0.9217 -0.2665 0.2818
vn 0.8819 -0.3239 0.3425
vn 0.8819 -0.2509 0.3991
vn 0.1939 0.8002 -0.5675
vn 0.2002 0.7700 -0.6058
vn 0.9796 -0.1639 0.1163
vn 0.9217 -0.3164 0.2244
vn 0.7730 0.5175 -0.3670
vn 0.7041 0.5792 -0.4108
vn 0.7041 0.4880 -0.5159
vn 0.3805 0.7543 -0.5350
vn 0.7730 0.5791 -0.2590
vn 0.5528 0.6797 -0.4821
vn 0.7041 0.6483 -0.2899
vn 0.3805 0.8442 -0.3776
vn 0.1939 0.8955 -0.4005
vn 0.9796 -0.1835 0.0821
vn 0.8819 -0.3845 0.2727
vn 0.9217 -0.3541 0.1584
vn 0.9796 -0.1959 0.0447
vn 0.9217 -0.3782 0.0862
vn 0.8819 -0.4596 0.1048
vn 0.8819 -0.4303 0.1925
vn 0.7730 0.6185 -0.1411
vn 0.5528 0.7607 -0.3402
vn 0.7041 0.6924 -0.1579
vn 0.3805 0.9016 -0.2056
vn 0.5528 0.8125 -0.1853
vn 0.1939 0.9565 -0.2181
vn 0.5528 -0.6797 0.4821
vn 0.6326 -0.5848 0.5078
vn 0.5509 -0.6301 0.5472
vn 0.3805 -0.7543 0.5350
vn 0.3790 -0.6987 0.6068
vn 0.1976 -0.7401 0.6428
vn 0.1985 -0.7994 0.5670
vn 0.3805 -0.8442 0.3776
vn 0.1985 -0.8947 0.4002
vn 0.6344 -0.7056 0.3156
vn 0.6344 -0.6305 0.4472
vn 0.5528 -0.7607 0.3402
vn 0.6344 -0.7537 0.1719
vn 0.3805 -0.9016 0.2056
vn 0.1985 -0.9556 0.2179
vn 0.1985 -0.9797 0.0273
vn 0.5528 -0.8330 0.0232
vn 0.5528 -0.8125 0.1853
vn 0.3805 -0.9244 0.0258
vn 0.6344 -0.7621 -0.1296
vn 0.6344 -0.7727 0.0215
vn 0.3805 -0.9117 -0.1551
vn 0.1985 -0.9662 -0.1643
vn 0.1985 -0.9156 -0.3497
vn 0.5528 -0.7785 -0.2973
vn 0.5528 -0.8215 -0.1397
vn 0.3805 -0.8639 -0.3299
vn 0.6344 -0.6545 -0.4114
vn 0.6344 -0.7221 -0.2758
vn 0.3805 -0.7829 -0.4921
vn 0.1985 -0.8298 -0.5216
vn 0.5528 -0.7055 -0.4435
vn 0.6326 -0.6122 -0.4745
vn 0.3790 -0.7314 -0.5669
vn 0.1976 -0.7748 -0.6005
vn 0.5779 -0.4879 -0.6542
vn 0.3806 -0.5837 -0.7172
vn 0.5371 -0.5979 -0.5951
vn 0.3801 -0.6355 -0.6721
vn 0.1980 -0.6841 -0.7020
vn 0.7057 -0.4724 -0.5281
vn 0.1139 -0.3148 -0.9423
vn 0.1145 -0.2209 -0.9686
vn 0.1145 -0.0277 -0.9930
vn 0.1145 0.1666 -0.9794
vn 0.1145 0.5287 -0.8411
vn 0.1145 0.3544 -0.9280
vn 0.9544 -0.0605 -0.2923
vn 0.9517 0.1019 -0.2896
vn 0.2830 -0.1630 -0.9452
vn -0.0000 -0.0278 -0.9996
vn 0.1468 -0.0282 -0.9888
vn 0.0068 0.1124 -0.9936
vn 0.3761 0.1165 -0.9192
vn 0.7090 0.0073 -0.7052
vn 0.2844 -0.0320 -0.9582
vn 0.6374 -0.0637 -0.7679
vn -0.0000 -0.9212 -0.3890
vn -0.0000 -0.9221 -0.3871
vn -0.0001 -0.2467 -0.9691
vn -0.0005 -0.1519 -0.9884
vn 0.8783 -0.1733 -0.4455
vn 0.5607 -0.2110 -0.8007
vn 0.9432 -0.3076 -0.1253
vn 0.9853 -0.1578 -0.0663
vn 0.9564 -0.2690 -0.1136
vn 0.0427 0.9985 0.0340
vn 0.0565 0.9979 0.0304
vn 0.0457 0.9985 0.0306
vn 0.9851 0.1722 -0.0018
vn 0.9323 0.1139 -0.3433
vn 0.9790 0.2038 -0.0079
vn 0.7310 0.1337 -0.6691
vn 0.0147 0.2249 -0.9743
vn 0.0108 0.2256 -0.9742
vn -0.9947 -0.0977 -0.0304
vn -0.9977 -0.0651 -0.0183
vn -0.9994 -0.0340 -0.0091
vn -0.9973 -0.0711 -0.0195
vn -0.0000 -0.9230 -0.3848
vn -0.0000 -0.9231 -0.3845
vn -0.0000 -0.9221 -0.3870
vn 0.9932 -0.1068 -0.0468
vn 0.9801 -0.1824 -0.0786
vn 0.9961 -0.0778 -0.0406
vn 0.9921 -0.1103 -0.0592
vn -0.9904 0.0969 -0.0984
vn -0.9917 0.1273 0.0166
vn -0.9929 0.1177 -0.0155
vn 0.0680 0.9972 0.0302
vn 0.0593 0.9977 0.0338
vn 0.0759 0.9965 0.0337
vn 0.0090 0.1136 -0.9935
vn 0.0192 0.2242 -0.9744
vn -0.9679 0.0978 -0.2317
vn -0.9969 -0.0576 -0.0544
vn -0.9999 -0.0141 -0.0016
vn -0.9837 -0.0153 -0.1789
vn -0.9247 -0.0272 -0.3798
vn -0.0007 -0.1542 -0.9880
vn -0.0001 -0.2465 -0.9691
vn -0.0000 -0.2464 -0.9692
vn -0.9994 0.0334 0.0098
vn -0.9990 0.0428 0.0102
vn -0.9949 0.1002 0.0124
vn -0.9948 0.1010 0.0126
vn -0.9985 0.0528 0.0120
vn 0.9991 0.0424 -0.0019
vn 0.9987 0.0516 -0.0019
vn 0.9950 0.1002 -0.0040
vn 0.9959 0.0906 0.0002
vn 0.0544 0.9982 0.0266
vn 0.0551 0.9981 0.0266
vn 0.0590 0.9979 0.0261
vn 0.0750 0.9968 0.0260
vn -0.9977 0.0540 -0.0398
vn -0.9952 0.0973 0.0129
vn -0.9503 0.0579 -0.3059
vn -0.9946 0.0549 -0.0882
vn -0.9196 0.0232 -0.3922
vn 0.9827 -0.0166 -0.1846
vn 1.0000 -0.0085 -0.0039
vn 0.9362 -0.0142 -0.3511
vn 1.0000 -0.0071 -0.0036
vn 1.0000 -0.0070 -0.0037
vn 0.9998 0.0197 -0.0004
vn -0.9879 0.1542 0.0154
vn -0.9896 0.1428 0.0160
vn 0.0430 0.9987 0.0262
vn 0.0541 0.9982 0.0266
vn -0.7366 0.0259 -0.6758
vn -0.7326 0.0177 -0.6804
vn -0.0000 -0.0281 -0.9996
vn -0.7041 0.5159 0.4880
vn -0.7041 0.0198 0.7099
vn 0.1774 0.6704 -0.7205
vn 0.2141 0.7015 -0.6798
vn 0.2185 0.7101 -0.6693
vn -0.7023 0.0500 -0.7101
vn -0.7041 0.4880 -0.5159
vn 0.9563 0.0528 -0.2874
vn 0.9490 0.1217 -0.2910
vn 0.9575 -0.0096 -0.2884
vn 0.9530 -0.0744 -0.2938
vn -0.0000 -0.9760 -0.2180
vn 0.0595 -0.9720 -0.2273
vn 0.9306 0.2094 -0.3001
vn -0.9563 0.0528 -0.2874
vn -0.9575 -0.0096 -0.2884
vn -0.9530 -0.0744 -0.2938
vn -0.0611 -0.9721 -0.2266
vn -0.9490 0.1217 -0.2910
vn -0.9306 0.2094 -0.3001
vn -0.7701 -0.1049 -0.6293
vn -0.5519 -0.1372 -0.8225
vn -0.6995 -0.1175 -0.7049
vn -0.5480 -0.1376 -0.8251
vn -0.3796 -0.1522 -0.9126
vn -0.3766 -0.1524 -0.9137
vn -0.2878 -0.1575 -0.9447
vn 0.7701 -0.1049 -0.6293
vn 0.5519 -0.1372 -0.8225
vn 0.6995 -0.1175 -0.7049
vn 0.7037 -0.1169 -0.7008
vn 0.3796 -0.1522 -0.9126
vn 0.5480 -0.1376 -0.8251
vn 0.2878 -0.1575 -0.9447
vn 0.3766 -0.1524 -0.9137
vn -0.7037 -0.1169 -0.7008
vn 0.2578 0.8640 -0.4325
vn 0.2438 0.8928 -0.3788
vn 0.2213 0.9022 -0.3703
vn 0.2631 -0.8970 -0.3553
vn 0.2517 -0.8951 -0.3680
vn -0.9435 0.0513 0.3275
vn -0.9532 0.0394 0.2998
vn -0.9388 0.0567 0.3398
vn -0.2185 0.7101 -0.6693
vn -0.2141 0.7015 -0.6798
vn -0.1438 -0.8815 -0.4497
vn -0.1797 -0.8862 -0.4271
vn 0.2721 0.7813 -0.5617
vn 0.2676 0.8495 -0.4547
vn 0.1904 -0.8872 -0.4202
vn 0.1797 -0.8862 -0.4271
vn -0.1774 0.6704 -0.7205
vn -0.1810 0.6653 -0.7243
vn 0.9435 0.0513 0.3275
vn 0.9532 0.0394 0.2998
vn 0.9547 0.0374 0.2952
vn 0.1929 0.9148 -0.3550
vn 0.1721 0.9191 -0.3545
vn 0.2710 0.7680 -0.5803
vn 0.1438 -0.8815 -0.4497
vn 0.1828 -0.1456 -0.9723
vn 0.1657 -0.1350 -0.9769
vn 0.2076 -0.1609 -0.9649
vn 0.1956 -0.7024 0.6844
vn 0.0911 -0.8773 0.4711
vn 0.2312 -0.8387 0.4931
vn -0.0582 0.2417 0.9686
vn -0.3268 0.0587 0.9433
vn -0.0306 0.1404 0.9896
vn 0.1778 -0.9471 0.2671
vn 0.2533 -0.9263 0.2790
vn -0.2982 -0.0544 0.9529
vn 0.2618 -0.9647 0.0269
vn -0.2656 -0.1667 0.9496
vn 0.0306 -0.0850 0.9959
vn -0.2325 -0.2676 0.9351
vn 0.0582 -0.1874 0.9806
vn -0.1957 0.7395 0.6441
vn -0.3837 0.7699 0.5098
vn -0.3938 0.6848 0.6131
vn 0.0932 -0.3172 0.9438
vn -0.1856 -0.3941 0.9001
vn -0.3933 0.4880 0.7792
vn -0.1447 0.5565 0.8181
vn -0.1038 -0.5786 0.8090
vn 0.1447 -0.5101 0.8478
vn -0.0932 0.3693 0.9246
vn -0.3719 0.2925 0.8810
vn -0.0025 -0.7571 0.6533
vn -0.3490 0.1615 0.9231
vn -0.1813 -0.8082 0.5603
vn -0.6113 0.0866 0.7867
vn -0.0352 -0.9134 0.4054
vn -0.5940 -0.0177 0.8043
vn 0.1098 -0.9666 0.2317
vn -0.5673 -0.1313 0.8130
vn -0.5328 -0.2431 0.8106
vn -0.4949 -0.3425 0.7986
vn -0.5726 0.6337 0.5201
vn -0.4370 -0.4660 0.7694
vn -0.6175 0.4239 0.6626
vn -0.3280 -0.6427 0.6923
vn -0.6233 0.2206 0.7502
vn -0.7449 -0.3067 0.5925
vn -0.7030 -0.4050 0.5846
vn -0.6532 0.6912 0.3091
vn -0.7145 0.5911 0.3743
vn -0.6365 -0.5258 0.5642
vn -0.7954 0.3705 0.4797
vn -0.5059 -0.6961 0.5094
vn -0.8229 0.1607 0.5451
vn -0.3232 -0.8507 0.4145
vn -0.8195 0.0241 0.5726
vn -0.1354 -0.9435 0.3024
vn -0.8060 -0.0813 0.5863
vn 0.0557 -0.9828 0.1762
vn -0.7808 -0.1953 0.5935
vn -0.9510 0.1187 0.2856
vn -0.9531 -0.0197 0.3019
vn -0.4143 -0.8806 0.2300
vn -0.1998 -0.9646 0.1720
vn -0.9422 -0.1259 0.3105
vn 0.0210 -0.9941 0.1059
vn -0.9179 -0.2403 0.3158
vn -0.8810 -0.3513 0.3168
vn -0.8367 -0.4488 0.3139
vn -0.7298 0.6661 0.1541
vn -0.8056 0.5613 0.1898
vn -0.7647 -0.5678 0.3047
vn -0.9096 0.3331 0.2483
vn -0.6201 -0.7336 0.2781
vn -0.8827 -0.4697 0.0131
vn -0.7561 0.6541 -0.0182
vn -0.8370 0.5470 -0.0153
vn -0.8088 -0.5879 0.0164
vn -0.9490 0.3152 -0.0088
vn -0.6595 -0.7514 0.0210
vn -0.9951 0.0987 -0.0027
vn -0.4457 -0.8948 0.0250
vn -0.9992 -0.0406 0.0011
vn -0.2219 -0.9747 0.0272
vn -0.9891 -0.1472 0.0041
vn 0.0091 -0.9996 0.0279
vn -0.9651 -0.2617 0.0073
vn -0.9279 -0.3726 0.0104
vn -0.1998 -0.9727 -0.1180
vn -0.9531 -0.0365 -0.3004
vn -0.9422 -0.1431 -0.3030
vn 0.0210 -0.9985 -0.0504
vn -0.9179 -0.2575 -0.3020
vn -0.8810 -0.3685 -0.2967
vn -0.8367 -0.4656 -0.2884
vn -0.7298 0.6565 -0.1909
vn -0.8056 0.5498 -0.2208
vn -0.7647 -0.5839 -0.2726
vn -0.9096 0.3187 -0.2665
vn -0.6201 -0.7479 -0.2368
vn -0.9510 0.1026 -0.2918
vn -0.4143 -0.8921 -0.1806
vn -0.7145 0.5694 -0.4066
vn -0.7030 -0.4369 -0.5611
vn -0.6365 -0.5565 -0.5340
vn -0.7954 0.3432 -0.4996
vn -0.5059 -0.7234 -0.4698
vn -0.8229 0.1301 -0.5532
vn -0.3232 -0.8725 -0.3664
vn -0.8195 -0.0079 -0.5731
vn -0.1354 -0.9589 -0.2493
vn -0.8060 -0.1138 -0.5808
vn 0.0557 -0.9911 -0.1212
vn -0.7808 -0.2281 -0.5817
vn -0.7449 -0.3393 -0.5745
vn -0.6113 0.0426 -0.7903
vn -0.5940 -0.0625 -0.8021
vn -0.0352 -0.9346 -0.3539
vn 0.1098 -0.9780 -0.1775
vn -0.5673 -0.1764 -0.8044
vn -0.5328 -0.2879 -0.7958
vn -0.4949 -0.3865 -0.7783
vn -0.6532 0.6729 -0.3471
vn -0.5726 0.6037 -0.5546
vn -0.4370 -0.5081 -0.7422
vn -0.6175 0.3863 -0.6852
vn -0.3280 -0.6803 -0.6555
vn -0.6233 0.1784 -0.7613
vn -0.1813 -0.8381 -0.5144
vn -0.2325 -0.3192 -0.9187
vn -0.1856 -0.4436 -0.8768
vn -0.3933 0.4438 -0.8052
vn -0.1038 -0.6228 -0.7755
vn -0.3719 0.2429 -0.8959
vn -0.0025 -0.7923 -0.6101
vn -0.3490 0.1099 -0.9307
vn 0.0911 -0.9022 -0.4215
vn -0.3268 0.0061 -0.9451
vn 0.1778 -0.9605 -0.2140
vn -0.2982 -0.1074 -0.9484
vn -0.2656 -0.2193 -0.9388
vn -0.3837 0.7403 -0.5520
vn -0.3938 0.6496 -0.6503
vn 0.2312 -0.8649 -0.4456
vn 0.2533 -0.9404 -0.2269
vn 0.0306 -0.1404 -0.9896
vn 0.0582 -0.2417 -0.9686
vn -0.2172 0.7847 -0.5805
vn -0.1956 0.7024 -0.6843
vn 0.0932 -0.3693 -0.9246
vn -0.1447 0.5101 -0.8479
vn 0.1447 -0.5565 -0.8181
vn -0.0932 0.3172 -0.9438
vn 0.1957 -0.7395 -0.6441
vn -0.0582 0.1874 -0.9806
vn -0.0306 0.0850 -0.9959
vn 0.3719 -0.2925 -0.8810
vn 0.3933 -0.4880 -0.7792
vn 0.1038 0.5786 -0.8090
vn 0.1856 0.3941 -0.9001
vn 0.3938 -0.6848 -0.6131
vn 0.2325 0.2676 -0.9351
vn 0.3712 -0.8263 -0.4236
vn 0.2656 0.1667 -0.9496
vn 0.3288 -0.9196 -0.2151
vn 0.2982 0.0544 -0.9529
vn 0.3268 -0.0587 -0.9433
vn 0.3490 -0.1615 -0.9231
vn 0.0025 0.7571 -0.6533
vn 0.3968 -0.9001 -0.1797
vn 0.5673 0.1313 -0.8130
vn 0.5940 0.0177 -0.8043
vn 0.6113 -0.0866 -0.7867
vn 0.0996 0.8736 -0.4763
vn 0.1813 0.8082 -0.5603
vn 0.6233 -0.2206 -0.7502
vn 0.3280 0.6427 -0.6923
vn 0.6175 -0.4239 -0.6626
vn 0.4370 0.4660 -0.7694
vn 0.5726 -0.6337 -0.5201
vn 0.4949 0.3425 -0.7986
vn 0.4975 -0.7902 -0.3579
vn 0.5328 0.2431 -0.8106
vn 0.6365 0.5258 -0.5642
vn 0.7954 -0.3705 -0.4797
vn 0.7145 -0.5911 -0.3743
vn 0.7030 0.4050 -0.5846
vn 0.5977 -0.7601 -0.2549
vn 0.7449 0.3067 -0.5925
vn 0.4509 -0.8839 -0.1241
vn 0.7808 0.1953 -0.5935
vn 0.8060 0.0813 -0.5863
vn 0.8195 -0.0241 -0.5726
vn 0.2188 0.9094 -0.3537
vn 0.3232 0.8507 -0.4145
vn 0.8229 -0.1607 -0.5450
vn 0.5059 0.6961 -0.5094
vn 0.9179 0.2403 -0.3158
vn 0.9422 0.1259 -0.3105
vn 0.9531 0.0197 -0.3019
vn 0.4143 0.8806 -0.2300
vn 0.9510 -0.1187 -0.2856
vn 0.6201 0.7336 -0.2781
vn 0.9096 -0.3331 -0.2483
vn 0.7647 0.5678 -0.3047
vn 0.8056 -0.5613 -0.1898
vn 0.8367 0.4488 -0.3139
vn 0.6621 -0.7390 -0.1245
vn 0.8810 0.3513 -0.3168
vn 0.4855 -0.8725 -0.0539
vn 0.8370 -0.5470 0.0153
vn 0.8088 0.5879 -0.0164
vn 0.8827 0.4697 -0.0131
vn 0.6843 -0.7289 0.0203
vn 0.9279 0.3726 -0.0104
vn 0.4975 -0.8671 0.0242
vn 0.9651 0.2617 -0.0073
vn 0.9891 0.1472 -0.0041
vn 0.9992 0.0406 -0.0011
vn 0.2954 0.9345 -0.1987
vn 0.4457 0.8948 -0.0250
vn 0.9951 -0.0987 0.0028
vn 0.6595 0.7514 -0.0209
vn 0.9490 -0.3152 0.0088
vn 0.9531 0.0365 0.3004
vn 0.2954 0.9441 0.1463
vn 0.4143 0.8921 0.1806
vn 0.9510 -0.1026 0.2918
vn 0.6201 0.7479 0.2368
vn 0.9096 -0.3187 0.2665
vn 0.7647 0.5839 0.2726
vn 0.8056 -0.5498 0.2208
vn 0.8367 0.4656 0.2884
vn 0.6621 -0.7309 0.1655
vn 0.8810 0.3685 0.2968
vn 0.4855 -0.8682 0.1024
vn 0.9179 0.2575 0.3020
vn 0.9422 0.1431 0.3030
vn 0.6365 0.5565 0.5340
vn 0.7030 0.4369 0.5611
vn 0.5977 -0.7447 0.2968
vn 0.7449 0.3393 0.5745
vn 0.4509 -0.8756 0.1732
vn 0.7808 0.2281 0.5817
vn 0.8060 0.1138 0.5808
vn 0.8195 0.0079 0.5731
vn 0.2188 0.9277 0.3025
vn 0.3232 0.8725 0.3664
vn 0.8229 -0.1301 0.5532
vn 0.5059 0.7234 0.4698
vn 0.7954 -0.3432 0.4996
vn 0.7145 -0.5694 0.4066
vn 0.6113 -0.0426 0.7902
vn 0.1813 0.8381 0.5144
vn 0.6233 -0.1784 0.7613
vn 0.3280 0.6803 0.6555
vn 0.6175 -0.3863 0.6852
vn 0.4370 0.5081 0.7422
vn 0.5726 -0.6037 0.5546
vn 0.4949 0.3865 0.7783
vn 0.4975 -0.7690 0.4014
vn 0.5328 0.2879 0.7958
vn 0.3968 -0.8887 0.2296
vn 0.5673 0.1764 0.8044
vn 0.5940 0.0625 0.8021
vn 0.3938 -0.6496 0.6503
vn 0.3712 -0.8014 0.4690
vn 0.2325 0.3192 0.9187
vn 0.2656 0.2193 0.9388
vn 0.3288 -0.9062 0.2660
vn 0.2982 0.1074 0.9484
vn 0.3268 -0.0061 0.9451
vn 0.3490 -0.1099 0.9307
vn 0.0996 0.8988 0.4269
vn 0.0025 0.7923 0.6101
vn 0.3719 -0.2429 0.8959
vn 0.1038 0.6228 0.7755
vn 0.3933 -0.4438 0.8052
vn 0.1856 0.4436 0.8768
vn -0.0506 0.8603 0.5073
vn 0.1200 -0.7551 -0.6445
vn 0.2190 -0.5360 -0.8153
vn 0.2587 -0.7084 -0.6567
vn -0.3277 0.2457 -0.9123
vn -0.0652 0.4383 -0.8965
vn -0.0342 0.3446 -0.9381
vn 0.2087 -0.8635 -0.4591
vn 0.2835 -0.8383 -0.4656
vn -0.0000 0.2377 -0.9713
vn 0.2930 -0.9287 -0.2273
vn -0.2592 0.0287 -0.9654
vn 0.0342 0.1276 -0.9912
vn -0.2229 -0.0719 -0.9722
vn 0.0652 0.0252 -0.9976
vn -0.2190 0.8520 -0.4756
vn -0.4081 0.8475 -0.3394
vn -0.2431 0.9031 -0.3539
vn 0.1043 -0.1083 -0.9886
vn -0.4082 0.6285 -0.6621
vn -0.1620 0.7115 -0.6838
vn 0.1620 -0.3153 -0.9351
vn -0.1719 -0.2014 -0.9643
vn -0.1043 0.5526 -0.8269
vn -0.0842 -0.3983 -0.9134
vn -0.3532 0.3412 -0.8711
vn -0.1545 -0.6774 -0.7192
vn 0.0226 -0.6022 -0.7980
vn -0.6131 0.2309 -0.7555
vn -0.3804 0.4595 -0.8026
vn -0.5924 0.1333 -0.7946
vn -0.0051 -0.8082 -0.5888
vn -0.5620 0.0250 -0.8268
vn -0.2955 0.1381 -0.9453
vn -0.9093 -0.3441 0.2339
vn -0.7735 -0.3700 0.5146
vn 0.1413 -0.8922 -0.4291
vn -0.5239 -0.0837 -0.8477
vn -0.5924 0.7106 -0.3796
vn -0.4153 0.7858 -0.4583
vn -0.4209 -0.3071 -0.8535
vn -0.6303 0.5342 -0.5633
vn -0.3063 -0.4926 -0.8146
vn -0.6295 0.3538 -0.6918
vn -0.4828 -0.1822 -0.8566
vn -0.7340 -0.1984 -0.6495
vn -0.7330 0.6338 -0.2470
vn -0.5569 0.7844 -0.2732
vn -0.6186 -0.4151 -0.6671
vn -0.8066 0.4379 -0.3971
vn -0.4826 -0.5889 -0.6484
vn -0.8271 0.2458 -0.5054
vn -0.2950 -0.7542 -0.5867
vn -0.8193 0.1183 -0.5610
vn 0.0878 -0.9214 -0.3786
vn -0.7735 -0.0905 -0.6273
vn -0.9541 0.1461 -0.2616
vn -0.1044 -0.8625 -0.4952
vn -0.3853 -0.8251 -0.4133
vn -0.8024 0.0186 -0.5964
vn -0.9517 0.0142 -0.3067
vn 0.0534 -0.9484 -0.3126
vn -0.9093 -0.1972 -0.3664
vn 0.5620 0.3596 -0.7449
vn 0.7735 0.3700 -0.5146
vn -0.6890 -0.2948 -0.6621
vn -0.8689 -0.3044 -0.3904
vn -0.7509 0.6603 -0.0161
vn -0.6750 0.7198 -0.1618
vn -0.8214 -0.3988 -0.4078
vn -0.8232 0.5629 -0.0736
vn -0.7455 -0.5148 -0.4233
vn -0.9197 0.3490 -0.1797
vn -0.5957 -0.6778 -0.4310
vn -0.8670 -0.4840 -0.1184
vn -0.7770 0.6115 0.1496
vn -0.7893 -0.5964 -0.1460
vn -0.8543 0.5049 0.1235
vn -0.6347 -0.7506 -0.1837
vn -0.9587 0.2762 0.0676
vn -0.4164 -0.8831 -0.2161
vn -0.9978 0.0645 0.0158
vn -0.1682 -0.9126 -0.3727
vn -0.9838 -0.1742 -0.0426
vn -0.9373 -0.0874 -0.3373
vn -0.1902 -0.9536 -0.2334
vn -0.9561 -0.2846 -0.0697
vn 0.0416 -0.9705 -0.2375
vn -0.1682 -0.9816 -0.0908
vn -0.9517 -0.1290 0.2786
vn -0.9973 -0.0710 -0.0174
vn 0.0534 -0.9856 -0.1607
vn -0.9153 -0.3912 -0.0957
vn -0.8689 -0.4503 0.2058
vn -0.7509 0.5782 0.3192
vn -0.8214 -0.5421 0.1775
vn -0.8232 0.4653 0.3253
vn -0.7455 -0.6521 0.1377
vn -0.9541 0.0088 0.2995
vn -0.5957 -0.8002 0.0693
vn -0.7330 0.4481 0.5118
vn -0.6186 -0.6762 0.4000
vn -0.9197 0.2266 0.3206
vn -0.4826 -0.8217 0.3032
vn -0.8271 -0.0153 0.5618
vn -0.2950 -0.9399 0.1721
vn -0.3853 -0.9227 -0.0144
vn -0.9373 -0.2333 0.2589
vn -0.8193 -0.1542 0.5522
vn -0.1044 -0.9937 0.0409
vn -0.5620 -0.3596 0.7449
vn 0.0878 -0.9921 -0.0897
vn -0.6890 -0.5672 0.4512
vn -0.8024 -0.2590 0.5376
vn -0.6131 -0.1441 0.7768
vn -0.0051 -0.9888 0.1491
vn 0.1413 -0.9895 -0.0314
vn -0.7340 -0.4759 0.4845
vn -0.4828 -0.5571 0.6757
vn -0.5569 0.5696 0.6045
vn -0.6750 0.5638 0.4759
vn -0.6303 0.2137 0.7464
vn -0.8066 0.2051 0.5544
vn -0.4209 -0.6665 0.6153
vn -0.3063 -0.8131 0.4951
vn -0.1545 -0.9330 0.3252
vn -0.2229 -0.5127 0.8291
vn -0.4082 0.2517 0.8775
vn -0.5924 0.4550 0.6648
vn -0.1719 -0.6239 0.7624
vn -0.6295 -0.0056 0.7770
vn -0.0842 -0.7751 0.6262
vn -0.3804 0.0370 0.9241
vn 0.1200 -0.9674 0.2229
vn -0.5924 -0.2486 0.7663
vn -0.3532 -0.0996 0.9302
vn 0.2087 -0.9779 0.0084
vn -0.2955 -0.3140 0.9023
vn -0.5239 -0.4656 0.7132
vn -0.4153 0.4853 0.7694
vn 0.2587 -0.9316 0.2554
vn -0.0000 -0.2377 0.9713
vn -0.3277 -0.2034 0.9226
vn 0.2835 -0.9586 0.0259
vn -0.2592 -0.4204 0.8695
vn 0.0652 -0.4383 0.8965
vn -0.2431 0.6377 0.7310
vn -0.4081 0.5950 0.6924
vn 0.1043 -0.5526 0.8269
vn -0.1620 0.3153 0.9351
vn 0.1620 -0.7115 0.6838
vn 0.0226 -0.9027 0.4297
vn -0.0652 -0.0252 0.9976
vn 0.3804 -0.4595 0.8026
vn 0.1719 0.2014 0.9643
vn -0.1043 0.1083 0.9886
vn 0.2190 -0.8520 0.4756
vn 0.4082 -0.6285 0.6621
vn 0.2229 0.0719 0.9722
vn 0.3974 -0.8848 0.2432
vn -0.0342 -0.1276 0.9912
vn 0.3582 -0.9334 0.0193
vn 0.2955 -0.1381 0.9453
vn 0.0342 -0.3446 0.9381
vn 0.3532 -0.3412 0.8711
vn -0.0226 0.6022 0.7980
vn -0.2190 0.5361 0.8153
vn 0.0842 0.3983 0.9134
vn 0.4257 -0.9048 -0.0107
vn 0.3277 -0.2457 0.9123
vn 0.5620 -0.0250 0.8268
vn 0.6131 -0.2309 0.7555
vn 0.0708 0.7564 0.6502
vn -0.0781 0.6933 0.7164
vn 0.1545 0.6774 0.7192
vn 0.6303 -0.5342 0.5633
vn 0.4209 0.3071 0.8535
vn 0.5924 -0.7106 0.3796
vn 0.4153 -0.7858 0.4583
vn 0.5226 -0.8317 0.1875
vn 0.5239 0.0837 0.8477
vn 0.2592 -0.0287 0.9654
vn 0.6186 0.4151 0.6671
vn 0.3063 0.4926 0.8146
vn 0.8066 -0.4379 0.3971
vn 0.6890 0.2948 0.6621
vn 0.4827 0.1822 0.8566
vn 0.6219 -0.7775 0.0938
vn 0.4792 -0.8756 -0.0612
vn 0.7735 0.0905 0.6273
vn 0.5924 -0.1333 0.7946
vn 0.8193 -0.1183 0.5610
vn 0.2950 0.7542 0.5867
vn 0.8271 -0.2458 0.5054
vn 0.6295 -0.3538 0.6918
vn 0.8024 -0.0186 0.5964
vn 0.9093 0.1972 0.3664
vn 0.9517 -0.0142 0.3067
vn 0.3853 0.8251 0.4133
vn 0.1889 0.8210 0.5388
vn 0.5957 0.6778 0.4310
vn 0.4826 0.5889 0.6484
vn 0.9541 -0.1461 0.2616
vn 0.7455 0.5148 0.4233
vn 0.7330 -0.6338 0.2470
vn 0.9197 -0.3490 0.1797
vn 0.8214 0.3988 0.4078
vn 0.6856 -0.7274 -0.0286
vn 0.8689 0.3044 0.3904
vn 0.7340 0.1984 0.6495
vn 0.5136 -0.8486 -0.1272
vn 0.9093 0.3441 -0.2339
vn 0.9561 0.2846 0.0697
vn 0.8232 -0.5629 0.0736
vn 0.9587 -0.2762 -0.0676
vn 0.7893 0.5964 0.1460
vn 0.8543 -0.5049 -0.1235
vn 0.8670 0.4840 0.1184
vn 0.7076 -0.6864 -0.1680
vn 0.9153 0.3912 0.0957
vn 0.5254 -0.8265 -0.2022
vn 0.9373 0.0874 0.3373
vn 0.9973 0.0710 0.0174
vn 0.4164 0.8831 0.2161
vn 0.2647 0.8805 0.3931
vn 0.9978 -0.0645 -0.0158
vn 0.6347 0.7506 0.1837
vn 0.9517 0.1290 -0.2786
vn 0.9838 0.1742 0.0426
vn 0.2647 0.9626 0.0579
vn 0.2909 0.9293 0.2274
vn 0.9541 -0.0088 -0.2995
vn 0.5957 0.8002 -0.0693
vn 0.7455 0.6521 -0.1377
vn 0.8232 -0.4653 -0.3253
vn 0.8214 0.5421 -0.1775
vn 0.6856 -0.6584 -0.3105
vn 0.8689 0.4503 -0.2058
vn 0.5136 -0.8114 -0.2791
vn 0.6890 0.5672 -0.4512
vn 0.6219 -0.6463 -0.4423
vn 0.4792 -0.8049 -0.3501
vn 0.8024 0.2590 -0.5376
vn 0.9373 0.2333 -0.2589
vn 0.8193 0.1542 -0.5522
vn 0.2950 0.9399 -0.1721
vn 0.3853 0.9227 0.0144
vn 0.8066 -0.2051 -0.5544
vn 0.9197 -0.2266 -0.3206
vn 0.6186 0.6762 -0.4000
vn 0.7330 -0.4481 -0.5118
vn 0.6131 0.1441 -0.7768
vn 0.0708 0.9712 -0.2274
vn 0.1889 0.9770 -0.0988
vn 0.8271 0.0153 -0.5618
vn 0.4826 0.8217 -0.3032
vn 0.1545 0.9330 -0.3251
vn 0.6295 0.0056 -0.7770
vn 0.3063 0.8131 -0.4951
vn 0.5924 -0.4550 -0.6648
vn 0.4209 0.6665 -0.6153
vn 0.7340 0.4759 -0.4845
vn 0.4828 0.5571 -0.6757
vn 0.5226 -0.6512 -0.5504
vn 0.5239 0.4656 -0.7132
vn 0.4257 -0.8075 -0.4084
vn 0.4153 -0.4853 -0.7694
vn 0.2229 0.5127 -0.8291
vn 0.3582 -0.8190 -0.4482
vn 0.2955 0.3140 -0.9023
vn 0.5924 0.2486 -0.7663
vn 0.3532 0.0996 -0.9302
vn -0.0226 0.9027 -0.4297
vn 0.4082 -0.2517 -0.8775
vn 0.6303 -0.2137 -0.7464
vn 0.1719 0.6239 -0.7624
vn 0.3804 -0.0370 -0.9241
vn 0.0842 0.7751 -0.6262
vn 0.3974 -0.6726 -0.6243
vn 0.2592 0.4204 -0.8695
vn 0.3277 0.2034 -0.9226
vn -0.0781 0.9458 -0.3153
vn -0.2533 0.9404 0.2269
vn -0.2618 0.9647 -0.0269
vn -0.3288 0.9196 0.2151
vn -0.2446 0.9112 0.3316
vn -0.3510 0.8818 0.3150
vn -0.3968 0.9001 0.1797
vn -0.4470 0.8544 0.2650
vn -0.5232 0.8315 0.1867
vn -0.4509 0.8839 0.1241
vn -0.4855 0.8725 0.0539
vn -0.5722 0.8155 0.0876
vn -0.4975 0.8671 -0.0242
vn -0.5890 0.8078 -0.0225
vn -0.4855 0.8682 -0.1024
vn -0.5722 0.8093 -0.1329
vn -0.4509 0.8756 -0.1732
vn -0.5232 0.8198 -0.2327
vn -0.3968 0.8887 -0.2296
vn -0.4470 0.8383 -0.3122
vn -0.3288 0.9062 -0.2660
vn -0.3510 0.8629 -0.3636
vn -0.2533 0.9263 -0.2790
vn -0.2446 0.8913 -0.3819
vn -0.1778 0.9471 -0.2671
vn -0.1381 0.9206 -0.3652
vn -0.1098 0.9666 -0.2317
vn -0.0421 0.9481 -0.3153
vn -0.0557 0.9828 -0.1762
vn 0.0341 0.9709 -0.2369
vn -0.0210 0.9942 -0.1059
vn 0.0830 0.9870 -0.1378
vn -0.0091 0.9996 -0.0279
vn 0.0999 0.9946 -0.0277
vn 0.0830 0.9931 0.0826
vn -0.0210 0.9985 0.0504
vn -0.0557 0.9911 0.1211
vn 0.0341 0.9826 0.1825
vn -0.1098 0.9780 0.1775
vn -0.0421 0.9642 0.2620
vn -0.1778 0.9605 0.2140
vn -0.1381 0.9395 0.3134
vn -0.2835 0.9586 -0.0259
vn -0.3582 0.9334 -0.0193
vn -0.2930 0.9287 0.2273
vn -0.2737 0.9524 -0.1344
vn -0.4257 0.9048 0.0107
vn -0.3792 0.9168 -0.1251
vn -0.5498 0.8352 -0.0116
vn -0.4743 0.8765 -0.0828
vn -0.4792 0.8756 0.0612
vn -0.5136 0.8486 0.1272
vn -0.5254 0.8265 0.2022
vn -0.6149 0.7660 0.1874
vn -0.5982 0.7972 0.0815
vn -0.5136 0.8114 0.2791
vn -0.4792 0.8049 0.3501
vn -0.5498 0.7355 0.3959
vn -0.5983 0.7447 0.2958
vn -0.4257 0.8075 0.4083
vn -0.3582 0.8190 0.4482
vn -0.3792 0.7555 0.5343
vn -0.4743 0.7392 0.4781
vn -0.2835 0.8383 0.4656
vn -0.2087 0.8635 0.4591
vn -0.1683 0.8183 0.5497
vn -0.2737 0.7827 0.5590
vn -0.1413 0.8922 0.4291
vn -0.0878 0.9214 0.3786
vn 0.0023 0.8999 0.4362
vn -0.0732 0.8586 0.5074
vn -0.0534 0.9484 0.3126
vn -0.0416 0.9705 0.2375
vn 0.0508 0.9379 0.3431
vn 0.0508 0.9904 0.1288
vn 0.0675 0.9691 0.2372
vn -0.0534 0.9856 0.1607
vn -0.0878 0.9921 0.0897
vn 0.0023 0.9996 0.0286
vn -0.1413 0.9895 0.0314
vn -0.2087 0.9779 -0.0084
vn -0.1683 0.9796 -0.1097
vn -0.0732 0.9959 -0.0535
vn -0.0911 -0.8773 0.4711
vn -0.1956 -0.7024 0.6844
vn -0.2312 -0.8387 0.4931
vn 0.3268 0.0587 0.9433
vn 0.0582 0.2417 0.9686
vn 0.0306 0.1404 0.9896
vn -0.1778 -0.9471 0.2671
vn -0.2533 -0.9263 0.2790
vn -0.2618 -0.9647 0.0269
vn 0.2656 -0.1667 0.9496
vn -0.0306 -0.0850 0.9959
vn 0.2325 -0.2676 0.9351
vn -0.0582 -0.1874 0.9806
vn 0.1957 0.7395 0.6441
vn 0.3837 0.7699 0.5098
vn 0.2172 0.8159 0.5359
vn -0.0932 -0.3172 0.9438
vn 0.3933 0.4880 0.7792
vn 0.1447 0.5565 0.8181
vn 0.1038 -0.5786 0.8090
vn -0.1447 -0.5101 0.8478
vn 0.0932 0.3693 0.9246
vn 0.3490 0.1615 0.9231
vn 0.1813 -0.8082 0.5603
vn 0.0025 -0.7571 0.6533
vn 0.6113 0.0866 0.7867
vn 0.3719 0.2925 0.8810
vn 0.0352 -0.9134 0.4054
vn 0.2982 -0.0544 0.9529
vn 0.5940 -0.0177 0.8043
vn -0.1098 -0.9666 0.2317
vn 0.5328 -0.2431 0.8106
vn 0.4949 -0.3425 0.7986
vn 0.5726 0.6337 0.5201
vn 0.3938 0.6848 0.6131
vn 0.1856 -0.3941 0.9001
vn 0.6175 0.4239 0.6626
vn 0.3280 -0.6427 0.6923
vn 0.6233 0.2206 0.7502
vn 0.7449 -0.3067 0.5925
vn 0.6532 0.6912 0.3091
vn 0.5340 0.7270 0.4317
vn 0.6365 -0.5258 0.5642
vn 0.4370 -0.4660 0.7694
vn 0.7145 0.5911 0.3743
vn 0.8229 0.1607 0.5451
vn 0.3232 -0.8507 0.4145
vn 0.1354 -0.9435 0.3024
vn 0.8195 0.0241 0.5726
vn -0.0557 -0.9828 0.1762
vn 0.7808 -0.1953 0.5935
vn 0.5673 -0.1313 0.8130
vn 0.9510 0.1187 0.2856
vn 0.4143 -0.8806 0.2300
vn 0.8060 -0.0813 0.5863
vn 0.9531 -0.0197 0.3019
vn -0.0210 -0.9941 0.1059
vn 0.9179 -0.2403 0.3158
vn 0.8367 -0.4488 0.3139
vn 0.7030 -0.4050 0.5846
vn 0.7298 0.6661 0.1541
vn 0.9096 0.3331 0.2483
vn 0.7954 0.3705 0.4797
vn 0.5059 -0.6961 0.5094
vn 0.7647 -0.5678 0.3047
vn 0.8827 -0.4697 0.0131
vn 0.8810 -0.3513 0.3168
vn 0.8056 0.5613 0.1898
vn 0.7561 0.6541 -0.0182
vn 0.8370 0.5470 -0.0153
vn 0.6595 -0.7514 0.0210
vn 0.6201 -0.7336 0.2781
vn 0.9951 0.0987 -0.0027
vn 0.4457 -0.8948 0.0250
vn 0.1998 -0.9646 0.1720
vn 0.9422 -0.1259 0.3105
vn 0.9992 -0.0406 0.0011
vn 0.2219 -0.9747 0.0272
vn 0.9651 -0.2617 0.0073
vn -0.0091 -0.9996 0.0279
vn 0.1998 -0.9727 -0.1180
vn 0.9891 -0.1472 0.0041
vn 0.9531 -0.0365 -0.3004
vn -0.0210 -0.9985 -0.0504
vn 0.9179 -0.2575 -0.3020
vn 0.8810 -0.3685 -0.2967
vn 0.9279 -0.3726 0.0104
vn 0.7298 0.6565 -0.1909
vn 0.8088 -0.5879 0.0164
vn 0.8367 -0.4656 -0.2884
vn 0.9096 0.3187 -0.2665
vn 0.9490 0.3152 -0.0088
vn 0.6201 -0.7479 -0.2368
vn 0.9510 0.1026 -0.2918
vn 0.4143 -0.8921 -0.1806
vn 0.7145 0.5694 -0.4066
vn 0.8056 0.5498 -0.2208
vn 0.7647 -0.5839 -0.2726
vn 0.7030 -0.4369 -0.5611
vn 0.7954 0.3432 -0.4996
vn 0.6365 -0.5565 -0.5340
vn 0.8229 0.1301 -0.5532
vn 0.5059 -0.7234 -0.4698
vn 0.1354 -0.9589 -0.2493
vn 0.9422 -0.1431 -0.3030
vn 0.8195 -0.0079 -0.5731
vn 0.7808 -0.2281 -0.5817
vn -0.0557 -0.9911 -0.1212
vn 0.8060 -0.1138 -0.5808
vn 0.6113 0.0426 -0.7903
vn 0.0352 -0.9346 -0.3539
vn 0.5673 -0.1764 -0.8044
vn -0.1098 -0.9780 -0.1775
vn 0.7449 -0.3393 -0.5745
vn 0.4949 -0.3865 -0.7783
vn 0.5726 0.6037 -0.5546
vn 0.6532 0.6729 -0.3471
vn 0.6175 0.3863 -0.6852
vn 0.3280 -0.6803 -0.6555
vn 0.3232 -0.8725 -0.3664
vn 0.1813 -0.8381 -0.5144
vn 0.4370 -0.5081 -0.7422
vn 0.2325 -0.3192 -0.9187
vn 0.3933 0.4438 -0.8052
vn 0.1856 -0.4436 -0.8768
vn 0.6233 0.1784 -0.7613
vn 0.1038 -0.6228 -0.7755
vn 0.3719 0.2429 -0.8959
vn -0.0911 -0.9022 -0.4215
vn 0.5940 -0.0625 -0.8021
vn 0.3490 0.1099 -0.9307
vn -0.1778 -0.9605 -0.2140
vn 0.2982 -0.1074 -0.9484
vn 0.5328 -0.2879 -0.7958
vn 0.3837 0.7403 -0.5520
vn 0.5340 0.7018 -0.4715
vn -0.2312 -0.8649 -0.4456
vn 0.3268 0.0061 -0.9451
vn -0.2533 -0.9404 -0.2269
vn 0.2656 -0.2193 -0.9388
vn -0.0582 -0.2417 -0.9686
vn 0.3938 0.6496 -0.6503
vn 0.2172 0.7847 -0.5805
vn -0.0932 -0.3693 -0.9246
vn 0.1447 0.5101 -0.8479
vn -0.1447 -0.5565 -0.8181
vn 0.0025 -0.7923 -0.6101
vn 0.0582 0.1874 -0.9806
vn -0.1957 -0.7395 -0.6441
vn -0.3719 -0.2925 -0.8810
vn 0.0932 0.3172 -0.9438
vn -0.1038 0.5786 -0.8090
vn -0.3933 -0.4880 -0.7792
vn -0.1856 0.3941 -0.9001
vn -0.3712 -0.8263 -0.4236
vn 0.0306 0.0850 -0.9959
vn -0.2325 0.2676 -0.9351
vn -0.3288 -0.9196 -0.2151
vn -0.2982 0.0544 -0.9529
vn -0.0306 -0.1404 -0.9896
vn -0.3490 -0.1615 -0.9231
vn -0.0025 0.7571 -0.6533
vn 0.1956 0.7024 -0.6843
vn -0.3968 -0.9001 -0.1797
vn -0.3268 -0.0587 -0.9433
vn -0.5673 0.1313 -0.8130
vn -0.6113 -0.0866 -0.7867
vn -0.0996 0.8736 -0.4763
vn 0.0506 0.8307 -0.5545
vn -0.1813 0.8082 -0.5603
vn -0.6175 -0.4239 -0.6626
vn -0.4370 0.4660 -0.7694
vn -0.3938 -0.6848 -0.6131
vn -0.4975 -0.7902 -0.3579
vn -0.5328 0.2431 -0.8106
vn -0.2656 0.1667 -0.9496
vn -0.6365 0.5258 -0.5642
vn -0.3280 0.6427 -0.6923
vn -0.5726 -0.6337 -0.5201
vn -0.7954 -0.3705 -0.4797
vn -0.7030 0.4050 -0.5846
vn -0.4949 0.3425 -0.7986
vn -0.5977 -0.7601 -0.2549
vn -0.7449 0.3067 -0.5925
vn -0.7808 0.1953 -0.5935
vn -0.4509 -0.8839 -0.1241
vn -0.8060 0.0813 -0.5863
vn -0.5940 0.0177 -0.8043
vn -0.2188 0.9094 -0.3537
vn -0.6233 -0.2206 -0.7502
vn -0.8195 -0.0241 -0.5726
vn -0.3232 0.8507 -0.4145
vn -0.9179 0.2403 -0.3158
vn -0.9531 0.0197 -0.3019
vn -0.4143 0.8806 -0.2300
vn -0.8229 -0.1607 -0.5450
vn -0.6201 0.7336 -0.2781
vn -0.5059 0.6961 -0.5094
vn -0.9510 -0.1187 -0.2856
vn -0.7647 0.5678 -0.3047
vn -0.8056 -0.5613 -0.1898
vn -0.7145 -0.5911 -0.3743
vn -0.8367 0.4488 -0.3139
vn -0.4855 -0.8725 -0.0539
vn -0.8370 -0.5470 0.0153
vn -0.9096 -0.3331 -0.2483
vn -0.8088 0.5879 -0.0164
vn -0.6621 -0.7390 -0.1245
vn -0.8810 0.3513 -0.3168
vn -0.8827 0.4697 -0.0131
vn -0.4975 -0.8671 0.0242
vn -0.9651 0.2617 -0.0073
vn -0.9422 0.1259 -0.3105
vn -0.9992 0.0406 -0.0011
vn -0.4457 0.8948 -0.0250
vn -0.2954 0.9345 -0.1987
vn -0.6595 0.7514 -0.0209
vn -0.9951 -0.0987 0.0028
vn -0.9531 0.0365 0.3004
vn -0.9891 0.1472 -0.0041
vn -0.2954 0.9441 0.1463
vn -0.3218 0.9464 -0.0264
vn -0.4143 0.8921 0.1806
vn -0.9490 -0.3152 0.0088
vn -0.9510 -0.1026 0.2918
vn -0.7647 0.5839 0.2726
vn -0.8056 -0.5498 0.2208
vn -0.6621 -0.7309 0.1655
vn -0.6843 -0.7289 0.0203
vn -0.9279 0.3726 -0.0104
vn -0.8367 0.4656 0.2884
vn -0.9179 0.2575 0.3020
vn -0.4855 -0.8682 0.1024
vn -0.6365 0.5565 0.5340
vn -0.5977 -0.7447 0.2968
vn -0.8810 0.3685 0.2968
vn -0.7030 0.4369 0.5611
vn -0.4509 -0.8756 0.1732
vn -0.7808 0.2281 0.5817
vn -0.9422 0.1431 0.3030
vn -0.8195 0.0079 0.5731
vn -0.2188 0.9277 0.3025
vn -0.5059 0.7234 0.4698
vn -0.6201 0.7479 0.2368
vn -0.9096 -0.3187 0.2665
vn -0.8229 -0.1301 0.5532
vn -0.7145 -0.5694 0.4066
vn -0.6113 -0.0426 0.7902
vn -0.8060 0.1138 0.5808
vn -0.1813 0.8381 0.5144
vn -0.3232 0.8725 0.3664
vn -0.3280 0.6803 0.6555
vn -0.6175 -0.3863 0.6852
vn -0.7954 -0.3432 0.4996
vn -0.4370 0.5081 0.7422
vn -0.5726 -0.6037 0.5546
vn -0.7449 0.3393 0.5745
vn -0.4949 0.3865 0.7783
vn -0.3968 -0.8887 0.2296
vn -0.5673 0.1764 0.8044
vn -0.4975 -0.7690 0.4014
vn -0.3938 -0.6496 0.6503
vn -0.5328 0.2879 0.7958
vn -0.2325 0.3192 0.9187
vn -0.3288 -0.9062 0.2660
vn -0.2982 0.1074 0.9484
vn -0.5940 0.0625 0.8021
vn -0.3490 -0.1099 0.9307
vn -0.0025 0.7923 0.6101
vn -0.0996 0.8988 0.4269
vn -0.6233 -0.1784 0.7613
vn -0.3933 -0.4438 0.8052
vn -0.1038 0.6228 0.7755
vn -0.3719 -0.2429 0.8959
vn -0.1856 0.4436 0.8768
vn -0.3712 -0.8014 0.4690
vn -0.2656 0.2193 0.9388
vn -0.3268 -0.0061 0.9451
vn 0.0506 0.8603 0.5073
vn -0.2190 -0.5360 -0.8153
vn -0.1200 -0.7551 -0.6445
vn -0.2587 -0.7084 -0.6567
vn 0.0652 0.4383 -0.8965
vn 0.3277 0.2457 -0.9123
vn 0.0342 0.3446 -0.9381
vn -0.2087 -0.8635 -0.4591
vn -0.2835 -0.8383 -0.4656
vn 0.2955 0.1381 -0.9453
vn -0.2930 -0.9287 -0.2273
vn 0.2592 0.0287 -0.9654
vn -0.0342 0.1276 -0.9912
vn 0.2229 -0.0719 -0.9722
vn -0.0652 0.0252 -0.9976
vn 0.2190 0.8520 -0.4756
vn 0.4081 0.8475 -0.3394
vn 0.4153 0.7858 -0.4583
vn -0.1043 -0.1083 -0.9886
vn 0.1719 -0.2014 -0.9643
vn 0.4082 0.6285 -0.6621
vn 0.1620 0.7115 -0.6838
vn -0.1620 -0.3153 -0.9351
vn 0.0842 -0.3983 -0.9134
vn 0.1043 0.5526 -0.8269
vn 0.3804 0.4595 -0.8026
vn -0.0226 -0.6022 -0.7980
vn 0.3532 0.3412 -0.8711
vn 0.1545 -0.6774 -0.7192
vn 0.6131 0.2309 -0.7555
vn 0.0051 -0.8082 -0.5888
vn 0.5924 0.1333 -0.7946
vn -0.1413 -0.8922 -0.4291
vn 0.5620 0.0250 -0.8268
vn 0.9093 -0.3441 0.2339
vn 0.7735 -0.3700 0.5146
vn 0.5239 -0.0837 -0.8477
vn 0.4828 -0.1822 -0.8566
vn 0.5924 0.7106 -0.3796
vn 0.4209 -0.3071 -0.8535
vn 0.6303 0.5342 -0.5633
vn 0.3063 -0.4926 -0.8146
vn 0.6295 0.3538 -0.6918
vn 0.7340 -0.1984 -0.6495
vn 0.6890 -0.2948 -0.6621
vn 0.5569 0.7844 -0.2732
vn 0.7330 0.6338 -0.2470
vn 0.6186 -0.4151 -0.6671
vn 0.8066 0.4379 -0.3971
vn 0.4826 -0.5889 -0.6484
vn 0.8271 0.2458 -0.5054
vn 0.2950 -0.7542 -0.5867
vn 0.8193 0.1183 -0.5610
vn 0.1044 -0.8625 -0.4952
vn 0.8024 0.0186 -0.5964
vn -0.0878 -0.9214 -0.3786
vn 0.7735 -0.0905 -0.6273
vn 0.9541 0.1461 -0.2616
vn 0.9517 0.0142 -0.3067
vn 0.3853 -0.8251 -0.4133
vn 0.1682 -0.9126 -0.3727
vn 0.9373 -0.0874 -0.3373
vn -0.0534 -0.9484 -0.3126
vn 0.9093 -0.1972 -0.3664
vn 0.8689 -0.3044 -0.3904
vn -0.7735 0.3700 -0.5146
vn -0.5620 0.3596 -0.7449
vn 0.8214 -0.3988 -0.4078
vn 0.7509 0.6603 -0.0161
vn 0.8232 0.5629 -0.0736
vn 0.7455 -0.5148 -0.4233
vn 0.9197 0.3490 -0.1797
vn 0.5957 -0.6778 -0.4310
vn 0.8670 -0.4840 -0.1184
vn 0.7770 0.6115 0.1496
vn 0.8543 0.5049 0.1235
vn 0.7893 -0.5964 -0.1460
vn 0.9587 0.2762 0.0676
vn 0.6347 -0.7506 -0.1837
vn 0.9978 0.0645 0.0158
vn 0.4164 -0.8831 -0.2161
vn 0.9973 -0.0710 -0.0174
vn 0.1902 -0.9536 -0.2334
vn 0.9838 -0.1742 -0.0426
vn -0.0416 -0.9705 -0.2375
vn 0.9561 -0.2846 -0.0697
vn 0.9153 -0.3912 -0.0957
vn 0.1682 -0.9816 -0.0908
vn 0.9517 -0.1290 0.2786
vn 0.9373 -0.2333 0.2589
vn -0.0534 -0.9856 -0.1607
vn 0.8689 -0.4503 0.2058
vn 0.8214 -0.5421 0.1775
vn 0.7509 0.5782 0.3192
vn 0.8232 0.4653 0.3253
vn 0.7455 -0.6521 0.1377
vn 0.9197 0.2266 0.3206
vn 0.5957 -0.8002 0.0693
vn 0.9541 0.0088 0.2995
vn 0.3853 -0.9227 -0.0144
vn 0.7330 0.4481 0.5118
vn 0.6186 -0.6762 0.4000
vn 0.8066 0.2051 0.5544
vn 0.4826 -0.8217 0.3032
vn 0.8271 -0.0153 0.5618
vn 0.2950 -0.9399 0.1721
vn 0.8193 -0.1542 0.5522
vn 0.1044 -0.9937 0.0409
vn 0.8024 -0.2590 0.5376
vn -0.0878 -0.9921 -0.0897
vn 0.5620 -0.3596 0.7449
vn 0.7340 -0.4759 0.4845
vn 0.6890 -0.5672 0.4512
vn 0.6131 -0.1441 0.7768
vn 0.5924 -0.2486 0.7663
vn 0.0051 -0.9888 0.1491
vn -0.1413 -0.9895 -0.0314
vn 0.5239 -0.4656 0.7132
vn 0.4828 -0.5571 0.6757
vn 0.5569 0.5696 0.6045
vn 0.5924 0.4550 0.6648
vn 0.4209 -0.6665 0.6153
vn 0.6303 0.2137 0.7464
vn 0.3063 -0.8131 0.4951
vn 0.6295 -0.0056 0.7770
vn 0.1545 -0.9330 0.3252
vn 0.2229 -0.5127 0.8291
vn 0.1719 -0.6239 0.7624
vn 0.4082 0.2517 0.8775
vn 0.0842 -0.7751 0.6262
vn 0.3804 0.0370 0.9241
vn -0.0226 -0.9027 0.4297
vn 0.3532 -0.0996 0.9302
vn -0.1200 -0.9674 0.2229
vn 0.3277 -0.2034 0.9226
vn -0.2087 -0.9779 0.0084
vn 0.2955 -0.3140 0.9023
vn 0.2592 -0.4204 0.8695
vn 0.4153 0.4853 0.7694
vn -0.2587 -0.9316 0.2554
vn -0.2835 -0.9586 0.0259
vn -0.0342 -0.3446 0.9381
vn -0.0652 -0.4383 0.8965
vn 0.2431 0.6377 0.7310
vn 0.2190 0.5361 0.8153
vn -0.1043 -0.5526 0.8269
vn 0.1620 0.3153 0.9351
vn -0.1620 -0.7115 0.6838
vn 0.1043 0.1083 0.9886
vn -0.2190 -0.8520 0.4756
vn 0.0652 -0.0252 0.9976
vn 0.0342 -0.1276 0.9912
vn -0.3804 -0.4595 0.8026
vn -0.4082 -0.6285 0.6621
vn -0.1719 0.2014 0.9643
vn -0.4153 -0.7858 0.4583
vn -0.2229 0.0719 0.9722
vn -0.3974 -0.8848 0.2432
vn -0.2592 -0.0287 0.9654
vn -0.3582 -0.9334 0.0193
vn -0.2955 -0.1381 0.9453
vn -0.3277 -0.2457 0.9123
vn -0.3532 -0.3412 0.8711
vn 0.0226 0.6022 0.7980
vn -0.0842 0.3983 0.9134
vn -0.4257 -0.9048 -0.0107
vn -0.5620 -0.0250 0.8268
vn -0.5924 -0.1333 0.7946
vn -0.6131 -0.2309 0.7555
vn -0.0708 0.7564 0.6502
vn -0.1545 0.6774 0.7192
vn -0.6295 -0.3538 0.6918
vn -0.3063 0.4926 0.8146
vn -0.6303 -0.5342 0.5633
vn -0.4209 0.3071 0.8535
vn -0.5924 -0.7106 0.3796
vn -0.4827 0.1822 0.8566
vn -0.5226 -0.8317 0.1875
vn -0.5239 0.0837 0.8477
vn -0.6186 0.4151 0.6671
vn -0.8066 -0.4379 0.3971
vn -0.7330 -0.6338 0.2470
vn -0.6890 0.2948 0.6621
vn -0.6219 -0.7775 0.0938
vn -0.7340 0.1984 0.6495
vn -0.4792 -0.8756 -0.0612
vn -0.7735 0.0905 0.6273
vn -0.8024 -0.0186 0.5964
vn -0.8193 -0.1183 0.5610
vn -0.2950 0.7542 0.5867
vn -0.8271 -0.2458 0.5054
vn -0.4826 0.5889 0.6484
vn -0.9093 0.1972 0.3664
vn -0.9373 0.0874 0.3373
vn -0.9517 -0.0142 0.3067
vn -0.1889 0.8210 0.5388
vn -0.3853 0.8251 0.4133
vn -0.9541 -0.1461 0.2616
vn -0.5957 0.6778 0.4310
vn -0.9197 -0.3490 0.1797
vn -0.7455 0.5148 0.4233
vn -0.8232 -0.5629 0.0736
vn -0.8214 0.3988 0.4078
vn -0.6856 -0.7274 -0.0286
vn -0.8689 0.3044 0.3904
vn -0.5136 -0.8486 -0.1272
vn -0.9561 0.2846 0.0697
vn -0.9093 0.3441 -0.2339
vn -0.9587 -0.2762 -0.0676
vn -0.8543 -0.5049 -0.1235
vn -0.7893 0.5964 0.1460
vn -0.8670 0.4840 0.1184
vn -0.7076 -0.6864 -0.1680
vn -0.9153 0.3912 0.0957
vn -0.5254 -0.8265 -0.2022
vn -0.9838 0.1742 0.0426
vn -0.9973 0.0710 0.0174
vn -0.2647 0.8805 0.3931
vn -0.4164 0.8831 0.2161
vn -0.9978 -0.0645 -0.0158
vn -0.6347 0.7506 0.1837
vn -0.9517 0.1290 -0.2786
vn -0.2647 0.9626 0.0579
vn -0.3853 0.9227 0.0144
vn -0.9541 -0.0088 -0.2995
vn -0.5957 0.8002 -0.0693
vn -0.9197 -0.2266 -0.3206
vn -0.7455 0.6521 -0.1377
vn -0.8232 -0.4653 -0.3253
vn -0.8214 0.5421 -0.1775
vn -0.6856 -0.6584 -0.3105
vn -0.8689 0.4503 -0.2058
vn -0.5136 -0.8114 -0.2791
vn -0.9373 0.2333 -0.2589
vn -0.6890 0.5672 -0.4512
vn -0.6219 -0.6463 -0.4423
vn -0.7340 0.4759 -0.4845
vn -0.4792 -0.8049 -0.3501
vn -0.8024 0.2590 -0.5376
vn -0.8193 0.1542 -0.5522
vn -0.2950 0.9399 -0.1721
vn -0.8271 0.0153 -0.5618
vn -0.4826 0.8217 -0.3032
vn -0.8066 -0.2051 -0.5544
vn -0.6186 0.6762 -0.4000
vn -0.7330 -0.4481 -0.5118
vn -0.6131 0.1441 -0.7768
vn -0.0708 0.9712 -0.2274
vn -0.1545 0.9330 -0.3251
vn -0.6295 0.0056 -0.7770
vn -0.3063 0.8131 -0.4951
vn -0.6303 -0.2137 -0.7464
vn -0.4209 0.6665 -0.6153
vn -0.5924 -0.4550 -0.6648
vn -0.4828 0.5571 -0.6757
vn -0.5226 -0.6512 -0.5504
vn -0.5239 0.4656 -0.7132
vn -0.4257 -0.8075 -0.4084
vn -0.5924 0.2486 -0.7663
vn -0.4153 -0.4853 -0.7694
vn -0.3974 -0.6726 -0.6243
vn -0.2229 0.5127 -0.8291
vn -0.2592 0.4204 -0.8695
vn -0.3582 -0.8190 -0.4482
vn -0.2955 0.3140 -0.9023
vn -0.3277 0.2034 -0.9226
vn -0.3532 0.0996 -0.9302
vn 0.0226 0.9027 -0.4297
vn -0.3804 -0.0370 -0.9241
vn -0.0842 0.7751 -0.6262
vn -0.4082 -0.2517 -0.8775
vn -0.1719 0.6239 -0.7624
vn 0.2431 0.9031 -0.3539
vn 0.2533 0.9404 0.2269
vn 0.3288 0.9196 0.2151
vn 0.2618 0.9647 -0.0269
vn 0.2446 0.9112 0.3316
vn 0.3968 0.9001 0.1797
vn 0.3510 0.8818 0.3150
vn 0.5232 0.8315 0.1867
vn 0.4470 0.8544 0.2650
vn 0.4509 0.8839 0.1241
vn 0.4855 0.8725 0.0539
vn 0.4975 0.8671 -0.0242
vn 0.5890 0.8078 -0.0225
vn 0.5722 0.8155 0.0876
vn 0.4855 0.8682 -0.1024
vn 0.4509 0.8756 -0.1732
vn 0.5232 0.8198 -0.2327
vn 0.5722 0.8093 -0.1329
vn 0.3968 0.8887 -0.2296
vn 0.3288 0.9062 -0.2660
vn 0.4470 0.8383 -0.3122
vn 0.2533 0.9263 -0.2790
vn 0.3510 0.8629 -0.3636
vn 0.1778 0.9471 -0.2671
vn 0.2446 0.8913 -0.3819
vn 0.1098 0.9666 -0.2317
vn 0.1381 0.9206 -0.3652
vn 0.0557 0.9828 -0.1762
vn 0.0421 0.9481 -0.3153
vn -0.0341 0.9709 -0.2369
vn 0.0210 0.9942 -0.1059
vn 0.0091 0.9996 -0.0279
vn -0.0830 0.9870 -0.1378
vn -0.0830 0.9931 0.0826
vn -0.0999 0.9946 -0.0277
vn 0.0210 0.9985 0.0504
vn 0.0557 0.9911 0.1211
vn -0.0341 0.9826 0.1825
vn 0.1098 0.9780 0.1775
vn 0.1778 0.9605 0.2140
vn 0.1381 0.9395 0.3134
vn 0.0421 0.9642 0.2620
vn 0.2835 0.9586 -0.0259
vn 0.2930 0.9287 0.2273
vn 0.3582 0.9334 -0.0193
vn 0.2737 0.9524 -0.1344
vn 0.3792 0.9168 -0.1251
vn 0.4257 0.9048 0.0107
vn 0.4743 0.8765 -0.0828
vn 0.5498 0.8352 -0.0116
vn 0.4792 0.8756 0.0612
vn 0.5136 0.8486 0.1272
vn 0.5982 0.7972 0.0815
vn 0.5254 0.8265 0.2022
vn 0.6149 0.7660 0.1874
vn 0.5136 0.8114 0.2791
vn 0.5983 0.7447 0.2958
vn 0.4792 0.8049 0.3501
vn 0.5498 0.7355 0.3959
vn 0.4257 0.8075 0.4083
vn 0.4743 0.7392 0.4781
vn 0.3582 0.8190 0.4482
vn 0.3792 0.7555 0.5343
vn 0.2835 0.8383 0.4656
vn 0.2737 0.7827 0.5590
vn 0.2087 0.8635 0.4591
vn 0.1683 0.8183 0.5497
vn 0.1413 0.8922 0.4291
vn 0.0732 0.8586 0.5074
vn 0.0878 0.9214 0.3786
vn -0.0023 0.8999 0.4362
vn 0.0534 0.9484 0.3126
vn -0.0508 0.9379 0.3431
vn 0.0416 0.9705 0.2375
vn -0.0675 0.9691 0.2372
vn -0.0508 0.9904 0.1288
vn 0.0534 0.9856 0.1607
vn 0.0878 0.9921 0.0897
vn -0.0023 0.9996 0.0286
vn 0.1413 0.9895 0.0314
vn 0.0732 0.9959 -0.0535
vn 0.2087 0.9779 -0.0084
vn 0.1683 0.9796 -0.1097
vn -0.9606 0.2779 -0.0078
vn -0.9606 0.2741 0.0466
vn -0.8337 0.5519 -0.0154
vn -0.8337 0.5443 0.0926
vn -0.7355 0.6773 -0.0189
vn -0.7355 0.6680 0.1136
vn -0.7355 0.6330 0.2418
vn -0.9606 0.2597 0.0992
vn -0.8337 0.5158 0.1970
vn -0.9606 0.2354 0.1480
vn -0.8337 0.4675 0.2938
vn -0.7355 0.5737 0.3606
vn -0.9606 0.2020 0.1911
vn -0.8337 0.4012 0.3794
vn -0.7355 0.4923 0.4656
vn -0.9606 0.1609 0.2268
vn -0.8337 0.3194 0.4504
vn -0.7355 0.3920 0.5527
vn -0.9606 0.1135 0.2538
vn -0.8337 0.2254 0.5040
vn -0.7355 0.2766 0.6185
vn -0.9606 0.0618 0.2711
vn -0.8337 0.1228 0.5383
vn -0.7355 0.1507 0.6606
vn -0.9606 0.0077 0.2779
vn -0.8337 0.0154 0.5519
vn -0.7355 0.0189 0.6773
vn -0.9606 -0.0466 0.2741
vn -0.8337 -0.0926 0.5443
vn -0.7355 -0.1136 0.6680
vn -0.9606 -0.0992 0.2597
vn -0.8337 -0.1970 0.5158
vn -0.7355 -0.2417 0.6330
vn -0.9606 -0.1480 0.2354
vn -0.8337 -0.2938 0.4675
vn -0.7355 -0.3606 0.5737
vn -0.9606 -0.1911 0.2020
vn -0.8337 -0.3794 0.4012
vn -0.7355 -0.4656 0.4923
vn -0.7355 -0.5527 0.3920
vn -0.9606 -0.2268 0.1609
vn -0.8337 -0.4504 0.3194
vn -0.9606 -0.2538 0.1135
vn -0.8337 -0.5040 0.2254
vn -0.7355 -0.6185 0.2766
vn -0.9606 -0.2711 0.0618
vn -0.8337 -0.5383 0.1228
vn -0.7355 -0.6606 0.1507
vn -0.9606 -0.2779 0.0077
vn -0.8337 -0.5519 0.0154
vn -0.7355 -0.6773 0.0189
vn -0.9606 -0.2741 -0.0466
vn -0.8337 -0.5443 -0.0926
vn -0.7355 -0.6680 -0.1136
vn -0.9606 -0.2597 -0.0992
vn -0.8337 -0.5158 -0.1970
vn -0.7355 -0.6330 -0.2417
vn -0.9606 -0.2354 -0.1480
vn -0.8337 -0.4675 -0.2938
vn -0.7355 -0.5737 -0.3606
vn -0.9606 -0.2020 -0.1911
vn -0.8337 -0.4012 -0.3794
vn -0.7355 -0.4923 -0.4656
vn -0.9606 -0.1609 -0.2268
vn -0.8337 -0.3194 -0.4504
vn -0.7355 -0.3920 -0.5527
vn -0.9606 -0.1135 -0.2538
vn -0.8337 -0.2254 -0.5040
vn -0.7355 -0.2766 -0.6185
vn -0.9606 -0.0618 -0.2711
vn -0.8337 -0.1228 -0.5383
vn -0.7355 -0.1507 -0.6606
vn -0.8337 -0.0154 -0.5519
vn -0.7355 -0.0189 -0.6773
vn -0.9606 -0.0077 -0.2779
vn -0.9606 0.0466 -0.2741
vn -0.8337 0.0926 -0.5443
vn -0.7355 0.1136 -0.6680
vn -0.7355 0.2417 -0.6330
vn -0.9606 0.0992 -0.2597
vn -0.8337 0.1970 -0.5158
vn -0.9606 0.1480 -0.2354
vn -0.8337 0.2938 -0.4675
vn -0.7355 0.3606 -0.5737
vn -0.9606 0.1911 -0.2020
vn -0.8337 0.3794 -0.4012
vn -0.7355 0.4656 -0.4923
vn -0.9606 0.2268 -0.1609
vn -0.8337 0.4504 -0.3194
vn -0.7355 0.5527 -0.3920
vn -0.9606 0.2538 -0.1135
vn -0.8337 0.5040 -0.2254
vn -0.7355 0.6185 -0.2766
vn -0.9606 0.2711 -0.0618
vn -0.8337 0.5383 -0.1228
vn -0.7355 0.6606 -0.1507
vn -0.9982 -0.0502 -0.0315
vn -0.9942 -0.1008 -0.0385
vn -0.9982 -0.0554 -0.0211
vn -0.5548 -0.4813 -0.6786
vn -0.5548 -0.6045 -0.5717
vn -0.9982 -0.0315 0.0502
vn -0.9942 -0.0385 0.1008
vn -0.9982 -0.0211 0.0554
vn -0.9982 0.0483 -0.0343
vn -0.9942 0.0985 -0.0440
vn -0.9942 0.0880 -0.0624
vn -0.9982 0.0502 0.0315
vn -0.9942 0.1008 0.0385
vn -0.9982 0.0554 0.0211
vn -0.9982 0.0315 -0.0502
vn -0.9942 0.0385 -0.1008
vn -0.9982 0.0211 -0.0554
vn -0.9982 0.0592 -0.0017
vn -0.9942 0.1052 -0.0240
vn -0.9982 0.0578 -0.0132
vn -0.9982 -0.0592 0.0017
vn -0.9942 -0.1063 -0.0181
vn -0.9942 -0.1078 0.0030
vn -0.9982 -0.0541 0.0242
vn -0.9942 -0.0880 0.0624
vn -0.9982 -0.0483 0.0343
vn -0.9982 0.0242 0.0541
vn -0.9942 0.0624 0.0880
vn -0.9982 0.0343 0.0483
vn -0.9982 -0.0343 -0.0483
vn -0.9942 -0.0440 -0.0985
vn -0.9942 -0.0624 -0.0880
vn -0.9942 0.0784 0.0741
vn -0.9942 0.0913 0.0574
vn -0.9982 -0.0099 0.0584
vn -0.9942 0.0030 0.1078
vn -0.9982 0.0017 0.0592
vn -0.9942 0.0741 -0.0784
vn -0.9942 0.0574 -0.0913
vn -0.9942 0.1063 0.0181
vn -0.9942 0.1078 -0.0030
vn -0.9982 0.0099 -0.0584
vn -0.9942 -0.0030 -0.1078
vn -0.9982 -0.0017 -0.0592
vn -0.9942 -0.1052 0.0240
vn -0.9942 -0.0985 0.0440
vn -0.9942 -0.0741 0.0784
vn -0.9942 -0.0574 0.0913
vn -0.9942 -0.0784 -0.0741
vn -0.9942 -0.0913 -0.0574
vn -0.9982 0.0584 0.0099
vn -0.9942 0.0240 0.1052
vn -0.9942 0.0440 0.0985
vn -0.9942 0.0181 -0.1063
vn -0.9982 0.0541 -0.0242
vn -0.9982 -0.0132 -0.0578
vn -0.9982 -0.0242 -0.0541
vn -0.9982 -0.0407 0.0431
vn -0.9982 -0.0584 -0.0099
vn -0.9942 -0.0181 0.1063
vn -0.9982 0.0431 0.0407
vn -0.9942 -0.0240 -0.1052
vn -0.9982 0.0407 -0.0431
vn -0.9982 -0.0431 -0.0407
vn -0.9982 -0.0578 0.0132
vn -0.9982 0.0132 0.0578
vn -0.5548 0.3397 0.7595
vn -0.5548 0.1850 0.8111
vn -0.5548 -0.7044 -0.4428
vn -0.5548 0.4813 0.6786
vn -0.5548 -0.7772 -0.2968
vn -0.5548 0.6045 0.5717
vn -0.5548 -0.8202 -0.1395
vn -0.5548 0.8316 -0.0232
vn -0.5548 0.8111 -0.1850
vn -0.5548 0.7044 0.4428
vn -0.5548 -0.8316 0.0232
vn -0.5548 0.7595 -0.3397
vn -0.5548 0.6786 -0.4813
vn -0.5548 0.7772 0.2968
vn -0.5548 -0.8111 0.1850
vn -0.5548 0.5717 -0.6045
vn -0.5548 0.8202 0.1395
vn -0.5548 -0.7595 0.3397
vn -0.5548 0.4428 -0.7044
vn -0.5548 -0.6786 0.4813
vn -0.5548 0.2968 -0.7772
vn -0.5548 -0.5717 0.6045
vn -0.5548 0.1395 -0.8202
vn -0.5548 -0.4428 0.7044
vn -0.5548 -0.0232 -0.8316
vn -0.5548 -0.2968 0.7772
vn -0.5548 -0.1850 -0.8111
vn -0.5548 -0.1395 0.8202
vn -0.5548 -0.3397 -0.7595
vn -0.5548 0.0232 0.8316
vn -1.0000 0.0009 0.0039
vn -1.0000 -0.0040 0.0001
vn -1.0000 -0.0039 0.0009
vn -1.0000 -0.0023 -0.0033
vn -1.0000 -0.0029 -0.0028
vn -1.0000 0.0033 -0.0023
vn -1.0000 0.0028 -0.0029
vn -1.0000 -0.0009 -0.0039
vn -1.0000 0.0029 0.0028
vn -1.0000 -0.0007 0.0040
vn -1.0000 -0.0038 -0.0014
vn -1.0000 -0.0040 -0.0007
vn -1.0000 -0.0033 0.0023
vn -1.0000 -0.0028 0.0029
vn -1.0000 -0.0016 -0.0037
vn -1.0000 0.0037 -0.0016
vn -1.0000 0.0007 -0.0040
vn -1.0000 0.0016 0.0037
vn -1.0000 0.0040 0.0007
vn -1.0000 -0.0034 -0.0022
vn -1.0000 -0.0021 0.0034
vn -1.0000 -0.0037 0.0016
vn -1.0000 -0.0001 -0.0040
vn -1.0000 0.0040 -0.0001
vn -1.0000 0.0021 -0.0034
vn -1.0000 0.0001 0.0040
vn -1.0000 0.0034 0.0021
vn -1.0000 0.0023 0.0033
vn -1.0000 0.0039 -0.0009
vn -1.0000 0.0014 -0.0038
vn -1.0000 0.0038 0.0014
vn -1.0000 -0.0014 0.0038
vn -0.5422 0.1868 0.8192
vn -0.5422 0.0234 0.8399
vn -0.5422 -0.4861 -0.6853
vn -0.5422 -0.6105 -0.5773
vn -0.5422 0.3430 0.7670
vn -0.5422 -0.7114 -0.4471
vn -0.5422 0.4861 0.6853
vn -0.5422 -0.7849 -0.2998
vn -0.5422 0.6105 0.5773
vn -0.5422 -0.8283 -0.1409
vn -0.5422 0.8399 -0.0234
vn -0.5422 0.8192 -0.1868
vn -0.5422 0.7114 0.4471
vn -0.5422 -0.8399 0.0234
vn -0.5422 0.7670 -0.3430
vn -0.5422 0.6853 -0.4861
vn -0.5422 0.7849 0.2998
vn -0.5422 -0.8192 0.1868
vn -0.5422 0.5773 -0.6105
vn -0.5422 0.8283 0.1409
vn -0.5422 -0.7670 0.3430
vn -0.5422 0.4471 -0.7114
vn -0.5422 -0.6853 0.4861
vn -0.5422 0.2998 -0.7849
vn -0.5422 -0.5773 0.6105
vn -0.5422 0.1409 -0.8283
vn -0.5422 -0.4471 0.7114
vn -0.5422 -0.0234 -0.8399
vn -0.5422 -0.2998 0.7849
vn -0.5422 -0.1868 -0.8192
vn -0.5422 -0.1409 0.8283
vn -0.5422 -0.3430 -0.7670
vn 0.9606 0.2779 -0.0078
vn 0.9606 0.2741 0.0466
vn 0.8337 0.5519 -0.0154
vn 0.7355 0.6773 -0.0189
vn 0.8337 0.5443 0.0926
vn 0.7355 0.6330 0.2418
vn 0.7355 0.6680 0.1136
vn 0.9606 0.2597 0.0992
vn 0.9606 0.2354 0.1480
vn 0.8337 0.4675 0.2938
vn 0.8337 0.5158 0.1970
vn 0.7355 0.5737 0.3606
vn 0.9606 0.2020 0.1911
vn 0.8337 0.4012 0.3794
vn 0.9606 0.1609 0.2268
vn 0.7355 0.3920 0.5527
vn 0.7355 0.4923 0.4656
vn 0.9606 0.1135 0.2538
vn 0.8337 0.2254 0.5040
vn 0.8337 0.3194 0.4504
vn 0.9606 0.0618 0.2711
vn 0.8337 0.1228 0.5383
vn 0.7355 0.1507 0.6606
vn 0.7355 0.2766 0.6185
vn 0.9606 0.0077 0.2779
vn 0.8337 0.0154 0.5519
vn 0.9606 -0.0466 0.2741
vn 0.7355 0.0189 0.6773
vn 0.8337 -0.0926 0.5443
vn 0.9606 -0.0992 0.2597
vn 0.8337 -0.1970 0.5158
vn 0.7355 -0.2417 0.6330
vn 0.7355 -0.1136 0.6680
vn 0.9606 -0.1480 0.2354
vn 0.8337 -0.2938 0.4675
vn 0.9606 -0.1911 0.2020
vn 0.8337 -0.3794 0.4012
vn 0.7355 -0.4656 0.4923
vn 0.7355 -0.3606 0.5737
vn 0.7355 -0.5527 0.3920
vn 0.9606 -0.2268 0.1609
vn 0.8337 -0.4504 0.3194
vn 0.9606 -0.2538 0.1135
vn 0.8337 -0.5040 0.2254
vn 0.9606 -0.2711 0.0618
vn 0.8337 -0.5383 0.1228
vn 0.7355 -0.6606 0.1507
vn 0.7355 -0.6185 0.2766
vn 0.9606 -0.2779 0.0077
vn 0.8337 -0.5519 0.0154
vn 0.9606 -0.2741 -0.0466
vn 0.8337 -0.5443 -0.0926
vn 0.7355 -0.6680 -0.1136
vn 0.7355 -0.6773 0.0189
vn 0.9606 -0.2597 -0.0992
vn 0.8337 -0.5158 -0.1970
vn 0.9606 -0.2354 -0.1480
vn 0.8337 -0.4675 -0.2938
vn 0.7355 -0.6330 -0.2417
vn 0.9606 -0.2020 -0.1911
vn 0.8337 -0.4012 -0.3794
vn 0.7355 -0.4923 -0.4656
vn 0.7355 -0.5737 -0.3606
vn 0.9606 -0.1609 -0.2268
vn 0.7355 -0.3920 -0.5527
vn 0.8337 -0.3194 -0.4504
vn 0.9606 -0.1135 -0.2538
vn 0.7355 -0.2766 -0.6185
vn 0.9606 -0.0618 -0.2711
vn 0.8337 -0.1228 -0.5383
vn 0.8337 -0.2254 -0.5040
vn 0.7355 -0.1507 -0.6606
vn 0.8337 -0.0154 -0.5519
vn 0.9606 -0.0077 -0.2779
vn 0.9606 0.0466 -0.2741
vn 0.8337 0.0926 -0.5443
vn 0.7355 0.1136 -0.6680
vn 0.7355 -0.0189 -0.6773
vn 0.7355 0.2417 -0.6330
vn 0.9606 0.0992 -0.2598
vn 0.9606 0.1480 -0.2354
vn 0.8337 0.2938 -0.4675
vn 0.8337 0.1970 -0.5158
vn 0.9606 0.1911 -0.2020
vn 0.8337 0.3794 -0.4012
vn 0.7355 0.4656 -0.4923
vn 0.7355 0.3606 -0.5737
vn 0.9606 0.2268 -0.1609
vn 0.8337 0.4504 -0.3194
vn 0.9606 0.2538 -0.1135
vn 0.7355 0.6185 -0.2766
vn 0.7355 0.5527 -0.3920
vn 0.9606 0.2711 -0.0618
vn 0.8337 0.5040 -0.2254
vn 0.7355 0.6606 -0.1507
vn 0.8337 0.5383 -0.1228
vn 0.9942 -0.1008 -0.0385
vn 0.9982 -0.0502 -0.0315
vn 0.9982 -0.0554 -0.0211
vn 0.5548 -0.6045 -0.5717
vn 0.5548 -0.4813 -0.6786
vn 0.9942 -0.0385 0.1008
vn 0.9982 -0.0315 0.0502
vn 0.9982 -0.0211 0.0554
vn 0.9982 0.0483 -0.0343
vn 0.9942 0.0985 -0.0440
vn 0.9982 0.0541 -0.0242
vn 0.9942 0.1008 0.0385
vn 0.9982 0.0502 0.0315
vn 0.9982 0.0554 0.0211
vn 0.9942 0.0385 -0.1008
vn 0.9982 0.0315 -0.0502
vn 0.9982 0.0211 -0.0554
vn 0.9942 0.1052 -0.0240
vn 0.9982 0.0592 -0.0017
vn 0.9982 0.0578 -0.0132
vn 0.9982 -0.0592 0.0017
vn 0.9942 -0.1063 -0.0181
vn 0.9982 -0.0584 -0.0099
vn 0.9942 -0.0880 0.0624
vn 0.9982 -0.0541 0.0242
vn 0.9982 -0.0483 0.0343
vn 0.9942 0.0624 0.0880
vn 0.9982 0.0242 0.0541
vn 0.9982 0.0343 0.0483
vn 0.9982 -0.0343 -0.0483
vn 0.9942 -0.0440 -0.0985
vn 0.9982 -0.0242 -0.0541
vn 0.9942 0.0784 0.0741
vn 0.9982 0.0431 0.0407
vn 0.9942 0.0030 0.1078
vn 0.9982 -0.0099 0.0584
vn 0.9982 0.0017 0.0592
vn 0.9942 0.0741 -0.0784
vn 0.9982 0.0407 -0.0431
vn 0.9942 0.1063 0.0181
vn 0.9982 0.0584 0.0099
vn 0.9942 -0.0030 -0.1078
vn 0.9982 0.0099 -0.0584
vn 0.9982 -0.0017 -0.0592
vn 0.9942 -0.1052 0.0240
vn 0.9982 -0.0578 0.0132
vn 0.9942 -0.0741 0.0784
vn 0.9982 -0.0407 0.0431
vn 0.9942 -0.0784 -0.0741
vn 0.9982 -0.0431 -0.0407
vn 0.9942 0.0240 0.1052
vn 0.9982 0.0132 0.0578
vn 0.9982 -0.0132 -0.0578
vn 0.9942 0.0880 -0.0624
vn 0.9942 -0.0624 -0.0880
vn 0.5548 0.3397 0.7595
vn 0.5548 0.1850 0.8111
vn 0.5548 -0.7044 -0.4428
vn 0.5548 0.4813 0.6786
vn 0.5548 -0.7772 -0.2968
vn 0.5548 0.6045 0.5717
vn 0.5548 -0.8202 -0.1395
vn 0.5548 0.8111 -0.1850
vn 0.5548 0.8316 -0.0232
vn 0.5548 0.7044 0.4428
vn 0.5548 -0.8316 0.0232
vn 0.5548 0.6786 -0.4813
vn 0.5548 0.7595 -0.3397
vn 0.5548 0.7772 0.2968
vn 0.5548 -0.8111 0.1850
vn 0.5548 0.5717 -0.6045
vn 0.5548 0.8202 0.1395
vn 0.5548 -0.7595 0.3397
vn 0.5548 0.4428 -0.7044
vn 0.5548 -0.6786 0.4813
vn 0.5548 0.2968 -0.7772
vn 0.5548 -0.5717 0.6045
vn 0.5548 0.1395 -0.8202
vn 0.5548 -0.4428 0.7044
vn 0.5548 -0.0232 -0.8316
vn 0.5548 -0.2968 0.7772
vn 0.5548 -0.1850 -0.8111
vn 0.5548 -0.1395 0.8202
vn 0.5548 -0.3397 -0.7595
vn 0.5548 0.0232 0.8316
vn 1.0000 0.0009 0.0039
vn 1.0000 0.0001 0.0040
vn 1.0000 -0.0040 0.0001
vn 1.0000 -0.0039 0.0009
vn 1.0000 -0.0023 -0.0033
vn 1.0000 -0.0029 -0.0028
vn 1.0000 0.0033 -0.0023
vn 1.0000 0.0028 -0.0029
vn 1.0000 -0.0009 -0.0039
vn 1.0000 -0.0001 -0.0040
vn 1.0000 0.0029 0.0028
vn 1.0000 0.0023 0.0033
vn 1.0000 -0.0007 0.0040
vn 1.0000 -0.0014 0.0038
vn 1.0000 -0.0038 -0.0014
vn 1.0000 -0.0040 -0.0007
vn 1.0000 -0.0033 0.0023
vn 1.0000 -0.0028 0.0029
vn 1.0000 -0.0016 -0.0037
vn 1.0000 0.0037 -0.0016
vn 1.0000 0.0039 -0.0009
vn 1.0000 0.0007 -0.0040
vn 1.0000 0.0014 -0.0038
vn 1.0000 0.0016 0.0037
vn 1.0000 0.0040 0.0007
vn 1.0000 0.0038 0.0014
vn 1.0000 -0.0034 -0.0022
vn 1.0000 -0.0021 0.0034
vn 1.0000 -0.0037 0.0016
vn 1.0000 0.0040 -0.0001
vn 1.0000 0.0021 -0.0034
vn 1.0000 0.0034 0.0021
vn 0.5422 0.1868 0.8192
vn 0.5422 0.0234 0.8399
vn 0.5422 -0.6105 -0.5773
vn 0.5422 -0.4861 -0.6853
vn 0.5422 0.3430 0.7670
vn 0.5422 -0.7114 -0.4471
vn 0.5422 0.4861 0.6853
vn 0.5422 -0.7849 -0.2998
vn 0.5422 0.6105 0.5773
vn 0.5422 -0.8283 -0.1409
vn 0.5422 0.8192 -0.1868
vn 0.5422 0.8399 -0.0234
vn 0.5422 0.7114 0.4471
vn 0.5422 -0.8399 0.0234
vn 0.5422 0.6853 -0.4861
vn 0.5422 0.7670 -0.3430
vn 0.5422 0.7849 0.2998
vn 0.5422 -0.8192 0.1868
vn 0.5422 0.5773 -0.6105
vn 0.5422 0.8283 0.1409
vn 0.5422 -0.7670 0.3430
vn 0.5422 0.4471 -0.7114
vn 0.5422 -0.6853 0.4861
vn 0.5422 0.2998 -0.7849
vn 0.5422 -0.5773 0.6105
vn 0.5422 0.1409 -0.8283
vn 0.5422 -0.4471 0.7114
vn 0.5422 -0.0234 -0.8399
vn 0.5422 -0.2998 0.7849
vn 0.5422 -0.1868 -0.8192
vn 0.5422 -0.1409 0.8283
vn 0.5422 -0.3430 -0.7670
vn -0.8179 -0.0141 -0.5751
vn -0.7095 0.4492 -0.5430
vn -0.6495 0.3882 -0.6538
vn -0.6008 0.5802 -0.5500
vn -0.5362 0.4881 -0.6887
vn -0.4385 0.4114 -0.7990
vn -0.5888 0.3370 -0.7347
vn -0.7020 -0.0134 -0.7120
vn -0.7963 -0.4419 -0.4131
vn -0.8357 -0.5130 -0.1962
vn -0.8864 -0.3658 -0.2837
vn -0.9096 -0.2021 -0.3630
vn -0.6864 -0.4587 -0.5643
vn -0.5757 -0.6356 -0.5144
vn -0.7162 -0.5868 -0.3778
vn 0.6359 0.7702 -0.0499
vn 0.6384 0.7672 -0.0619
vn 0.6340 0.7716 -0.0520
vn 0.7475 0.3621 -0.5569
vn 0.7507 0.4007 -0.5253
vn 0.7426 0.4284 -0.5148
vn 0.2851 0.5710 -0.7699
vn 0.2795 0.5756 -0.7685
vn 0.3442 0.5190 -0.7824
vn 0.1888 0.9252 -0.3293
vn 0.1908 0.9208 -0.3403
vn 0.1920 0.9240 -0.3306
vn -0.6249 0.1933 0.7564
vn -0.4593 0.3310 0.8243
vn -0.4527 0.3392 0.8246
vn -0.6507 0.1665 0.7408
vn -0.8382 -0.5074 -0.1999
vn -0.8387 -0.5064 -0.2005
vn -0.0682 0.7423 0.6665
vn 0.0346 0.7337 0.6786
vn 0.0138 0.7934 0.6085
vn 0.6430 0.7624 -0.0722
vn 0.6408 0.7653 -0.0608
vn 0.6458 0.7601 -0.0717
vn 0.1910 0.9165 -0.3516
vn 0.1872 0.9218 -0.3395
vn 0.1863 0.9192 -0.3470
vn -0.1890 0.8335 0.5192
vn -0.7263 0.1967 0.6587
vn -0.6537 0.1629 0.7390
vn -0.7765 0.2761 0.5664
vn -0.7238 0.5301 0.4417
vn -0.9097 -0.2010 -0.3635
vn -0.8847 -0.3726 -0.2803
vn -0.8356 -0.5130 -0.1962
vn -0.2926 0.4556 0.8407
vn -0.2187 0.5090 0.8325
vn -0.1968 0.5594 0.8052
vn -0.1145 0.6260 0.7714
vn -0.1620 0.5461 0.8219
vn -0.1953 0.4971 0.8454
vn 0.6435 0.0157 -0.7653
vn 0.6291 -0.0317 -0.7766
vn 0.7250 0.2431 -0.6444
vn 0.7508 0.3349 -0.5693
vn 0.6356 0.7694 -0.0633
vn 0.6318 0.7732 -0.0548
vn 0.6346 0.7703 -0.0624
vn 0.6323 0.7726 -0.0574
vn -0.1959 0.5484 0.8130
vn -0.1767 0.6026 0.7782
vn -0.0535 0.6674 0.7428
vn -0.2764 0.7847 0.5548
vn -0.1846 0.6345 0.7505
vn -0.2765 0.6130 0.7401
vn 0.2034 -0.2844 -0.9369
vn 0.5033 -0.2514 -0.8267
vn 0.3701 -0.3835 -0.8461
vn 0.0802 -0.3997 -0.9131
vn -0.2009 -0.2214 -0.9543
vn 0.0801 -0.1704 -0.9821
vn 0.1788 -0.0101 -0.9838
vn 0.3554 -0.1333 -0.9252
vn 0.3909 -0.3695 -0.8430
vn 0.2861 -0.4456 -0.8483
vn 0.3781 -0.3771 -0.8455
vn 0.2410 -0.4712 -0.8485
vn 0.5541 -0.1611 -0.8167
vn -0.1248 0.6227 0.7725
vn -0.0308 0.6954 0.7179
vn 0.6369 0.7679 -0.0677
vn 0.6395 0.7654 -0.0721
vn -0.5722 0.7897 0.2212
vn -0.6924 0.6148 0.3777
vn -0.6551 0.7313 0.1901
vn -0.6010 0.5789 -0.5511
vn -0.7291 0.4209 -0.5396
vn -0.7952 0.3061 -0.5234
vn -0.7949 0.3065 -0.5237
vn -0.3367 0.5552 0.7605
vn -0.2009 0.6458 0.7366
vn -0.3919 0.5060 0.7683
vn -0.3936 0.4937 0.7754
vn -0.3474 0.5391 0.7673
vn -0.2435 0.6242 0.7423
vn -0.0797 0.7308 0.6779
vn 0.4778 -0.2604 -0.8390
vn 0.4939 -0.2371 -0.8366
vn 0.5325 -0.1766 -0.8278
vn 0.6475 0.7590 -0.0684
vn 0.6429 0.7637 -0.0584
vn 0.5243 -0.1994 -0.8278
vn 0.4005 -0.4564 -0.7946
vn 0.4150 -0.3900 -0.8220
vn 0.4071 -0.4011 -0.8206
vn 0.4537 -0.2929 -0.8416
vn 0.4083 -0.3851 -0.8276
vn 0.3670 -0.4916 -0.7897
vn 0.6382 0.7683 -0.0484
vn -0.0276 0.7408 0.6712
vn 0.1304 0.8190 0.5588
vn 0.0839 0.7968 0.5984
vn 0.2906 0.8468 0.4456
vn -0.3029 -0.3190 0.8981
vn -0.2668 -0.1922 0.9444
vn -0.1774 -0.2317 0.9565
vn 0.0166 -0.9170 0.3984
vn 0.2179 -0.8544 0.4717
vn -0.0793 -0.9308 0.3567
vn -0.3739 -0.4644 0.8028
vn -0.3505 -0.3141 0.8823
vn 0.2708 -0.9410 -0.2031
vn 0.3948 -0.8794 -0.2660
vn 0.2224 -0.9486 -0.2251
vn 0.0967 -0.9862 -0.1345
vn -0.8175 -0.5498 -0.1715
vn -0.8270 -0.5311 -0.1842
vn 0.1831 -0.4845 -0.8554
vn 0.3518 -0.5187 -0.7792
vn 0.2889 -0.5411 -0.7898
vn 0.4367 -0.6632 -0.6078
vn 0.0989 -0.8970 0.4308
vn 0.2234 -0.8521 0.4734
vn -0.4381 0.2538 0.8623
vn -0.5380 0.2604 0.8017
vn -0.4827 0.2171 0.8484
vn -0.8271 -0.5310 -0.1843
vn -0.3656 0.1144 0.9237
vn 0.6351 0.7707 -0.0510
vn 0.6356 0.7695 -0.0628
vn 0.6322 0.7729 -0.0552
vn -0.2310 0.5419 0.8081
vn -0.3105 0.4858 0.8171
vn -0.2387 0.5488 0.8011
vn -0.3203 0.5131 0.7963
vn -0.2265 0.5810 0.7817
vn 0.6398 0.7661 -0.0610
vn 0.4086 -0.3694 -0.8347
vn 0.2815 -0.4343 -0.8556
vn 0.4052 -0.3631 -0.8391
vn 0.4329 -0.3276 -0.8398
vn 0.4176 -0.3778 -0.8263
vn 0.4812 -0.5900 -0.6483
vn 0.4573 -0.2902 -0.8406
vn 0.4478 -0.3046 -0.8407
vn 0.6391 0.7659 -0.0707
vn 0.6444 0.7614 -0.0710
vn 0.4319 -0.3259 -0.8410
vn -0.3657 0.3982 0.8412
vn -0.3866 0.4043 0.8289
vn -0.4644 0.3204 0.8257
vn -0.3499 0.2078 0.9134
vn -0.4100 0.4343 0.8020
vn 0.3321 -0.7973 0.5040
vn 0.5160 -0.7827 -0.3481
vn 0.5196 -0.7961 -0.3103
vn 0.4558 -0.8705 -0.1859
vn -0.2261 -0.0606 0.9722
vn -0.2065 -0.0873 0.9745
vn -0.2922 0.5648 0.7717
vn -0.1650 0.6459 0.7454
vn 0.4311 -0.4104 -0.8036
vn 0.4209 -0.3856 -0.8211
vn 0.4369 -0.3152 -0.8425
vn 0.4250 -0.4332 -0.7948
vn 0.4538 -0.2991 -0.8394
vn 0.4655 -0.2784 -0.8401
vn -0.4203 0.4679 0.7774
vn -0.4370 0.4317 0.7891
vn -0.4280 0.4628 0.7763
vn 0.6343 0.7706 -0.0617
vn 0.6338 0.7711 -0.0605
vn -0.2642 0.5057 0.8213
vn -0.2030 0.5651 0.7996
vn -0.2902 0.4833 0.8260
vn -0.2442 -0.6147 -0.7500
vn 0.2053 -0.4703 -0.8583
vn 0.0437 -0.5371 -0.8424
vn -0.8374 -0.5092 -0.1987
vn -0.8387 -0.5064 -0.2006
vn -0.6810 -0.5956 -0.4261
vn -0.4894 -0.6348 -0.5979
vn 0.0380 -0.5422 -0.8394
vn 0.4009 -0.3646 -0.8405
vn 0.4796 -0.2752 -0.8333
vn 0.4427 -0.3167 -0.8389
vn 0.5251 -0.2089 -0.8250
vn 0.6350 0.7699 -0.0631
vn -0.3460 0.4140 0.8420
vn -0.4635 0.3243 0.8246
vn -0.5842 0.2287 0.7787
vn -0.5527 0.2535 0.7939
vn -0.8374 -0.5091 -0.1987
vn -0.8271 -0.5310 -0.1844
vn -0.5824 0.6306 0.5129
vn -0.7952 0.2076 0.5697
vn -0.5375 0.5635 0.6273
vn -0.6814 0.1889 0.7071
vn -0.4898 0.5042 0.7112
vn -0.3260 0.5452 0.7723
vn -0.4039 0.6362 0.6573
vn -0.4463 0.7330 0.5134
vn -0.8744 -0.2218 0.4316
vn -0.9305 -0.2937 0.2187
vn -0.8303 -0.3830 0.4048
vn -0.7040 -0.4555 0.5448
vn -0.7704 -0.2553 0.5842
vn -0.9293 0.0346 0.3677
vn -0.9452 -0.1342 0.2976
vn 0.7974 0.6033 0.0116
vn 0.7993 0.6004 0.0238
vn 0.8012 0.5980 0.0228
vn 0.4013 0.8687 0.2904
vn 0.4003 0.8728 0.2792
vn 0.4032 0.8710 0.2806
vn 0.4146 0.5308 0.7392
vn 0.4103 0.5365 0.7375
vn 0.3598 0.5986 0.7157
vn 0.8265 0.2439 0.5073
vn 0.8147 0.2089 0.5410
vn 0.8250 0.2722 0.4953
vn -0.5679 0.2911 -0.7699
vn -0.3754 0.3826 -0.8442
vn -0.5203 0.3148 -0.7939
vn -0.9319 -0.2863 0.2227
vn -0.9317 -0.2874 0.2220
vn -0.9317 -0.2874 0.2221
vn -0.5991 0.2719 -0.7531
vn -0.3670 0.3891 -0.8449
vn 0.1994 0.6673 -0.7176
vn 0.1015 0.7001 -0.7068
vn 0.1934 0.7339 -0.6511
vn 0.0061 0.8248 -0.5654
vn 0.4006 0.8651 0.3019
vn 0.3980 0.8705 0.2895
vn 0.8027 0.5953 0.0343
vn 0.8049 0.5924 0.0340
vn -0.6651 0.3232 -0.6732
vn -0.6029 0.2692 -0.7510
vn -0.9451 -0.1413 0.2946
vn -0.9291 0.0357 0.3681
vn -0.5840 0.6584 -0.4748
vn -0.6950 0.4171 -0.5857
vn -0.1844 0.4641 -0.8664
vn -0.1001 0.4993 -0.8606
vn -0.0802 0.4816 -0.8727
vn -0.0363 0.5227 -0.8517
vn 0.0288 0.5921 -0.8054
vn -0.0670 0.5446 -0.8360
vn 0.6096 -0.1340 0.7813
vn 0.6345 -0.0919 0.7674
vn 0.7658 0.1034 0.6347
vn 0.7942 0.6074 0.0164
vn 0.7963 0.6044 0.0241
vn 0.7971 0.6033 0.0250
vn 0.7959 0.6052 0.0136
vn 0.8117 0.1824 0.5549
vn -0.0687 0.5333 -0.8431
vn -0.0372 0.5834 -0.8113
vn -0.1316 0.6188 -0.7745
vn -0.0373 0.6178 -0.7855
vn -0.0905 0.7957 -0.5989
vn 0.0979 0.6197 -0.7787
vn 0.1380 -0.2718 0.9524
vn 0.4366 -0.3154 0.8425
vn 0.3208 -0.1610 0.9334
vn 0.1780 0.0028 0.9840
vn 0.0447 -0.1301 0.9905
vn -0.2406 -0.1160 0.9637
vn -0.0088 -0.3566 0.9342
vn 0.2765 -0.4118 0.8683
vn 0.1805 -0.4525 0.8733
vn 0.3000 -0.4032 0.8645
vn 0.2858 -0.4074 0.8674
vn 0.5069 -0.2400 0.8279
vn 0.1306 -0.4669 0.8746
vn 0.0180 0.5912 -0.8063
vn 0.1267 0.6431 -0.7553
vn 0.8000 0.5990 0.0340
vn 0.7981 0.6018 0.0295
vn -0.3749 0.8875 -0.2679
vn -0.5334 0.7368 -0.4153
vn -0.6082 0.6075 0.5110
vn -0.6992 0.5104 0.5006
vn -0.4468 0.7318 0.5146
vn -0.4689 0.8517 -0.2342
vn -0.2037 0.5755 -0.7920
vn -0.0504 0.6333 -0.7723
vn 0.0875 0.6910 -0.7175
vn -0.0969 0.6219 -0.7771
vn -0.2179 0.5619 -0.7980
vn -0.2734 0.5281 -0.8039
vn -0.2689 0.5401 -0.7975
vn 0.4309 -0.2988 0.8515
vn 0.4098 -0.3176 0.8551
vn 0.4824 -0.2495 0.8397
vn 0.4691 -0.2698 0.8409
vn 0.5550 -0.1867 0.8106
vn 0.8063 0.5907 0.0308
vn 0.8028 0.5958 0.0205
vn 0.8028 0.5959 0.0205
vn 0.3185 -0.4299 0.8448
vn 0.2889 -0.4924 0.8210
vn 0.3083 -0.4388 0.8440
vn 0.2482 -0.5191 0.8179
vn 0.3132 -0.4232 0.8502
vn 0.3789 -0.3434 0.8594
vn 0.7993 0.6009 0.0102
vn 0.3131 0.7345 -0.6021
vn 0.2625 0.7215 -0.6407
vn 0.1406 0.6890 -0.7110
vn -0.3744 -0.2889 -0.8811
vn -0.3102 -0.1767 -0.9341
vn -0.4195 -0.2723 -0.8660
vn -0.4766 -0.4084 -0.7785
vn -0.2953 -0.9052 -0.3055
vn -0.1991 -0.9164 -0.3473
vn 0.0108 -0.9063 -0.4226
vn -0.1338 -0.9728 0.1891
vn -0.0021 -0.9605 0.2783
vn 0.0465 -0.9655 0.2563
vn 0.1819 -0.9310 0.3164
vn 0.2427 -0.9408 0.2364
vn -0.9264 -0.3140 0.2078
vn -0.9216 -0.3350 0.1962
vn -0.1146 -0.9178 -0.3802
vn 0.0167 -0.9053 -0.4244
vn 0.2750 -0.7120 0.6461
vn 0.2270 -0.5425 0.8088
vn 0.1606 -0.5491 0.8202
vn 0.0713 -0.4660 0.8819
vn -0.4681 0.3336 -0.8183
vn -0.3729 0.3007 -0.8778
vn -0.4247 0.2762 -0.8622
vn -0.3351 0.1451 -0.9310
vn -0.9264 -0.3138 0.2078
vn -0.9265 -0.3137 0.2079
vn 0.7968 0.6041 0.0127
vn 0.7971 0.6034 0.0246
vn 0.8004 0.5991 0.0230
vn -0.1101 0.5443 -0.8316
vn -0.1977 0.5288 -0.8254
vn -0.1946 0.4989 -0.8445
vn -0.1042 0.5355 -0.8381
vn 0.3172 -0.4076 0.8563
vn 0.1787 -0.4401 0.8800
vn 0.3355 -0.6490 0.6829
vn 0.3240 -0.4184 0.8485
vn 0.3506 -0.3723 0.8593
vn 0.3153 -0.4004 0.8604
vn 0.3830 -0.3416 0.8583
vn 0.3704 -0.3534 0.8590
vn 0.3500 -0.3704 0.8604
vn 0.3775 -0.3496 0.8575
vn 0.8038 0.5940 0.0332
vn 0.7997 0.5995 0.0326
vn -0.2688 0.4253 -0.8642
vn -0.2877 0.4367 -0.8524
vn -0.3033 0.4728 -0.8273
vn -0.2981 0.2327 -0.9257
vn -0.3828 0.3735 -0.8450
vn 0.1349 -0.8791 -0.4572
vn 0.3228 -0.8766 0.3569
vn 0.3227 -0.8606 0.3939
vn -0.2403 -0.0599 -0.9688
vn -0.2274 -0.0905 -0.9696
vn -0.2324 -0.2365 -0.9434
vn -0.0155 0.6246 -0.7808
vn -0.1583 0.5739 -0.8035
vn -0.0907 0.5738 -0.8139
vn 0.3294 -0.4543 0.8277
vn 0.3253 -0.4269 0.8437
vn 0.3181 -0.4756 0.8202
vn 0.3574 -0.3611 0.8613
vn 0.3937 -0.3322 0.8571
vn -0.3053 0.5092 -0.8047
vn -0.3141 0.5060 -0.8033
vn -0.3300 0.4772 -0.8145
vn 0.7961 0.6047 0.0233
vn 0.7945 0.6071 0.0168
vn 0.7957 0.6053 0.0221
vn -0.0716 0.5520 -0.8308
vn -0.1755 0.4913 -0.8531
vn -0.1450 0.5073 -0.8495
vn 0.0962 -0.4572 0.8842
vn -0.3752 -0.4992 0.7811
vn -0.0766 -0.4854 0.8709
vn -0.9319 -0.2863 0.2226
vn -0.9313 -0.2894 0.2210
vn -0.7977 -0.3972 0.4537
vn -0.0833 -0.4893 0.8681
vn -0.6194 -0.4702 0.6287
vn 0.3108 -0.4008 0.8618
vn 0.3626 -0.3641 0.8579
vn 0.4081 -0.3326 0.8502
vn 0.4677 -0.2793 0.8386
vn 0.7966 0.6040 0.0248
vn 0.7946 0.6069 0.0189
vn -0.2461 0.4360 -0.8657
vn -0.3810 0.3771 -0.8442
vn -0.4839 0.3307 -0.8102
vn -0.9314 -0.2894 0.2210
vn 0.7095 0.4492 -0.5430
vn 0.8179 -0.0141 -0.5751
vn 0.6495 0.3882 -0.6538
vn 0.6008 0.5801 -0.5500
vn 0.4385 0.4114 -0.7990
vn 0.5362 0.4881 -0.6887
vn 0.7020 -0.0134 -0.7120
vn 0.5888 0.3370 -0.7347
vn 0.7963 -0.4419 -0.4131
vn 0.8357 -0.5130 -0.1962
vn 0.7162 -0.5868 -0.3778
vn 0.9096 -0.2021 -0.3630
vn 0.8864 -0.3658 -0.2837
vn 0.6864 -0.4587 -0.5643
vn 0.5757 -0.6356 -0.5144
vn -0.6359 0.7702 -0.0499
vn -0.6384 0.7672 -0.0619
vn -0.6408 0.7653 -0.0608
vn -0.7507 0.4007 -0.5253
vn -0.7475 0.3621 -0.5569
vn -0.7426 0.4284 -0.5148
vn -0.2851 0.5710 -0.7699
vn -0.2795 0.5756 -0.7685
vn -0.2159 0.6255 -0.7498
vn -0.1908 0.9208 -0.3403
vn -0.1888 0.9252 -0.3293
vn -0.1920 0.9240 -0.3306
vn 0.6249 0.1933 0.7564
vn 0.4593 0.3310 0.8243
vn 0.5842 0.2287 0.7787
vn 0.6507 0.1665 0.7408
vn 0.4527 0.3392 0.8246
vn 0.8382 -0.5074 -0.1999
vn 0.8356 -0.5130 -0.1962
vn 0.8387 -0.5064 -0.2005
vn -0.0346 0.7337 0.6786
vn 0.0682 0.7423 0.6665
vn -0.0138 0.7934 0.6085
vn -0.6430 0.7624 -0.0721
vn -0.6458 0.7602 -0.0717
vn -0.1910 0.9165 -0.3516
vn -0.1872 0.9218 -0.3395
vn 0.1890 0.8335 0.5192
vn 0.7263 0.1967 0.6587
vn 0.6537 0.1629 0.7390
vn 0.7238 0.5301 0.4417
vn 0.7765 0.2761 0.5664
vn 0.9097 -0.2010 -0.3635
vn 0.8847 -0.3726 -0.2803
vn 0.2926 0.4556 0.8407
vn 0.2187 0.5090 0.8325
vn 0.1968 0.5594 0.8052
vn 0.1620 0.5461 0.8219
vn 0.1145 0.6260 0.7714
vn 0.1953 0.4971 0.8454
vn -0.6291 -0.0317 -0.7766
vn -0.6435 0.0157 -0.7653
vn -0.7250 0.2431 -0.6444
vn -0.7508 0.3349 -0.5693
vn -0.6356 0.7694 -0.0633
vn -0.6340 0.7716 -0.0520
vn -0.6318 0.7732 -0.0548
vn -0.6346 0.7703 -0.0624
vn 0.1959 0.5484 0.8130
vn 0.1767 0.6026 0.7782
vn 0.0535 0.6674 0.7428
vn 0.2764 0.7847 0.5548
vn 0.2765 0.6130 0.7401
vn 0.1846 0.6345 0.7505
vn -0.2034 -0.2844 -0.9369
vn -0.5033 -0.2514 -0.8267
vn -0.3554 -0.1333 -0.9252
vn -0.0802 -0.3997 -0.9131
vn -0.3701 -0.3835 -0.8461
vn 0.2009 -0.2214 -0.9543
vn -0.1788 -0.0101 -0.9838
vn -0.0801 -0.1704 -0.9821
vn -0.2861 -0.4456 -0.8483
vn -0.3909 -0.3695 -0.8430
vn -0.3781 -0.3771 -0.8455
vn -0.2410 -0.4712 -0.8485
vn -0.5541 -0.1611 -0.8167
vn 0.1248 0.6227 0.7725
vn 0.0308 0.6954 0.7179
vn -0.6369 0.7679 -0.0677
vn -0.6395 0.7654 -0.0721
vn 0.5722 0.7897 0.2212
vn 0.6924 0.6148 0.3776
vn 0.6551 0.7313 0.1901
vn 0.6010 0.5788 -0.5511
vn 0.7291 0.4209 -0.5397
vn 0.7952 0.3061 -0.5234
vn 0.3367 0.5552 0.7605
vn 0.2009 0.6458 0.7366
vn 0.0797 0.7308 0.6779
vn 0.3936 0.4937 0.7754
vn 0.3919 0.5060 0.7683
vn 0.3474 0.5391 0.7673
vn 0.2435 0.6242 0.7423
vn -0.4939 -0.2371 -0.8366
vn -0.4778 -0.2604 -0.8390
vn -0.5325 -0.1766 -0.8278
vn -0.6429 0.7637 -0.0584
vn -0.6475 0.7590 -0.0684
vn -0.5243 -0.1994 -0.8278
vn -0.5884 -0.0972 -0.8027
vn -0.4150 -0.3900 -0.8220
vn -0.4005 -0.4564 -0.7946
vn -0.4071 -0.4011 -0.8206
vn -0.4537 -0.2929 -0.8416
vn -0.4083 -0.3851 -0.8276
vn -0.3670 -0.4916 -0.7897
vn -0.6382 0.7683 -0.0484
vn 0.0276 0.7408 0.6712
vn -0.1304 0.8190 0.5588
vn -0.0839 0.7968 0.5984
vn 0.3029 -0.3190 0.8981
vn 0.2668 -0.1922 0.9444
vn 0.3505 -0.3141 0.8823
vn -0.0166 -0.9170 0.3984
vn -0.2179 -0.8544 0.4717
vn 0.0793 -0.9308 0.3567
vn 0.3739 -0.4644 0.8028
vn -0.2708 -0.9410 -0.2031
vn -0.3948 -0.8794 -0.2660
vn -0.4558 -0.8705 -0.1859
vn -0.0967 -0.9862 -0.1345
vn -0.2224 -0.9486 -0.2251
vn 0.8270 -0.5311 -0.1842
vn 0.8175 -0.5498 -0.1715
vn -0.3518 -0.5187 -0.7792
vn -0.1831 -0.4845 -0.8554
vn -0.2889 -0.5411 -0.7898
vn -0.4367 -0.6632 -0.6078
vn -0.0989 -0.8970 0.4308
vn -0.2234 -0.8521 0.4734
vn 0.5380 0.2604 0.8017
vn 0.4381 0.2538 0.8623
vn 0.4827 0.2171 0.8484
vn 0.8271 -0.5310 -0.1843
vn 0.8271 -0.5310 -0.1844
vn 0.3656 0.1144 0.9237
vn -0.6351 0.7707 -0.0510
vn -0.6356 0.7695 -0.0628
vn -0.6398 0.7661 -0.0610
vn 0.3105 0.4858 0.8171
vn 0.2310 0.5419 0.8081
vn 0.2387 0.5488 0.8011
vn 0.3203 0.5131 0.7963
vn -0.4086 -0.3694 -0.8347
vn -0.2815 -0.4343 -0.8556
vn -0.4329 -0.3276 -0.8398
vn -0.4052 -0.3631 -0.8391
vn -0.4176 -0.3778 -0.8263
vn -0.4812 -0.5900 -0.6483
vn -0.4573 -0.2902 -0.8406
vn -0.4478 -0.3046 -0.8407
vn -0.6391 0.7659 -0.0707
vn -0.6444 0.7614 -0.0710
vn -0.4319 -0.3259 -0.8410
vn -0.4538 -0.2991 -0.8394
vn 0.3657 0.3982 0.8412
vn 0.3866 0.4043 0.8289
vn 0.4644 0.3204 0.8257
vn 0.3499 0.2078 0.9134
vn 0.4100 0.4343 0.8020
vn -0.3321 -0.7973 0.5040
vn -0.5160 -0.7827 -0.3481
vn -0.5196 -0.7961 -0.3103
vn 0.2261 -0.0606 0.9722
vn 0.2065 -0.0873 0.9745
vn 0.1774 -0.2317 0.9565
vn 0.2922 0.5648 0.7717
vn 0.2265 0.5810 0.7817
vn 0.1650 0.6459 0.7454
vn -0.4311 -0.4104 -0.8036
vn -0.4209 -0.3856 -0.8211
vn -0.4369 -0.3152 -0.8425
vn -0.4250 -0.4332 -0.7948
vn -0.4655 -0.2784 -0.8401
vn 0.4203 0.4679 0.7774
vn 0.4370 0.4317 0.7891
vn 0.4280 0.4628 0.7763
vn -0.6343 0.7706 -0.0617
vn -0.6322 0.7729 -0.0552
vn -0.6338 0.7711 -0.0605
vn 0.2642 0.5057 0.8213
vn 0.2030 0.5651 0.7996
vn 0.2902 0.4833 0.8260
vn -0.2053 -0.4703 -0.8583
vn 0.2442 -0.6147 -0.7500
vn -0.0437 -0.5371 -0.8424
vn 0.8374 -0.5092 -0.1987
vn 0.6809 -0.5956 -0.4261
vn 0.4894 -0.6348 -0.5979
vn -0.0380 -0.5422 -0.8394
vn -0.4009 -0.3646 -0.8405
vn -0.4796 -0.2752 -0.8333
vn -0.4427 -0.3167 -0.8389
vn -0.5251 -0.2089 -0.8250
vn -0.6323 0.7726 -0.0574
vn -0.6350 0.7699 -0.0631
vn 0.3460 0.4140 0.8420
vn 0.4635 0.3243 0.8246
vn 0.5527 0.2535 0.7939
vn 0.8374 -0.5091 -0.1988
vn 0.7952 0.2076 0.5697
vn 0.5824 0.6306 0.5129
vn 0.5375 0.5635 0.6273
vn 0.6814 0.1889 0.7071
vn 0.3260 0.5452 0.7723
vn 0.4898 0.5042 0.7112
vn 0.4463 0.7330 0.5134
vn 0.4039 0.6362 0.6573
vn 0.8744 -0.2218 0.4316
vn 0.9305 -0.2937 0.2187
vn 0.9452 -0.1342 0.2976
vn 0.7040 -0.4555 0.5448
vn 0.8303 -0.3830 0.4048
vn 0.7704 -0.2553 0.5842
vn 0.9293 0.0346 0.3677
vn -0.7974 0.6033 0.0116
vn -0.7993 0.6004 0.0238
vn -0.7960 0.6052 0.0136
vn -0.4003 0.8728 0.2792
vn -0.4013 0.8687 0.2904
vn -0.4032 0.8710 0.2806
vn -0.4147 0.5307 0.7392
vn -0.4103 0.5365 0.7375
vn -0.4602 0.4673 0.7549
vn -0.8147 0.2089 0.5410
vn -0.8265 0.2439 0.5073
vn -0.8250 0.2722 0.4953
vn 0.5679 0.2911 -0.7699
vn 0.3754 0.3826 -0.8442
vn 0.3670 0.3891 -0.8449
vn 0.9317 -0.2874 0.2221
vn 0.9319 -0.2863 0.2227
vn 0.5991 0.2719 -0.7531
vn -0.1015 0.7001 -0.7068
vn -0.1994 0.6673 -0.7176
vn -0.1934 0.7339 -0.6511
vn -0.0061 0.8248 -0.5654
vn -0.4006 0.8651 0.3019
vn -0.3980 0.8705 0.2896
vn -0.3966 0.8686 0.2971
vn -0.8027 0.5953 0.0343
vn -0.8012 0.5980 0.0228
vn -0.8049 0.5924 0.0340
vn 0.6651 0.3232 -0.6732
vn 0.6029 0.2692 -0.7510
vn 0.6950 0.4171 -0.5857
vn 0.9451 -0.1413 0.2946
vn 0.9291 0.0357 0.3681
vn 0.5840 0.6584 -0.4748
vn 0.1844 0.4641 -0.8664
vn 0.1001 0.4993 -0.8606
vn 0.0802 0.4816 -0.8727
vn -0.0288 0.5921 -0.8054
vn 0.0363 0.5227 -0.8517
vn 0.0670 0.5446 -0.8360
vn -0.6345 -0.0919 0.7674
vn -0.6096 -0.1340 0.7813
vn -0.7658 0.1034 0.6347
vn -0.7942 0.6074 0.0164
vn -0.7963 0.6044 0.0241
vn -0.7946 0.6069 0.0189
vn -0.7971 0.6034 0.0250
vn -0.8117 0.1824 0.5549
vn 0.0687 0.5333 -0.8431
vn 0.0372 0.5834 -0.8113
vn 0.1316 0.6188 -0.7745
vn 0.0905 0.7957 -0.5989
vn 0.0373 0.6178 -0.7855
vn -0.0979 0.6197 -0.7787
vn -0.1380 -0.2718 0.9524
vn -0.4366 -0.3154 0.8425
vn -0.2765 -0.4118 0.8683
vn -0.1780 0.0028 0.9840
vn -0.3208 -0.1610 0.9334
vn 0.2406 -0.1160 0.9637
vn -0.0447 -0.1301 0.9905
vn 0.0088 -0.3566 0.9342
vn -0.3000 -0.4032 0.8645
vn -0.1805 -0.4525 0.8733
vn -0.2858 -0.4074 0.8674
vn -0.5069 -0.2400 0.8279
vn -0.1306 -0.4669 0.8746
vn -0.0180 0.5912 -0.8063
vn -0.1267 0.6431 -0.7553
vn -0.8000 0.5990 0.0340
vn -0.7981 0.6018 0.0295
vn 0.3749 0.8875 -0.2679
vn 0.5334 0.7368 -0.4154
vn 0.4689 0.8517 -0.2342
vn 0.6082 0.6075 0.5110
vn 0.6992 0.5104 0.5006
vn 0.6987 0.5108 0.5009
vn 0.4468 0.7318 0.5146
vn 0.2037 0.5755 -0.7920
vn 0.0504 0.6333 -0.7723
vn 0.2689 0.5401 -0.7975
vn 0.0969 0.6219 -0.7771
vn -0.0875 0.6910 -0.7175
vn 0.2179 0.5619 -0.7980
vn 0.2734 0.5281 -0.8039
vn -0.4098 -0.3176 0.8551
vn -0.4309 -0.2988 0.8515
vn -0.4824 -0.2495 0.8397
vn -0.4691 -0.2698 0.8409
vn -0.8063 0.5907 0.0308
vn -0.8028 0.5958 0.0205
vn -0.8028 0.5959 0.0205
vn -0.2889 -0.4924 0.8210
vn -0.3185 -0.4299 0.8448
vn -0.3083 -0.4388 0.8440
vn -0.2482 -0.5191 0.8179
vn -0.3132 -0.4232 0.8502
vn -0.3789 -0.3434 0.8594
vn -0.7993 0.6009 0.0102
vn -0.3131 0.7345 -0.6021
vn -0.2625 0.7215 -0.6407
vn -0.4761 0.7305 -0.4896
vn -0.1406 0.6890 -0.7110
vn 0.3744 -0.2889 -0.8811
vn 0.3102 -0.1767 -0.9341
vn 0.2324 -0.2365 -0.9434
vn 0.4766 -0.4084 -0.7785
vn 0.4195 -0.2723 -0.8660
vn 0.1991 -0.9164 -0.3473
vn 0.2953 -0.9052 -0.3055
vn -0.0108 -0.9063 -0.4226
vn 0.0021 -0.9605 0.2783
vn 0.1338 -0.9728 0.1891
vn -0.0465 -0.9655 0.2563
vn -0.1819 -0.9310 0.3164
vn 0.9216 -0.3350 0.1962
vn 0.9264 -0.3140 0.2078
vn -0.0167 -0.9053 -0.4244
vn 0.1146 -0.9178 -0.3802
vn -0.2270 -0.5425 0.8088
vn -0.2750 -0.7120 0.6461
vn -0.1606 -0.5491 0.8202
vn -0.0713 -0.4660 0.8819
vn 0.3729 0.3007 -0.8778
vn 0.4681 0.3336 -0.8183
vn 0.4247 0.2762 -0.8622
vn 0.3351 0.1451 -0.9310
vn 0.9264 -0.3138 0.2078
vn -0.7968 0.6041 0.0127
vn -0.7971 0.6034 0.0246
vn -0.7945 0.6071 0.0168
vn -0.8004 0.5991 0.0230
vn 0.1101 0.5443 -0.8316
vn 0.1977 0.5288 -0.8254
vn 0.0907 0.5738 -0.8139
vn 0.1042 0.5355 -0.8381
vn 0.1946 0.4989 -0.8445
vn -0.3172 -0.4076 0.8563
vn -0.1787 -0.4401 0.8800
vn -0.3153 -0.4004 0.8604
vn -0.3355 -0.6490 0.6829
vn -0.3506 -0.3723 0.8593
vn -0.3240 -0.4184 0.8485
vn -0.3830 -0.3416 0.8583
vn -0.3704 -0.3534 0.8590
vn -0.3500 -0.3704 0.8604
vn -0.8038 0.5940 0.0332
vn -0.7997 0.5995 0.0326
vn 0.2688 0.4253 -0.8642
vn 0.2877 0.4367 -0.8524
vn 0.3033 0.4728 -0.8273
vn 0.2981 0.2327 -0.9257
vn 0.3828 0.3735 -0.8450
vn -0.1349 -0.8791 -0.4572
vn -0.3228 -0.8766 0.3569
vn -0.2427 -0.9408 0.2364
vn -0.3227 -0.8606 0.3939
vn 0.2403 -0.0599 -0.9688
vn 0.2274 -0.0905 -0.9696
vn 0.0155 0.6246 -0.7808
vn 0.1583 0.5739 -0.8035
vn -0.3294 -0.4543 0.8277
vn -0.3253 -0.4269 0.8437
vn -0.3181 -0.4756 0.8202
vn -0.3574 -0.3611 0.8613
vn -0.3775 -0.3496 0.8575
vn -0.3937 -0.3322 0.8571
vn 0.3053 0.5092 -0.8047
vn 0.3141 0.5060 -0.8033
vn 0.3300 0.4772 -0.8145
vn -0.7961 0.6047 0.0233
vn -0.7957 0.6053 0.0221
vn 0.0716 0.5520 -0.8308
vn 0.1755 0.4913 -0.8531
vn 0.1450 0.5073 -0.8495
vn 0.3752 -0.4992 0.7811
vn -0.0962 -0.4572 0.8842
vn 0.0766 -0.4854 0.8709
vn 0.9313 -0.2894 0.2210
vn 0.9319 -0.2863 0.2226
vn 0.7977 -0.3972 0.4537
vn 0.0833 -0.4893 0.8681
vn 0.6194 -0.4702 0.6287
vn -0.3108 -0.4008 0.8618
vn -0.3626 -0.3641 0.8579
vn -0.4081 -0.3326 0.8502
vn -0.4677 -0.2793 0.8386
vn -0.7966 0.6040 0.0248
vn 0.2461 0.4360 -0.8657
vn 0.3810 0.3771 -0.8442
vn 0.5203 0.3148 -0.7939
vn 0.4839 0.3307 -0.8102
vn 0.9265 -0.3137 0.2079
vn 0.9314 -0.2894 0.2210
vn -0.0000 -0.6041 0.7969
vn -0.7730 -0.3670 -0.5174
vn -0.0000 0.9719 -0.2354
vn -0.6344 -0.6305 0.4472
vn -0.6344 -0.7727 0.0215
vn -0.6344 -0.7221 -0.2758
vn -0.1145 0.3544 -0.9280
vn -0.1139 0.6086 -0.7852
vn 0.5509 -0.5113 0.6596
vn 0.5509 -0.2644 -0.7916
vn 0.2890 -0.3033 -0.9080
vn -0.1721 0.9191 -0.3545
vn -0.2076 -0.1609 -0.9649
vn 0.9575 -0.0067 -0.2882
vn 0.5509 -0.6596 -0.5113
vn 0.1139 0.6086 -0.7852
vn -0.9924 -0.1180 -0.0359
vn 0.1810 0.6653 -0.7243
vn -0.0595 -0.9720 -0.2273
vn -0.9547 0.0374 0.2952
vn 0.9388 0.0567 0.3398
vn 0.1485 -0.1243 -0.9811
vn -0.2172 0.8159 0.5359
vn -0.5340 0.7270 0.4317
vn -0.5340 0.7018 -0.4715
vn -0.0506 0.8307 -0.5545
vn 0.3218 0.9464 -0.0264
vn 0.6750 0.7198 -0.1618
vn 0.6750 0.5638 0.4759
vn 0.4081 0.5950 0.6924
vn 0.0781 0.6933 0.7164
vn -0.2909 0.9293 0.2274
vn -0.1889 0.9770 -0.0988
vn 0.0781 0.9458 -0.3153
vn 0.9942 -0.0913 -0.0574
vn 0.9942 -0.0574 0.0913
vn 0.9942 0.0913 0.0574
vn 0.9942 0.0574 -0.0913
vn 0.9942 0.1078 -0.0030
vn 0.9942 -0.1078 0.0030
vn 0.9942 -0.0985 0.0440
vn 0.9942 0.0440 0.0985
vn 0.9942 -0.0181 0.1063
vn 0.9942 0.0181 -0.1063
vn 0.9942 -0.0240 -0.1052
vn 0.2159 0.6255 -0.7498
vn 0.5884 -0.0972 -0.8027
vn -0.3726 -0.4839 0.7919
vn 0.0795 -0.9904 -0.1134
vn 0.4602 0.4673 0.7549
vn 0.3966 0.8686 0.2971
vn -0.6987 0.5108 0.5009
vn 0.4761 0.7305 -0.4896
vn -0.4797 -0.4271 -0.7665
vn -0.1516 -0.9740 0.1682
vn -0.3442 0.5190 -0.7824
vn -0.1863 0.9192 -0.3470
vn 0.7949 0.3065 -0.5237
vn -0.2906 0.8468 0.4456
vn 0.3726 -0.4839 0.7919
vn -0.0795 -0.9904 -0.1134
vn -0.3598 0.5986 0.7157
vn -0.5550 -0.1867 0.8106
vn 0.4797 -0.4271 -0.7665
vn 0.1516 -0.9740 0.1682
vt 0.013702 0.578715
vt 0.013700 0.578712
vt 0.013702 0.578712
vt 0.013705 0.578712
vt 0.013705 0.578715
vt 0.013708 0.578712
vt 0.013708 0.578715
vt 0.013710 0.578712
vt 0.013710 0.578715
vt 0.013734 0.578712
vt 0.013731 0.578711
vt 0.013734 0.578711
vt 0.013737 0.578712
vt 0.013737 0.578711
vt 0.013739 0.578713
vt 0.013739 0.578711
vt 0.013740 0.578711
vt 0.013740 0.578713
vt 0.013737 0.578710
vt 0.013739 0.578710
vt 0.013740 0.578710
vt 0.013700 0.578710
vt 0.013702 0.578710
vt 0.013705 0.578710
vt 0.013708 0.578710
vt 0.013710 0.578709
vt 0.013734 0.578711
vt 0.076833 0.576835
vt 0.076830 0.576832
vt 0.076833 0.576832
vt 0.076835 0.576834
vt 0.076835 0.576832
vt 0.013734 0.578710
vt 0.076859 0.576836
vt 0.076861 0.576834
vt 0.076862 0.576835
vt 0.076864 0.576833
vt 0.076864 0.576835
vt 0.076865 0.576833
vt 0.076865 0.576835
vt 0.076827 0.576835
vt 0.076825 0.576833
vt 0.076827 0.576833
vt 0.076830 0.576835
vt 0.076864 0.576831
vt 0.076827 0.576830
vt 0.076830 0.576830
vt 0.076833 0.576829
vt 0.076835 0.576829
vt 0.013734 0.578710
vt 0.076859 0.576835
vt 0.076861 0.576833
vt 0.076863 0.576832
vt 0.076833 0.576827
vt 0.076835 0.576827
vt 0.013733 0.578709
vt 0.076858 0.576834
vt 0.076860 0.576832
vt 0.076862 0.576831
vt 0.076863 0.576830
vt 0.076867 0.576830
vt 0.076864 0.576829
vt 0.076865 0.576828
vt 0.076830 0.576828
vt 0.076863 0.576826
vt 0.076827 0.576829
vt 0.076830 0.576826
vt 0.076833 0.576825
vt 0.076835 0.576825
vt 0.013733 0.578709
vt 0.076859 0.576832
vt 0.076861 0.576829
vt 0.076862 0.576829
vt 0.013732 0.578708
vt 0.076858 0.576834
vt 0.076859 0.576831
vt 0.076860 0.576829
vt 0.076860 0.576828
vt 0.076862 0.576828
vt 0.076861 0.576825
vt 0.076880 0.576866
vt 0.076879 0.576864
vt 0.076881 0.576864
vt 0.076882 0.576861
vt 0.076880 0.576861
vt 0.076882 0.576858
vt 0.076880 0.576858
vt 0.076878 0.576868
vt 0.076877 0.576866
vt 0.076879 0.576866
vt 0.076877 0.576864
vt 0.076878 0.576861
vt 0.076878 0.576858
vt 0.013732 0.578708
vt 0.076857 0.576833
vt 0.076857 0.576831
vt 0.076858 0.576828
vt 0.076858 0.576827
vt 0.076856 0.576833
vt 0.076856 0.576830
vt 0.076856 0.576828
vt 0.076857 0.576827
vt 0.076874 0.576868
vt 0.076874 0.576866
vt 0.076875 0.576864
vt 0.076875 0.576861
vt 0.076875 0.576858
vt 0.013731 0.578708
vt 0.076872 0.576864
vt 0.076872 0.576861
vt 0.076872 0.576858
vt 0.013731 0.578708
vt 0.076855 0.576831
vt 0.076855 0.576828
vt 0.076855 0.576827
vt 0.076872 0.576868
vt 0.076872 0.576866
vt 0.076855 0.576833
vt 0.076854 0.576831
vt 0.076853 0.576828
vt 0.076853 0.576827
vt 0.076870 0.576868
vt 0.076870 0.576866
vt 0.076869 0.576864
vt 0.076869 0.576861
vt 0.076869 0.576858
vt 0.013730 0.578708
vt 0.076867 0.576864
vt 0.076867 0.576861
vt 0.076867 0.576858
vt 0.013730 0.578709
vt 0.076853 0.576831
vt 0.076852 0.576829
vt 0.076851 0.576828
vt 0.076868 0.576868
vt 0.076867 0.576866
vt 0.076851 0.576830
vt 0.076850 0.576829
vt 0.013729 0.578709
vt 0.076855 0.576834
vt 0.076852 0.576832
vt 0.013729 0.578709
vt 0.076854 0.576834
vt 0.076852 0.576833
vt 0.076850 0.576831
vt 0.076849 0.576831
vt 0.013724 0.578706
vt 0.013724 0.578708
vt 0.013723 0.578707
vt 0.013729 0.578710
vt 0.013726 0.578709
vt 0.013727 0.578708
vt 0.013725 0.578706
vt 0.013728 0.578710
vt 0.013726 0.578710
vt 0.013723 0.578709
vt 0.013722 0.578709
vt 0.013722 0.578711
vt 0.013767 0.578789
vt 0.013769 0.578791
vt 0.013768 0.578791
vt 0.013715 0.578727
vt 0.013713 0.578727
vt 0.013714 0.578727
vt 0.076905 0.576866
vt 0.076904 0.576866
vt 0.076906 0.576866
vt 0.076842 0.576862
vt 0.076842 0.576859
vt 0.076842 0.576862
vt 0.013728 0.578711
vt 0.013726 0.578711
vt 0.013723 0.578711
vt 0.076837 0.576852
vt 0.076834 0.576852
vt 0.076834 0.576852
vt 0.013728 0.578712
vt 0.013726 0.578712
vt 0.013723 0.578712
vt 0.013722 0.578713
vt 0.013770 0.578793
vt 0.013770 0.578793
vt 0.076831 0.576852
vt 0.076833 0.576852
vt 0.076831 0.576852
vt 0.076842 0.576859
vt 0.076843 0.576857
vt 0.076842 0.576856
vt 0.076844 0.576854
vt 0.076843 0.576854
vt 0.076845 0.576852
vt 0.013711 0.578727
vt 0.013712 0.578727
vt 0.076907 0.576866
vt 0.076907 0.576866
vt 0.013729 0.578712
vt 0.013726 0.578713
vt 0.013724 0.578714
vt 0.013723 0.578714
vt 0.013729 0.578713
vt 0.013726 0.578714
vt 0.013724 0.578715
vt 0.013723 0.578716
vt 0.013766 0.578783
vt 0.013767 0.578786
vt 0.013766 0.578786
vt 0.076833 0.576852
vt 0.013704 0.578726
vt 0.013706 0.578727
vt 0.013704 0.578727
vt 0.013768 0.578788
vt 0.013767 0.578739
vt 0.013766 0.578736
vt 0.013767 0.578736
vt 0.013717 0.578759
vt 0.013718 0.578761
vt 0.013718 0.578761
vt 0.013717 0.578753
vt 0.013718 0.578750
vt 0.013718 0.578753
vt 0.013765 0.578741
vt 0.013766 0.578739
vt 0.013729 0.578713
vt 0.013727 0.578715
vt 0.013725 0.578717
vt 0.013724 0.578717
vt 0.013728 0.578716
vt 0.013726 0.578718
vt 0.013726 0.578719
vt 0.013764 0.578741
vt 0.013761 0.578743
vt 0.013762 0.578741
vt 0.013762 0.578739
vt 0.013765 0.578739
vt 0.013765 0.578736
vt 0.013762 0.578736
vt 0.013765 0.578733
vt 0.013763 0.578733
vt 0.013730 0.578713
vt 0.013760 0.578739
vt 0.013760 0.578736
vt 0.076920 0.576896
vt 0.076920 0.576898
vt 0.076919 0.576895
vt 0.013730 0.578714
vt 0.013729 0.578716
vt 0.013728 0.578718
vt 0.013727 0.578719
vt 0.013759 0.578743
vt 0.013759 0.578741
vt 0.013729 0.578719
vt 0.013715 0.578750
vt 0.013716 0.578753
vt 0.013715 0.578753
vt 0.013799 0.578754
vt 0.013799 0.578752
vt 0.013799 0.578755
vt 0.013708 0.578782
vt 0.013709 0.578781
vt 0.013709 0.578782
vt 0.013716 0.578755
vt 0.013715 0.578756
vt 0.076920 0.576885
vt 0.076920 0.576883
vt 0.076921 0.576883
vt 0.013731 0.578714
vt 0.013730 0.578717
vt 0.013765 0.578797
vt 0.013762 0.578795
vt 0.013765 0.578795
vt 0.013794 0.578768
vt 0.013794 0.578770
vt 0.013793 0.578768
vt 0.013731 0.578714
vt 0.013731 0.578717
vt 0.013731 0.578719
vt 0.013729 0.578720
vt 0.013731 0.578720
vt 0.013760 0.578798
vt 0.013757 0.578796
vt 0.013760 0.578795
vt 0.013762 0.578797
vt 0.013732 0.578719
vt 0.013733 0.578720
vt 0.013757 0.578794
vt 0.013760 0.578793
vt 0.013762 0.578792
vt 0.013765 0.578792
vt 0.013794 0.578763
vt 0.013793 0.578765
vt 0.013793 0.578763
vt 0.013732 0.578714
vt 0.013732 0.578717
vt 0.013762 0.578790
vt 0.013765 0.578790
vt 0.076835 0.576850
vt 0.076833 0.576851
vt 0.076833 0.576850
vt 0.013732 0.578714
vt 0.013733 0.578716
vt 0.013734 0.578719
vt 0.013734 0.578720
vt 0.013757 0.578792
vt 0.013760 0.578791
vt 0.013735 0.578718
vt 0.013736 0.578719
vt 0.013735 0.578721
vt 0.013738 0.578721
vt 0.013735 0.578723
vt 0.013762 0.578788
vt 0.013765 0.578788
vt 0.076911 0.576863
vt 0.076910 0.576865
vt 0.076910 0.576863
vt 0.013733 0.578713
vt 0.013734 0.578716
vt 0.013710 0.578724
vt 0.013708 0.578722
vt 0.013710 0.578723
vt 0.013733 0.578713
vt 0.013735 0.578715
vt 0.013737 0.578717
vt 0.013737 0.578718
vt 0.013738 0.578719
vt 0.013739 0.578720
vt 0.013702 0.578722
vt 0.013705 0.578722
vt 0.013705 0.578723
vt 0.013708 0.578724
vt 0.013738 0.578716
vt 0.013739 0.578717
vt 0.013740 0.578717
vt 0.013741 0.578718
vt 0.013702 0.578721
vt 0.013705 0.578720
vt 0.013708 0.578720
vt 0.013710 0.578720
vt 0.013734 0.578713
vt 0.013736 0.578714
vt 0.013710 0.578718
vt 0.013734 0.578712
vt 0.013736 0.578713
vt 0.013739 0.578714
vt 0.013740 0.578715
vt 0.013702 0.578719
vt 0.013700 0.578716
vt 0.013702 0.578717
vt 0.013705 0.578717
vt 0.013708 0.578718
vt 0.013700 0.578714
vt 0.046907 0.577491
vt 0.046905 0.577489
vt 0.046907 0.577489
vt 0.046904 0.577486
vt 0.046906 0.577486
vt 0.046906 0.577484
vt 0.046904 0.577484
vt 0.046906 0.577481
vt 0.046903 0.577481
vt 0.046902 0.577486
vt 0.046901 0.577484
vt 0.046901 0.577481
vt 0.046826 0.577479
vt 0.046829 0.577477
vt 0.046828 0.577479
vt 0.046827 0.577482
vt 0.046825 0.577481
vt 0.046831 0.577477
vt 0.046830 0.577479
vt 0.046829 0.577482
vt 0.046827 0.577484
vt 0.046829 0.577485
vt 0.046826 0.577487
vt 0.046829 0.577487
vt 0.046831 0.577485
vt 0.046831 0.577487
vt 0.046832 0.577480
vt 0.046832 0.577482
vt 0.046835 0.577477
vt 0.046834 0.577480
vt 0.046834 0.577482
vt 0.046834 0.577485
vt 0.046834 0.577488
vt 0.046837 0.577485
vt 0.046837 0.577488
vt 0.046837 0.577480
vt 0.046837 0.577482
vt 0.046838 0.577477
vt 0.046839 0.577480
vt 0.046839 0.577482
vt 0.046839 0.577485
vt 0.046839 0.577488
vt 0.046840 0.577477
vt 0.046841 0.577480
vt 0.046842 0.577482
vt 0.046842 0.577485
vt 0.046842 0.577488
vt 0.076844 0.576883
vt 0.076843 0.576886
vt 0.076843 0.576883
vt 0.076843 0.576881
vt 0.076843 0.576881
vt 0.076843 0.576878
vt 0.076843 0.576878
vt 0.076892 0.576858
vt 0.076890 0.576861
vt 0.076891 0.576858
vt 0.013717 0.578756
vt 0.013718 0.578758
vt 0.013767 0.578733
vt 0.013767 0.578733
vt 0.013719 0.578761
vt 0.013720 0.578761
vt 0.013766 0.578741
vt 0.013764 0.578743
vt 0.013718 0.578756
vt 0.076861 0.576885
vt 0.076863 0.576882
vt 0.076863 0.576885
vt 0.013736 0.578757
vt 0.013738 0.578755
vt 0.013738 0.578757
vt 0.013736 0.578755
vt 0.013738 0.578752
vt 0.013736 0.578752
vt 0.013738 0.578749
vt 0.013736 0.578747
vt 0.013738 0.578747
vt 0.076861 0.576872
vt 0.076863 0.576870
vt 0.076863 0.576872
vt 0.013794 0.578760
vt 0.013795 0.578760
vt 0.013794 0.578765
vt 0.013719 0.578715
vt 0.013721 0.578712
vt 0.013721 0.578714
vt 0.013716 0.578712
vt 0.013716 0.578715
vt 0.013713 0.578712
vt 0.013713 0.578715
vt 0.013734 0.578733
vt 0.013734 0.578734
vt 0.013731 0.578734
vt 0.013737 0.578733
vt 0.013739 0.578732
vt 0.013737 0.578734
vt 0.013740 0.578734
vt 0.013740 0.578732
vt 0.013739 0.578734
vt 0.013737 0.578735
vt 0.013740 0.578735
vt 0.013719 0.578712
vt 0.013721 0.578710
vt 0.013716 0.578710
vt 0.013734 0.578734
vt 0.076838 0.576835
vt 0.076841 0.576832
vt 0.076841 0.576835
vt 0.076838 0.576832
vt 0.013734 0.578735
vt 0.076861 0.576861
vt 0.076859 0.576859
vt 0.076862 0.576860
vt 0.076864 0.576862
vt 0.076864 0.576860
vt 0.076865 0.576862
vt 0.076865 0.576860
vt 0.076844 0.576835
vt 0.076846 0.576833
vt 0.076846 0.576835
vt 0.076864 0.576864
vt 0.076844 0.576830
vt 0.076844 0.576833
vt 0.076838 0.576829
vt 0.013734 0.578735
vt 0.076861 0.576862
vt 0.076859 0.576860
vt 0.076838 0.576827
vt 0.013733 0.578736
vt 0.076858 0.576861
vt 0.076859 0.576860
vt 0.076862 0.576865
vt 0.076863 0.576863
vt 0.076863 0.576865
vt 0.076867 0.576865
vt 0.076864 0.576866
vt 0.076865 0.576864
vt 0.076841 0.576828
vt 0.076841 0.576830
vt 0.076863 0.576869
vt 0.076865 0.576867
vt 0.076841 0.576826
vt 0.076844 0.576829
vt 0.076838 0.576825
vt 0.013733 0.578736
vt 0.076859 0.576864
vt 0.076860 0.576863
vt 0.076861 0.576866
vt 0.013732 0.578737
vt 0.076859 0.576864
vt 0.076858 0.576861
vt 0.076860 0.576866
vt 0.076862 0.576867
vt 0.076861 0.576870
vt 0.076862 0.576867
vt 0.076879 0.576852
vt 0.076880 0.576850
vt 0.076881 0.576852
vt 0.076882 0.576855
vt 0.076880 0.576855
vt 0.076877 0.576850
vt 0.076878 0.576848
vt 0.076879 0.576850
vt 0.076877 0.576852
vt 0.013732 0.578737
vt 0.076857 0.576864
vt 0.076857 0.576862
vt 0.076858 0.576867
vt 0.076858 0.576868
vt 0.076860 0.576867
vt 0.076856 0.576862
vt 0.076857 0.576862
vt 0.076856 0.576865
vt 0.076856 0.576867
vt 0.076874 0.576847
vt 0.076876 0.576847
vt 0.076875 0.576852
vt 0.076878 0.576855
vt 0.013731 0.578737
vt 0.076872 0.576852
vt 0.076874 0.576850
vt 0.076875 0.576855
vt 0.013731 0.578737
vt 0.076855 0.576865
vt 0.076855 0.576867
vt 0.076855 0.576868
vt 0.076857 0.576868
vt 0.076872 0.576847
vt 0.076855 0.576862
vt 0.076856 0.576862
vt 0.076854 0.576864
vt 0.076853 0.576867
vt 0.076872 0.576850
vt 0.076870 0.576848
vt 0.076869 0.576852
vt 0.076872 0.576855
vt 0.013730 0.578737
vt 0.076867 0.576852
vt 0.076870 0.576850
vt 0.076869 0.576855
vt 0.076867 0.576855
vt 0.013730 0.578736
vt 0.076853 0.576864
vt 0.076852 0.576866
vt 0.076851 0.576867
vt 0.076853 0.576868
vt 0.076868 0.576847
vt 0.076851 0.576865
vt 0.013729 0.578736
vt 0.076852 0.576863
vt 0.076855 0.576861
vt 0.013729 0.578736
vt 0.076852 0.576862
vt 0.076854 0.576861
vt 0.076850 0.576864
vt 0.076850 0.576866
vt 0.013724 0.578739
vt 0.013724 0.578737
vt 0.013725 0.578739
vt 0.013729 0.578735
vt 0.013726 0.578736
vt 0.013727 0.578737
vt 0.013728 0.578735
vt 0.013726 0.578735
vt 0.013723 0.578738
vt 0.013723 0.578736
vt 0.013722 0.578734
vt 0.013722 0.578736
vt 0.013769 0.578775
vt 0.013767 0.578777
vt 0.013768 0.578775
vt 0.013713 0.578747
vt 0.013714 0.578747
vt 0.013713 0.578747
vt 0.076826 0.576872
vt 0.076828 0.576871
vt 0.076828 0.576872
vt 0.076843 0.576864
vt 0.076842 0.576865
vt 0.013728 0.578734
vt 0.013726 0.578734
vt 0.013723 0.578734
vt 0.076834 0.576872
vt 0.076836 0.576872
vt 0.076834 0.576872
vt 0.013728 0.578734
vt 0.013726 0.578733
vt 0.013723 0.578733
vt 0.013770 0.578773
vt 0.013770 0.578773
vt 0.076830 0.576872
vt 0.076832 0.576872
vt 0.076832 0.576872
vt 0.076844 0.576867
vt 0.076843 0.576867
vt 0.076845 0.576869
vt 0.076844 0.576870
vt 0.076897 0.576881
vt 0.076897 0.576879
vt 0.076897 0.576879
vt 0.013711 0.578747
vt 0.013711 0.578747
vt 0.076907 0.576846
vt 0.076906 0.576846
vt 0.076905 0.576846
vt 0.013729 0.578733
vt 0.013726 0.578732
vt 0.013722 0.578732
vt 0.013724 0.578731
vt 0.013729 0.578732
vt 0.013726 0.578731
vt 0.013724 0.578730
vt 0.013723 0.578731
vt 0.013767 0.578781
vt 0.013766 0.578780
vt 0.013703 0.578747
vt 0.013705 0.578746
vt 0.013705 0.578747
vt 0.013768 0.578778
vt 0.013766 0.578730
vt 0.013767 0.578727
vt 0.013767 0.578730
vt 0.013741 0.578756
vt 0.013741 0.578754
vt 0.013741 0.578756
vt 0.013718 0.578747
vt 0.013717 0.578750
vt 0.013765 0.578725
vt 0.013766 0.578725
vt 0.013729 0.578732
vt 0.013727 0.578730
vt 0.013725 0.578728
vt 0.013724 0.578728
vt 0.013723 0.578729
vt 0.013728 0.578729
vt 0.013726 0.578727
vt 0.013764 0.578725
vt 0.013761 0.578723
vt 0.013763 0.578722
vt 0.013762 0.578727
vt 0.013765 0.578727
vt 0.013765 0.578730
vt 0.013762 0.578730
vt 0.013730 0.578732
vt 0.013760 0.578727
vt 0.013762 0.578725
vt 0.076922 0.576907
vt 0.076922 0.576905
vt 0.076923 0.576904
vt 0.013730 0.578731
vt 0.013729 0.578729
vt 0.013728 0.578727
vt 0.013727 0.578726
vt 0.013726 0.578726
vt 0.013759 0.578722
vt 0.013729 0.578726
vt 0.013799 0.578752
vt 0.013800 0.578751
vt 0.013799 0.578750
vt 0.013800 0.578750
vt 0.013716 0.578757
vt 0.013716 0.578757
vt 0.013767 0.578722
vt 0.013766 0.578721
vt 0.013767 0.578720
vt 0.076922 0.576920
vt 0.076922 0.576918
vt 0.076923 0.576920
vt 0.013731 0.578731
vt 0.013780 0.578797
vt 0.013782 0.578795
vt 0.013782 0.578797
vt 0.013796 0.578784
vt 0.013796 0.578782
vt 0.013797 0.578782
vt 0.013731 0.578731
vt 0.013731 0.578728
vt 0.013730 0.578728
vt 0.013729 0.578725
vt 0.013731 0.578726
vt 0.013785 0.578797
vt 0.013787 0.578795
vt 0.013787 0.578797
vt 0.013732 0.578726
vt 0.013733 0.578725
vt 0.013731 0.578725
vt 0.013785 0.578795
vt 0.013787 0.578793
vt 0.013782 0.578792
vt 0.013780 0.578794
vt 0.013796 0.578790
vt 0.013795 0.578787
vt 0.013796 0.578787
vt 0.013732 0.578731
vt 0.013780 0.578792
vt 0.013782 0.578790
vt 0.076838 0.576851
vt 0.076838 0.576850
vt 0.013732 0.578731
vt 0.013733 0.578729
vt 0.013732 0.578728
vt 0.013734 0.578725
vt 0.013785 0.578793
vt 0.013787 0.578792
vt 0.013735 0.578727
vt 0.013734 0.578726
vt 0.013738 0.578724
vt 0.013735 0.578724
vt 0.013735 0.578722
vt 0.013782 0.578788
vt 0.013785 0.578791
vt 0.013780 0.578789
vt 0.076910 0.576861
vt 0.076912 0.576860
vt 0.013733 0.578732
vt 0.013734 0.578729
vt 0.013713 0.578722
vt 0.013713 0.578724
vt 0.013733 0.578732
vt 0.013735 0.578730
vt 0.013737 0.578727
vt 0.013736 0.578726
vt 0.013738 0.578726
vt 0.013737 0.578725
vt 0.013716 0.578722
vt 0.013719 0.578722
vt 0.013716 0.578723
vt 0.013738 0.578729
vt 0.013737 0.578728
vt 0.013739 0.578725
vt 0.013740 0.578728
vt 0.013716 0.578720
vt 0.013719 0.578721
vt 0.013713 0.578720
vt 0.013734 0.578732
vt 0.013736 0.578731
vt 0.013734 0.578733
vt 0.013736 0.578732
vt 0.013739 0.578731
vt 0.013740 0.578730
vt 0.013739 0.578728
vt 0.013719 0.578719
vt 0.013721 0.578716
vt 0.013721 0.578718
vt 0.013716 0.578717
vt 0.013719 0.578717
vt 0.013713 0.578718
vt 0.046905 0.577473
vt 0.046907 0.577471
vt 0.046907 0.577473
vt 0.046904 0.577476
vt 0.046906 0.577476
vt 0.046906 0.577478
vt 0.046904 0.577478
vt 0.046902 0.577476
vt 0.046901 0.577478
vt 0.046860 0.577548
vt 0.046862 0.577546
vt 0.046862 0.577548
vt 0.046860 0.577546
vt 0.046862 0.577544
vt 0.046829 0.577492
vt 0.046827 0.577494
vt 0.046827 0.577492
vt 0.046826 0.577489
vt 0.046829 0.577490
vt 0.046831 0.577490
vt 0.046831 0.577495
vt 0.046830 0.577496
vt 0.046829 0.577495
vt 0.046831 0.577492
vt 0.046834 0.577497
vt 0.046832 0.577497
vt 0.046834 0.577493
vt 0.046834 0.577490
vt 0.046837 0.577490
vt 0.046836 0.577495
vt 0.046834 0.577495
vt 0.046836 0.577493
vt 0.046838 0.577497
vt 0.046836 0.577497
vt 0.046839 0.577493
vt 0.046839 0.577490
vt 0.046878 0.577472
vt 0.046880 0.577470
vt 0.046880 0.577472
vt 0.046841 0.577493
vt 0.046838 0.577495
vt 0.046842 0.577490
vt 0.076881 0.576845
vt 0.076882 0.576847
vt 0.076881 0.576847
vt 0.076891 0.576852
vt 0.076889 0.576850
vt 0.076890 0.576850
vt 0.076891 0.576855
vt 0.076890 0.576852
vt 0.076890 0.576855
vt 0.013765 0.578725
vt 0.013764 0.578723
vt 0.013765 0.578723
vt 0.013719 0.578745
vt 0.013719 0.578747
vt 0.076865 0.576885
vt 0.013740 0.578757
vt 0.013740 0.578755
vt 0.013740 0.578752
vt 0.013740 0.578747
vt 0.013740 0.578749
vt 0.076865 0.576872
vt 0.013796 0.578793
vt 0.013797 0.578793
vt 0.013795 0.578785
vt 0.013779 0.578781
vt 0.013779 0.578784
vt 0.013779 0.578784
vt 0.013779 0.578787
vt 0.013779 0.578787
vt 0.013779 0.578786
vt 0.013779 0.578784
vt 0.013779 0.578782
vt 0.013720 0.578761
vt 0.013720 0.578759
vt 0.013720 0.578761
vt 0.013779 0.578780
vt 0.013779 0.578781
vt 0.013779 0.578781
vt 0.013747 0.578760
vt 0.013747 0.578762
vt 0.013746 0.578762
vt 0.076845 0.576871
vt 0.076846 0.576873
vt 0.076845 0.576873
vt 0.076880 0.576886
vt 0.076879 0.576885
vt 0.076880 0.576884
vt 0.076879 0.576884
vt 0.076904 0.576912
vt 0.076904 0.576913
vt 0.076904 0.576913
vt 0.013760 0.578765
vt 0.013759 0.578758
vt 0.013762 0.578765
vt 0.013762 0.578770
vt 0.013720 0.578753
vt 0.013720 0.578753
vt 0.013720 0.578746
vt 0.013720 0.578759
vt 0.013720 0.578753
vt 0.013746 0.578767
vt 0.013744 0.578767
vt 0.013743 0.578774
vt 0.013742 0.578774
vt 0.013720 0.578746
vt 0.076895 0.576898
vt 0.076896 0.576896
vt 0.076896 0.576898
vt 0.076846 0.576873
vt 0.076846 0.576871
vt 0.076846 0.576871
vt 0.076904 0.576912
vt 0.076904 0.576913
vt 0.076895 0.576898
vt 0.013763 0.578772
vt 0.013763 0.578770
vt 0.013764 0.578772
vt 0.013764 0.578772
vt 0.013779 0.578781
vt 0.013779 0.578780
vt 0.013779 0.578780
vt 0.013720 0.578759
vt 0.013720 0.578761
vt 0.013764 0.578758
vt 0.013766 0.578765
vt 0.013769 0.578758
vt 0.013770 0.578765
vt 0.013767 0.578770
vt 0.076880 0.576899
vt 0.076879 0.576892
vt 0.076880 0.576892
vt 0.076879 0.576886
vt 0.076846 0.576878
vt 0.076845 0.576878
vt 0.076846 0.576885
vt 0.076845 0.576885
vt 0.013767 0.578772
vt 0.013770 0.578771
vt 0.013770 0.578772
vt 0.013769 0.578773
vt 0.013767 0.578773
vt 0.013765 0.578772
vt 0.013751 0.578760
vt 0.013754 0.578761
vt 0.013751 0.578762
vt 0.013748 0.578760
vt 0.013749 0.578760
vt 0.013751 0.578759
vt 0.013753 0.578759
vt 0.013754 0.578759
vt 0.013748 0.578774
vt 0.013750 0.578767
vt 0.013754 0.578767
vt 0.013753 0.578774
vt 0.076895 0.576890
vt 0.076896 0.576883
vt 0.076896 0.576890
vt 0.076846 0.576885
vt 0.076846 0.576878
vt 0.076895 0.576896
vt 0.013767 0.578773
vt 0.013770 0.578773
vt 0.013779 0.578787
vt 0.013779 0.578784
vt 0.013742 0.578734
vt 0.013741 0.578732
vt 0.013741 0.578736
vt 0.076866 0.576861
vt 0.076866 0.576863
vt 0.076859 0.576869
vt 0.076860 0.576868
vt 0.076855 0.576869
vt 0.076857 0.576869
vt 0.076851 0.576868
vt 0.076853 0.576869
vt 0.076848 0.576865
vt 0.076849 0.576867
vt 0.013723 0.578740
vt 0.076847 0.576863
vt 0.076847 0.576861
vt 0.076848 0.576863
vt 0.076846 0.576861
vt 0.076847 0.576859
vt 0.076846 0.576857
vt 0.076846 0.576859
vt 0.013721 0.578730
vt 0.013721 0.578732
vt 0.013724 0.578727
vt 0.013722 0.578728
vt 0.013727 0.578725
vt 0.013725 0.578726
vt 0.013709 0.578781
vt 0.013710 0.578780
vt 0.013729 0.578724
vt 0.013733 0.578724
vt 0.013731 0.578724
vt 0.013741 0.578730
vt 0.013742 0.578711
vt 0.013741 0.578713
vt 0.013741 0.578709
vt 0.076866 0.576834
vt 0.076866 0.576832
vt 0.076865 0.576831
vt 0.076860 0.576827
vt 0.076859 0.576826
vt 0.076857 0.576826
vt 0.076855 0.576826
vt 0.076853 0.576826
vt 0.076851 0.576827
vt 0.076849 0.576828
vt 0.076848 0.576830
vt 0.013723 0.578705
vt 0.013722 0.578707
vt 0.076847 0.576832
vt 0.076847 0.576834
vt 0.076846 0.576834
vt 0.076847 0.576836
vt 0.076846 0.576836
vt 0.076846 0.576838
vt 0.013722 0.578715
vt 0.013721 0.578713
vt 0.013722 0.578717
vt 0.013724 0.578718
vt 0.013725 0.578719
vt 0.013727 0.578721
vt 0.013760 0.578730
vt 0.013759 0.578728
vt 0.013729 0.578721
vt 0.013731 0.578721
vt 0.013733 0.578721
vt 0.013737 0.578720
vt 0.013741 0.578715
vt 0.013754 0.578759
vt 0.076921 0.576912
vt 0.076921 0.576909
vt 0.076922 0.576909
vt 0.076922 0.576915
vt 0.076923 0.576918
vt 0.076912 0.576863
vt 0.076912 0.576860
vt 0.076835 0.576849
vt 0.076838 0.576849
vt 0.076921 0.576912
vt 0.076923 0.576907
vt 0.076924 0.576920
vt 0.076924 0.576904
vt 0.076920 0.576891
vt 0.076919 0.576893
vt 0.076919 0.576890
vt 0.076920 0.576888
vt 0.076921 0.576885
vt 0.076912 0.576866
vt 0.076833 0.576849
vt 0.076919 0.576888
vt 0.076920 0.576893
vt 0.076922 0.576883
vt 0.076921 0.576896
vt 0.076921 0.576898
vt 0.076840 0.576885
vt 0.076841 0.576884
vt 0.076841 0.576885
vt 0.076884 0.576866
vt 0.076882 0.576868
vt 0.076882 0.576866
vt 0.076884 0.576863
vt 0.076882 0.576863
vt 0.076884 0.576861
vt 0.076882 0.576861
vt 0.076880 0.576846
vt 0.076881 0.576847
vt 0.076880 0.576847
vt 0.076884 0.576850
vt 0.076883 0.576848
vt 0.076884 0.576848
vt 0.076884 0.576853
vt 0.076882 0.576850
vt 0.076884 0.576855
vt 0.076882 0.576853
vt 0.076880 0.576845
vt 0.076881 0.576846
vt 0.076840 0.576886
vt 0.076841 0.576886
vt 0.013729 0.578797
vt 0.013729 0.578798
vt 0.013729 0.578799
vt 0.013708 0.578785
vt 0.013709 0.578785
vt 0.076921 0.576886
vt 0.076921 0.576888
vt 0.013799 0.578757
vt 0.013800 0.578757
vt 0.013716 0.578747
vt 0.013716 0.578750
vt 0.013729 0.578794
vt 0.013729 0.578797
vt 0.013708 0.578787
vt 0.013709 0.578787
vt 0.013717 0.578758
vt 0.013716 0.578759
vt 0.013759 0.578738
vt 0.013759 0.578736
vt 0.076923 0.576917
vt 0.013730 0.578799
vt 0.013729 0.578800
vt 0.013729 0.578792
vt 0.013729 0.578794
vt 0.013709 0.578790
vt 0.013710 0.578790
vt 0.013741 0.578758
vt 0.013740 0.578759
vt 0.013740 0.578758
vt 0.013794 0.578722
vt 0.013793 0.578721
vt 0.013794 0.578721
vt 0.013794 0.578731
vt 0.013792 0.578730
vt 0.013794 0.578730
vt 0.013748 0.578721
vt 0.013749 0.578721
vt 0.013749 0.578721
vt 0.076919 0.576854
vt 0.076917 0.576855
vt 0.076917 0.576854
vt 0.013750 0.578721
vt 0.013794 0.578729
vt 0.013793 0.578727
vt 0.013794 0.578727
vt 0.013793 0.578726
vt 0.013794 0.578726
vt 0.076868 0.576916
vt 0.076868 0.576917
vt 0.076868 0.576916
vt 0.013794 0.578724
vt 0.013793 0.578724
vt 0.076867 0.576915
vt 0.076868 0.576915
vt 0.013793 0.578723
vt 0.013794 0.578723
vt 0.076919 0.576858
vt 0.076917 0.576859
vt 0.076917 0.576858
vt 0.013793 0.578722
vt 0.076917 0.576856
vt 0.076919 0.576856
vt 0.013792 0.578722
vt 0.076916 0.576856
vt 0.013793 0.578721
vt 0.013791 0.578731
vt 0.013791 0.578730
vt 0.013748 0.578720
vt 0.013749 0.578720
vt 0.076916 0.576855
vt 0.076916 0.576853
vt 0.013793 0.578729
vt 0.013791 0.578727
vt 0.013791 0.578726
vt 0.076867 0.576916
vt 0.013792 0.578724
vt 0.076867 0.576916
vt 0.013792 0.578723
vt 0.076916 0.576857
vt 0.013790 0.578727
vt 0.013790 0.578725
vt 0.076867 0.576918
vt 0.076867 0.576917
vt 0.013791 0.578724
vt 0.076853 0.576917
vt 0.076852 0.576918
vt 0.076852 0.576917
vt 0.013791 0.578722
vt 0.076852 0.576916
vt 0.076853 0.576916
vt 0.013792 0.578721
vt 0.076853 0.576914
vt 0.076852 0.576914
vt 0.013747 0.578719
vt 0.013748 0.578719
vt 0.013729 0.578788
vt 0.013727 0.578789
vt 0.013727 0.578787
vt 0.013749 0.578720
vt 0.076854 0.576913
vt 0.076852 0.576911
vt 0.076854 0.576911
vt 0.013790 0.578728
vt 0.076851 0.576915
vt 0.076851 0.576914
vt 0.013749 0.578718
vt 0.013749 0.578719
vt 0.013726 0.578789
vt 0.013726 0.578787
vt 0.013749 0.578720
vt 0.076852 0.576912
vt 0.076851 0.576911
vt 0.013727 0.578784
vt 0.013726 0.578786
vt 0.013726 0.578784
vt 0.013726 0.578783
vt 0.013727 0.578783
vt 0.076867 0.576918
vt 0.076867 0.576918
vt 0.013727 0.578781
vt 0.013726 0.578781
vt 0.076851 0.576917
vt 0.013726 0.578780
vt 0.013725 0.578780
vt 0.013748 0.578718
vt 0.013748 0.578719
vt 0.013724 0.578783
vt 0.076851 0.576918
vt 0.076850 0.576919
vt 0.076850 0.576918
vt 0.013724 0.578781
vt 0.076850 0.576917
vt 0.013724 0.578780
vt 0.076850 0.576915
vt 0.013748 0.578717
vt 0.013749 0.578718
vt 0.076850 0.576914
vt 0.013749 0.578719
vt 0.013725 0.578789
vt 0.013725 0.578787
vt 0.013750 0.578720
vt 0.076851 0.576912
vt 0.076850 0.576911
vt 0.013725 0.578786
vt 0.013725 0.578784
vt 0.013750 0.578719
vt 0.013723 0.578789
vt 0.013723 0.578787
vt 0.013750 0.578720
vt 0.076850 0.576912
vt 0.076848 0.576911
vt 0.013723 0.578784
vt 0.013723 0.578783
vt 0.076849 0.576919
vt 0.076849 0.576918
vt 0.013723 0.578781
vt 0.076849 0.576917
vt 0.013750 0.578716
vt 0.013751 0.578717
vt 0.013750 0.578717
vt 0.076849 0.576916
vt 0.013750 0.578718
vt 0.076848 0.576914
vt 0.076848 0.576918
vt 0.013722 0.578783
vt 0.013722 0.578782
vt 0.076848 0.576917
vt 0.013752 0.578717
vt 0.013752 0.578718
vt 0.076847 0.576916
vt 0.013751 0.578718
vt 0.076847 0.576914
vt 0.013751 0.578719
vt 0.013722 0.578789
vt 0.013722 0.578788
vt 0.013750 0.578720
vt 0.076848 0.576912
vt 0.076847 0.576911
vt 0.013722 0.578786
vt 0.013722 0.578785
vt 0.013721 0.578789
vt 0.013721 0.578788
vt 0.013751 0.578720
vt 0.013750 0.578720
vt 0.076835 0.576911
vt 0.076837 0.576912
vt 0.076836 0.576912
vt 0.013711 0.578789
vt 0.013712 0.578787
vt 0.013712 0.578788
vt 0.013713 0.578790
vt 0.013712 0.578790
vt 0.076849 0.576919
vt 0.076848 0.576918
vt 0.013713 0.578791
vt 0.013714 0.578791
vt 0.076847 0.576917
vt 0.013752 0.578718
vt 0.076847 0.576916
vt 0.013752 0.578719
vt 0.076846 0.576914
vt 0.013714 0.578789
vt 0.013715 0.578791
vt 0.076836 0.576905
vt 0.076836 0.576906
vt 0.076836 0.576906
vt 0.013714 0.578792
vt 0.013715 0.578792
vt 0.076836 0.576907
vt 0.076837 0.576907
vt 0.013753 0.578719
vt 0.013752 0.578720
vt 0.076836 0.576909
vt 0.076837 0.576908
vt 0.013751 0.578720
vt 0.013711 0.578785
vt 0.013712 0.578783
vt 0.013712 0.578785
vt 0.013750 0.578721
vt 0.076836 0.576910
vt 0.076838 0.576911
vt 0.013713 0.578786
vt 0.013713 0.578788
vt 0.076868 0.576920
vt 0.076869 0.576920
vt 0.076869 0.576921
vt 0.013752 0.578721
vt 0.013751 0.578721
vt 0.076837 0.576910
vt 0.076839 0.576911
vt 0.013714 0.578786
vt 0.013715 0.578787
vt 0.013715 0.578789
vt 0.076870 0.576920
vt 0.076870 0.576921
vt 0.013716 0.578790
vt 0.076836 0.576905
vt 0.076838 0.576905
vt 0.013716 0.578792
vt 0.076838 0.576907
vt 0.013753 0.578720
vt 0.013752 0.578720
vt 0.076838 0.576908
vt 0.013713 0.578783
vt 0.013714 0.578784
vt 0.013717 0.578790
vt 0.013717 0.578791
vt 0.076839 0.576905
vt 0.076839 0.576906
vt 0.013716 0.578792
vt 0.013717 0.578792
vt 0.076840 0.576908
vt 0.013751 0.578721
vt 0.013715 0.578783
vt 0.013715 0.578784
vt 0.013751 0.578721
vt 0.076839 0.576909
vt 0.076841 0.576910
vt 0.013716 0.578785
vt 0.013716 0.578787
vt 0.013717 0.578788
vt 0.076871 0.576920
vt 0.076837 0.576905
vt 0.013750 0.578721
vt 0.013717 0.578785
vt 0.013717 0.578787
vt 0.013718 0.578788
vt 0.076871 0.576919
vt 0.076871 0.576920
vt 0.013718 0.578790
vt 0.076839 0.576904
vt 0.076839 0.576905
vt 0.013718 0.578791
vt 0.076840 0.576906
vt 0.013718 0.578792
vt 0.076841 0.576907
vt 0.013752 0.578721
vt 0.013751 0.578722
vt 0.013717 0.578784
vt 0.076842 0.576909
vt 0.076842 0.576910
vt 0.076841 0.576906
vt 0.013702 0.578792
vt 0.013702 0.578791
vt 0.013702 0.578792
vt 0.076842 0.576907
vt 0.013752 0.578722
vt 0.013751 0.578722
vt 0.013716 0.578782
vt 0.013718 0.578783
vt 0.013750 0.578722
vt 0.076843 0.576910
vt 0.013700 0.578785
vt 0.013701 0.578786
vt 0.013700 0.578787
vt 0.013700 0.578788
vt 0.013701 0.578788
vt 0.076871 0.576919
vt 0.076872 0.576919
vt 0.013701 0.578790
vt 0.013702 0.578789
vt 0.076872 0.576920
vt 0.076873 0.576919
vt 0.013701 0.578791
vt 0.013703 0.578785
vt 0.013703 0.578786
vt 0.013703 0.578788
vt 0.076872 0.576918
vt 0.013703 0.578789
vt 0.076873 0.576918
vt 0.013703 0.578791
vt 0.076827 0.576904
vt 0.076828 0.576905
vt 0.076827 0.576905
vt 0.013703 0.578792
vt 0.076826 0.576907
vt 0.076828 0.576907
vt 0.013703 0.578793
vt 0.013703 0.578792
vt 0.013701 0.578783
vt 0.013703 0.578782
vt 0.013703 0.578783
vt 0.013750 0.578722
vt 0.076826 0.576908
vt 0.076828 0.576910
vt 0.076826 0.576910
vt 0.013704 0.578792
vt 0.076829 0.576905
vt 0.076829 0.576907
vt 0.013704 0.578792
vt 0.013704 0.578782
vt 0.013704 0.578783
vt 0.013750 0.578722
vt 0.013750 0.578722
vt 0.076828 0.576908
vt 0.076829 0.576910
vt 0.013704 0.578785
vt 0.013704 0.578786
vt 0.013704 0.578788
vt 0.076871 0.576918
vt 0.076872 0.576917
vt 0.013704 0.578789
vt 0.076873 0.576917
vt 0.013704 0.578791
vt 0.076828 0.576904
vt 0.013705 0.578788
vt 0.076871 0.576917
vt 0.076871 0.576917
vt 0.013705 0.578789
vt 0.076872 0.576916
vt 0.013705 0.578791
vt 0.076829 0.576904
vt 0.076830 0.576905
vt 0.013705 0.578792
vt 0.076830 0.576907
vt 0.013705 0.578792
vt 0.013705 0.578782
vt 0.013705 0.578783
vt 0.013749 0.578722
vt 0.013749 0.578722
vt 0.076829 0.576908
vt 0.076831 0.576910
vt 0.013706 0.578785
vt 0.013706 0.578786
vt 0.076831 0.576905
vt 0.076832 0.576907
vt 0.013705 0.578793
vt 0.013707 0.578782
vt 0.013707 0.578783
vt 0.013749 0.578722
vt 0.076830 0.576908
vt 0.076832 0.576910
vt 0.013707 0.578785
vt 0.013707 0.578786
vt 0.013707 0.578788
vt 0.076870 0.576917
vt 0.076871 0.576916
vt 0.013706 0.578789
vt 0.076871 0.576915
vt 0.013706 0.578791
vt 0.076872 0.576914
vt 0.076873 0.576915
vt 0.013706 0.578792
vt 0.013708 0.578788
vt 0.076870 0.576916
vt 0.013707 0.578790
vt 0.076870 0.576915
vt 0.013707 0.578791
vt 0.076871 0.576914
vt 0.013797 0.578722
vt 0.013796 0.578722
vt 0.013796 0.578721
vt 0.076872 0.576914
vt 0.076871 0.576913
vt 0.013795 0.578721
vt 0.013795 0.578721
vt 0.013708 0.578782
vt 0.013708 0.578784
vt 0.013749 0.578722
vt 0.013749 0.578721
vt 0.076832 0.576908
vt 0.076833 0.576910
vt 0.013708 0.578785
vt 0.013708 0.578787
vt 0.013795 0.578722
vt 0.013795 0.578721
vt 0.013797 0.578730
vt 0.013795 0.578731
vt 0.013795 0.578730
vt 0.013748 0.578722
vt 0.013749 0.578721
vt 0.076922 0.576855
vt 0.076920 0.576854
vt 0.076922 0.576853
vt 0.013797 0.578727
vt 0.013795 0.578729
vt 0.013795 0.578727
vt 0.013795 0.578726
vt 0.013797 0.578725
vt 0.076870 0.576917
vt 0.076869 0.576915
vt 0.013796 0.578724
vt 0.013795 0.578724
vt 0.076869 0.576914
vt 0.013795 0.578723
vt 0.013796 0.578723
vt 0.076869 0.576914
vt 0.076921 0.576857
vt 0.076920 0.576856
vt 0.076921 0.576856
vt 0.076868 0.576914
vt 0.076920 0.576858
vt 0.076920 0.576855
vt 0.076869 0.576916
vt 0.013784 0.578714
vt 0.013785 0.578714
vt 0.013785 0.578714
vt 0.013783 0.578704
vt 0.013785 0.578703
vt 0.013785 0.578704
vt 0.013797 0.578754
vt 0.013798 0.578754
vt 0.013797 0.578754
vt 0.076910 0.576831
vt 0.076908 0.576829
vt 0.076910 0.576829
vt 0.076860 0.576922
vt 0.076860 0.576919
vt 0.076860 0.576919
vt 0.013796 0.578754
vt 0.013783 0.578707
vt 0.013785 0.578706
vt 0.013785 0.578707
vt 0.013784 0.578709
vt 0.013785 0.578709
vt 0.076885 0.576846
vt 0.076884 0.576845
vt 0.076885 0.576845
vt 0.013785 0.578711
vt 0.076884 0.576847
vt 0.076885 0.576847
vt 0.013785 0.578712
vt 0.013784 0.578711
vt 0.076910 0.576826
vt 0.076908 0.576825
vt 0.076910 0.576825
vt 0.013784 0.578712
vt 0.076908 0.576828
vt 0.076910 0.576828
vt 0.013783 0.578714
vt 0.013784 0.578714
vt 0.076907 0.576828
vt 0.076908 0.576826
vt 0.013798 0.578753
vt 0.013798 0.578752
vt 0.013799 0.578753
vt 0.013782 0.578704
vt 0.013783 0.578703
vt 0.013798 0.578753
vt 0.076907 0.576831
vt 0.076908 0.576831
vt 0.076826 0.576922
vt 0.076825 0.576918
vt 0.076826 0.576918
vt 0.013797 0.578754
vt 0.013782 0.578708
vt 0.013783 0.578706
vt 0.076883 0.576846
vt 0.076884 0.576846
vt 0.013783 0.578711
vt 0.076883 0.576846
vt 0.013783 0.578713
vt 0.076907 0.576826
vt 0.076832 0.576922
vt 0.076832 0.576918
vt 0.076832 0.576922
vt 0.013782 0.578709
vt 0.013781 0.578708
vt 0.076882 0.576845
vt 0.076883 0.576845
vt 0.013781 0.578712
vt 0.076869 0.576911
vt 0.076868 0.576912
vt 0.076868 0.576911
vt 0.013782 0.578713
vt 0.076868 0.576910
vt 0.076867 0.576910
vt 0.013798 0.578752
vt 0.013799 0.578751
vt 0.076867 0.576908
vt 0.013742 0.578781
vt 0.013743 0.578783
vt 0.013742 0.578783
vt 0.013797 0.578753
vt 0.076906 0.576831
vt 0.076907 0.576829
vt 0.013781 0.578706
vt 0.013782 0.578706
vt 0.076868 0.576908
vt 0.076869 0.576909
vt 0.013797 0.578753
vt 0.013797 0.578751
vt 0.013743 0.578781
vt 0.013744 0.578783
vt 0.013797 0.578753
vt 0.076869 0.576904
vt 0.076868 0.576906
vt 0.076868 0.576904
vt 0.076830 0.576922
vt 0.076831 0.576918
vt 0.076831 0.576922
vt 0.013743 0.578778
vt 0.013744 0.578779
vt 0.013743 0.578779
vt 0.076906 0.576841
vt 0.076905 0.576845
vt 0.076905 0.576841
vt 0.013743 0.578776
vt 0.013744 0.578778
vt 0.076869 0.576912
vt 0.076870 0.576913
vt 0.076870 0.576913
vt 0.013743 0.578775
vt 0.013744 0.578776
vt 0.076870 0.576912
vt 0.013798 0.578750
vt 0.013797 0.578749
vt 0.013798 0.578749
vt 0.076870 0.576911
vt 0.013797 0.578750
vt 0.013746 0.578776
vt 0.076871 0.576913
vt 0.013746 0.578774
vt 0.013744 0.578774
vt 0.076871 0.576912
vt 0.013796 0.578750
vt 0.076871 0.576911
vt 0.013796 0.578751
vt 0.076869 0.576908
vt 0.076871 0.576909
vt 0.013797 0.578752
vt 0.013746 0.578781
vt 0.013744 0.578781
vt 0.013796 0.578752
vt 0.076871 0.576904
vt 0.076869 0.576906
vt 0.013796 0.578753
vt 0.013746 0.578779
vt 0.013795 0.578753
vt 0.013747 0.578783
vt 0.013746 0.578782
vt 0.013796 0.578753
vt 0.076872 0.576904
vt 0.076871 0.576906
vt 0.013746 0.578777
vt 0.013747 0.578779
vt 0.013747 0.578778
vt 0.076871 0.576913
vt 0.013747 0.578776
vt 0.076872 0.576912
vt 0.013794 0.578749
vt 0.013795 0.578749
vt 0.076872 0.576909
vt 0.013795 0.578750
vt 0.076872 0.576908
vt 0.076871 0.576908
vt 0.076873 0.576912
vt 0.013748 0.578775
vt 0.013747 0.578774
vt 0.076872 0.576911
vt 0.013794 0.578751
vt 0.076873 0.576910
vt 0.013794 0.578752
vt 0.013795 0.578752
vt 0.013747 0.578781
vt 0.013749 0.578783
vt 0.013795 0.578753
vt 0.076874 0.576904
vt 0.076872 0.576906
vt 0.076908 0.576845
vt 0.076909 0.576841
vt 0.076909 0.576845
vt 0.013796 0.578754
vt 0.013749 0.578779
vt 0.076919 0.576903
vt 0.076918 0.576899
vt 0.076919 0.576899
vt 0.013749 0.578776
vt 0.013749 0.578781
vt 0.013750 0.578783
vt 0.013795 0.578753
vt 0.076906 0.576890
vt 0.076905 0.576891
vt 0.076905 0.576889
vt 0.013795 0.578754
vt 0.013780 0.578763
vt 0.013781 0.578765
vt 0.013780 0.578764
vt 0.076831 0.576918
vt 0.076831 0.576922
vt 0.013782 0.578762
vt 0.013781 0.578761
vt 0.076882 0.576841
vt 0.076883 0.576841
vt 0.076883 0.576842
vt 0.013782 0.578759
vt 0.076874 0.576911
vt 0.076873 0.576911
vt 0.013783 0.578758
vt 0.013783 0.578760
vt 0.013793 0.578752
vt 0.076875 0.576908
vt 0.076874 0.576908
vt 0.013794 0.578753
vt 0.013783 0.578762
vt 0.076906 0.576896
vt 0.076906 0.576897
vt 0.076905 0.576896
vt 0.013783 0.578759
vt 0.013784 0.578760
vt 0.076905 0.576895
vt 0.013784 0.578758
vt 0.013785 0.578759
vt 0.076906 0.576893
vt 0.076907 0.576895
vt 0.013794 0.578754
vt 0.013781 0.578766
vt 0.013782 0.578769
vt 0.013781 0.578768
vt 0.013795 0.578754
vt 0.076908 0.576890
vt 0.076906 0.576891
vt 0.076827 0.576922
vt 0.076826 0.576918
vt 0.076827 0.576918
vt 0.013782 0.578763
vt 0.013783 0.578765
vt 0.076884 0.576840
vt 0.076883 0.576841
vt 0.013794 0.578754
vt 0.076909 0.576891
vt 0.076907 0.576892
vt 0.076858 0.576922
vt 0.076859 0.576918
vt 0.076859 0.576922
vt 0.013795 0.578754
vt 0.013783 0.578764
vt 0.013784 0.578766
vt 0.076895 0.576919
vt 0.076895 0.576923
vt 0.076895 0.576919
vt 0.013785 0.578762
vt 0.076885 0.576841
vt 0.076884 0.576841
vt 0.013785 0.578761
vt 0.076908 0.576897
vt 0.076907 0.576897
vt 0.013786 0.578759
vt 0.013785 0.578758
vt 0.076908 0.576894
vt 0.076907 0.576894
vt 0.013793 0.578753
vt 0.013782 0.578767
vt 0.013783 0.578769
vt 0.013787 0.578761
vt 0.076909 0.576896
vt 0.076908 0.576896
vt 0.013786 0.578758
vt 0.013787 0.578759
vt 0.076910 0.576894
vt 0.013794 0.578755
vt 0.013793 0.578754
vt 0.013784 0.578767
vt 0.013785 0.578769
vt 0.013795 0.578755
vt 0.076911 0.576891
vt 0.076909 0.576892
vt 0.013785 0.578764
vt 0.013786 0.578766
vt 0.076919 0.576903
vt 0.076919 0.576899
vt 0.013786 0.578763
vt 0.076886 0.576840
vt 0.076885 0.576840
vt 0.076886 0.576840
vt 0.076885 0.576839
vt 0.013796 0.578755
vt 0.013786 0.578764
vt 0.013787 0.578766
vt 0.076920 0.576903
vt 0.076920 0.576899
vt 0.013788 0.578763
vt 0.076886 0.576841
vt 0.076885 0.576841
vt 0.076886 0.576841
vt 0.013788 0.578759
vt 0.076911 0.576896
vt 0.076909 0.576897
vt 0.013788 0.578758
vt 0.013787 0.578758
vt 0.013795 0.578755
vt 0.013794 0.578755
vt 0.013787 0.578768
vt 0.013785 0.578768
vt 0.076912 0.576893
vt 0.076910 0.576893
vt 0.076889 0.576841
vt 0.076887 0.576840
vt 0.076888 0.576840
vt 0.013779 0.578714
vt 0.013778 0.578713
vt 0.013779 0.578713
vt 0.076912 0.576894
vt 0.076911 0.576894
vt 0.013777 0.578715
vt 0.013778 0.578715
vt 0.013787 0.578769
vt 0.013786 0.578769
vt 0.013796 0.578755
vt 0.076904 0.576831
vt 0.076905 0.576830
vt 0.013780 0.578708
vt 0.013779 0.578706
vt 0.076920 0.576899
vt 0.076920 0.576903
vt 0.013779 0.578709
vt 0.013780 0.578710
vt 0.076887 0.576841
vt 0.013779 0.578711
vt 0.013780 0.578712
vt 0.013779 0.578708
vt 0.013778 0.578706
vt 0.013778 0.578709
vt 0.076888 0.576842
vt 0.076886 0.576842
vt 0.076889 0.576842
vt 0.076888 0.576841
vt 0.013778 0.578711
vt 0.076890 0.576842
vt 0.013778 0.578714
vt 0.013777 0.578713
vt 0.076903 0.576828
vt 0.076904 0.576826
vt 0.076904 0.576828
vt 0.013777 0.578714
vt 0.013778 0.578704
vt 0.013779 0.578703
vt 0.013779 0.578704
vt 0.013796 0.578755
vt 0.013795 0.578756
vt 0.076903 0.576831
vt 0.076904 0.576829
vt 0.076905 0.576841
vt 0.076904 0.576845
vt 0.076904 0.576841
vt 0.013777 0.578714
vt 0.013776 0.578712
vt 0.076901 0.576826
vt 0.076903 0.576826
vt 0.013776 0.578714
vt 0.013776 0.578703
vt 0.013778 0.578703
vt 0.013797 0.578756
vt 0.013796 0.578756
vt 0.076901 0.576829
vt 0.076903 0.576829
vt 0.013796 0.578755
vt 0.013778 0.578707
vt 0.013776 0.578706
vt 0.013776 0.578709
vt 0.076888 0.576843
vt 0.076887 0.576842
vt 0.013776 0.578711
vt 0.076901 0.576825
vt 0.076902 0.576825
vt 0.013775 0.578709
vt 0.013776 0.578707
vt 0.076887 0.576844
vt 0.076887 0.576843
vt 0.013775 0.578711
vt 0.076889 0.576844
vt 0.076889 0.576843
vt 0.076900 0.576826
vt 0.013775 0.578714
vt 0.076900 0.576828
vt 0.076901 0.576828
vt 0.013776 0.578714
vt 0.013776 0.578714
vt 0.013775 0.578704
vt 0.013776 0.578704
vt 0.013797 0.578755
vt 0.076899 0.576831
vt 0.076901 0.576831
vt 0.076858 0.576922
vt 0.076857 0.576919
vt 0.076858 0.576919
vt 0.013775 0.578706
vt 0.076898 0.576828
vt 0.013775 0.578715
vt 0.013773 0.578703
vt 0.013775 0.578703
vt 0.013797 0.578755
vt 0.013797 0.578756
vt 0.076898 0.576831
vt 0.076900 0.576829
vt 0.076893 0.576919
vt 0.076894 0.576923
vt 0.076893 0.576923
vt 0.013773 0.578708
vt 0.013775 0.578707
vt 0.076909 0.576845
vt 0.076909 0.576841
vt 0.013773 0.578709
vt 0.076887 0.576845
vt 0.076888 0.576844
vt 0.013774 0.578713
vt 0.013775 0.578713
vt 0.076889 0.576846
vt 0.076890 0.576845
vt 0.013774 0.578714
vt 0.013772 0.578710
vt 0.076886 0.576845
vt 0.076886 0.576844
vt 0.013774 0.578711
vt 0.076888 0.576845
vt 0.076886 0.576846
vt 0.013773 0.578712
vt 0.076887 0.576846
vt 0.013774 0.578714
vt 0.076898 0.576827
vt 0.076899 0.576826
vt 0.013773 0.578704
vt 0.013772 0.578703
vt 0.013798 0.578755
vt 0.013798 0.578755
vt 0.076897 0.576830
vt 0.076898 0.576829
vt 0.013797 0.578755
vt 0.013772 0.578706
vt 0.013773 0.578706
vt 0.013786 0.578715
vt 0.013786 0.578714
vt 0.013787 0.578714
vt 0.013788 0.578704
vt 0.013786 0.578703
vt 0.013788 0.578703
vt 0.013797 0.578754
vt 0.076912 0.576831
vt 0.076913 0.576829
vt 0.076913 0.576831
vt 0.076860 0.576922
vt 0.013788 0.578708
vt 0.013787 0.578706
vt 0.013788 0.578706
vt 0.013787 0.578709
vt 0.013788 0.578709
vt 0.076886 0.576846
vt 0.013788 0.578711
vt 0.013786 0.578712
vt 0.013787 0.578713
vt 0.076911 0.576826
vt 0.076912 0.576825
vt 0.076912 0.576826
vt 0.076911 0.576828
vt 0.076913 0.576828
vt 0.013787 0.578711
vt 0.076886 0.576847
vt 0.076911 0.576825
vt 0.013786 0.578714
vt 0.013787 0.578704
vt 0.013798 0.578754
vt 0.076912 0.576829
vt 0.076905 0.576845
vt 0.013787 0.578707
vt 0.076903 0.576841
vt 0.076903 0.576845
vt 0.076903 0.576841
vt 0.076885 0.576845
vt 0.076918 0.576903
vt 0.076918 0.576903
vt 0.076826 0.576922
vt 0.076921 0.576899
vt 0.076921 0.576903
vt 0.076894 0.576923
vt 0.076894 0.576918
vt 0.076858 0.576918
vt 0.076903 0.576845
vt 0.076910 0.576845
vt 0.076910 0.576841
vt 0.076910 0.576841
vt 0.076828 0.576918
vt 0.076828 0.576922
vt 0.076906 0.576845
vt 0.076907 0.576841
vt 0.076907 0.576845
vt 0.076906 0.576841
vt 0.076906 0.576841
vt 0.076912 0.576845
vt 0.076911 0.576841
vt 0.076912 0.576841
vt 0.076833 0.576922
vt 0.076833 0.576918
vt 0.076910 0.576845
vt 0.076894 0.576919
vt 0.076908 0.576841
vt 0.076908 0.576841
vt 0.076832 0.576918
vt 0.076902 0.576841
vt 0.076902 0.576845
vt 0.076908 0.576845
vt 0.076911 0.576845
vt 0.076840 0.576920
vt 0.076841 0.576919
vt 0.076840 0.576920
vt 0.076839 0.576921
vt 0.076840 0.576921
vt 0.076840 0.576920
vt 0.076840 0.576921
vt 0.076841 0.576921
vt 0.076841 0.576920
vt 0.076841 0.576920
vt 0.076841 0.576921
vt 0.076841 0.576920
vt 0.076842 0.576921
vt 0.076841 0.576920
vt 0.076842 0.576920
vt 0.076841 0.576919
vt 0.076842 0.576920
vt 0.076841 0.576919
vt 0.076842 0.576919
vt 0.076841 0.576919
vt 0.076842 0.576918
vt 0.076841 0.576919
vt 0.076842 0.576918
vt 0.076841 0.576918
vt 0.076841 0.576918
vt 0.076841 0.576918
vt 0.076841 0.576917
vt 0.076840 0.576918
vt 0.076840 0.576917
vt 0.076840 0.576918
vt 0.076840 0.576918
vt 0.076840 0.576919
vt 0.076839 0.576918
vt 0.076839 0.576918
vt 0.076840 0.576919
vt 0.076840 0.576919
vt 0.076839 0.576919
vt 0.076840 0.576919
vt 0.076839 0.576920
vt 0.076840 0.576920
vt 0.076839 0.576920
vt 0.076897 0.576844
vt 0.076897 0.576844
vt 0.076897 0.576843
vt 0.076897 0.576845
vt 0.076897 0.576844
vt 0.076897 0.576845
vt 0.076896 0.576845
vt 0.076896 0.576845
vt 0.076896 0.576844
vt 0.076896 0.576844
vt 0.076896 0.576844
vt 0.076895 0.576844
vt 0.076895 0.576844
vt 0.076896 0.576843
vt 0.076896 0.576843
vt 0.076895 0.576842
vt 0.076895 0.576843
vt 0.076896 0.576843
vt 0.076897 0.576842
vt 0.076896 0.576842
vt 0.076896 0.576842
vt 0.076897 0.576842
vt 0.076897 0.576842
vt 0.076897 0.576841
vt 0.076897 0.576841
vt 0.076897 0.576842
vt 0.076898 0.576843
vt 0.076898 0.576842
vt 0.076898 0.576842
vt 0.076898 0.576843
vt 0.076898 0.576843
vt 0.076899 0.576842
vt 0.076899 0.576844
vt 0.076899 0.576843
vt 0.076898 0.576844
vt 0.076898 0.576844
vt 0.076899 0.576844
vt 0.076898 0.576844
vt 0.076897 0.576844
vt 0.076898 0.576845
vt 0.076898 0.576845
vt 0.013796 0.578749
vt 0.013797 0.578748
vt 0.013797 0.578749
vt 0.013795 0.578740
vt 0.013797 0.578738
vt 0.013797 0.578740
vt 0.013769 0.578718
vt 0.013770 0.578718
vt 0.013769 0.578718
vt 0.076922 0.576866
vt 0.076920 0.576865
vt 0.076922 0.576865
vt 0.013768 0.578718
vt 0.013795 0.578742
vt 0.013797 0.578741
vt 0.013797 0.578742
vt 0.013796 0.578744
vt 0.013797 0.578744
vt 0.076877 0.576919
vt 0.076876 0.576918
vt 0.076877 0.576918
vt 0.013797 0.578745
vt 0.076876 0.576920
vt 0.076877 0.576920
vt 0.013796 0.578747
vt 0.013797 0.578747
vt 0.076922 0.576862
vt 0.076920 0.576861
vt 0.076922 0.576861
vt 0.076920 0.576863
vt 0.076922 0.576863
vt 0.013795 0.578748
vt 0.013796 0.578748
vt 0.076919 0.576864
vt 0.076920 0.576862
vt 0.013794 0.578739
vt 0.013795 0.578738
vt 0.013770 0.578717
vt 0.013770 0.578717
vt 0.076920 0.576866
vt 0.076919 0.576865
vt 0.013769 0.578717
vt 0.013794 0.578743
vt 0.013795 0.578741
vt 0.013794 0.578744
vt 0.076876 0.576918
vt 0.076876 0.576919
vt 0.013796 0.578746
vt 0.076875 0.576919
vt 0.013795 0.578747
vt 0.076919 0.576862
vt 0.013793 0.578743
vt 0.076876 0.576917
vt 0.076876 0.576918
vt 0.013794 0.578746
vt 0.013795 0.578746
vt 0.076903 0.576907
vt 0.076902 0.576906
vt 0.076902 0.576906
vt 0.076902 0.576909
vt 0.076903 0.576908
vt 0.013795 0.578748
vt 0.076903 0.576910
vt 0.013769 0.578716
vt 0.013770 0.578716
vt 0.013779 0.578787
vt 0.013777 0.578785
vt 0.013778 0.578785
vt 0.013769 0.578717
vt 0.076902 0.576913
vt 0.076904 0.576912
vt 0.076904 0.576913
vt 0.013793 0.578742
vt 0.013794 0.578741
vt 0.076902 0.576910
vt 0.076901 0.576909
vt 0.013769 0.578715
vt 0.013770 0.578716
vt 0.013777 0.578787
vt 0.013776 0.578785
vt 0.013769 0.578717
vt 0.076901 0.576913
vt 0.076902 0.576912
vt 0.013777 0.578790
vt 0.013776 0.578788
vt 0.013777 0.578788
vt 0.013776 0.578791
vt 0.013777 0.578791
vt 0.076875 0.576918
vt 0.076876 0.576917
vt 0.013777 0.578793
vt 0.076901 0.576907
vt 0.076902 0.576907
vt 0.013776 0.578794
vt 0.013776 0.578793
vt 0.013794 0.578749
vt 0.013794 0.578747
vt 0.013775 0.578791
vt 0.013776 0.578790
vt 0.076901 0.576906
vt 0.076900 0.576906
vt 0.076901 0.576906
vt 0.076900 0.576906
vt 0.013774 0.578794
vt 0.013775 0.578794
vt 0.076900 0.576909
vt 0.013768 0.578715
vt 0.013769 0.578714
vt 0.076901 0.576910
vt 0.013769 0.578716
vt 0.013776 0.578787
vt 0.013775 0.578785
vt 0.013768 0.578716
vt 0.076900 0.576913
vt 0.076901 0.576912
vt 0.013768 0.578717
vt 0.013775 0.578788
vt 0.013768 0.578716
vt 0.013775 0.578787
vt 0.013773 0.578785
vt 0.013768 0.578717
vt 0.076898 0.576913
vt 0.076900 0.576912
vt 0.013773 0.578790
vt 0.013775 0.578790
vt 0.076899 0.576906
vt 0.013774 0.578793
vt 0.013773 0.578791
vt 0.076899 0.576907
vt 0.076900 0.576907
vt 0.013773 0.578794
vt 0.076899 0.576909
vt 0.013767 0.578715
vt 0.013768 0.578714
vt 0.076900 0.576910
vt 0.076898 0.576906
vt 0.076899 0.576906
vt 0.013773 0.578793
vt 0.013772 0.578791
vt 0.076898 0.576907
vt 0.013772 0.578792
vt 0.076897 0.576908
vt 0.013766 0.578715
vt 0.013767 0.578715
vt 0.076898 0.576910
vt 0.013767 0.578716
vt 0.013773 0.578787
vt 0.013772 0.578785
vt 0.076897 0.576913
vt 0.076898 0.576912
vt 0.013768 0.578717
vt 0.013772 0.578788
vt 0.013773 0.578788
vt 0.013772 0.578786
vt 0.013771 0.578785
vt 0.013767 0.578717
vt 0.076920 0.576832
vt 0.076921 0.576830
vt 0.076921 0.576832
vt 0.013767 0.578717
vt 0.013796 0.578708
vt 0.013795 0.578707
vt 0.013796 0.578707
vt 0.013795 0.578710
vt 0.013796 0.578710
vt 0.076898 0.576906
vt 0.076899 0.576905
vt 0.013795 0.578711
vt 0.076897 0.576907
vt 0.013794 0.578713
vt 0.013795 0.578713
vt 0.013767 0.578716
vt 0.013765 0.578716
vt 0.076896 0.576910
vt 0.076897 0.576910
vt 0.013766 0.578716
vt 0.013794 0.578711
vt 0.013793 0.578710
vt 0.076918 0.576826
vt 0.076919 0.576825
vt 0.076919 0.576826
vt 0.013793 0.578711
vt 0.076919 0.576827
vt 0.013765 0.578717
vt 0.076920 0.576829
vt 0.076918 0.576827
vt 0.013766 0.578717
vt 0.013795 0.578705
vt 0.013793 0.578703
vt 0.013795 0.578704
vt 0.013767 0.578718
vt 0.076918 0.576832
vt 0.076920 0.576830
vt 0.013795 0.578708
vt 0.013793 0.578707
vt 0.076877 0.576914
vt 0.076878 0.576915
vt 0.076877 0.576915
vt 0.013766 0.578718
vt 0.076917 0.576832
vt 0.076918 0.576830
vt 0.013767 0.578718
vt 0.013793 0.578708
vt 0.013792 0.578707
vt 0.013792 0.578710
vt 0.076878 0.576914
vt 0.076878 0.576915
vt 0.013792 0.578711
vt 0.076917 0.576826
vt 0.076918 0.576825
vt 0.013792 0.578713
vt 0.013793 0.578713
vt 0.013766 0.578717
vt 0.013765 0.578718
vt 0.076917 0.576828
vt 0.076918 0.576828
vt 0.013765 0.578718
vt 0.013793 0.578705
vt 0.013792 0.578703
vt 0.013791 0.578711
vt 0.076917 0.576827
vt 0.076916 0.576826
vt 0.013765 0.578719
vt 0.076916 0.576827
vt 0.013766 0.578718
vt 0.013792 0.578705
vt 0.013791 0.578704
vt 0.013767 0.578718
vt 0.076915 0.576832
vt 0.076917 0.576830
vt 0.013792 0.578708
vt 0.013790 0.578707
vt 0.013791 0.578710
vt 0.076879 0.576915
vt 0.076879 0.576914
vt 0.076917 0.576825
vt 0.013767 0.578718
vt 0.013791 0.578708
vt 0.013789 0.578707
vt 0.013789 0.578710
vt 0.076879 0.576916
vt 0.076879 0.576915
vt 0.076915 0.576825
vt 0.076916 0.576825
vt 0.013790 0.578713
vt 0.013791 0.578713
vt 0.076915 0.576827
vt 0.013766 0.578719
vt 0.013765 0.578720
vt 0.076916 0.576829
vt 0.013767 0.578719
vt 0.013789 0.578705
vt 0.013790 0.578705
vt 0.076914 0.576830
vt 0.076915 0.576830
vt 0.076914 0.576827
vt 0.076915 0.576826
vt 0.013732 0.578781
vt 0.013732 0.578782
vt 0.013731 0.578782
vt 0.076913 0.576829
vt 0.076914 0.576829
vt 0.013767 0.578719
vt 0.013766 0.578719
vt 0.013788 0.578705
vt 0.013789 0.578704
vt 0.076913 0.576832
vt 0.076914 0.576832
vt 0.013768 0.578719
vt 0.013731 0.578786
vt 0.013730 0.578787
vt 0.013730 0.578786
vt 0.013730 0.578784
vt 0.076880 0.576915
vt 0.076879 0.576916
vt 0.013731 0.578783
vt 0.013731 0.578785
vt 0.076881 0.576915
vt 0.076880 0.576916
vt 0.013732 0.578788
vt 0.013731 0.578788
vt 0.013732 0.578785
vt 0.076880 0.576917
vt 0.013732 0.578783
vt 0.076881 0.576917
vt 0.076881 0.576916
vt 0.013733 0.578783
vt 0.076857 0.576917
vt 0.076856 0.576918
vt 0.076856 0.576917
vt 0.013733 0.578781
vt 0.013732 0.578781
vt 0.076856 0.576916
vt 0.013767 0.578720
vt 0.013767 0.578720
vt 0.013731 0.578789
vt 0.013732 0.578791
vt 0.013731 0.578791
vt 0.013768 0.578719
vt 0.076857 0.576913
vt 0.076856 0.576914
vt 0.076856 0.576913
vt 0.013734 0.578781
vt 0.013733 0.578782
vt 0.076857 0.576916
vt 0.076859 0.576917
vt 0.013734 0.578780
vt 0.013732 0.578789
vt 0.013734 0.578791
vt 0.013768 0.578719
vt 0.013768 0.578720
vt 0.076859 0.576913
vt 0.076857 0.576914
vt 0.013732 0.578786
vt 0.013734 0.578788
vt 0.013734 0.578785
vt 0.076880 0.576918
vt 0.076879 0.576917
vt 0.076881 0.576918
vt 0.013734 0.578783
vt 0.076857 0.576918
vt 0.013735 0.578785
vt 0.013734 0.578787
vt 0.076879 0.576918
vt 0.076879 0.576917
vt 0.076880 0.576918
vt 0.013734 0.578782
vt 0.013735 0.578783
vt 0.076860 0.576917
vt 0.013735 0.578781
vt 0.076859 0.576916
vt 0.013735 0.578780
vt 0.013734 0.578780
vt 0.013734 0.578790
vt 0.013735 0.578791
vt 0.013769 0.578720
vt 0.013768 0.578720
vt 0.076860 0.576913
vt 0.076859 0.576915
vt 0.013769 0.578719
vt 0.013735 0.578788
vt 0.076860 0.576916
vt 0.076861 0.576917
vt 0.013735 0.578780
vt 0.013735 0.578790
vt 0.013736 0.578791
vt 0.013769 0.578719
vt 0.076862 0.576913
vt 0.076860 0.576915
vt 0.013735 0.578787
vt 0.013737 0.578788
vt 0.013737 0.578785
vt 0.076879 0.576918
vt 0.076880 0.576920
vt 0.076881 0.576919
vt 0.013735 0.578782
vt 0.013736 0.578783
vt 0.076880 0.576921
vt 0.076881 0.576920
vt 0.013736 0.578781
vt 0.013738 0.578785
vt 0.013737 0.578786
vt 0.076878 0.576919
vt 0.076879 0.576919
vt 0.076879 0.576920
vt 0.013737 0.578782
vt 0.013736 0.578782
vt 0.076879 0.576921
vt 0.013799 0.578748
vt 0.013800 0.578748
vt 0.013799 0.578748
vt 0.076861 0.576916
vt 0.076862 0.576917
vt 0.013769 0.578719
vt 0.013770 0.578719
vt 0.013770 0.578720
vt 0.013736 0.578789
vt 0.013737 0.578791
vt 0.013769 0.578718
vt 0.076863 0.576913
vt 0.076861 0.576914
vt 0.013738 0.578788
vt 0.013798 0.578749
vt 0.013798 0.578748
vt 0.013800 0.578740
vt 0.013798 0.578738
vt 0.013799 0.578739
vt 0.013769 0.578718
vt 0.013770 0.578719
vt 0.076923 0.576866
vt 0.076925 0.576865
vt 0.076925 0.576866
vt 0.013800 0.578743
vt 0.013798 0.578741
vt 0.013800 0.578741
vt 0.013798 0.578744
vt 0.013800 0.578744
vt 0.076878 0.576919
vt 0.076878 0.576918
vt 0.013799 0.578746
vt 0.013798 0.578747
vt 0.013799 0.578747
vt 0.076878 0.576920
vt 0.076923 0.576863
vt 0.076924 0.576862
vt 0.076924 0.576864
vt 0.013798 0.578746
vt 0.076877 0.576921
vt 0.076878 0.576921
vt 0.076923 0.576862
vt 0.013797 0.578749
vt 0.013798 0.578740
vt 0.013770 0.578718
vt 0.076923 0.576865
vt 0.013798 0.578742
vt 0.076878 0.576919
vt 0.013742 0.578720
vt 0.013742 0.578720
vt 0.013742 0.578720
vt 0.013787 0.578732
vt 0.013785 0.578731
vt 0.013787 0.578731
vt 0.013743 0.578720
vt 0.013743 0.578720
vt 0.076912 0.576854
vt 0.076910 0.576856
vt 0.076910 0.576854
vt 0.076857 0.576918
vt 0.076857 0.576922
vt 0.076857 0.576919
vt 0.013744 0.578720
vt 0.013787 0.578729
vt 0.013785 0.578728
vt 0.013787 0.578728
vt 0.013785 0.578726
vt 0.013787 0.578726
vt 0.076915 0.576838
vt 0.076915 0.576840
vt 0.076915 0.576839
vt 0.013787 0.578724
vt 0.013786 0.578724
vt 0.076915 0.576838
vt 0.076916 0.576838
vt 0.013787 0.578723
vt 0.013786 0.578723
vt 0.076912 0.576859
vt 0.076910 0.576860
vt 0.076910 0.576859
vt 0.013787 0.578722
vt 0.013786 0.578721
vt 0.076910 0.576857
vt 0.076912 0.576858
vt 0.013785 0.578721
vt 0.076909 0.576857
vt 0.013742 0.578718
vt 0.013743 0.578719
vt 0.013785 0.578732
vt 0.013784 0.578731
vt 0.013744 0.578719
vt 0.076909 0.576854
vt 0.076864 0.576917
vt 0.076864 0.576921
vt 0.076864 0.576917
vt 0.013785 0.578729
vt 0.013784 0.578727
vt 0.013784 0.578726
vt 0.076914 0.576839
vt 0.013784 0.578724
vt 0.076914 0.576838
vt 0.013785 0.578722
vt 0.076909 0.576859
vt 0.076830 0.576922
vt 0.076829 0.576918
vt 0.076830 0.576918
vt 0.013782 0.578727
vt 0.013783 0.578725
vt 0.076914 0.576840
vt 0.076913 0.576840
vt 0.013783 0.578723
vt 0.076885 0.576898
vt 0.076885 0.576899
vt 0.076884 0.576899
vt 0.013784 0.578722
vt 0.076885 0.576901
vt 0.076884 0.576900
vt 0.013784 0.578721
vt 0.076883 0.576902
vt 0.076884 0.576903
vt 0.013742 0.578718
vt 0.013743 0.578718
vt 0.013757 0.578779
vt 0.013759 0.578778
vt 0.013759 0.578779
vt 0.013744 0.578719
vt 0.076909 0.576856
vt 0.076907 0.576854
vt 0.013782 0.578729
vt 0.076886 0.576901
vt 0.076885 0.576903
vt 0.013743 0.578717
vt 0.013744 0.578718
vt 0.013760 0.578778
vt 0.013760 0.578780
vt 0.013744 0.578719
vt 0.076884 0.576904
vt 0.076885 0.576906
vt 0.076883 0.576906
vt 0.076828 0.576922
vt 0.076828 0.576918
vt 0.076828 0.576918
vt 0.013758 0.578782
vt 0.013760 0.578781
vt 0.013760 0.578783
vt 0.076902 0.576841
vt 0.076902 0.576845
vt 0.076902 0.576845
vt 0.013758 0.578784
vt 0.013759 0.578784
vt 0.076886 0.576898
vt 0.076887 0.576898
vt 0.076887 0.576899
vt 0.013758 0.578786
vt 0.013759 0.578786
vt 0.076886 0.576900
vt 0.013758 0.578787
vt 0.013759 0.578787
vt 0.013743 0.578716
vt 0.013761 0.578785
vt 0.076888 0.576898
vt 0.076888 0.576899
vt 0.013761 0.578786
vt 0.076887 0.576900
vt 0.013761 0.578787
vt 0.076887 0.576901
vt 0.013744 0.578717
vt 0.076887 0.576903
vt 0.013744 0.578718
vt 0.013762 0.578780
vt 0.013744 0.578719
vt 0.076885 0.576905
vt 0.076886 0.576907
vt 0.013761 0.578782
vt 0.013761 0.578783
vt 0.013745 0.578718
vt 0.013763 0.578778
vt 0.013763 0.578780
vt 0.013745 0.578719
vt 0.076887 0.576905
vt 0.076888 0.576907
vt 0.013763 0.578782
vt 0.013763 0.578783
vt 0.013762 0.578785
vt 0.076888 0.576898
vt 0.076888 0.576899
vt 0.013762 0.578786
vt 0.076889 0.576900
vt 0.013762 0.578788
vt 0.076889 0.576902
vt 0.013745 0.578716
vt 0.013745 0.578717
vt 0.076888 0.576903
vt 0.076889 0.576899
vt 0.013763 0.578786
vt 0.076890 0.576900
vt 0.013763 0.578788
vt 0.076890 0.576902
vt 0.013746 0.578717
vt 0.076890 0.576903
vt 0.013745 0.578718
vt 0.013765 0.578778
vt 0.013765 0.578780
vt 0.013745 0.578719
vt 0.076888 0.576905
vt 0.076890 0.576907
vt 0.076907 0.576860
vt 0.076908 0.576865
vt 0.076907 0.576865
vt 0.013765 0.578782
vt 0.013764 0.578783
vt 0.076844 0.576922
vt 0.076845 0.576917
vt 0.076845 0.576922
vt 0.013764 0.578785
vt 0.013766 0.578778
vt 0.013766 0.578780
vt 0.013746 0.578718
vt 0.013745 0.578719
vt 0.076905 0.576904
vt 0.076906 0.576905
vt 0.076905 0.576905
vt 0.013780 0.578782
vt 0.013781 0.578780
vt 0.013782 0.578782
vt 0.076829 0.576922
vt 0.076829 0.576918
vt 0.013782 0.578783
vt 0.013781 0.578784
vt 0.076913 0.576843
vt 0.076914 0.576843
vt 0.076914 0.576844
vt 0.013782 0.578785
vt 0.013783 0.578785
vt 0.076890 0.576900
vt 0.013783 0.578787
vt 0.013783 0.578786
vt 0.076891 0.576901
vt 0.013747 0.578717
vt 0.013747 0.578718
vt 0.076891 0.576903
vt 0.013783 0.578783
vt 0.013784 0.578785
vt 0.076906 0.576898
vt 0.076906 0.576898
vt 0.076905 0.576899
vt 0.013785 0.578786
vt 0.076905 0.576900
vt 0.076907 0.576900
vt 0.013784 0.578787
vt 0.013785 0.578787
vt 0.076906 0.576902
vt 0.076907 0.576901
vt 0.013746 0.578719
vt 0.013781 0.578778
vt 0.013782 0.578776
vt 0.013782 0.578778
vt 0.013745 0.578719
vt 0.076906 0.576903
vt 0.076908 0.576905
vt 0.076866 0.576917
vt 0.076865 0.576921
vt 0.076865 0.576917
vt 0.013783 0.578780
vt 0.013783 0.578781
vt 0.076915 0.576844
vt 0.013747 0.578720
vt 0.013745 0.578720
vt 0.076907 0.576903
vt 0.076909 0.576904
vt 0.076856 0.576922
vt 0.076856 0.576919
vt 0.076856 0.576919
vt 0.013784 0.578779
vt 0.013785 0.578781
vt 0.076891 0.576923
vt 0.076891 0.576919
vt 0.076891 0.576919
vt 0.013785 0.578782
vt 0.076915 0.576844
vt 0.076915 0.576844
vt 0.013785 0.578784
vt 0.076907 0.576898
vt 0.076908 0.576898
vt 0.013786 0.578786
vt 0.076908 0.576899
vt 0.013786 0.578787
vt 0.076908 0.576901
vt 0.013747 0.578718
vt 0.013783 0.578776
vt 0.013784 0.578777
vt 0.013787 0.578784
vt 0.013787 0.578785
vt 0.076909 0.576899
vt 0.013787 0.578786
vt 0.076910 0.576901
vt 0.013747 0.578719
vt 0.013747 0.578720
vt 0.013785 0.578776
vt 0.013785 0.578777
vt 0.013745 0.578720
vt 0.076909 0.576903
vt 0.076911 0.576904
vt 0.013786 0.578779
vt 0.013786 0.578780
vt 0.076844 0.576922
vt 0.076844 0.576917
vt 0.013786 0.578782
vt 0.076916 0.576844
vt 0.076917 0.576845
vt 0.076916 0.576845
vt 0.013745 0.578720
vt 0.013787 0.578779
vt 0.013788 0.578780
vt 0.076843 0.576922
vt 0.076844 0.576917
vt 0.013788 0.578782
vt 0.076916 0.576843
vt 0.076917 0.576844
vt 0.013788 0.578784
vt 0.076918 0.576845
vt 0.013788 0.578785
vt 0.076909 0.576898
vt 0.076911 0.576899
vt 0.013788 0.578786
vt 0.076911 0.576900
vt 0.013747 0.578720
vt 0.013746 0.578721
vt 0.013787 0.578777
vt 0.076912 0.576902
vt 0.076912 0.576904
vt 0.076920 0.576844
vt 0.076919 0.576845
vt 0.013779 0.578755
vt 0.013779 0.578754
vt 0.013779 0.578755
vt 0.076912 0.576900
vt 0.013747 0.578721
vt 0.013746 0.578721
vt 0.013787 0.578775
vt 0.013788 0.578777
vt 0.013745 0.578721
vt 0.076901 0.576871
vt 0.076902 0.576873
vt 0.076901 0.576873
vt 0.013776 0.578750
vt 0.013777 0.578748
vt 0.013777 0.578749
vt 0.076843 0.576917
vt 0.076842 0.576922
vt 0.013778 0.578751
vt 0.013777 0.578751
vt 0.076918 0.576843
vt 0.013778 0.578753
vt 0.013777 0.578753
vt 0.076919 0.576844
vt 0.013778 0.578754
vt 0.013779 0.578747
vt 0.013779 0.578749
vt 0.013779 0.578751
vt 0.076917 0.576843
vt 0.076918 0.576842
vt 0.013779 0.578752
vt 0.076919 0.576843
vt 0.013780 0.578754
vt 0.076920 0.576843
vt 0.013780 0.578755
vt 0.076903 0.576868
vt 0.076904 0.576869
vt 0.076902 0.576869
vt 0.013747 0.578722
vt 0.013745 0.578722
vt 0.013777 0.578744
vt 0.013779 0.578746
vt 0.013777 0.578746
vt 0.013745 0.578721
vt 0.076902 0.576871
vt 0.076904 0.576872
vt 0.076901 0.576841
vt 0.076901 0.576845
vt 0.076901 0.576845
vt 0.013781 0.578754
vt 0.013781 0.578755
vt 0.076905 0.576867
vt 0.076905 0.576869
vt 0.013780 0.578756
vt 0.013781 0.578756
vt 0.013780 0.578744
vt 0.013780 0.578746
vt 0.013745 0.578722
vt 0.013745 0.578721
vt 0.076905 0.576871
vt 0.076906 0.576872
vt 0.013781 0.578747
vt 0.013781 0.578749
vt 0.013781 0.578750
vt 0.076917 0.576842
vt 0.076918 0.576841
vt 0.013781 0.578752
vt 0.076919 0.576841
vt 0.076904 0.576868
vt 0.013782 0.578750
vt 0.076917 0.576841
vt 0.076918 0.576841
vt 0.013782 0.578752
vt 0.076919 0.576840
vt 0.013782 0.578754
vt 0.076907 0.576867
vt 0.013782 0.578755
vt 0.076907 0.576869
vt 0.013782 0.578756
vt 0.013782 0.578746
vt 0.013744 0.578721
vt 0.076907 0.576872
vt 0.076855 0.576919
vt 0.076855 0.576922
vt 0.076855 0.576919
vt 0.013782 0.578747
vt 0.013782 0.578749
vt 0.076908 0.576869
vt 0.013782 0.578756
vt 0.013783 0.578744
vt 0.013784 0.578746
vt 0.013744 0.578722
vt 0.013744 0.578721
vt 0.076907 0.576871
vt 0.076909 0.576872
vt 0.076893 0.576923
vt 0.076893 0.576919
vt 0.013784 0.578749
vt 0.076912 0.576881
vt 0.076913 0.576877
vt 0.076913 0.576882
vt 0.013784 0.578751
vt 0.076918 0.576840
vt 0.013783 0.578752
vt 0.076919 0.576839
vt 0.013783 0.578754
vt 0.076920 0.576839
vt 0.076920 0.576840
vt 0.013783 0.578755
vt 0.013785 0.578751
vt 0.076916 0.576840
vt 0.076917 0.576839
vt 0.013784 0.578753
vt 0.076918 0.576838
vt 0.013784 0.578754
vt 0.076919 0.576838
vt 0.013783 0.578755
vt 0.076909 0.576868
vt 0.076909 0.576869
vt 0.013744 0.578722
vt 0.013742 0.578722
vt 0.013743 0.578721
vt 0.013784 0.578744
vt 0.013785 0.578746
vt 0.013744 0.578721
vt 0.076910 0.576871
vt 0.076910 0.576873
vt 0.013785 0.578748
vt 0.013785 0.578749
vt 0.013742 0.578721
vt 0.013743 0.578721
vt 0.013790 0.578731
vt 0.013788 0.578732
vt 0.013788 0.578731
vt 0.013744 0.578720
vt 0.076915 0.576856
vt 0.076913 0.576854
vt 0.076915 0.576854
vt 0.013790 0.578727
vt 0.013788 0.578729
vt 0.013788 0.578728
vt 0.013788 0.578726
vt 0.013790 0.578726
vt 0.076916 0.576839
vt 0.013789 0.578724
vt 0.013788 0.578724
vt 0.076917 0.576838
vt 0.013788 0.578723
vt 0.013789 0.578722
vt 0.076914 0.576860
vt 0.076913 0.576859
vt 0.076914 0.576859
vt 0.013789 0.578721
vt 0.013788 0.578721
vt 0.076913 0.576857
vt 0.076914 0.576857
vt 0.076911 0.576860
vt 0.013787 0.578721
vt 0.013787 0.578721
vt 0.076913 0.576856
vt 0.076899 0.576841
vt 0.076900 0.576845
vt 0.076899 0.576845
vt 0.076915 0.576839
vt 0.076845 0.576922
vt 0.076842 0.576918
vt 0.076842 0.576922
vt 0.076892 0.576923
vt 0.076892 0.576918
vt 0.076855 0.576922
vt 0.076900 0.576841
vt 0.076911 0.576881
vt 0.076912 0.576877
vt 0.076912 0.576881
vt 0.076866 0.576921
vt 0.076866 0.576917
vt 0.076909 0.576860
vt 0.076910 0.576865
vt 0.076909 0.576865
vt 0.076910 0.576860
vt 0.076910 0.576865
vt 0.076910 0.576882
vt 0.076910 0.576877
vt 0.076910 0.576881
vt 0.076830 0.576918
vt 0.076908 0.576860
vt 0.076908 0.576865
vt 0.076899 0.576845
vt 0.076836 0.576919
vt 0.076837 0.576918
vt 0.076837 0.576919
vt 0.076836 0.576918
vt 0.076837 0.576918
vt 0.076836 0.576918
vt 0.076837 0.576917
vt 0.076837 0.576917
vt 0.076837 0.576918
vt 0.076837 0.576918
vt 0.076838 0.576919
vt 0.076838 0.576918
vt 0.076838 0.576918
vt 0.076838 0.576919
vt 0.076838 0.576919
vt 0.076838 0.576918
vt 0.076838 0.576919
vt 0.076838 0.576920
vt 0.076838 0.576920
vt 0.076838 0.576920
vt 0.076837 0.576920
vt 0.076838 0.576921
vt 0.076837 0.576920
vt 0.076838 0.576921
vt 0.076837 0.576920
vt 0.076837 0.576921
vt 0.076837 0.576921
vt 0.076837 0.576920
vt 0.076836 0.576920
vt 0.076836 0.576921
vt 0.076835 0.576920
vt 0.076836 0.576921
vt 0.076836 0.576920
vt 0.076836 0.576919
vt 0.076835 0.576920
vt 0.076836 0.576919
vt 0.076836 0.576919
vt 0.076835 0.576918
vt 0.076835 0.576919
vt 0.076880 0.576844
vt 0.076880 0.576843
vt 0.076880 0.576844
vt 0.076880 0.576845
vt 0.076880 0.576845
vt 0.076881 0.576844
vt 0.076881 0.576845
vt 0.076882 0.576844
vt 0.076881 0.576844
vt 0.076881 0.576843
vt 0.076882 0.576844
vt 0.076881 0.576843
vt 0.076882 0.576843
vt 0.076881 0.576843
vt 0.076882 0.576843
vt 0.076881 0.576843
vt 0.076882 0.576842
vt 0.076881 0.576842
vt 0.076882 0.576842
vt 0.076881 0.576842
vt 0.076881 0.576841
vt 0.076880 0.576842
vt 0.076880 0.576841
vt 0.076880 0.576842
vt 0.076880 0.576841
vt 0.076880 0.576842
vt 0.076879 0.576841
vt 0.076880 0.576842
vt 0.076879 0.576842
vt 0.076879 0.576843
vt 0.076878 0.576842
vt 0.076879 0.576843
vt 0.076878 0.576843
vt 0.076878 0.576843
vt 0.076879 0.576843
vt 0.076879 0.576844
vt 0.076878 0.576844
vt 0.076880 0.576844
vt 0.076879 0.576844
vt 0.076880 0.576844
vt 0.076879 0.576845
vt 0.076892 0.576876
vt 0.076890 0.576875
vt 0.076892 0.576876
vt 0.076893 0.576877
vt 0.076894 0.576876
vt 0.076895 0.576877
vt 0.076895 0.576876
vt 0.076895 0.576875
vt 0.076892 0.576875
vt 0.076894 0.576875
vt 0.076892 0.576875
vt 0.076893 0.576874
vt 0.076895 0.576874
vt 0.076891 0.576874
vt 0.076893 0.576874
vt 0.076894 0.576873
vt 0.076891 0.576874
vt 0.076893 0.576873
vt 0.076894 0.576872
vt 0.076891 0.576874
vt 0.076892 0.576872
vt 0.076893 0.576871
vt 0.076891 0.576874
vt 0.076892 0.576872
vt 0.076892 0.576871
vt 0.076890 0.576874
vt 0.076891 0.576872
vt 0.076891 0.576870
vt 0.076890 0.576873
vt 0.076890 0.576872
vt 0.076890 0.576870
vt 0.076889 0.576873
vt 0.076889 0.576872
vt 0.076889 0.576870
vt 0.076889 0.576874
vt 0.076888 0.576872
vt 0.076888 0.576870
vt 0.076889 0.576874
vt 0.076888 0.576872
vt 0.076887 0.576871
vt 0.076886 0.576871
vt 0.076888 0.576874
vt 0.076887 0.576872
vt 0.076888 0.576874
vt 0.076887 0.576873
vt 0.076885 0.576872
vt 0.076888 0.576874
vt 0.076886 0.576874
vt 0.076885 0.576873
vt 0.076888 0.576875
vt 0.076886 0.576874
vt 0.076896 0.576919
vt 0.076897 0.576920
vt 0.076896 0.576920
vt 0.076888 0.576875
vt 0.076886 0.576875
vt 0.076896 0.576921
vt 0.076888 0.576876
vt 0.076886 0.576876
vt 0.076897 0.576922
vt 0.076896 0.576922
vt 0.076888 0.576876
vt 0.076886 0.576877
vt 0.076897 0.576922
vt 0.076896 0.576923
vt 0.076888 0.576876
vt 0.076886 0.576877
vt 0.076885 0.576878
vt 0.076884 0.576877
vt 0.076888 0.576877
vt 0.076887 0.576878
vt 0.076885 0.576879
vt 0.076888 0.576877
vt 0.076887 0.576879
vt 0.076886 0.576880
vt 0.076889 0.576877
vt 0.076888 0.576879
vt 0.076887 0.576880
vt 0.076888 0.576879
vt 0.076888 0.576881
vt 0.076889 0.576877
vt 0.076889 0.576877
vt 0.076889 0.576879
vt 0.076889 0.576881
vt 0.076890 0.576881
vt 0.076890 0.576877
vt 0.076890 0.576879
vt 0.076890 0.576877
vt 0.076891 0.576879
vt 0.076891 0.576881
vt 0.076891 0.576877
vt 0.076892 0.576879
vt 0.076892 0.576880
vt 0.076891 0.576877
vt 0.076892 0.576879
vt 0.076893 0.576880
vt 0.076891 0.576877
vt 0.076893 0.576878
vt 0.076894 0.576879
vt 0.076891 0.576876
vt 0.076893 0.576877
vt 0.076894 0.576878
vt 0.013759 0.578752
vt 0.013757 0.578751
vt 0.013759 0.578751
vt 0.013798 0.578731
vt 0.013797 0.578731
vt 0.013798 0.578730
vt 0.013763 0.578745
vt 0.013764 0.578743
vt 0.013764 0.578744
vt 0.013769 0.578755
vt 0.013770 0.578755
vt 0.013769 0.578756
vt 0.013771 0.578749
vt 0.013772 0.578750
vt 0.013771 0.578750
vt 0.013766 0.578756
vt 0.013765 0.578758
vt 0.013765 0.578757
vt 0.013771 0.578752
vt 0.013771 0.578754
vt 0.013770 0.578753
vt 0.013759 0.578749
vt 0.013757 0.578750
vt 0.013758 0.578748
vt 0.013760 0.578747
vt 0.013760 0.578745
vt 0.013761 0.578746
vt 0.013769 0.578746
vt 0.013770 0.578746
vt 0.013769 0.578747
vt 0.013760 0.578754
vt 0.013760 0.578756
vt 0.013759 0.578755
vt 0.013771 0.578747
vt 0.013772 0.578748
vt 0.013765 0.578744
vt 0.013767 0.578744
vt 0.013766 0.578745
vt 0.013768 0.578757
vt 0.013767 0.578757
vt 0.013772 0.578751
vt 0.013772 0.578753
vt 0.013764 0.578757
vt 0.013763 0.578757
vt 0.013763 0.578756
vt 0.013758 0.578747
vt 0.013759 0.578746
vt 0.013761 0.578744
vt 0.013763 0.578744
vt 0.013758 0.578754
vt 0.013758 0.578753
vt 0.013771 0.578751
vt 0.013768 0.578744
vt 0.013769 0.578745
vt 0.013764 0.578758
vt 0.013769 0.578754
vt 0.013762 0.578756
vt 0.013761 0.578755
vt 0.013762 0.578745
vt 0.013759 0.578750
vt 0.013765 0.578743
vt 0.013770 0.578748
vt 0.013761 0.578757
vt 0.013768 0.578756
vt 0.013759 0.578753
vt 0.013759 0.578748
vt 0.013768 0.578745
vt 0.013746 0.578758
vt 0.013746 0.578756
vt 0.013747 0.578757
vt 0.013757 0.578790
vt 0.013756 0.578790
vt 0.013756 0.578789
vt 0.013798 0.578729
vt 0.013797 0.578729
vt 0.013771 0.578745
vt 0.013797 0.578728
vt 0.013798 0.578728
vt 0.013798 0.578702
vt 0.013799 0.578700
vt 0.013799 0.578701
vt 0.013798 0.578726
vt 0.013797 0.578726
vt 0.013798 0.578707
vt 0.013799 0.578709
vt 0.013798 0.578708
vt 0.013799 0.578703
vt 0.013798 0.578703
vt 0.013798 0.578725
vt 0.013797 0.578725
vt 0.013798 0.578710
vt 0.013799 0.578711
vt 0.013798 0.578711
vt 0.013799 0.578704
vt 0.013798 0.578704
vt 0.013797 0.578723
vt 0.013798 0.578723
vt 0.013768 0.578758
vt 0.013798 0.578706
vt 0.013799 0.578706
vt 0.013798 0.578722
vt 0.013797 0.578722
vt 0.013798 0.578771
vt 0.013799 0.578769
vt 0.013799 0.578770
vt 0.013799 0.578707
vt 0.013797 0.578721
vt 0.013798 0.578721
vt 0.013799 0.578771
vt 0.013798 0.578772
vt 0.013799 0.578710
vt 0.013757 0.578799
vt 0.013756 0.578798
vt 0.013757 0.578798
vt 0.013798 0.578773
vt 0.013799 0.578773
vt 0.013757 0.578796
vt 0.013756 0.578796
vt 0.013798 0.578775
vt 0.013799 0.578774
vt 0.013757 0.578795
vt 0.013756 0.578795
vt 0.013799 0.578776
vt 0.013798 0.578776
vt 0.013757 0.578793
vt 0.013756 0.578793
vt 0.013799 0.578778
vt 0.013798 0.578777
vt 0.013756 0.578792
vt 0.013757 0.578792
vt 0.013798 0.578779
vt 0.013799 0.578779
vt 0.013757 0.578791
vt 0.046892 0.577496
vt 0.046891 0.577495
vt 0.046893 0.577495
vt 0.076884 0.576874
vt 0.076884 0.576873
vt 0.046885 0.577504
vt 0.046884 0.577503
vt 0.046885 0.577503
vt 0.046893 0.577505
vt 0.046893 0.577506
vt 0.046892 0.577505
vt 0.046887 0.577505
vt 0.046888 0.577506
vt 0.046887 0.577506
vt 0.046894 0.577498
vt 0.046894 0.577497
vt 0.046895 0.577498
vt 0.046890 0.577495
vt 0.046889 0.577494
vt 0.046890 0.577494
vt 0.046884 0.577501
vt 0.046884 0.577500
vt 0.046884 0.577500
vt 0.046886 0.577496
vt 0.046887 0.577495
vt 0.046887 0.577496
vt 0.046886 0.577505
vt 0.046886 0.577505
vt 0.046894 0.577504
vt 0.046895 0.577503
vt 0.046894 0.577504
vt 0.046889 0.577506
vt 0.046890 0.577507
vt 0.046889 0.577507
vt 0.046893 0.577496
vt 0.046894 0.577496
vt 0.076896 0.576875
vt 0.076896 0.576876
vt 0.046884 0.577502
vt 0.046884 0.577502
vt 0.046888 0.577495
vt 0.046888 0.577495
vt 0.076885 0.576872
vt 0.046888 0.577506
vt 0.076896 0.576877
vt 0.046891 0.577506
vt 0.046891 0.577506
vt 0.046891 0.577495
vt 0.046896 0.577499
vt 0.046895 0.577499
vt 0.046885 0.577504
vt 0.046894 0.577497
vt 0.046885 0.577497
vt 0.046886 0.577496
vt 0.076884 0.576875
vt 0.076884 0.576874
vt 0.076895 0.576878
vt 0.046890 0.577506
vt 0.046895 0.577500
vt 0.046896 0.577500
vt 0.046894 0.577505
vt 0.046889 0.577495
vt 0.046884 0.577501
vt 0.013720 0.578781
vt 0.013718 0.578782
vt 0.013718 0.578780
vt 0.013750 0.578743
vt 0.013749 0.578745
vt 0.013749 0.578743
vt 0.013756 0.578746
vt 0.013753 0.578747
vt 0.013755 0.578745
vt 0.013747 0.578759
vt 0.013748 0.578757
vt 0.013748 0.578746
vt 0.013747 0.578744
vt 0.013749 0.578757
vt 0.013749 0.578759
vt 0.013746 0.578744
vt 0.013747 0.578746
vt 0.013750 0.578759
vt 0.013750 0.578757
vt 0.013746 0.578747
vt 0.013744 0.578745
vt 0.013751 0.578757
vt 0.013752 0.578759
vt 0.013745 0.578747
vt 0.013743 0.578746
vt 0.013753 0.578758
vt 0.013752 0.578757
vt 0.013744 0.578748
vt 0.013742 0.578747
vt 0.013753 0.578756
vt 0.013755 0.578757
vt 0.013742 0.578749
vt 0.013744 0.578750
vt 0.013754 0.578755
vt 0.013756 0.578756
vt 0.013744 0.578751
vt 0.013742 0.578750
vt 0.013757 0.578755
vt 0.013755 0.578754
vt 0.013744 0.578752
vt 0.013742 0.578752
vt 0.013757 0.578754
vt 0.013755 0.578753
vt 0.013742 0.578754
vt 0.013744 0.578753
vt 0.013755 0.578748
vt 0.013754 0.578747
vt 0.013755 0.578752
vt 0.013757 0.578752
vt 0.013744 0.578754
vt 0.013742 0.578755
vt 0.013753 0.578744
vt 0.013752 0.578746
vt 0.013755 0.578751
vt 0.013757 0.578750
vt 0.013743 0.578756
vt 0.013745 0.578755
vt 0.013751 0.578746
vt 0.013752 0.578744
vt 0.013755 0.578750
vt 0.013757 0.578749
vt 0.013744 0.578757
vt 0.013750 0.578745
vt 0.013757 0.578747
vt 0.013707 0.578762
vt 0.013702 0.578760
vt 0.013713 0.578750
vt 0.013775 0.578753
vt 0.013772 0.578753
vt 0.013775 0.578752
vt 0.013720 0.578780
vt 0.013718 0.578779
vt 0.013775 0.578751
vt 0.013772 0.578751
vt 0.013739 0.578761
vt 0.013741 0.578761
vt 0.013739 0.578762
vt 0.013772 0.578750
vt 0.013774 0.578750
vt 0.013741 0.578762
vt 0.013739 0.578763
vt 0.013772 0.578749
vt 0.013774 0.578749
vt 0.013739 0.578767
vt 0.013741 0.578769
vt 0.013739 0.578769
vt 0.013739 0.578764
vt 0.013741 0.578763
vt 0.013774 0.578747
vt 0.013772 0.578747
vt 0.013739 0.578770
vt 0.013741 0.578772
vt 0.013739 0.578771
vt 0.013741 0.578765
vt 0.013739 0.578765
vt 0.013772 0.578746
vt 0.013775 0.578746
vt 0.013716 0.578762
vt 0.013715 0.578761
vt 0.013717 0.578761
vt 0.013741 0.578766
vt 0.013739 0.578766
vt 0.013775 0.578745
vt 0.013772 0.578744
vt 0.013739 0.578784
vt 0.013741 0.578782
vt 0.013741 0.578783
vt 0.013741 0.578768
vt 0.013772 0.578743
vt 0.013775 0.578744
vt 0.013741 0.578785
vt 0.013739 0.578785
vt 0.013741 0.578771
vt 0.013720 0.578788
vt 0.013718 0.578787
vt 0.013720 0.578787
vt 0.013739 0.578786
vt 0.013741 0.578786
vt 0.013720 0.578786
vt 0.013718 0.578786
vt 0.013739 0.578788
vt 0.013741 0.578787
vt 0.013718 0.578784
vt 0.013720 0.578784
vt 0.013741 0.578789
vt 0.013739 0.578789
vt 0.013720 0.578783
vt 0.013718 0.578783
vt 0.013741 0.578790
vt 0.013739 0.578790
vt 0.013720 0.578782
vt 0.013739 0.578791
vt 0.013741 0.578792
vt 0.076888 0.576833
vt 0.076888 0.576832
vt 0.076890 0.576832
vt 0.076886 0.576833
vt 0.076884 0.576834
vt 0.076886 0.576833
vt 0.076884 0.576832
vt 0.076884 0.576833
vt 0.076888 0.576832
vt 0.076888 0.576832
vt 0.076886 0.576831
vt 0.076886 0.576832
vt 0.076884 0.576831
vt 0.076888 0.576831
vt 0.076886 0.576830
vt 0.076888 0.576831
vt 0.076885 0.576829
vt 0.076885 0.576830
vt 0.076888 0.576831
vt 0.076887 0.576829
vt 0.076887 0.576830
vt 0.076889 0.576830
vt 0.076888 0.576829
vt 0.076887 0.576827
vt 0.076886 0.576828
vt 0.076889 0.576830
vt 0.076888 0.576828
vt 0.076889 0.576830
vt 0.076888 0.576827
vt 0.076889 0.576828
vt 0.076890 0.576830
vt 0.076890 0.576828
vt 0.076890 0.576827
vt 0.076889 0.576827
vt 0.076890 0.576830
vt 0.076891 0.576828
vt 0.076891 0.576830
vt 0.076892 0.576829
vt 0.076892 0.576827
vt 0.076891 0.576827
vt 0.076893 0.576828
vt 0.076891 0.576831
vt 0.076892 0.576829
vt 0.076891 0.576831
vt 0.076893 0.576830
vt 0.076891 0.576831
vt 0.076893 0.576830
vt 0.076894 0.576830
vt 0.076894 0.576829
vt 0.076892 0.576832
vt 0.076893 0.576831
vt 0.076892 0.576832
vt 0.076894 0.576832
vt 0.076895 0.576832
vt 0.076895 0.576831
vt 0.076892 0.576832
vt 0.076894 0.576833
vt 0.076892 0.576833
vt 0.076893 0.576833
vt 0.076895 0.576833
vt 0.076891 0.576833
vt 0.076893 0.576834
vt 0.076894 0.576835
vt 0.076895 0.576834
vt 0.076891 0.576833
vt 0.076894 0.576836
vt 0.076893 0.576835
vt 0.076891 0.576834
vt 0.076893 0.576836
vt 0.076891 0.576834
vt 0.076892 0.576836
vt 0.076892 0.576835
vt 0.076892 0.576837
vt 0.076891 0.576836
vt 0.076890 0.576834
vt 0.076890 0.576834
vt 0.076890 0.576836
vt 0.076890 0.576838
vt 0.076891 0.576837
vt 0.076889 0.576838
vt 0.076889 0.576834
vt 0.076889 0.576834
vt 0.076888 0.576836
vt 0.076889 0.576836
vt 0.076889 0.576834
vt 0.076888 0.576836
vt 0.076887 0.576837
vt 0.076888 0.576837
vt 0.076888 0.576834
vt 0.076887 0.576835
vt 0.076888 0.576833
vt 0.076885 0.576836
vt 0.076886 0.576836
vt 0.076888 0.576833
vt 0.076887 0.576835
vt 0.076885 0.576835
vt 0.076886 0.576834
vt 0.013772 0.578708
vt 0.013771 0.578709
vt 0.013771 0.578708
vt 0.013729 0.578792
vt 0.013730 0.578790
vt 0.013730 0.578791
vt 0.013765 0.578700
vt 0.013766 0.578701
vt 0.013765 0.578701
vt 0.013761 0.578712
vt 0.013759 0.578712
vt 0.013760 0.578711
vt 0.013757 0.578706
vt 0.013759 0.578705
vt 0.013759 0.578707
vt 0.013764 0.578714
vt 0.013763 0.578713
vt 0.013764 0.578713
vt 0.013758 0.578711
vt 0.013759 0.578709
vt 0.013759 0.578710
vt 0.013771 0.578705
vt 0.013771 0.578707
vt 0.013769 0.578702
vt 0.013769 0.578703
vt 0.013769 0.578702
vt 0.013759 0.578703
vt 0.013761 0.578702
vt 0.013760 0.578703
vt 0.013769 0.578711
vt 0.013769 0.578713
vt 0.013769 0.578712
vt 0.013758 0.578704
vt 0.013759 0.578704
vt 0.013763 0.578700
vt 0.013764 0.578701
vt 0.013763 0.578701
vt 0.013761 0.578714
vt 0.013762 0.578713
vt 0.013757 0.578708
vt 0.013759 0.578708
vt 0.013767 0.578714
vt 0.013765 0.578713
vt 0.013766 0.578713
vt 0.013771 0.578704
vt 0.013770 0.578704
vt 0.013768 0.578701
vt 0.013768 0.578702
vt 0.013771 0.578711
vt 0.013770 0.578710
vt 0.013761 0.578701
vt 0.013762 0.578702
vt 0.013768 0.578713
vt 0.013760 0.578713
vt 0.013770 0.578712
vt 0.013752 0.578716
vt 0.013752 0.578713
vt 0.013753 0.578715
vt 0.013798 0.578758
vt 0.013799 0.578759
vt 0.013798 0.578759
vt 0.013708 0.578797
vt 0.013709 0.578799
vt 0.013708 0.578799
vt 0.013775 0.578744
vt 0.013776 0.578744
vt 0.013776 0.578745
vt 0.013709 0.578796
vt 0.013708 0.578796
vt 0.013776 0.578746
vt 0.013708 0.578795
vt 0.013775 0.578753
vt 0.013776 0.578751
vt 0.013776 0.578753
vt 0.013775 0.578747
vt 0.013776 0.578747
vt 0.013708 0.578793
vt 0.013709 0.578795
vt 0.013775 0.578756
vt 0.013776 0.578754
vt 0.013776 0.578755
vt 0.013775 0.578748
vt 0.013776 0.578749
vt 0.013709 0.578792
vt 0.013708 0.578792
vt 0.013761 0.578714
vt 0.013776 0.578750
vt 0.013708 0.578791
vt 0.013730 0.578782
vt 0.013729 0.578780
vt 0.013730 0.578781
vt 0.013775 0.578750
vt 0.013799 0.578768
vt 0.013798 0.578768
vt 0.013798 0.578767
vt 0.013729 0.578783
vt 0.013730 0.578783
vt 0.013799 0.578766
vt 0.013798 0.578766
vt 0.013730 0.578784
vt 0.013798 0.578765
vt 0.013730 0.578786
vt 0.013729 0.578784
vt 0.013798 0.578763
vt 0.013799 0.578765
vt 0.013729 0.578787
vt 0.013730 0.578787
vt 0.013798 0.578762
vt 0.013799 0.578763
vt 0.013729 0.578789
vt 0.013730 0.578789
vt 0.013799 0.578760
vt 0.013798 0.578760
vt 0.046887 0.577452
vt 0.046888 0.577451
vt 0.046888 0.577452
vt 0.076895 0.576829
vt 0.046895 0.577460
vt 0.046894 0.577461
vt 0.046894 0.577460
vt 0.046887 0.577463
vt 0.046886 0.577461
vt 0.046887 0.577462
vt 0.046892 0.577462
vt 0.046891 0.577463
vt 0.046891 0.577462
vt 0.046885 0.577455
vt 0.046885 0.577453
vt 0.046885 0.577454
vt 0.046889 0.577452
vt 0.046890 0.577451
vt 0.046890 0.577452
vt 0.046896 0.577457
vt 0.046895 0.577458
vt 0.046895 0.577457
vt 0.046893 0.577452
vt 0.046893 0.577453
vt 0.046892 0.577452
vt 0.046893 0.577461
vt 0.046893 0.577463
vt 0.046885 0.577461
vt 0.046884 0.577460
vt 0.046885 0.577460
vt 0.046890 0.577463
vt 0.046889 0.577463
vt 0.046889 0.577463
vt 0.046886 0.577453
vt 0.046887 0.577452
vt 0.076884 0.576832
vt 0.046896 0.577459
vt 0.046895 0.577459
vt 0.046891 0.577452
vt 0.076884 0.576833
vt 0.046888 0.577463
vt 0.046888 0.577462
vt 0.046884 0.577455
vt 0.046884 0.577456
vt 0.046894 0.577462
vt 0.046894 0.577452
vt 0.046894 0.577454
vt 0.076896 0.576832
vt 0.076884 0.576835
vt 0.046884 0.577457
vt 0.046886 0.577462
vt 0.046891 0.577451
vt 0.013785 0.578743
vt 0.013787 0.578744
vt 0.013785 0.578744
vt 0.013751 0.578702
vt 0.013750 0.578700
vt 0.013752 0.578700
vt 0.013747 0.578703
vt 0.013744 0.578702
vt 0.013746 0.578701
vt 0.013750 0.578716
vt 0.013751 0.578714
vt 0.013752 0.578703
vt 0.013753 0.578701
vt 0.013749 0.578714
vt 0.013749 0.578716
vt 0.013755 0.578702
vt 0.013747 0.578716
vt 0.013754 0.578704
vt 0.013756 0.578703
vt 0.013747 0.578713
vt 0.013746 0.578715
vt 0.013755 0.578705
vt 0.013757 0.578704
vt 0.013744 0.578714
vt 0.013755 0.578706
vt 0.013757 0.578706
vt 0.013745 0.578712
vt 0.013743 0.578713
vt 0.013757 0.578707
vt 0.013744 0.578711
vt 0.013742 0.578712
vt 0.013755 0.578709
vt 0.013757 0.578709
vt 0.013742 0.578710
vt 0.013755 0.578710
vt 0.013757 0.578710
vt 0.013742 0.578709
vt 0.013744 0.578710
vt 0.013757 0.578712
vt 0.013745 0.578704
vt 0.013743 0.578703
vt 0.013744 0.578707
vt 0.013742 0.578707
vt 0.013754 0.578712
vt 0.013756 0.578713
vt 0.013747 0.578700
vt 0.013744 0.578706
vt 0.013742 0.578706
vt 0.013755 0.578714
vt 0.013749 0.578702
vt 0.013749 0.578700
vt 0.013744 0.578705
vt 0.013742 0.578704
vt 0.013750 0.578702
vt 0.013722 0.578749
vt 0.013732 0.578746
vt 0.013735 0.578756
vt 0.013739 0.578782
vt 0.013741 0.578780
vt 0.013741 0.578781
vt 0.013785 0.578743
vt 0.013787 0.578742
vt 0.013748 0.578794
vt 0.013750 0.578796
vt 0.013748 0.578795
vt 0.013755 0.578760
vt 0.013757 0.578761
vt 0.013757 0.578761
vt 0.013750 0.578794
vt 0.013748 0.578793
vt 0.013755 0.578761
vt 0.013757 0.578762
vt 0.013750 0.578792
vt 0.013748 0.578792
vt 0.013755 0.578768
vt 0.013757 0.578767
vt 0.013757 0.578768
vt 0.013757 0.578763
vt 0.013748 0.578791
vt 0.013755 0.578771
vt 0.013757 0.578769
vt 0.013757 0.578770
vt 0.013755 0.578764
vt 0.013757 0.578764
vt 0.013750 0.578789
vt 0.013748 0.578790
vt 0.013765 0.578722
vt 0.013766 0.578720
vt 0.013766 0.578722
vt 0.013755 0.578766
vt 0.013757 0.578766
vt 0.013748 0.578789
vt 0.013741 0.578774
vt 0.013739 0.578772
vt 0.013741 0.578773
vt 0.013787 0.578751
vt 0.013785 0.578751
vt 0.013785 0.578750
vt 0.013739 0.578774
vt 0.013741 0.578775
vt 0.013787 0.578749
vt 0.013785 0.578749
vt 0.013741 0.578776
vt 0.013785 0.578748
vt 0.013741 0.578777
vt 0.013739 0.578775
vt 0.013787 0.578746
vt 0.013785 0.578747
vt 0.013739 0.578778
vt 0.013741 0.578778
vt 0.013785 0.578745
vt 0.013739 0.578780
vt 0.013741 0.578779
vt 0.076923 0.576883
vt 0.076922 0.576883
vt 0.076923 0.576883
vt 0.076922 0.576883
vt 0.076923 0.576883
vt 0.076854 0.576885
vt 0.076854 0.576885
vt 0.076854 0.576885
vt 0.076854 0.576885
vt 0.076854 0.576885
vt 0.076923 0.576884
vt 0.076922 0.576884
vt 0.076922 0.576884
vt 0.076922 0.576883
vt 0.076923 0.576883
vt 0.076865 0.576879
vt 0.076866 0.576879
vt 0.076865 0.576880
vt 0.076918 0.576882
vt 0.076918 0.576882
vt 0.076918 0.576882
vt 0.076882 0.576843
vt 0.076882 0.576842
vt 0.076882 0.576842
vt 0.076855 0.576885
vt 0.076854 0.576885
vt 0.076918 0.576883
vt 0.076918 0.576882
vt 0.076881 0.576914
vt 0.076880 0.576913
vt 0.076881 0.576914
vt 0.076922 0.576885
vt 0.076922 0.576884
vt 0.076922 0.576885
vt 0.076922 0.576885
vt 0.076922 0.576888
vt 0.076917 0.576882
vt 0.076917 0.576882
vt 0.076917 0.576882
vt 0.076917 0.576883
vt 0.076917 0.576882
vt 0.076922 0.576884
vt 0.076922 0.576884
vt 0.076922 0.576884
vt 0.076922 0.576883
vt 0.076916 0.576881
vt 0.076916 0.576879
vt 0.076917 0.576881
vt 0.076917 0.576878
vt 0.076917 0.576881
vt 0.076917 0.576882
vt 0.076916 0.576882
vt 0.076855 0.576889
vt 0.076854 0.576887
vt 0.076855 0.576887
vt 0.076882 0.576843
vt 0.076882 0.576843
vt 0.076918 0.576881
vt 0.076918 0.576881
vt 0.076918 0.576878
vt 0.076918 0.576878
vt 0.076916 0.576882
vt 0.076917 0.576882
vt 0.076917 0.576882
vt 0.076917 0.576882
vt 0.076917 0.576883
vt 0.076917 0.576883
vt 0.076854 0.576886
vt 0.076854 0.576886
vt 0.076854 0.576886
vt 0.076854 0.576886
vt 0.076854 0.576885
vt 0.076853 0.576889
vt 0.076853 0.576887
vt 0.076854 0.576887
vt 0.076853 0.576886
vt 0.076854 0.576889
vt 0.076917 0.576878
vt 0.076917 0.576881
vt 0.076922 0.576883
vt 0.076922 0.576883
vt 0.076922 0.576883
vt 0.076917 0.576883
vt 0.076922 0.576883
vt 0.013791 0.578738
vt 0.013792 0.578738
vt 0.013791 0.578739
vt 0.013791 0.578738
vt 0.013791 0.578737
vt 0.013792 0.578736
vt 0.013792 0.578737
vt 0.076855 0.576904
vt 0.076855 0.576903
vt 0.076855 0.576904
vt 0.076918 0.576863
vt 0.076918 0.576862
vt 0.076918 0.576862
vt 0.076918 0.576861
vt 0.076918 0.576861
vt 0.076855 0.576905
vt 0.013728 0.578779
vt 0.013728 0.578778
vt 0.013729 0.578779
vt 0.013729 0.578778
vt 0.013730 0.578779
vt 0.013729 0.578780
vt 0.013728 0.578780
vt 0.076917 0.576862
vt 0.076918 0.576863
vt 0.076917 0.576863
vt 0.076917 0.576862
vt 0.076917 0.576861
vt 0.076917 0.576861
vt 0.013756 0.578775
vt 0.013755 0.578777
vt 0.013755 0.578777
vt 0.013800 0.578714
vt 0.013800 0.578716
vt 0.013800 0.578714
vt 0.013800 0.578713
vt 0.013757 0.578774
vt 0.013756 0.578775
vt 0.013799 0.578714
vt 0.013799 0.578716
vt 0.013799 0.578715
vt 0.013799 0.578714
vt 0.013799 0.578713
vt 0.013798 0.578776
vt 0.013798 0.578774
vt 0.013798 0.578776
vt 0.013722 0.578774
vt 0.013722 0.578776
vt 0.013721 0.578776
vt 0.013722 0.578776
vt 0.013741 0.578757
vt 0.013741 0.578756
vt 0.013741 0.578757
vt 0.013751 0.578780
vt 0.013751 0.578781
vt 0.013750 0.578780
vt 0.013797 0.578777
vt 0.013798 0.578774
vt 0.013741 0.578757
vt 0.013741 0.578757
vt 0.013751 0.578780
vt 0.076917 0.576866
vt 0.076918 0.576868
vt 0.076917 0.576868
vt 0.076917 0.576866
vt 0.076917 0.576866
vt 0.076917 0.576865
vt 0.076918 0.576866
vt 0.013725 0.578776
vt 0.013723 0.578774
vt 0.013726 0.578774
vt 0.013729 0.578776
vt 0.013726 0.578777
vt 0.013723 0.578776
vt 0.076854 0.576901
vt 0.076855 0.576899
vt 0.076855 0.576901
vt 0.076918 0.576868
vt 0.076918 0.576866
vt 0.076918 0.576865
vt 0.076918 0.576865
vt 0.076854 0.576902
vt 0.013757 0.578777
vt 0.013754 0.578780
vt 0.013754 0.578779
vt 0.013752 0.578781
vt 0.013752 0.578779
vt 0.013754 0.578778
vt 0.013790 0.578742
vt 0.013792 0.578741
vt 0.013790 0.578742
vt 0.013752 0.578778
vt 0.013750 0.578779
vt 0.013752 0.578778
vt 0.013800 0.578718
vt 0.013800 0.578719
vt 0.013799 0.578717
vt 0.013754 0.578776
vt 0.013753 0.578778
vt 0.013751 0.578779
vt 0.013753 0.578778
vt 0.076917 0.576864
vt 0.076917 0.576865
vt 0.076917 0.576863
vt 0.076918 0.576864
vt 0.013724 0.578777
vt 0.013727 0.578777
vt 0.013729 0.578777
vt 0.013729 0.578777
vt 0.013726 0.578778
vt 0.076854 0.576902
vt 0.076855 0.576902
vt 0.076855 0.576902
vt 0.076918 0.576864
vt 0.076854 0.576903
vt 0.013790 0.578740
vt 0.013792 0.578741
vt 0.013789 0.578741
vt 0.013790 0.578740
vt 0.013792 0.578740
vt 0.076918 0.576873
vt 0.076917 0.576873
vt 0.076917 0.576873
vt 0.076917 0.576868
vt 0.013726 0.578764
vt 0.013725 0.578769
vt 0.013724 0.578769
vt 0.013798 0.578769
vt 0.013798 0.578769
vt 0.013798 0.578763
vt 0.076923 0.576884
vt 0.076923 0.576885
vt 0.076866 0.576880
vt 0.076865 0.576880
vt 0.076866 0.576883
vt 0.076865 0.576883
vt 0.076923 0.576888
vt 0.013727 0.578769
vt 0.013727 0.578764
vt 0.013728 0.578764
vt 0.013729 0.578769
vt 0.013729 0.578774
vt 0.076855 0.576894
vt 0.076918 0.576873
vt 0.076854 0.576899
vt 0.076854 0.576894
vt 0.013755 0.578784
vt 0.013757 0.578779
vt 0.013757 0.578783
vt 0.013792 0.578748
vt 0.013791 0.578754
vt 0.013790 0.578749
vt 0.013755 0.578788
vt 0.013753 0.578784
vt 0.013755 0.578788
vt 0.013753 0.578785
vt 0.013797 0.578769
vt 0.013798 0.578763
vt 0.013798 0.578775
vt 0.076921 0.576845
vt 0.076922 0.576844
vt 0.076922 0.576845
vt 0.076922 0.576844
vt 0.076922 0.576845
vt 0.076896 0.576840
vt 0.076896 0.576841
vt 0.076896 0.576840
vt 0.076895 0.576840
vt 0.076896 0.576840
vt 0.076922 0.576844
vt 0.076921 0.576843
vt 0.076922 0.576843
vt 0.076922 0.576843
vt 0.076922 0.576844
vt 0.076921 0.576844
vt 0.076921 0.576844
vt 0.076863 0.576925
vt 0.076863 0.576924
vt 0.076863 0.576925
vt 0.076895 0.576840
vt 0.076895 0.576840
vt 0.076896 0.576841
vt 0.076863 0.576925
vt 0.076863 0.576924
vt 0.076845 0.576902
vt 0.076845 0.576900
vt 0.076845 0.576900
vt 0.076921 0.576839
vt 0.076921 0.576842
vt 0.076921 0.576842
vt 0.076921 0.576843
vt 0.076845 0.576903
vt 0.076845 0.576902
vt 0.076844 0.576904
vt 0.076844 0.576904
vt 0.076844 0.576904
vt 0.076895 0.576840
vt 0.076895 0.576840
vt 0.076895 0.576840
vt 0.076863 0.576924
vt 0.076863 0.576925
vt 0.076845 0.576904
vt 0.076845 0.576903
vt 0.076921 0.576844
vt 0.076921 0.576844
vt 0.076921 0.576844
vt 0.076844 0.576900
vt 0.076844 0.576903
vt 0.076844 0.576904
vt 0.076844 0.576903
vt 0.076843 0.576901
vt 0.076863 0.576923
vt 0.076863 0.576921
vt 0.076863 0.576923
vt 0.076863 0.576921
vt 0.076863 0.576923
vt 0.076863 0.576924
vt 0.076845 0.576904
vt 0.076845 0.576904
vt 0.076845 0.576904
vt 0.076845 0.576904
vt 0.076844 0.576904
vt 0.076844 0.576904
vt 0.076904 0.576905
vt 0.076904 0.576905
vt 0.076904 0.576905
vt 0.076904 0.576905
vt 0.076904 0.576905
vt 0.076903 0.576905
vt 0.076903 0.576905
vt 0.076904 0.576904
vt 0.076903 0.576903
vt 0.076903 0.576901
vt 0.076903 0.576903
vt 0.076904 0.576901
vt 0.076904 0.576904
vt 0.076903 0.576904
vt 0.076842 0.576901
vt 0.076843 0.576903
vt 0.076863 0.576923
vt 0.076863 0.576921
vt 0.076896 0.576840
vt 0.076896 0.576839
vt 0.076896 0.576839
vt 0.076921 0.576845
vt 0.076895 0.576840
vt 0.076896 0.576840
vt 0.013712 0.578763
vt 0.013711 0.578764
vt 0.013711 0.578763
vt 0.013711 0.578763
vt 0.013711 0.578763
vt 0.013713 0.578763
vt 0.013713 0.578764
vt 0.076905 0.576885
vt 0.076904 0.576884
vt 0.076905 0.576884
vt 0.076904 0.576883
vt 0.076905 0.576883
vt 0.076863 0.576906
vt 0.076863 0.576905
vt 0.076863 0.576906
vt 0.076863 0.576907
vt 0.013778 0.578760
vt 0.013777 0.578759
vt 0.013778 0.578759
vt 0.013778 0.578758
vt 0.013779 0.578758
vt 0.013779 0.578759
vt 0.013779 0.578760
vt 0.076863 0.576906
vt 0.076863 0.576907
vt 0.076863 0.576905
vt 0.076845 0.576886
vt 0.076846 0.576885
vt 0.076846 0.576886
vt 0.076836 0.576888
vt 0.076836 0.576889
vt 0.076835 0.576888
vt 0.013713 0.578763
vt 0.013714 0.578763
vt 0.013712 0.578762
vt 0.013741 0.578754
vt 0.013741 0.578752
vt 0.013741 0.578752
vt 0.013741 0.578751
vt 0.013741 0.578752
vt 0.013741 0.578751
vt 0.013741 0.578754
vt 0.013740 0.578753
vt 0.013740 0.578751
vt 0.013741 0.578751
vt 0.013797 0.578702
vt 0.013797 0.578700
vt 0.013797 0.578700
vt 0.013741 0.578745
vt 0.013741 0.578746
vt 0.013741 0.578745
vt 0.013772 0.578762
vt 0.013772 0.578762
vt 0.013771 0.578762
vt 0.013772 0.578764
vt 0.013720 0.578764
vt 0.013719 0.578763
vt 0.013720 0.578763
vt 0.013719 0.578762
vt 0.013741 0.578746
vt 0.013741 0.578745
vt 0.013796 0.578700
vt 0.013797 0.578702
vt 0.013796 0.578702
vt 0.076863 0.576909
vt 0.076863 0.576911
vt 0.076863 0.576910
vt 0.076863 0.576909
vt 0.076837 0.576891
vt 0.076838 0.576890
vt 0.076838 0.576891
vt 0.076838 0.576893
vt 0.013775 0.578762
vt 0.013773 0.578764
vt 0.013773 0.578762
vt 0.013776 0.578762
vt 0.013779 0.578762
vt 0.013776 0.578764
vt 0.076905 0.576890
vt 0.076903 0.576887
vt 0.076905 0.576887
vt 0.076904 0.576887
vt 0.076905 0.576887
vt 0.076863 0.576910
vt 0.076863 0.576909
vt 0.076863 0.576911
vt 0.013717 0.578766
vt 0.013713 0.578766
vt 0.013716 0.578765
vt 0.013716 0.578764
vt 0.013718 0.578763
vt 0.013719 0.578765
vt 0.013741 0.578748
vt 0.013741 0.578746
vt 0.013741 0.578748
vt 0.013740 0.578749
vt 0.013774 0.578761
vt 0.013717 0.578763
vt 0.013716 0.578763
vt 0.013715 0.578763
vt 0.013741 0.578748
vt 0.076863 0.576908
vt 0.076863 0.576908
vt 0.076863 0.576907
vt 0.076836 0.576890
vt 0.076836 0.576889
vt 0.076837 0.576890
vt 0.076837 0.576891
vt 0.013774 0.578761
vt 0.013777 0.578761
vt 0.013776 0.578760
vt 0.013779 0.578761
vt 0.013779 0.578762
vt 0.076904 0.576886
vt 0.076905 0.576886
vt 0.076904 0.576885
vt 0.076863 0.576908
vt 0.076863 0.576909
vt 0.013714 0.578764
vt 0.013713 0.578765
vt 0.013712 0.578765
vt 0.076863 0.576916
vt 0.076863 0.576911
vt 0.076863 0.576916
vt 0.076840 0.576897
vt 0.076839 0.576892
vt 0.076841 0.576897
vt 0.013775 0.578770
vt 0.013776 0.578776
vt 0.013774 0.578770
vt 0.013797 0.578714
vt 0.013797 0.578708
vt 0.013797 0.578708
vt 0.076922 0.576842
vt 0.076921 0.576839
vt 0.076922 0.576839
vt 0.076902 0.576903
vt 0.076902 0.576901
vt 0.076903 0.576904
vt 0.013777 0.578770
vt 0.013777 0.578776
vt 0.013779 0.578765
vt 0.013779 0.578770
vt 0.013778 0.578776
vt 0.076905 0.576895
vt 0.076904 0.576895
vt 0.076904 0.576890
vt 0.076863 0.576916
vt 0.013718 0.578771
vt 0.013714 0.578767
vt 0.013720 0.578770
vt 0.013720 0.578775
vt 0.013719 0.578775
vt 0.013716 0.578772
vt 0.013720 0.578775
vt 0.013720 0.578770
vt 0.013796 0.578708
vt 0.013796 0.578714
vt 0.013796 0.578714
vt 0.076922 0.576844
vt 0.076923 0.576843
vt 0.076923 0.576844
vt 0.076922 0.576844
vt 0.076863 0.576905
vt 0.076863 0.576905
vt 0.076863 0.576905
vt 0.076863 0.576905
vt 0.076863 0.576905
vt 0.076923 0.576843
vt 0.076922 0.576842
vt 0.076923 0.576842
vt 0.076922 0.576843
vt 0.076922 0.576843
vt 0.076923 0.576843
vt 0.076842 0.576884
vt 0.076841 0.576884
vt 0.076842 0.576884
vt 0.076918 0.576883
vt 0.076918 0.576884
vt 0.076918 0.576883
vt 0.076882 0.576842
vt 0.076864 0.576905
vt 0.076863 0.576905
vt 0.076918 0.576883
vt 0.076919 0.576904
vt 0.076919 0.576906
vt 0.076918 0.576905
vt 0.076922 0.576842
vt 0.076922 0.576841
vt 0.076922 0.576841
vt 0.076922 0.576838
vt 0.076922 0.576841
vt 0.076917 0.576884
vt 0.076917 0.576883
vt 0.076917 0.576883
vt 0.076917 0.576883
vt 0.076917 0.576883
vt 0.076922 0.576843
vt 0.076922 0.576842
vt 0.076922 0.576843
vt 0.076922 0.576843
vt 0.076916 0.576887
vt 0.076916 0.576884
vt 0.076917 0.576884
vt 0.076917 0.576887
vt 0.076917 0.576883
vt 0.076917 0.576885
vt 0.076916 0.576883
vt 0.076863 0.576903
vt 0.076864 0.576901
vt 0.076864 0.576904
vt 0.076882 0.576841
vt 0.076882 0.576842
vt 0.076882 0.576841
vt 0.076918 0.576885
vt 0.076918 0.576883
vt 0.076918 0.576884
vt 0.076918 0.576887
vt 0.076916 0.576883
vt 0.076917 0.576883
vt 0.076917 0.576884
vt 0.076917 0.576883
vt 0.076917 0.576883
vt 0.076917 0.576883
vt 0.076863 0.576905
vt 0.076863 0.576904
vt 0.076863 0.576905
vt 0.076863 0.576904
vt 0.076862 0.576903
vt 0.076862 0.576901
vt 0.076863 0.576903
vt 0.076862 0.576904
vt 0.076863 0.576901
vt 0.076917 0.576887
vt 0.076917 0.576885
vt 0.076922 0.576844
vt 0.076922 0.576843
vt 0.076922 0.576844
vt 0.013791 0.578778
vt 0.013792 0.578777
vt 0.013792 0.578778
vt 0.013791 0.578777
vt 0.013791 0.578776
vt 0.013791 0.578778
vt 0.013792 0.578779
vt 0.076864 0.576887
vt 0.076864 0.576886
vt 0.076864 0.576886
vt 0.076918 0.576903
vt 0.076918 0.576902
vt 0.076918 0.576903
vt 0.076918 0.576904
vt 0.076864 0.576885
vt 0.076864 0.576885
vt 0.013737 0.578762
vt 0.013737 0.578761
vt 0.013738 0.578761
vt 0.013738 0.578762
vt 0.013738 0.578760
vt 0.013739 0.578761
vt 0.013737 0.578760
vt 0.076917 0.576903
vt 0.076918 0.576902
vt 0.076917 0.576903
vt 0.076917 0.576902
vt 0.076917 0.576904
vt 0.076917 0.576904
vt 0.013793 0.578793
vt 0.013793 0.578792
vt 0.013794 0.578793
vt 0.013800 0.578786
vt 0.013799 0.578785
vt 0.013800 0.578784
vt 0.013800 0.578788
vt 0.013800 0.578786
vt 0.013794 0.578794
vt 0.013799 0.578786
vt 0.013799 0.578785
vt 0.013799 0.578785
vt 0.013800 0.578788
vt 0.013799 0.578787
vt 0.013798 0.578702
vt 0.013798 0.578700
vt 0.013798 0.578700
vt 0.013731 0.578764
vt 0.013731 0.578766
vt 0.013730 0.578764
vt 0.013800 0.578780
vt 0.013799 0.578780
vt 0.013800 0.578779
vt 0.013800 0.578780
vt 0.013789 0.578786
vt 0.013789 0.578788
vt 0.013788 0.578788
vt 0.013797 0.578700
vt 0.013798 0.578702
vt 0.013797 0.578702
vt 0.013800 0.578780
vt 0.013800 0.578779
vt 0.013800 0.578779
vt 0.013788 0.578788
vt 0.076917 0.576900
vt 0.076918 0.576898
vt 0.076918 0.576899
vt 0.076917 0.576899
vt 0.076917 0.576898
vt 0.076917 0.576900
vt 0.076917 0.576900
vt 0.013734 0.578764
vt 0.013732 0.578766
vt 0.013738 0.578764
vt 0.013735 0.578766
vt 0.013735 0.578764
vt 0.013732 0.578764
vt 0.076864 0.576891
vt 0.076863 0.576889
vt 0.076864 0.576889
vt 0.076918 0.576897
vt 0.076918 0.576899
vt 0.076918 0.576900
vt 0.076863 0.576889
vt 0.076864 0.576889
vt 0.013792 0.578788
vt 0.013794 0.578791
vt 0.013792 0.578789
vt 0.013790 0.578787
vt 0.013789 0.578789
vt 0.013792 0.578774
vt 0.013790 0.578774
vt 0.013790 0.578773
vt 0.013788 0.578789
vt 0.013790 0.578790
vt 0.013790 0.578790
vt 0.013799 0.578782
vt 0.013799 0.578781
vt 0.013799 0.578783
vt 0.013792 0.578792
vt 0.013790 0.578790
vt 0.013791 0.578790
vt 0.013788 0.578788
vt 0.013792 0.578791
vt 0.076917 0.576901
vt 0.076918 0.576901
vt 0.076917 0.576901
vt 0.076917 0.576902
vt 0.013733 0.578763
vt 0.013736 0.578763
vt 0.013738 0.578764
vt 0.013738 0.578763
vt 0.013735 0.578762
vt 0.076863 0.576888
vt 0.076864 0.576888
vt 0.076918 0.576900
vt 0.076918 0.576901
vt 0.076863 0.576887
vt 0.013790 0.578775
vt 0.013792 0.578775
vt 0.013792 0.578776
vt 0.013789 0.578774
vt 0.013790 0.578776
vt 0.076918 0.576892
vt 0.076917 0.576892
vt 0.076917 0.576892
vt 0.076917 0.576897
vt 0.013734 0.578771
vt 0.013735 0.578776
vt 0.013733 0.578771
vt 0.013798 0.578708
vt 0.013798 0.578713
vt 0.013798 0.578708
vt 0.076923 0.576841
vt 0.076841 0.576885
vt 0.076842 0.576884
vt 0.076842 0.576885
vt 0.076862 0.576904
vt 0.076861 0.576901
vt 0.076922 0.576838
vt 0.076923 0.576838
vt 0.013736 0.578771
vt 0.013736 0.578776
vt 0.013738 0.578771
vt 0.013737 0.578776
vt 0.013738 0.578766
vt 0.076864 0.576896
vt 0.076863 0.576896
vt 0.076918 0.576887
vt 0.076918 0.576892
vt 0.076863 0.576891
vt 0.013790 0.578766
vt 0.013792 0.578772
vt 0.013790 0.578771
vt 0.013791 0.578762
vt 0.013792 0.578767
vt 0.013793 0.578785
vt 0.013794 0.578781
vt 0.013795 0.578781
vt 0.013792 0.578784
vt 0.013793 0.578780
vt 0.013791 0.578783
vt 0.013797 0.578708
vt 0.013797 0.578713
vt 0.013797 0.578713
vt 0.076845 0.576852
vt 0.076845 0.576851
vt 0.076845 0.576851
vt 0.076846 0.576852
vt 0.076845 0.576887
vt 0.076845 0.576886
vt 0.076846 0.576886
vt 0.076845 0.576887
vt 0.076845 0.576886
vt 0.076845 0.576852
vt 0.076845 0.576853
vt 0.076845 0.576852
vt 0.076846 0.576853
vt 0.076846 0.576853
vt 0.076846 0.576852
vt 0.076845 0.576852
vt 0.076924 0.576838
vt 0.076924 0.576838
vt 0.076924 0.576838
vt 0.076845 0.576886
vt 0.076845 0.576886
vt 0.076923 0.576838
vt 0.076835 0.576889
vt 0.076835 0.576892
vt 0.076835 0.576889
vt 0.076845 0.576854
vt 0.076845 0.576857
vt 0.076845 0.576854
vt 0.076835 0.576888
vt 0.076834 0.576887
vt 0.076834 0.576888
vt 0.076834 0.576887
vt 0.076845 0.576887
vt 0.076845 0.576887
vt 0.076845 0.576887
vt 0.076924 0.576838
vt 0.076924 0.576838
vt 0.076924 0.576838
vt 0.076835 0.576888
vt 0.076835 0.576888
vt 0.076835 0.576888
vt 0.076845 0.576853
vt 0.076845 0.576852
vt 0.076845 0.576852
vt 0.076845 0.576852
vt 0.076834 0.576891
vt 0.076834 0.576889
vt 0.076833 0.576889
vt 0.076834 0.576888
vt 0.076833 0.576891
vt 0.076924 0.576841
vt 0.076923 0.576839
vt 0.076924 0.576839
vt 0.076924 0.576841
vt 0.076924 0.576839
vt 0.076923 0.576838
vt 0.076835 0.576888
vt 0.076835 0.576888
vt 0.076834 0.576887
vt 0.076835 0.576887
vt 0.076834 0.576888
vt 0.076900 0.576846
vt 0.076901 0.576846
vt 0.076900 0.576846
vt 0.076901 0.576846
vt 0.076901 0.576846
vt 0.076900 0.576846
vt 0.076900 0.576846
vt 0.076900 0.576846
vt 0.076899 0.576850
vt 0.076899 0.576847
vt 0.076900 0.576847
vt 0.076901 0.576850
vt 0.076901 0.576847
vt 0.076900 0.576846
vt 0.076832 0.576891
vt 0.076833 0.576889
vt 0.076924 0.576839
vt 0.076924 0.576841
vt 0.076845 0.576887
vt 0.076845 0.576887
vt 0.076845 0.576887
vt 0.076845 0.576851
vt 0.076845 0.576887
vt 0.076845 0.576887
vt 0.013702 0.578778
vt 0.013701 0.578777
vt 0.013703 0.578778
vt 0.013701 0.578779
vt 0.013701 0.578778
vt 0.013701 0.578779
vt 0.013703 0.578779
vt 0.076901 0.576867
vt 0.076901 0.576866
vt 0.076901 0.576867
vt 0.076901 0.576868
vt 0.076924 0.576856
vt 0.076924 0.576857
vt 0.076924 0.576857
vt 0.076924 0.576855
vt 0.076924 0.576856
vt 0.013774 0.578742
vt 0.013774 0.578741
vt 0.013775 0.578742
vt 0.013775 0.578743
vt 0.013776 0.578742
vt 0.013775 0.578743
vt 0.013776 0.578741
vt 0.076924 0.576856
vt 0.076924 0.576855
vt 0.076924 0.576855
vt 0.076924 0.576857
vt 0.076842 0.576886
vt 0.076842 0.576886
vt 0.076842 0.576887
vt 0.076826 0.576902
vt 0.076826 0.576903
vt 0.076825 0.576903
vt 0.013703 0.578779
vt 0.013704 0.578778
vt 0.013704 0.578779
vt 0.013702 0.578779
vt 0.013800 0.578789
vt 0.013800 0.578788
vt 0.013800 0.578789
vt 0.013800 0.578791
vt 0.013799 0.578789
vt 0.013799 0.578791
vt 0.013799 0.578791
vt 0.013799 0.578788
vt 0.013799 0.578789
vt 0.013799 0.578791
vt 0.013721 0.578746
vt 0.013721 0.578744
vt 0.013721 0.578746
vt 0.013799 0.578796
vt 0.013800 0.578797
vt 0.013799 0.578797
vt 0.013769 0.578739
vt 0.013768 0.578739
vt 0.013767 0.578739
vt 0.013768 0.578736
vt 0.013709 0.578778
vt 0.013710 0.578777
vt 0.013710 0.578779
vt 0.013709 0.578779
vt 0.013800 0.578796
vt 0.013800 0.578797
vt 0.013720 0.578746
vt 0.013721 0.578744
vt 0.076924 0.576853
vt 0.076924 0.576851
vt 0.076924 0.576851
vt 0.076924 0.576853
vt 0.076924 0.576853
vt 0.076827 0.576900
vt 0.076828 0.576901
vt 0.076827 0.576901
vt 0.076828 0.576899
vt 0.076828 0.576901
vt 0.013772 0.578738
vt 0.013769 0.578736
vt 0.013772 0.578736
vt 0.013769 0.578739
vt 0.013775 0.578738
vt 0.013772 0.578739
vt 0.076900 0.576863
vt 0.076901 0.576861
vt 0.076901 0.576863
vt 0.076900 0.576864
vt 0.076924 0.576853
vt 0.076924 0.576853
vt 0.076924 0.576853
vt 0.076924 0.576851
vt 0.013703 0.578776
vt 0.013706 0.578775
vt 0.013706 0.578777
vt 0.013705 0.578777
vt 0.013708 0.578779
vt 0.013709 0.578777
vt 0.013799 0.578794
vt 0.013800 0.578796
vt 0.013800 0.578794
vt 0.013799 0.578793
vt 0.013799 0.578795
vt 0.013707 0.578779
vt 0.013706 0.578778
vt 0.013800 0.578794
vt 0.076924 0.576854
vt 0.076924 0.576854
vt 0.076826 0.576902
vt 0.076826 0.576902
vt 0.076827 0.576902
vt 0.013771 0.578740
vt 0.013773 0.578740
vt 0.013773 0.578741
vt 0.013775 0.578740
vt 0.013775 0.578739
vt 0.076900 0.576865
vt 0.076901 0.576864
vt 0.076901 0.576865
vt 0.076901 0.576866
vt 0.076924 0.576854
vt 0.013704 0.578778
vt 0.013703 0.578776
vt 0.013702 0.578777
vt 0.076924 0.576846
vt 0.076924 0.576846
vt 0.076830 0.576895
vt 0.076829 0.576899
vt 0.076831 0.576895
vt 0.013773 0.578725
vt 0.013771 0.578731
vt 0.013770 0.578731
vt 0.013720 0.578738
vt 0.013721 0.578732
vt 0.013721 0.578738
vt 0.076846 0.576854
vt 0.076845 0.576857
vt 0.076899 0.576847
vt 0.076898 0.576850
vt 0.076898 0.576850
vt 0.076899 0.576846
vt 0.013773 0.578731
vt 0.013773 0.578725
vt 0.013775 0.578725
vt 0.013775 0.578736
vt 0.013775 0.578731
vt 0.076901 0.576856
vt 0.076901 0.576850
vt 0.076900 0.576861
vt 0.076900 0.576856
vt 0.076924 0.576846
vt 0.013708 0.578771
vt 0.013704 0.578774
vt 0.013706 0.578770
vt 0.013710 0.578772
vt 0.013710 0.578767
vt 0.013709 0.578766
vt 0.013710 0.578767
vt 0.013710 0.578772
vt 0.013720 0.578744
vt 0.013720 0.578738
vt 0.013720 0.578732
vt 0.076825 0.576835
vt 0.076825 0.576831
vt 0.076859 0.576835
vt 0.076827 0.576827
vt 0.076876 0.576868
vt 0.076857 0.576833
vt 0.076856 0.576833
vt 0.076854 0.576834
vt 0.013715 0.578727
vt 0.076904 0.576866
vt 0.076836 0.576852
vt 0.076844 0.576851
vt 0.013767 0.578783
vt 0.013706 0.578727
vt 0.013763 0.578743
vt 0.076919 0.576885
vt 0.013795 0.578771
vt 0.013757 0.578798
vt 0.076835 0.576851
vt 0.013760 0.578789
vt 0.013700 0.578718
vt 0.046906 0.577491
vt 0.046828 0.577477
vt 0.046833 0.577477
vt 0.046836 0.577477
vt 0.076844 0.576886
vt 0.076891 0.576861
vt 0.013765 0.578743
vt 0.076861 0.576882
vt 0.013736 0.578749
vt 0.076861 0.576870
vt 0.013739 0.578735
vt 0.013719 0.578710
vt 0.013713 0.578710
vt 0.076846 0.576831
vt 0.076844 0.576827
vt 0.076867 0.576850
vt 0.076854 0.576861
vt 0.076849 0.576864
vt 0.013714 0.578747
vt 0.076827 0.576871
vt 0.076836 0.576872
vt 0.076830 0.576871
vt 0.076897 0.576882
vt 0.076907 0.576846
vt 0.013703 0.578746
vt 0.013766 0.578727
vt 0.013741 0.578754
vt 0.013759 0.578725
vt 0.076921 0.576907
vt 0.013799 0.578749
vt 0.013766 0.578722
vt 0.076921 0.576918
vt 0.013795 0.578790
vt 0.013785 0.578789
vt 0.013780 0.578787
vt 0.013741 0.578727
vt 0.046906 0.577471
vt 0.046903 0.577473
vt 0.046860 0.577543
vt 0.046878 0.577470
vt 0.046840 0.577495
vt 0.076882 0.576845
vt 0.013765 0.578727
vt 0.013764 0.578723
vt 0.013720 0.578745
vt 0.076865 0.576882
vt 0.076865 0.576870
vt 0.076904 0.576912
vt 0.013757 0.578758
vt 0.013720 0.578746
vt 0.076878 0.576899
vt 0.076894 0.576883
vt 0.013722 0.578738
vt 0.076847 0.576858
vt 0.013709 0.578779
vt 0.076848 0.576832
vt 0.076847 0.576838
vt 0.013759 0.578730
vt 0.076921 0.576915
vt 0.076912 0.576866
vt 0.076922 0.576899
vt 0.076840 0.576884
vt 0.076884 0.576868
vt 0.076882 0.576855
vt 0.013717 0.578748
vt 0.076922 0.576915
vt 0.013730 0.578792
vt 0.013741 0.578759
vt 0.013792 0.578731
vt 0.013748 0.578720
vt 0.076919 0.576855
vt 0.076868 0.576916
vt 0.076919 0.576859
vt 0.013791 0.578728
vt 0.076868 0.576917
vt 0.076916 0.576858
vt 0.076852 0.576918
vt 0.013728 0.578789
vt 0.013727 0.578786
vt 0.076851 0.576918
vt 0.013723 0.578786
vt 0.013751 0.578716
vt 0.076847 0.576913
vt 0.013711 0.578787
vt 0.076848 0.576919
vt 0.013753 0.578717
vt 0.013711 0.578784
vt 0.076869 0.576920
vt 0.076840 0.576909
vt 0.076870 0.576920
vt 0.076838 0.576904
vt 0.076840 0.576905
vt 0.013752 0.578722
vt 0.013717 0.578782
vt 0.076843 0.576908
vt 0.013701 0.578785
vt 0.013701 0.578782
vt 0.013750 0.578722
vt 0.076871 0.576918
vt 0.076830 0.576904
vt 0.076833 0.576909
vt 0.013796 0.578731
vt 0.013748 0.578721
vt 0.013797 0.578728
vt 0.013782 0.578703
vt 0.076825 0.576922
vt 0.076907 0.576825
vt 0.013781 0.578710
vt 0.076883 0.576844
vt 0.076906 0.576830
vt 0.076830 0.576918
vt 0.076906 0.576845
vt 0.076872 0.576913
vt 0.013793 0.578750
vt 0.076874 0.576906
vt 0.013749 0.578778
vt 0.013750 0.578781
vt 0.076873 0.576912
vt 0.076874 0.576910
vt 0.076895 0.576923
vt 0.076907 0.576897
vt 0.013788 0.578765
vt 0.013788 0.578761
vt 0.076910 0.576897
vt 0.013794 0.578756
vt 0.076912 0.576891
vt 0.076911 0.576896
vt 0.013788 0.578768
vt 0.076900 0.576825
vt 0.076857 0.576922
vt 0.076909 0.576845
vt 0.013772 0.578708
vt 0.013773 0.578713
vt 0.076888 0.576847
vt 0.076897 0.576828
vt 0.013775 0.578715
vt 0.013772 0.578705
vt 0.076897 0.576831
vt 0.076918 0.576899
vt 0.076906 0.576845
vt 0.013796 0.578749
vt 0.013794 0.578740
vt 0.076919 0.576866
vt 0.076919 0.576861
vt 0.013793 0.578745
vt 0.076875 0.576917
vt 0.013794 0.578748
vt 0.013772 0.578793
vt 0.076897 0.576912
vt 0.013772 0.578789
vt 0.013771 0.578786
vt 0.076898 0.576905
vt 0.076897 0.576908
vt 0.013789 0.578708
vt 0.013790 0.578711
vt 0.076914 0.576826
vt 0.013788 0.578704
vt 0.076913 0.576830
vt 0.076860 0.576918
vt 0.013738 0.578786
vt 0.013737 0.578783
vt 0.076862 0.576916
vt 0.013738 0.578789
vt 0.076863 0.576914
vt 0.013742 0.578719
vt 0.076912 0.576856
vt 0.076857 0.576922
vt 0.013784 0.578732
vt 0.076864 0.576921
vt 0.013784 0.578729
vt 0.076909 0.576860
vt 0.076829 0.576922
vt 0.076914 0.576840
vt 0.013758 0.578777
vt 0.076907 0.576855
vt 0.076828 0.576922
vt 0.013758 0.578781
vt 0.076902 0.576841
vt 0.076886 0.576898
vt 0.013742 0.578717
vt 0.013744 0.578716
vt 0.013762 0.578778
vt 0.076889 0.576898
vt 0.013746 0.578716
vt 0.076890 0.576905
vt 0.076908 0.576860
vt 0.013780 0.578780
vt 0.076914 0.576843
vt 0.076890 0.576899
vt 0.013781 0.578777
vt 0.076866 0.576921
vt 0.076915 0.576843
vt 0.076856 0.576922
vt 0.076891 0.576923
vt 0.076910 0.576902
vt 0.076916 0.576844
vt 0.076843 0.576917
vt 0.076910 0.576898
vt 0.013786 0.578775
vt 0.076911 0.576899
vt 0.013776 0.578748
vt 0.013746 0.578722
vt 0.013779 0.578744
vt 0.076904 0.576871
vt 0.076901 0.576841
vt 0.076917 0.576841
vt 0.076904 0.576867
vt 0.076906 0.576866
vt 0.013782 0.578744
vt 0.076908 0.576868
vt 0.076909 0.576871
vt 0.013784 0.578747
vt 0.076912 0.576877
vt 0.076917 0.576840
vt 0.013743 0.578722
vt 0.013789 0.578732
vt 0.013790 0.578729
vt 0.076916 0.576840
vt 0.076913 0.576860
vt 0.076845 0.576918
vt 0.076911 0.576877
vt 0.076910 0.576860
vt 0.076910 0.576877
vt 0.076830 0.576922
vt 0.076899 0.576841
vt 0.076897 0.576919
vt 0.076897 0.576921
vt 0.013797 0.578732
vt 0.013770 0.578744
vt 0.013798 0.578701
vt 0.013770 0.578757
vt 0.013798 0.578770
vt 0.013756 0.578799
vt 0.046894 0.577503
vt 0.046885 0.577497
vt 0.076884 0.576875
vt 0.013701 0.578758
vt 0.013700 0.578757
vt 0.013700 0.578756
vt 0.013700 0.578754
vt 0.013700 0.578753
vt 0.013701 0.578751
vt 0.013702 0.578750
vt 0.013703 0.578749
vt 0.013704 0.578748
vt 0.013705 0.578748
vt 0.013707 0.578747
vt 0.013708 0.578747
vt 0.013710 0.578748
vt 0.013711 0.578748
vt 0.013712 0.578749
vt 0.013714 0.578751
vt 0.013715 0.578753
vt 0.013715 0.578754
vt 0.013715 0.578756
vt 0.013715 0.578757
vt 0.013712 0.578761
vt 0.013714 0.578758
vt 0.013713 0.578760
vt 0.013711 0.578762
vt 0.013710 0.578762
vt 0.013708 0.578762
vt 0.013705 0.578762
vt 0.013704 0.578762
vt 0.013703 0.578761
vt 0.013772 0.578754
vt 0.013741 0.578760
vt 0.013715 0.578762
vt 0.013739 0.578783
vt 0.013718 0.578789
vt 0.013772 0.578709
vt 0.013729 0.578790
vt 0.013767 0.578700
vt 0.013758 0.578705
vt 0.013763 0.578714
vt 0.013758 0.578709
vt 0.013772 0.578705
vt 0.013770 0.578703
vt 0.013760 0.578702
vt 0.013764 0.578700
vt 0.013765 0.578714
vt 0.013768 0.578714
vt 0.013799 0.578758
vt 0.013709 0.578798
vt 0.013775 0.578743
vt 0.013775 0.578746
vt 0.013775 0.578752
vt 0.013709 0.578793
vt 0.013775 0.578754
vt 0.013760 0.578713
vt 0.013709 0.578790
vt 0.013729 0.578781
vt 0.013729 0.578786
vt 0.013799 0.578762
vt 0.076896 0.576830
vt 0.046894 0.577461
vt 0.046884 0.577454
vt 0.046889 0.577451
vt 0.046896 0.577458
vt 0.046885 0.577461
vt 0.046890 0.577463
vt 0.046886 0.577452
vt 0.076894 0.576828
vt 0.076884 0.576834
vt 0.046894 0.577453
vt 0.046884 0.577457
vt 0.013746 0.578703
vt 0.013750 0.578714
vt 0.013753 0.578703
vt 0.013748 0.578714
vt 0.013746 0.578713
vt 0.013755 0.578707
vt 0.013744 0.578709
vt 0.013755 0.578711
vt 0.013748 0.578702
vt 0.013753 0.578713
vt 0.013722 0.578748
vt 0.013724 0.578747
vt 0.013725 0.578746
vt 0.013726 0.578745
vt 0.013728 0.578745
vt 0.013729 0.578745
vt 0.013730 0.578745
vt 0.013733 0.578747
vt 0.013736 0.578750
vt 0.013734 0.578748
vt 0.013735 0.578749
vt 0.013736 0.578752
vt 0.013736 0.578753
vt 0.013736 0.578755
vt 0.013734 0.578757
vt 0.013733 0.578758
vt 0.013732 0.578759
vt 0.013730 0.578760
vt 0.013729 0.578760
vt 0.013728 0.578760
vt 0.013726 0.578760
vt 0.013725 0.578759
vt 0.013724 0.578758
vt 0.013721 0.578755
vt 0.013723 0.578757
vt 0.013722 0.578756
vt 0.013721 0.578753
vt 0.013721 0.578752
vt 0.013721 0.578750
vt 0.013739 0.578781
vt 0.013787 0.578741
vt 0.013750 0.578795
vt 0.013755 0.578759
vt 0.013755 0.578767
vt 0.013755 0.578763
vt 0.013750 0.578791
vt 0.013755 0.578770
vt 0.013765 0.578720
vt 0.013750 0.578788
vt 0.013739 0.578773
vt 0.013787 0.578752
vt 0.013787 0.578748
vt 0.013739 0.578777
vt 0.013787 0.578745
vt 0.076923 0.576883
vt 0.076866 0.576879
vt 0.076880 0.576913
vt 0.076915 0.576879
vt 0.076882 0.576844
vt 0.076852 0.576889
vt 0.013792 0.578736
vt 0.076855 0.576905
vt 0.013730 0.578780
vt 0.013800 0.578716
vt 0.013800 0.578713
vt 0.013757 0.578774
vt 0.013799 0.578713
vt 0.013741 0.578756
vt 0.013800 0.578719
vt 0.013755 0.578776
vt 0.013788 0.578743
vt 0.076923 0.576888
vt 0.013729 0.578764
vt 0.013792 0.578753
vt 0.013756 0.578787
vt 0.013797 0.578763
vt 0.076896 0.576840
vt 0.076921 0.576844
vt 0.076863 0.576921
vt 0.013710 0.578763
vt 0.076863 0.576905
vt 0.013779 0.578758
vt 0.013741 0.578754
vt 0.013741 0.578754
vt 0.076901 0.576901
vt 0.013779 0.578776
vt 0.076904 0.576901
vt 0.013718 0.578776
vt 0.076922 0.576844
vt 0.076863 0.576905
vt 0.076923 0.576843
vt 0.076920 0.576904
vt 0.076915 0.576886
vt 0.076922 0.576844
vt 0.013792 0.578779
vt 0.076918 0.576904
vt 0.013739 0.578760
vt 0.013800 0.578788
vt 0.013794 0.578794
vt 0.013799 0.578788
vt 0.013795 0.578790
vt 0.013792 0.578790
vt 0.013792 0.578792
vt 0.013788 0.578772
vt 0.076860 0.576901
vt 0.013738 0.578776
vt 0.013792 0.578762
vt 0.076846 0.576851
vt 0.076845 0.576886
vt 0.076835 0.576892
vt 0.076845 0.576852
vt 0.076923 0.576841
vt 0.076846 0.576887
vt 0.013700 0.578779
vt 0.076901 0.576868
vt 0.013776 0.578743
vt 0.076842 0.576886
vt 0.013800 0.578788
vt 0.013799 0.578788
vt 0.076846 0.576857
vt 0.013776 0.578725
vt 0.013708 0.578766
vt 0.013720 0.578732
s 1
usemtl Atlas
f 5/1/1 11/2/2 12/3/3
f 5/1/1 13/4/4 6/5/5
f 6/5/5 14/6/6 7/7/7
f 7/7/7 271/8/8 263/9/9
f 1/10/10 120/11/11 8/12/12
f 2/13/13 8/12/12 9/14/14
f 3/15/15 9/14/14 10/16/16
f 3/15/17 674/17/18 675/18/17
f 10/16/16 16/19/19 17/20/20
f 10/16/18 673/21/21 674/17/18
f 12/3/3 18/22/22 19/23/23
f 12/3/3 20/24/24 13/4/4
f 14/6/6 20/24/24 21/25/25
f 14/6/6 279/26/26 271/8/8
f 8/12/12 120/11/11 15/27/27
f 9/14/14 15/27/27 16/19/19
f 21/28/25 27/29/28 28/30/29
f 279/31/26 28/30/29 287/32/30
f 15/27/27 120/11/11 22/33/31
f 15/34/27 23/35/32 16/36/19
f 16/36/19 24/37/33 17/38/20
f 17/38/21 672/39/34 673/40/21
f 19/41/23 25/42/35 26/43/36
f 19/41/23 27/29/28 20/44/24
f 24/37/34 671/45/37 672/39/34
f 25/42/35 33/46/38 26/43/36
f 27/29/28 33/46/38 34/47/39
f 27/29/28 35/48/40 28/30/29
f 287/32/30 35/48/40 295/49/41
f 22/33/31 120/11/11 29/50/42
f 22/51/31 30/52/43 23/35/32
f 24/37/33 30/52/43 31/53/44
f 295/49/41 42/54/45 303/55/46
f 29/50/42 120/11/11 36/56/47
f 30/52/43 36/57/47 37/58/48
f 30/52/43 38/59/49 31/53/44
f 31/53/37 670/60/50 671/45/37
f 33/61/38 39/62/51 40/63/52
f 33/46/38 41/64/53 34/47/39
f 34/47/39 42/54/45 35/48/40
f 39/62/51 47/65/54 40/63/52
f 40/66/52 48/67/55 41/64/53
f 42/54/45 48/67/55 49/68/56
f 303/55/46 49/68/56 311/69/57
f 36/56/47 120/11/11 43/70/58
f 36/57/47 44/71/59 37/58/48
f 37/58/48 45/72/60 38/59/49
f 670/60/50 45/72/61 669/73/61
f 43/70/58 120/11/11 50/74/62
f 43/75/58 51/76/63 44/71/59
f 44/71/59 52/77/64 45/72/60
f 669/73/61 52/77/65 668/78/65
f 46/79/66 54/80/67 47/65/54
f 47/81/54 55/82/68 48/83/55
f 49/84/56 55/82/68 56/85/69
f 311/86/57 56/85/69 319/87/70
f 53/88/71 61/89/72 54/90/67
f 55/82/68 61/89/72 62/91/73
f 56/85/69 62/91/73 63/92/74
f 56/85/69 327/93/75 319/87/70
f 50/74/62 120/11/11 57/94/76
f 50/95/62 58/96/77 51/76/63
f 51/76/63 59/97/78 52/77/64
f 52/77/65 667/98/79 668/78/65
f 58/96/77 64/99/80 65/100/81
f 59/97/78 65/100/81 66/101/82
f 667/98/79 66/101/83 666/102/83
f 61/89/72 67/103/84 68/104/85
f 61/89/72 69/105/86 62/91/73
f 63/92/74 69/105/86 70/106/87
f 63/92/74 335/107/88 327/93/75
f 57/94/76 120/11/11 64/108/80
f 68/104/85 76/109/89 69/105/86
f 70/106/87 76/109/89 77/110/90
f 70/106/87 343/111/91 335/107/88
f 64/108/80 120/11/11 71/112/92
f 64/99/80 72/113/93 65/100/81
f 65/100/81 73/114/94 66/101/82
f 66/101/83 665/115/95 666/102/83
f 68/104/85 74/116/96 75/117/97
f 72/113/93 78/118/98 79/119/99
f 73/114/94 79/119/99 80/120/100
f 665/115/95 80/120/101 664/121/101
f 75/117/97 81/122/102 82/123/103
f 75/117/97 83/124/104 76/109/89
f 77/110/90 83/124/104 84/125/105
f 77/110/90 351/126/106 343/111/91
f 71/112/92 120/11/11 78/127/98
f 82/123/103 90/128/107 83/124/104
f 84/125/105 90/128/107 91/129/108
f 351/126/106 91/129/108 359/130/109
f 78/127/98 120/11/11 85/131/110
f 78/118/98 86/132/111 79/119/99
f 79/119/99 87/133/112 80/120/100
f 80/120/101 663/134/113 664/121/101
f 82/123/103 88/135/114 89/136/115
f 86/132/111 94/137/116 87/133/112
f 663/134/113 94/137/117 662/138/118
f 85/131/110 120/11/11 92/139/119
f 85/140/110 93/141/120 86/132/111
f 92/139/119 120/11/11 96/142/121
f 92/143/119 97/144/122 93/141/120
f 93/141/120 98/145/123 94/137/116
f 662/138/118 98/145/124 661/146/124
f 661/147/124 102/148/125 660/149/125
f 96/142/121 120/11/11 100/150/126
f 96/142/121 101/151/127 97/152/122
f 97/152/122 102/148/128 98/153/123
f 100/150/126 120/11/11 104/154/129
f 100/150/126 105/155/130 101/151/127
f 102/148/128 105/155/130 106/156/131
f 660/149/125 106/156/132 659/157/132
f 106/156/132 658/158/133 659/157/132
f 126/159/134 238/160/135 125/161/136
f 124/162/137 233/163/138 119/164/139
f 95/165/140 213/166/141 209/167/142
f 359/168/143 208/169/144 484/170/145
f 104/154/129 120/11/11 108/171/146
f 104/154/129 109/172/147 105/155/130
f 105/155/130 110/173/148 106/156/131
f 115/174/149 225/175/150 111/176/151
f 108/171/146 120/11/11 112/177/152
f 108/171/146 113/178/153 109/172/147
f 109/172/147 114/179/154 110/173/148
f 658/158/133 114/179/155 657/180/155
f 125/161/136 237/181/156 124/182/156
f 103/183/157 221/184/158 217/185/159
f 91/186/160 207/187/161 208/169/144
f 90/188/162 206/189/163 207/187/161
f 89/190/164 205/191/165 206/189/163
f 119/164/139 229/192/166 115/193/149
f 88/194/167 209/167/142 205/195/167
f 112/177/152 120/11/11 116/196/168
f 112/177/152 117/197/169 113/178/153
f 114/179/154 117/197/169 118/198/170
f 657/180/155 118/198/171 656/199/171
f 116/196/168 120/11/11 121/200/172
f 116/196/168 122/201/173 117/197/169
f 117/197/169 123/202/174 118/198/170
f 656/199/171 123/202/175 655/203/175
f 396/204/176 240/205/177 127/206/178
f 111/176/151 221/184/158 107/207/158
f 99/208/179 217/209/159 213/210/141
f 127/206/178 239/211/180 126/159/134
f 126/212/181 244/213/182 127/214/183
f 132/215/184 245/216/185 131/217/186
f 134/218/187 534/219/188 248/220/189
f 126/212/181 242/221/190 243/222/191
f 121/200/172 120/11/11 128/223/192
f 121/200/172 129/224/193 122/201/173
f 122/201/173 130/225/194 123/202/174
f 123/202/175 654/226/195 655/203/175
f 128/223/192 136/227/196 129/224/193
f 129/224/193 137/228/197 130/225/194
f 654/226/195 137/228/198 653/229/198
f 132/230/184 138/231/199 139/232/200
f 132/230/184 140/233/201 133/234/202
f 134/235/187 140/233/201 141/236/203
f 404/237/204 141/236/203 412/238/205
f 128/223/192 120/11/11 135/239/206
f 139/232/200 147/240/207 140/233/201
f 141/236/203 147/240/207 148/241/208
f 676/242/209 255/243/210 254/244/211
f 135/239/206 120/11/11 142/245/212
f 135/239/206 143/246/213 136/227/196
f 136/227/196 144/247/214 137/228/197
f 137/228/198 652/248/215 653/229/198
f 139/232/200 145/249/216 146/250/217
f 143/246/213 151/251/218 144/247/214
f 154/252/219 699/253/220 153/254/221
f 146/255/222 693/256/223 694/257/224
f 423/258/225 709/259/226 710/260/227
f 153/254/221 698/261/228 152/262/229
f 684/263/230 249/264/231 678/265/231
f 142/245/212 120/11/11 149/266/232
f 143/246/213 149/266/232 150/267/233
f 155/268/234 161/269/235 162/270/236
f 683/271/237 254/272/211 253/273/238
f 149/266/232 120/11/11 156/274/239
f 149/266/232 157/275/240 150/267/233
f 151/251/218 157/275/240 158/276/241
f 651/277/242 158/276/243 650/278/243
f 153/279/244 159/280/245 160/281/246
f 153/279/244 161/269/235 154/282/247
f 157/275/240 165/283/248 158/276/241
f 158/276/243 649/284/249 650/278/243
f 160/281/246 166/285/250 167/286/251
f 160/281/246 168/287/252 161/269/235
f 162/270/236 168/287/252 169/288/253
f 677/289/254 252/290/255 251/291/256
f 156/274/239 120/11/11 163/292/257
f 157/275/240 163/292/257 164/293/258
f 169/288/253 175/294/259 176/295/260
f 681/296/261 255/297/262 680/298/263
f 163/292/257 120/11/11 170/299/264
f 163/292/257 171/300/265 164/293/258
f 165/283/248 171/300/265 172/301/266
f 165/283/249 648/302/267 649/284/249
f 167/286/251 173/303/268 174/304/269
f 167/286/251 175/294/259 168/287/252
f 648/302/267 179/305/270 647/306/270
f 173/307/268 181/308/271 174/309/269
f 174/304/269 182/310/272 175/294/259
f 176/295/260 182/310/272 183/311/273
f 682/312/274 249/313/275 536/314/276
f 170/299/264 120/11/11 177/315/277
f 170/299/264 178/316/278 171/300/265
f 171/300/265 179/305/279 172/301/266
f 455/317/280 190/318/281 463/319/282
f 177/315/277 120/11/11 184/320/283
f 178/316/278 184/320/283 185/321/284
f 179/305/279 185/321/284 186/322/285
f 179/305/270 646/323/286 647/306/270
f 181/308/271 187/324/287 188/325/288
f 181/326/271 189/327/289 182/328/272
f 183/329/273 189/327/289 190/318/281
f 646/323/286 193/330/290 645/331/290
f 188/325/288 194/332/291 195/333/292
f 188/334/288 196/335/293 189/327/289
f 190/318/281 196/335/293 197/336/294
f 463/319/282 197/336/294 471/337/295
f 184/320/283 120/11/11 191/338/296
f 185/321/284 191/338/296 192/339/297
f 186/322/285 192/339/297 193/330/298
f 197/336/294 479/340/299 471/337/295
f 191/338/296 120/11/11 198/341/300
f 191/338/296 199/342/301 192/339/297
f 192/339/297 200/343/302 193/330/298
f 193/330/290 644/344/303 645/331/290
f 195/345/292 201/346/304 202/347/305
f 195/345/292 203/348/306 196/335/293
f 197/336/294 203/348/306 204/349/307
f 202/347/305 4/350/308 5/1/1
f 203/348/306 5/1/1 6/5/5
f 204/349/307 6/5/5 7/7/7
f 479/340/299 7/7/7 263/9/9
f 198/341/300 120/11/11 1/10/10
f 199/342/301 1/10/10 2/13/13
f 200/343/302 2/13/13 3/15/15
f 644/344/303 3/15/17 675/18/17
f 205/351/309 210/352/310 206/353/311
f 206/353/311 211/354/312 207/355/313
f 208/356/314 211/354/312 212/357/315
f 484/358/316 212/357/315 489/359/317
f 212/357/315 215/360/318 216/361/319
f 489/359/317 216/361/319 494/362/320
f 210/363/310 213/364/321 214/365/322
f 210/363/310 215/366/318 211/367/312
f 214/365/322 217/368/323 218/369/324
f 214/365/322 219/370/325 215/366/318
f 216/371/319 219/370/325 220/372/326
f 494/373/320 220/372/326 499/374/327
f 499/374/327 224/375/328 504/376/329
f 217/368/323 222/377/330 218/369/324
f 218/369/324 223/378/331 219/370/325
f 220/372/326 223/378/331 224/375/328
f 222/377/330 225/379/332 226/380/333
f 222/377/330 227/381/334 223/378/331
f 224/375/328 227/381/334 228/382/335
f 504/376/329 228/382/335 509/383/336
f 509/383/336 232/384/337 514/385/338
f 225/379/332 230/386/339 226/380/333
f 226/380/333 231/387/340 227/381/334
f 228/382/335 231/387/340 232/384/337
f 230/386/339 233/388/341 234/389/342
f 230/386/339 235/390/343 231/387/340
f 232/384/337 235/390/343 236/391/344
f 514/385/338 236/391/344 519/392/345
f 234/389/342 237/393/346 238/394/347
f 234/389/342 239/395/348 235/390/343
f 236/391/344 239/395/348 240/396/349
f 519/392/345 240/396/349 524/397/350
f 242/398/190 245/399/185 246/400/351
f 243/401/191 246/400/351 247/402/352
f 244/403/182 247/402/352 248/404/189
f 529/405/353 248/406/189 534/407/188
f 133/408/202 246/409/351 132/215/184
f 127/214/183 529/410/353 396/411/354
f 131/217/186 241/412/355 124/413/356
f 125/414/357 241/415/355 242/221/190
f 133/408/202 248/220/189 247/416/352
f 249/417/358 538/418/359 536/419/360
f 250/420/361 540/421/362 538/422/359
f 251/423/363 542/424/364 540/421/362
f 252/425/365 544/426/366 542/424/364
f 544/426/366 254/427/367 546/428/368
f 254/429/367 548/430/369 546/431/368
f 677/289/254 250/432/370 684/433/230
f 679/434/371 253/273/238 252/290/255
f 260/435/372 267/436/373 259/437/374
f 269/438/375 260/435/372 261/439/376
f 270/440/377 261/439/376 262/441/378
f 271/8/8 262/441/378 263/9/9
f 256/442/379 264/443/380 388/444/381
f 257/445/382 264/443/380 256/442/379
f 258/446/383 265/447/384 257/445/382
f 642/448/385 258/446/386 643/449/386
f 266/450/387 273/451/388 265/447/384
f 641/452/389 266/450/385 642/448/385
f 268/453/390 275/454/391 267/436/373
f 277/455/392 268/453/390 269/438/375
f 270/440/377 277/455/392 269/438/375
f 279/26/26 270/440/377 271/8/8
f 264/443/380 272/456/393 388/444/381
f 265/447/384 272/456/393 264/443/380
f 278/457/394 285/458/395 277/459/392
f 279/31/26 286/460/396 278/457/394
f 272/456/393 280/461/397 388/444/381
f 281/462/398 272/463/393 273/464/388
f 282/465/399 273/464/388 274/466/400
f 640/467/401 274/466/389 641/468/389
f 276/469/402 283/470/403 275/471/391
f 285/458/395 276/469/402 277/459/392
f 639/472/404 282/465/401 640/467/401
f 292/473/405 283/470/403 284/474/406
f 285/458/395 292/473/405 284/474/406
f 294/475/407 285/458/395 286/460/396
f 287/32/30 294/475/407 286/460/396
f 280/461/397 288/476/408 388/444/381
f 289/477/409 280/478/397 281/462/398
f 282/465/399 289/477/409 281/462/398
f 295/49/41 302/479/410 294/475/407
f 288/476/408 296/480/411 388/444/381
f 289/477/409 296/481/411 288/482/408
f 298/483/412 289/477/409 290/484/413
f 638/485/414 290/484/404 639/472/404
f 292/486/405 299/487/415 291/488/416
f 301/489/417 292/473/405 293/490/418
f 302/479/410 293/490/418 294/475/407
f 308/491/419 299/487/415 300/492/420
f 309/493/421 300/494/420 301/489/417
f 302/479/410 309/493/421 301/489/417
f 303/55/46 310/495/422 302/479/410
f 296/480/411 304/496/423 388/444/381
f 305/497/424 296/481/411 297/498/425
f 306/499/426 297/498/425 298/483/412
f 638/485/414 306/499/427 298/483/414
f 304/496/423 312/500/428 388/444/381
f 313/501/429 304/502/423 305/497/424
f 314/503/430 305/497/424 306/499/426
f 637/504/427 314/503/431 306/499/427
f 316/505/432 307/506/433 308/491/419
f 317/507/434 308/508/419 309/509/421
f 310/510/422 317/507/434 309/509/421
f 311/86/57 318/511/435 310/510/422
f 324/512/436 315/513/437 316/514/432
f 317/507/434 324/512/436 316/514/432
f 318/511/435 325/515/438 317/507/434
f 327/93/75 318/511/435 319/87/70
f 312/500/428 320/516/439 388/444/381
f 321/517/440 312/518/428 313/501/429
f 322/519/441 313/501/429 314/503/430
f 635/520/442 314/503/431 636/521/431
f 321/517/440 328/522/443 320/523/439
f 322/519/441 329/524/444 321/517/440
f 635/520/442 330/525/445 322/519/442
f 324/512/436 331/526/446 323/527/447
f 333/528/448 324/512/436 325/515/438
f 326/529/449 333/528/448 325/515/438
f 335/107/88 326/529/449 327/93/75
f 320/516/439 328/530/443 388/444/381
f 341/531/450 332/532/451 333/528/448
f 334/533/452 341/531/450 333/528/448
f 343/111/91 334/533/452 335/107/88
f 328/530/443 336/534/453 388/444/381
f 337/535/454 328/522/443 329/524/444
f 338/536/455 329/524/444 330/525/456
f 633/537/457 330/525/445 634/538/445
f 332/532/451 339/539/458 331/526/446
f 337/535/454 344/540/459 336/541/453
f 338/536/455 345/542/460 337/535/454
f 633/537/457 346/543/461 338/536/457
f 340/544/462 347/545/463 339/539/458
f 349/546/464 340/544/462 341/531/450
f 342/547/465 349/546/464 341/531/450
f 351/126/106 342/547/465 343/111/91
f 336/534/453 344/548/459 388/444/381
f 357/549/466 348/550/467 349/546/464
f 350/551/468 357/549/466 349/546/464
f 351/126/106 358/552/469 350/551/468
f 344/548/459 352/553/470 388/444/381
f 353/554/471 344/540/459 345/542/460
f 354/555/472 345/542/460 346/543/473
f 631/556/474 346/543/461 632/557/461
f 348/550/467 355/558/475 347/545/463
f 362/559/476 353/554/471 354/555/472
f 631/556/474 362/559/477 354/555/474
f 352/553/470 360/560/478 388/444/381
f 361/561/479 352/562/470 353/554/471
f 360/560/478 364/563/480 388/444/381
f 365/564/481 360/565/478 361/561/479
f 366/566/482 361/561/479 362/559/476
f 630/567/477 366/566/483 362/559/477
f 629/568/483 370/569/484 366/570/483
f 364/563/480 368/571/485 388/444/381
f 369/572/486 364/563/480 365/573/481
f 370/569/487 365/573/481 366/570/482
f 368/571/485 372/574/488 388/444/381
f 373/575/489 368/571/485 369/572/486
f 370/569/487 373/575/489 369/572/486
f 628/576/484 374/577/490 370/569/484
f 626/578/491 374/577/490 627/579/490
f 521/580/492 394/581/493 393/582/494
f 515/583/495 392/584/496 387/585/497
f 363/586/498 490/587/499 367/588/500
f 359/168/143 483/589/501 358/590/502
f 372/574/488 376/591/503 388/444/381
f 377/592/504 372/574/488 373/575/489
f 378/593/505 373/575/489 374/577/506
f 505/594/507 383/595/508 379/596/509
f 376/591/503 380/597/510 388/444/381
f 381/598/511 376/591/503 377/592/504
f 382/599/512 377/592/504 378/593/505
f 626/578/491 382/599/513 378/593/491
f 520/600/514 393/582/494 392/601/514
f 371/602/515 500/603/516 375/604/516
f 358/590/502 482/605/517 357/606/518
f 357/606/518 481/607/519 356/608/520
f 356/609/520 480/610/521 355/611/521
f 510/612/522 387/585/497 383/613/508
f 355/614/523 485/615/524 363/616/498
f 380/597/510 384/617/525 388/444/381
f 385/618/526 380/597/510 381/598/511
f 382/599/512 385/618/526 381/598/511
f 625/619/513 386/620/527 382/599/513
f 384/617/525 389/621/528 388/444/381
f 390/622/529 384/617/525 385/618/526
f 391/623/530 385/618/526 386/620/531
f 624/624/527 391/623/532 386/620/527
f 523/625/533 396/204/176 395/626/534
f 500/603/516 379/596/509 375/604/516
f 367/627/500 495/628/535 371/629/515
f 522/630/536 395/626/534 394/581/493
f 528/631/537 394/632/538 395/633/539
f 530/634/540 401/635/541 400/636/542
f 403/637/543 534/219/188 404/638/204
f 394/632/538 526/639/544 393/640/545
f 389/621/528 397/641/546 388/444/381
f 398/642/547 389/621/528 390/622/529
f 399/643/548 390/622/529 391/623/530
f 622/644/549 391/623/532 623/645/532
f 406/646/550 397/641/546 398/642/547
f 407/647/551 398/642/547 399/643/548
f 622/644/549 407/647/552 399/643/549
f 401/648/541 408/649/553 400/650/542
f 410/651/554 401/648/541 402/652/555
f 403/653/543 410/651/554 402/652/555
f 404/237/204 411/654/556 403/653/543
f 397/641/546 405/655/557 388/444/381
f 418/656/558 409/657/559 410/651/554
f 411/654/556 418/656/558 410/651/554
f 685/658/560 547/659/561 689/660/561
f 405/655/557 413/661/562 388/444/381
f 414/662/563 405/655/557 406/646/550
f 415/663/564 406/646/550 407/647/551
f 620/664/565 407/647/552 621/665/552
f 409/657/559 416/666/566 408/649/553
f 422/667/567 414/662/563 415/663/564
f 145/668/568 692/669/569 693/256/223
f 652/670/570 703/671/571 692/669/569
f 152/262/229 697/672/572 651/673/572
f 415/674/573 714/675/574 422/676/575
f 535/677/576 691/678/577 687/679/576
f 413/661/562 420/680/578 388/444/381
f 414/662/563 420/680/578 413/661/562
f 426/681/579 432/682/580 425/683/581
f 690/684/582 545/685/583 685/686/560
f 420/680/578 427/687/584 388/444/381
f 428/688/585 420/680/578 421/689/586
f 422/667/567 428/688/585 421/689/586
f 619/690/587 429/691/588 422/667/587
f 424/692/589 430/693/590 423/694/591
f 432/682/580 424/692/589 425/683/581
f 436/695/592 428/688/585 429/691/593
f 617/696/594 429/691/588 618/697/588
f 431/698/595 437/699/596 430/693/590
f 439/700/597 431/698/595 432/682/580
f 433/701/598 439/700/597 432/682/580
f 686/702/599 541/703/600 688/704/601
f 427/687/584 434/705/602 388/444/381
f 428/688/585 434/705/602 427/687/584
f 440/706/603 446/707/604 439/700/597
f 547/708/605 681/296/261 689/709/606
f 434/705/602 441/710/607 388/444/381
f 442/711/608 434/705/602 435/712/609
f 436/695/592 442/711/608 435/712/609
f 616/713/610 436/695/594 617/696/594
f 438/714/611 444/715/612 437/699/596
f 446/707/604 438/714/611 439/700/597
f 616/713/610 450/716/613 443/717/610
f 452/718/614 444/719/612 445/720/615
f 453/721/616 445/722/615 446/707/604
f 447/723/617 453/721/616 446/707/604
f 682/312/274 535/724/618 687/725/619
f 441/710/607 448/726/620 388/444/381
f 449/727/621 441/710/607 442/711/608
f 450/716/622 442/711/608 443/717/623
f 455/317/280 462/728/624 454/729/625
f 448/726/620 456/730/626 388/444/381
f 449/727/621 456/730/626 448/726/620
f 450/716/622 457/731/627 449/727/621
f 614/732/628 450/716/613 615/733/613
f 452/718/614 459/734/629 451/735/630
f 461/736/631 452/737/614 453/738/616
f 454/729/625 461/736/631 453/738/616
f 614/732/628 466/739/632 458/740/628
f 460/741/633 467/742/634 459/734/629
f 469/743/635 460/744/633 461/736/631
f 462/728/624 469/743/635 461/736/631
f 463/319/282 470/745/636 462/728/624
f 456/730/626 464/746/637 388/444/381
f 457/731/627 464/746/637 456/730/626
f 458/740/638 465/747/639 457/731/627
f 479/340/299 470/745/636 471/337/295
f 464/746/637 472/748/640 388/444/381
f 473/749/641 464/746/637 465/747/639
f 474/750/642 465/747/639 466/739/643
f 612/751/644 466/739/632 613/752/632
f 468/753/645 475/754/646 467/755/634
f 477/756/647 468/753/645 469/743/635
f 470/745/636 477/756/647 469/743/635
f 476/757/648 259/437/374 475/754/646
f 477/756/647 260/435/372 476/757/648
f 478/758/649 261/439/376 477/756/647
f 479/340/299 262/441/378 478/758/649
f 472/748/640 256/442/379 388/444/381
f 473/749/641 256/442/379 472/748/640
f 474/750/642 257/445/382 473/749/641
f 612/751/644 258/446/386 474/750/644
f 486/759/650 480/760/651 481/761/652
f 487/762/653 481/761/652 482/763/654
f 483/764/655 487/762/653 482/763/654
f 484/358/316 488/765/656 483/764/655
f 488/765/656 492/766/657 487/762/653
f 489/359/317 493/767/658 488/765/656
f 486/768/650 490/769/659 485/770/660
f 492/766/657 486/759/650 487/762/653
f 491/771/661 495/772/662 490/769/659
f 497/773/663 491/774/661 492/775/657
f 493/776/658 497/773/663 492/775/657
f 494/373/320 498/777/664 493/776/658
f 499/374/327 503/778/665 498/777/664
f 501/779/666 495/780/662 496/781/667
f 502/782/668 496/781/667 497/773/663
f 498/777/664 502/782/668 497/773/663
f 501/779/666 505/783/669 500/784/670
f 507/785/671 501/779/666 502/782/668
f 503/778/665 507/785/671 502/782/668
f 504/376/329 508/786/672 503/778/665
f 509/383/336 513/787/673 508/786/672
f 511/788/674 505/783/669 506/789/675
f 512/790/676 506/789/675 507/785/671
f 508/786/672 512/790/676 507/785/671
f 511/788/674 515/791/677 510/792/678
f 517/793/679 511/788/674 512/790/676
f 513/787/673 517/793/679 512/790/676
f 514/385/338 518/794/680 513/787/673
f 516/795/681 520/796/682 515/797/677
f 522/798/683 516/799/681 517/793/679
f 518/794/680 522/798/683 517/793/679
f 519/392/345 523/800/684 518/794/680
f 526/801/544 530/802/540 525/803/685
f 527/804/686 531/805/687 526/806/544
f 528/807/537 532/808/688 527/804/686
f 529/405/353 533/809/689 528/807/537
f 531/810/687 402/652/555 401/648/541
f 529/410/353 395/633/539 396/411/354
f 525/811/685 400/650/542 392/812/690
f 393/640/545 525/811/685 392/812/690
f 402/813/555 533/814/689 403/637/543
f 538/418/359 535/815/691 536/419/360
f 540/421/362 537/816/692 538/422/359
f 542/424/364 539/817/693 540/421/362
f 544/426/366 541/818/694 542/424/364
f 544/426/366 545/819/695 543/820/696
f 548/430/369 545/821/695 546/431/368
f 537/822/697 686/702/599 691/823/577
f 688/704/601 543/824/698 690/684/582
f 580/825/699 593/826/700 549/827/701
f 549/827/701 608/828/702 565/829/703
f 549/827/701 599/830/704 591/831/705
f 549/827/701 601/832/706 580/825/699
f 550/833/707 611/834/708 586/835/707
f 550/836/709 609/837/710 580/825/699
f 580/825/699 574/838/711 550/836/712
f 550/839/713 605/840/714 576/841/715
f 551/842/716 610/843/717 581/844/718
f 581/845/719 573/846/720 551/847/721
f 551/847/722 573/846/720 565/848/703
f 565/849/703 585/850/723 551/851/724
f 552/852/725 594/853/726 568/854/727
f 568/854/727 582/855/728 552/852/725
f 552/856/729 611/834/708 583/857/729
f 583/857/729 564/858/730 552/856/729
f 583/857/729 576/859/731 553/860/729
f 576/841/715 570/861/732 553/862/733
f 553/862/733 597/863/734 578/864/735
f 553/860/729 607/865/730 583/857/729
f 567/866/736 575/867/737 554/868/738
f 575/869/739 585/870/740 554/871/741
f 585/850/723 579/872/742 554/873/743
f 554/868/738 579/874/744 567/866/736
f 555/875/745 603/876/746 572/877/747
f 572/877/747 566/878/748 555/875/745
f 566/879/749 586/880/750 555/881/751
f 586/835/707 582/882/708 555/883/707
f 568/854/727 587/884/752 556/885/753
f 556/885/753 595/886/754 571/887/755
f 571/887/755 592/888/756 556/885/753
f 556/885/753 603/876/746 568/854/727
f 563/889/757 569/890/758 557/891/759
f 557/891/759 604/892/760 581/845/719
f 581/844/718 584/893/761 557/894/762
f 557/894/762 606/895/763 563/896/764
f 572/877/747 592/888/756 558/897/765
f 558/897/765 602/898/766 567/899/736
f 558/897/765 598/900/767 588/901/768
f 558/897/765 600/902/769 572/877/747
f 559/903/770 604/904/760 589/905/771
f 589/905/771 574/906/711 559/903/770
f 559/903/770 601/907/706 591/908/772
f 559/903/770 599/909/704 573/910/720
f 590/911/773 570/861/732 560/912/774
f 560/912/774 605/840/714 589/905/771
f 589/905/771 569/913/758 560/912/774
f 560/912/774 596/914/775 590/911/773
f 571/915/755 577/916/776 561/917/777
f 577/918/778 584/893/761 561/919/779
f 561/919/779 610/843/717 575/869/739
f 561/917/777 602/920/766 571/915/755
f 562/921/780 600/902/769 588/901/781
f 562/921/780 598/900/767 579/922/744
f 579/923/742 593/826/700 562/924/782
f 562/924/782 609/837/710 566/879/749
f 267/925/373 643/449/386 259/926/374
f 275/927/391 642/448/385 267/925/373
f 275/928/391 640/467/401 641/468/389
f 291/488/416 640/467/401 283/929/403
f 291/488/416 638/485/414 639/472/404
f 307/506/433 638/485/414 299/487/415
f 307/506/433 636/521/431 637/504/427
f 323/930/447 636/521/431 315/931/437
f 323/930/447 634/538/445 635/520/442
f 339/932/458 634/538/445 331/933/446
f 339/932/458 632/557/461 633/537/457
f 355/934/475 632/557/461 347/935/463
f 355/934/475 630/567/477 631/556/474
f 367/936/483 630/567/477 363/937/477
f 367/938/483 628/576/484 629/568/483
f 371/939/484 627/940/490 628/941/484
f 375/942/490 626/943/491 627/940/490
f 383/944/513 626/943/491 379/945/491
f 387/946/527 625/619/513 383/947/513
f 387/946/527 623/645/532 624/624/527
f 400/948/542 623/645/532 392/949/690
f 400/948/542 621/665/552 622/644/549
f 416/950/566 621/665/552 408/951/553
f 619/952/226 714/953/226 709/259/226
f 423/954/591 618/697/588 619/690/587
f 437/955/596 618/697/588 430/956/590
f 444/719/612 617/696/594 437/955/596
f 444/719/612 615/733/613 616/713/610
f 451/735/630 614/732/628 615/733/613
f 459/734/629 613/752/632 614/732/628
f 475/957/646 613/752/632 467/742/634
f 475/957/646 643/449/386 612/751/644
f 675/18/17 11/958/2 4/959/308
f 674/17/18 18/960/22 11/958/2
f 18/961/22 672/39/34 25/962/35
f 672/39/34 32/963/783 25/962/35
f 32/963/783 670/60/50 39/62/51
f 670/60/50 46/79/66 39/62/51
f 46/79/66 668/78/65 53/964/71
f 668/78/65 60/965/784 53/964/71
f 60/965/784 666/102/83 67/966/84
f 666/102/83 74/967/96 67/966/84
f 74/967/96 664/121/101 81/968/102
f 664/121/101 88/969/114 81/968/102
f 88/969/114 662/138/118 95/970/118
f 662/138/118 99/971/124 95/970/118
f 99/972/124 660/149/125 103/973/125
f 103/974/125 659/975/132 107/976/132
f 107/976/132 658/977/133 111/978/133
f 658/977/133 115/979/155 111/978/133
f 657/180/155 119/980/171 115/981/155
f 119/980/171 655/203/175 124/982/356
f 655/203/175 131/983/186 124/982/356
f 131/983/186 653/229/198 138/984/199
f 653/229/198 145/985/216 138/984/199
f 419/986/785 707/987/786 418/656/787
f 152/988/788 650/278/243 159/989/245
f 650/278/243 166/990/250 159/989/245
f 649/284/249 173/307/268 166/990/250
f 173/307/268 647/306/270 180/991/789
f 180/991/789 646/323/286 187/324/287
f 187/324/287 645/331/290 194/332/291
f 645/331/290 201/992/304 194/332/291
f 201/992/304 675/18/17 4/959/308
f 567/899/736 579/922/744 598/900/767
f 565/993/703 573/910/720 599/909/704
f 433/994/790 690/995/582 440/996/791
f 691/678/577 426/997/792 419/998/793
f 412/999/794 687/725/619 411/1000/795
f 689/709/606 455/1001/280 454/1002/625
f 426/997/792 688/1003/601 433/994/790
f 440/996/791 685/658/560 447/1004/796
f 687/679/576 419/998/793 411/1005/576
f 447/1004/796 689/660/561 454/1006/561
f 162/1007/797 683/1008/237 679/1009/371
f 155/1010/798 684/263/230 148/1011/799
f 412/999/794 678/1012/800 682/312/274
f 455/1001/280 680/298/263 183/1013/273
f 155/1010/798 679/1009/371 677/1014/254
f 169/1015/801 676/242/209 683/1008/237
f 148/1011/799 678/265/231 141/1016/231
f 176/1017/802 680/1018/210 676/242/209
f 692/1019/803 702/1020/803 697/1021/803
f 694/1022/804 698/1023/805 699/1024/806
f 695/1025/807 699/1024/806 700/1026/808
f 696/1027/809 700/1026/808 701/1028/809
f 704/1029/810 714/1030/810 715/1031/810
f 706/1032/811 710/1033/812 705/1034/813
f 707/1035/814 711/1036/815 706/1032/811
f 708/1037/816 712/1038/817 707/1035/814
f 705/1039/813 709/1040/810 704/1029/810
f 693/1041/818 697/1021/803 698/1042/805
f 416/1043/819 704/1044/820 620/1045/821
f 424/1046/822 710/260/227 711/1047/823
f 155/1010/824 696/1048/825 701/1049/826
f 147/1050/827 694/257/224 695/1051/828
f 155/1052/829 700/1053/830 154/252/219
f 417/1054/831 705/1055/832 416/1043/819
f 425/1056/833 711/1047/823 712/1057/834
f 651/673/572 702/1058/572 151/1059/572
f 148/241/835 695/1060/828 696/1061/836
f 426/997/837 708/1062/838 419/998/839
f 620/1045/821 715/1063/840 415/1064/841
f 418/1065/787 706/1066/842 417/1054/831
f 426/1067/843 712/1057/834 713/1068/843
f 144/1069/844 702/1070/845 703/1071/846
f 721/1072/847 736/1073/848 996/1074/849
f 718/1075/850 729/1076/851 719/1077/852
f 996/1078/849 737/1079/853 722/1080/854
f 992/1081/75 729/1082/851 730/1083/855
f 723/1084/856 722/1080/854 737/1079/853
f 992/1085/75 731/1086/857 720/1087/858
f 720/1087/858 732/1088/859 993/1089/860
f 717/1090/861 724/1091/862 725/1092/863
f 994/1093/864 732/1088/859 733/1094/865
f 717/1090/861 726/1095/866 990/1096/867
f 994/1093/864 734/1097/868 995/1098/869
f 991/1099/870 726/1100/866 727/1101/871
f 721/1072/847 734/1097/868 735/1102/872
f 991/1099/870 728/1103/873 718/1104/850
f 734/1097/868 749/1105/874 735/1102/872
f 727/1101/871 742/1106/875 728/1103/873
f 736/1073/848 749/1105/874 750/1107/876
f 729/1076/851 742/1108/875 743/1109/877
f 737/1079/853 750/1110/876 751/1111/878
f 730/1083/855 743/1112/877 744/1113/879
f 723/1084/856 737/1079/853 751/1111/878
f 730/1114/855 745/1115/880 731/1086/857
f 731/1086/857 746/1116/881 732/1088/859
f 724/1091/862 739/1117/882 725/1092/863
f 733/1094/865 746/1116/881 747/1118/883
f 725/1092/863 740/1119/884 726/1095/866
f 733/1094/865 748/1120/885 734/1097/868
f 726/1100/866 741/1121/886 727/1101/871
f 746/1116/881 759/1122/887 760/1123/888
f 739/1117/882 752/1124/889 753/1125/890
f 746/1116/881 761/1126/891 747/1118/883
f 740/1127/884 753/1128/890 754/1129/892
f 748/1120/885 761/1126/891 762/1130/893
f 740/1127/884 755/1131/894 741/1132/886
f 748/1120/885 763/1133/895 749/1105/874
f 742/1134/875 755/1131/894 756/1135/896
f 749/1136/874 764/1137/897 750/1110/876
f 743/1138/877 756/1139/896 757/1140/898
f 750/1110/876 765/1141/899 751/1111/878
f 743/1142/877 758/1143/900 744/1144/879
f 723/1084/856 751/1111/878 765/1141/899
f 745/1115/880 758/1145/900 759/1122/887
f 756/1135/896 769/1146/901 770/1147/902
f 764/1137/897 777/1148/903 778/1149/904
f 757/1140/898 770/1150/902 771/1151/905
f 764/1137/897 779/1152/906 765/1141/899
f 757/1153/898 772/1154/907 758/1143/900
f 723/1084/856 765/1141/899 779/1152/906
f 759/1155/887 772/1156/907 773/1157/908
f 759/1155/887 774/1158/909 760/1159/888
f 753/1125/890 766/1160/910 767/1161/911
f 761/1162/891 774/1158/909 775/1163/912
f 753/1128/890 768/1164/913 754/1129/892
f 762/1165/893 775/1163/912 776/1166/914
f 755/1131/894 768/1164/913 769/1146/901
f 762/1167/893 777/1148/903 763/1168/895
f 773/1157/908 788/1169/915 774/1158/909
f 767/1170/911 780/1171/916 781/1172/917
f 775/1163/912 788/1169/915 789/1173/918
f 768/1164/913 781/1172/917 782/1174/919
f 775/1163/912 790/1175/920 776/1166/914
f 768/1164/913 783/1176/921 769/1146/901
f 776/1177/914 791/1178/922 777/1148/903
f 770/1147/902 783/1176/921 784/1179/923
f 778/1149/904 791/1178/922 792/1180/924
f 771/1151/905 784/1181/923 785/1182/925
f 779/1152/906 792/1180/924 793/1183/926
f 771/1184/905 786/1185/927 772/1154/907
f 723/1084/856 779/1152/906 793/1183/926
f 773/1157/908 786/1186/927 787/1187/928
f 791/1178/922 806/1188/929 792/1180/924
f 785/1182/925 798/1189/930 799/1190/931
f 792/1180/924 807/1191/932 793/1183/926
f 785/1192/925 800/1193/933 786/1185/927
f 723/1084/856 793/1183/926 807/1191/932
f 786/1186/927 801/1194/934 787/1187/928
f 788/1169/915 801/1194/934 802/1195/935
f 781/1172/917 794/1196/936 795/1197/937
f 789/1173/918 802/1195/935 803/1198/938
f 781/1172/917 796/1199/939 782/1174/919
f 789/1200/918 804/1201/940 790/1202/920
f 782/1174/919 797/1203/941 783/1176/921
f 790/1202/920 805/1204/942 791/1178/922
f 784/1179/923 797/1203/941 798/1205/930
f 794/1196/936 809/1206/943 795/1197/937
f 803/1198/938 816/1207/944 817/1208/945
f 795/1197/937 810/1209/946 796/1199/939
f 804/1201/940 817/1210/945 818/1211/947
f 796/1199/939 811/1212/948 797/1203/941
f 805/1204/942 818/1211/947 819/1213/949
f 798/1205/930 811/1212/948 812/1214/950
f 805/1204/942 820/1215/951 806/1188/929
f 799/1190/931 812/1216/950 813/1217/952
f 807/1191/932 820/1215/951 821/1218/953
f 799/1219/931 814/1220/954 800/1193/933
f 723/1084/856 807/1191/932 821/1218/953
f 801/1194/934 814/1221/954 815/1222/955
f 801/1194/934 816/1207/944 802/1195/935
f 813/1217/952 826/1223/956 827/1224/957
f 821/1218/953 834/1225/958 835/1226/959
f 813/1227/952 828/1228/960 814/1229/954
f 723/1084/856 821/1218/953 835/1226/959
f 815/1230/955 828/1231/960 829/1232/961
f 815/1230/955 830/1233/962 816/1234/944
f 808/1235/963 823/1236/964 809/1206/943
f 817/1237/945 830/1233/962 831/1238/965
f 809/1206/943 824/1239/966 810/1209/946
f 817/1210/945 832/1240/967 818/1211/947
f 811/1212/948 824/1239/966 825/1241/968
f 819/1213/949 832/1240/967 833/1242/969
f 811/1212/948 826/1243/956 812/1214/950
f 820/1215/951 833/1242/969 834/1225/958
f 831/1238/965 844/1244/970 845/1245/971
f 823/1246/964 838/1247/972 824/1248/966
f 832/1249/967 845/1245/971 846/1250/973
f 825/1251/968 838/1247/972 839/1252/974
f 833/1242/969 846/1253/973 847/1254/975
f 826/1255/956 839/1252/974 840/1256/976
f 833/1242/969 848/1257/977 834/1225/958
f 827/1258/957 840/1259/976 841/1260/978
f 834/1225/958 849/1261/979 835/1226/959
f 827/1262/957 842/1263/980 828/1228/960
f 723/1084/856 835/1226/959 849/1261/979
f 829/1232/961 842/1264/980 843/1265/981
f 829/1232/961 844/1244/970 830/1233/962
f 823/1266/964 836/1267/982 837/1268/983
f 849/1261/979 862/1269/984 863/1270/985
f 841/1271/978 856/1272/362 842/1263/980
f 723/1084/856 849/1261/979 863/1270/985
f 843/1265/981 856/1273/362 857/1274/986
f 843/1265/981 858/1275/987 844/1244/970
f 837/1268/983 850/1276/988 851/1277/989
f 844/1244/970 859/1278/990 845/1245/971
f 837/1279/983 852/1280/991 838/1247/972
f 845/1245/971 860/1281/992 846/1250/973
f 839/1252/974 852/1280/991 853/1282/993
f 847/1254/975 860/1283/992 861/1284/994
f 839/1252/974 854/1285/995 840/1256/976
f 848/1257/977 861/1284/994 862/1269/984
f 841/1260/978 854/1286/995 855/1287/996
f 860/1281/992 873/1288/997 874/1289/998
f 853/1282/993 866/1290/999 867/1291/1000
f 861/1292/994 874/1289/998 875/1293/1001
f 854/1285/995 867/1291/1000 868/1294/1002
f 861/1284/994 876/1295/1003 862/1269/984
f 855/1287/996 868/1296/1002 869/1297/1004
f 862/1269/984 877/1298/1005 863/1270/985
f 855/1299/996 870/1300/1006 856/1272/362
f 723/1084/856 863/1270/985 877/1298/1005
f 857/1274/986 870/1301/1006 871/1302/1007
f 857/1274/986 872/1303/1008 858/1275/987
f 850/1276/988 865/1304/1009 851/1277/989
f 859/1278/990 872/1303/1008 873/1288/997
f 851/1305/989 866/1290/999 852/1280/991
f 723/1084/856 877/1298/1005 891/1306/1010
f 871/1302/1007 884/1307/1011 885/1308/1012
f 871/1302/1007 886/1309/1013 872/1303/1008
f 865/1304/1009 878/1310/1014 879/1311/1015
f 873/1288/997 886/1309/1013 887/1312/1016
f 866/1290/999 879/1313/1015 880/1314/1017
f 873/1288/997 888/1315/1018 874/1289/998
f 866/1290/999 881/1316/1019 867/1291/1000
f 875/1293/1001 888/1315/1018 889/1317/1020
f 868/1294/1002 881/1316/1019 882/1318/1021
f 875/1319/1001 890/1320/1022 876/1295/1003
f 868/1296/1002 883/1321/1023 869/1297/1004
f 877/1298/1005 890/1320/1022 891/1306/1010
f 870/1300/1006 883/1322/1023 884/1323/1011
f 880/1314/1017 895/1324/1024 881/1316/1019
f 889/1325/1020 902/1326/1025 903/1327/1026
f 881/1316/1019 896/1328/1027 882/1318/1021
f 889/1329/1020 904/1330/1028 890/1320/1022
f 882/1331/1021 897/1332/1029 883/1321/1023
f 891/1306/1010 904/1330/1028 905/1333/1030
f 883/1322/1023 898/1334/1031 884/1323/1011
f 723/1084/856 891/1306/1010 905/1333/1030
f 884/1335/1011 899/1336/1032 885/1337/1012
f 886/1338/1013 899/1336/1032 900/1339/1033
f 879/1311/1015 892/1340/1034 893/1341/1035
f 887/1342/1016 900/1339/1033 901/1343/1036
f 880/1344/1017 893/1341/1035 894/1345/1037
f 887/1342/1016 902/1326/1025 888/1346/1018
f 899/1336/1032 912/1347/1038 913/1348/1039
f 899/1336/1032 914/1349/1040 900/1339/1033
f 892/1340/1034 907/1350/1041 893/1341/1035
f 901/1343/1036 914/1349/1040 915/1351/1042
f 893/1341/1035 908/1352/1043 894/1345/1037
f 902/1326/1025 915/1351/1042 916/1353/1044
f 894/1354/1037 909/1355/1045 895/1356/1024
f 902/1326/1025 917/1357/1046 903/1327/1026
f 896/1358/1027 909/1355/1045 910/1359/1047
f 904/1360/1028 917/1357/1046 918/1361/1048
f 897/1362/1029 910/1363/1047 911/1364/1049
f 904/1330/1028 919/1365/1050 905/1333/1030
f 897/1366/1029 912/1367/1038 898/1368/1031
f 723/1084/856 905/1333/1030 919/1365/1050
f 916/1353/1044 931/1369/1051 917/1357/1046
f 910/1359/1047 923/1370/1052 924/1371/1053
f 918/1361/1048 931/1369/1051 932/1372/1054
f 911/1364/1049 924/1373/1053 925/1374/1055
f 918/1375/1048 933/1376/1056 919/1365/1050
f 911/1377/1049 926/1378/1057 912/1367/1038
f 723/1084/856 919/1365/1050 933/1376/1056
f 913/1348/1039 926/1379/1057 927/1380/1058
f 913/1348/1039 928/1381/1059 914/1349/1040
f 906/1382/1060 921/1383/1061 907/1350/1041
f 915/1351/1042 928/1381/1059 929/1384/1062
f 907/1350/1041 922/1385/1063 908/1352/1043
f 916/1353/1044 929/1384/1062 930/1386/1064
f 908/1387/1043 923/1370/1052 909/1355/1045
f 927/1380/1058 942/1388/1065 928/1381/1059
f 921/1383/1061 934/1389/1066 935/1390/1067
f 929/1384/1062 942/1388/1065 943/1391/1068
f 922/1385/1063 935/1390/1067 936/1392/1069
f 930/1386/1064 943/1391/1068 944/1393/1070
f 922/1394/1063 937/1395/1071 923/1370/1052
f 930/1386/1064 945/1396/1072 931/1369/1051
f 924/1371/1053 937/1395/1071 938/1397/1073
f 931/1369/1051 946/1398/1074 932/1372/1054
f 925/1374/1055 938/1399/1073 939/1400/1075
f 933/1376/1056 946/1401/1074 947/1402/1076
f 925/1403/1055 940/1404/1077 926/1378/1057
f 723/1084/856 933/1376/1056 947/1402/1076
f 927/1380/1058 940/1405/1077 941/1406/1078
f 938/1397/1073 951/1407/1079 952/1408/1080
f 945/1396/1072 960/1409/1081 946/1398/1074
f 939/1400/1075 952/1410/1080 953/1411/1082
f 946/1401/1074 961/1412/1083 947/1402/1076
f 939/1413/1075 954/1414/1084 940/1404/1077
f 723/1084/856 947/1402/1076 961/1412/1083
f 941/1406/1078 954/1415/1084 955/1416/1085
f 941/1406/1078 956/1417/1086 942/1388/1065
f 935/1390/1067 948/1418/1087 949/1419/1088
f 943/1391/1068 956/1417/1086 957/1420/1089
f 935/1390/1067 950/1421/1090 936/1392/1069
f 944/1393/1070 957/1420/1089 958/1422/1091
f 936/1392/1069 951/1423/1079 937/1424/1071
f 944/1393/1070 959/1425/1092 945/1396/1072
f 955/1416/1085 970/1426/1093 956/1417/1086
f 948/1418/1087 963/1427/1094 949/1419/1088
f 957/1420/1089 970/1426/1093 971/1428/1095
f 949/1419/1088 964/1429/1096 950/1421/1090
f 957/1420/1089 972/1430/1097 958/1422/1091
f 950/1421/1090 965/1431/1098 951/1423/1079
f 958/1432/1091 973/1433/1099 959/1434/1092
f 952/1435/1080 965/1431/1098 966/1436/1100
f 960/1437/1081 973/1433/1099 974/1438/1101
f 953/1411/1082 966/1439/1100 967/1440/1102
f 960/1441/1081 975/1442/1103 961/1412/1083
f 953/1443/1082 968/1444/1104 954/1414/1084
f 723/1084/856 961/1412/1083 975/1442/1103
f 955/1416/1085 968/1445/1104 969/1446/1105
f 974/1438/1101 987/1447/1106 988/1448/1107
f 967/1449/1102 980/1450/1108 981/1451/1109
f 974/1452/1101 989/1453/1110 975/1442/1103
f 967/1454/1102 982/1455/1111 968/1456/1104
f 723/1084/856 975/1442/1103 989/1453/1110
f 969/1457/1105 982/1458/1111 983/1459/1112
f 969/1457/1105 984/1460/1113 970/1461/1093
f 962/1462/1114 977/1463/1115 963/1427/1094
f 971/1464/1095 984/1460/1113 985/1465/1116
f 964/1429/1096 977/1463/1115 978/1466/1117
f 971/1464/1095 986/1467/1118 972/1468/1097
f 965/1431/1098 978/1466/1117 979/1469/1119
f 972/1468/1097 987/1447/1106 973/1433/1099
f 965/1470/1098 980/1471/1108 966/1472/1100
f 985/1465/1116 993/1089/860 994/1093/864
f 977/1463/1115 990/1096/867 978/1466/1117
f 986/1467/1118 994/1093/864 995/1098/869
f 978/1466/1117 991/1473/870 979/1469/1119
f 987/1447/1106 995/1098/869 721/1072/847
f 979/1474/1119 718/1104/850 980/1471/1108
f 988/1448/1107 721/1072/847 996/1074/849
f 980/1450/1108 719/1077/852 981/1451/1109
f 989/1453/1110 996/1078/849 722/1080/854
f 981/1475/1109 992/1081/75 982/1455/1111
f 723/1084/856 989/1453/1110 722/1080/854
f 983/1459/1112 992/1085/75 720/1087/858
f 983/1459/1112 993/1089/860 984/1460/1113
f 976/1476/1120 717/1090/861 977/1463/1115
f 1017/1477/1121 1002/1478/1122 1277/1479/1123
f 1010/1480/1124 999/1481/1125 1000/1482/1126
f 1018/1483/1127 1277/1484/1123 1003/1485/1128
f 1273/1486/1129 1010/1487/1124 1000/1488/1126
f 892/1489/900 1303/1490/879 1306/1491/900
f 1004/1492/1130 1018/1483/1127 1003/1485/1128
f 1012/1493/1131 1273/1494/1129 1001/1495/1132
f 1013/1496/1133 1001/1495/1132 1274/1497/1134
f 998/1498/1135 1005/1499/1136 997/1500/1137
f 1275/1501/1138 1013/1496/1133 1274/1497/1134
f 1007/1502/1139 998/1498/1135 1271/1503/1140
f 1276/1504/1141 1014/1505/1142 1275/1501/1138
f 1272/1506/1143 1007/1507/1139 1271/1508/1140
f 1002/1478/1122 1015/1509/1144 1276/1504/1141
f 1009/1510/1145 1272/1506/1143 999/1511/1125
f 1030/1512/1146 1015/1509/1144 1016/1513/1147
f 1023/1514/1148 1008/1515/1149 1009/1510/1145
f 1017/1516/1121 1030/1517/1146 1016/1518/1147
f 1024/1519/1150 1009/1520/1145 1010/1480/1124
f 1018/1483/1127 1031/1521/1151 1017/1516/1121
f 1025/1522/1152 1010/1487/1124 1011/1523/1153
f 1215/1524/1154 1355/1525/1155 1353/1526/1154
f 1004/1492/1130 1032/1527/1156 1018/1483/1127
f 1026/1528/1157 1011/1529/1153 1012/1493/1131
f 1013/1496/1133 1026/1528/1157 1012/1493/1131
f 1020/1530/1158 1005/1499/1136 1006/1531/1159
f 1028/1532/1160 1013/1496/1133 1014/1505/1142
f 1021/1533/1161 1006/1531/1159 1007/1502/1139
f 1029/1534/1162 1014/1505/1142 1015/1509/1144
f 1022/1535/1163 1007/1507/1139 1008/1515/1149
f 794/1536/1077 1293/1537/1084 808/1538/1084
f 1027/1539/1164 1040/1540/1165 1026/1528/1157
f 1034/1541/1166 1019/1542/1167 1020/1530/1158
f 1042/1543/1168 1027/1539/1164 1028/1532/1160
f 1035/1544/1169 1020/1545/1158 1021/1546/1161
f 1043/1547/1170 1028/1532/1160 1029/1534/1162
f 1036/1548/1171 1021/1546/1161 1022/1549/1163
f 1044/1550/1172 1029/1551/1162 1030/1517/1146
f 1023/1552/1148 1036/1548/1171 1022/1549/1163
f 1031/1521/1151 1044/1550/1172 1030/1517/1146
f 1024/1553/1150 1037/1554/1173 1023/1555/1148
f 1046/1556/1174 1031/1521/1151 1032/1527/1156
f 1039/1557/1175 1024/1558/1150 1025/1522/1152
f 1004/1492/1130 1046/1556/1174 1032/1527/1156
f 1026/1528/1157 1039/1559/1175 1025/1560/1152
f 1037/1561/1173 1050/1562/1176 1036/1548/1171
f 1045/1563/1177 1058/1564/1178 1044/1550/1172
f 1038/1565/1179 1051/1566/1180 1037/1554/1173
f 1060/1567/1181 1045/1563/1177 1046/1556/1174
f 1053/1568/1182 1038/1569/1179 1039/1570/1175
f 752/1571/1031 1287/1572/1038 766/1573/1038
f 1004/1492/1130 1060/1567/1181 1046/1556/1174
f 1040/1574/1165 1053/1575/1182 1039/1576/1175
f 1103/1577/1183 1334/1578/1184 1089/1579/1184
f 1041/1580/1185 1054/1581/1186 1040/1574/1165
f 1034/1582/1166 1047/1583/1187 1033/1584/1188
f 1042/1585/1168 1055/1586/1189 1041/1580/1185
f 1035/1544/1169 1048/1587/1190 1034/1582/1166
f 1043/1588/1170 1056/1589/1191 1042/1590/1168
f 1036/1548/1171 1049/1591/1192 1035/1544/1169
f 1044/1550/1172 1057/1592/1193 1043/1588/1170
f 1069/1593/1194 1054/1581/1186 1055/1586/1189
f 1048/1587/1190 1061/1594/1195 1047/1583/1187
f 1070/1595/1196 1055/1586/1189 1056/1596/1191
f 1049/1591/1192 1062/1597/1197 1048/1587/1190
f 1071/1598/1198 1056/1589/1191 1057/1592/1193
f 1050/1562/1176 1063/1599/1199 1049/1591/1192
f 1072/1600/1200 1057/1592/1193 1058/1564/1178
f 1051/1601/1180 1064/1602/1201 1050/1562/1176
f 1059/1603/1202 1072/1600/1200 1058/1564/1178
f 1066/1604/1203 1051/1566/1180 1052/1605/1204
f 1060/1567/1181 1073/1606/1205 1059/1603/1202
f 1067/1607/1206 1052/1608/1204 1053/1568/1182
f 1004/1492/1130 1074/1609/1207 1060/1567/1181
f 1054/1581/1186 1067/1610/1206 1053/1575/1182
f 1087/1611/1208 1072/1600/1200 1073/1606/1205
f 1066/1604/1203 1079/1612/1209 1065/1613/1210
f 1088/1614/1211 1073/1606/1205 1074/1609/1207
f 1081/1615/1154 1066/1616/1203 1067/1607/1206
f 1004/1492/1130 1088/1614/1211 1074/1609/1207
f 1068/1617/1212 1081/1618/1154 1067/1610/1206
f 1069/1593/1194 1082/1619/1213 1068/1617/1212
f 1062/1597/1197 1075/1620/1214 1061/1594/1195
f 1070/1595/1196 1083/1621/1215 1069/1593/1194
f 1063/1599/1199 1076/1622/1216 1062/1597/1197
f 1071/1598/1198 1084/1623/1217 1070/1624/1196
f 1078/1625/1218 1063/1599/1199 1064/1602/1201
f 1072/1600/1200 1085/1626/1219 1071/1598/1198
f 1079/1627/1209 1064/1602/1201 1065/1628/1210
f 1090/1629/1220 1075/1620/1214 1076/1622/1216
f 1098/1630/1221 1083/1621/1215 1084/1631/1217
f 1077/1632/1222 1090/1629/1220 1076/1622/1216
f 1099/1633/1223 1084/1623/1217 1085/1626/1219
f 1092/1634/1224 1077/1632/1222 1078/1625/1218
f 1100/1635/1225 1085/1626/1219 1086/1636/1226
f 1079/1627/1209 1092/1634/1224 1078/1625/1218
f 1087/1611/1208 1100/1635/1225 1086/1636/1226
f 1080/1637/1227 1093/1638/1228 1079/1612/1209
f 1088/1614/1211 1101/1639/1229 1087/1611/1208
f 1095/1640/1155 1080/1641/1227 1081/1615/1154
f 1243/1642/1230 1355/1643/1155 1229/1644/1155
f 1004/1492/1130 1102/1645/1231 1088/1614/1211
f 1082/1619/1213 1095/1646/1155 1081/1618/1154
f 976/1647/980 1316/1648/960 1318/1649/980
f 1097/1650/1232 1082/1619/1213 1083/1621/1215
f 1094/1651/1233 1107/1652/1234 1093/1638/1228
f 1102/1645/1231 1115/1653/1235 1101/1639/1229
f 1109/1654/1230 1094/1655/1233 1095/1656/1155
f 1004/1492/1130 1116/1657/1236 1102/1645/1231
f 1096/1658/1237 1109/1659/1230 1095/1660/1155
f 766/1573/1038 1289/1661/1057 780/1662/1057
f 1111/1663/1238 1096/1658/1237 1097/1664/1232
f 1090/1665/1220 1103/1666/1239 1089/1667/1240
f 1098/1668/1221 1111/1663/1238 1097/1664/1232
f 1105/1669/1241 1090/1629/1220 1091/1670/1242
f 1099/1671/1223 1112/1672/1243 1098/1668/1221
f 1092/1634/1224 1105/1669/1241 1091/1670/1242
f 1100/1635/1225 1113/1673/1244 1099/1633/1223
f 1107/1674/1234 1092/1634/1224 1093/1675/1228
f 1101/1639/1229 1114/1676/1245 1100/1635/1225
f 1112/1672/1243 1125/1677/1246 1111/1663/1238
f 1119/1678/1247 1104/1679/1248 1105/1680/1241
f 1113/1681/1244 1126/1682/1249 1112/1672/1243
f 1106/1683/1250 1119/1678/1247 1105/1680/1241
f 1114/1684/1245 1127/1685/1251 1113/1681/1244
f 1107/1686/1234 1120/1687/1252 1106/1683/1250
f 1129/1688/1253 1114/1676/1245 1115/1653/1235
f 1108/1689/1254 1121/1690/1255 1107/1691/1234
f 1130/1692/1256 1115/1653/1235 1116/1657/1236
f 1123/1693/1257 1108/1694/1254 1109/1654/1230
f 1187/1695/1182 1351/1696/1206 1349/1697/1182
f 1004/1492/1130 1130/1692/1256 1116/1657/1236
f 1110/1698/1258 1123/1699/1257 1109/1659/1230
f 1125/1677/1246 1110/1698/1258 1111/1663/1238
f 1118/1700/1259 1103/1666/1239 1104/1701/1248
f 1130/1692/1256 1143/1702/1260 1129/1688/1253
f 1137/1703/1261 1122/1704/1262 1123/1693/1257
f 850/1705/75 1301/1706/855 864/1707/855
f 1004/1492/1130 1144/1708/1263 1130/1692/1256
f 1124/1709/1264 1137/1710/1261 1123/1699/1257
f 892/1711/900 1308/1712/907 906/1713/907
f 1139/1714/1265 1124/1709/1264 1125/1677/1246
f 1118/1700/1259 1131/1715/1266 1117/1716/1267
f 1140/1717/1268 1125/1677/1246 1126/1682/1249
f 1133/1718/1269 1118/1719/1259 1119/1678/1247
f 1141/1720/1270 1126/1682/1249 1127/1685/1251
f 1120/1687/1252 1133/1718/1269 1119/1678/1247
f 1128/1721/1271 1141/1720/1270 1127/1685/1251
f 1135/1722/1272 1120/1687/1252 1121/1723/1255
f 1143/1702/1260 1128/1724/1271 1129/1688/1253
f 1122/1725/1262 1135/1726/1272 1121/1690/1255
f 1141/1720/1270 1154/1727/1273 1140/1717/1268
f 1148/1728/1274 1133/1718/1269 1134/1729/1275
f 1142/1730/1276 1155/1731/1277 1141/1720/1270
f 1149/1732/1278 1134/1729/1275 1135/1722/1272
f 1157/1733/1279 1142/1734/1276 1143/1702/1260
f 1136/1735/1280 1149/1736/1278 1135/1726/1272
f 1158/1737/1281 1143/1702/1260 1144/1708/1263
f 1151/1738/1282 1136/1739/1280 1137/1703/1261
f 1004/1492/1130 1158/1737/1281 1144/1708/1263
f 1138/1740/1283 1151/1741/1282 1137/1710/1261
f 716/1742/362 1318/1649/980 1279/1743/362
f 1153/1744/1284 1138/1740/1283 1139/1714/1265
f 1146/1745/1285 1131/1715/1266 1132/1746/1286
f 1140/1717/1268 1153/1744/1284 1139/1714/1265
f 1147/1747/1287 1132/1746/1286 1133/1748/1269
f 1004/1492/1130 1172/1749/1288 1158/1737/1281
f 1152/1750/1289 1165/1751/1290 1151/1741/1282
f 724/1752/1006 1279/1743/362 1281/1753/1006
f 1167/1754/1291 1152/1750/1289 1153/1744/1284
f 1146/1745/1285 1159/1755/1292 1145/1756/1293
f 1154/1727/1273 1167/1754/1291 1153/1744/1284
f 1147/1747/1287 1160/1757/1294 1146/1745/1285
f 1169/1758/1295 1154/1727/1273 1155/1731/1277
f 1162/1759/1296 1147/1760/1287 1148/1728/1274
f 1170/1761/1297 1155/1731/1277 1156/1762/1298
f 1149/1732/1278 1162/1759/1296 1148/1728/1274
f 1171/1763/1299 1156/1764/1298 1157/1733/1279
f 1164/1765/1300 1149/1736/1278 1150/1766/1301
f 1158/1737/1281 1171/1763/1299 1157/1733/1279
f 1151/1738/1282 1164/1767/1300 1150/1768/1301
f 1176/1769/1302 1161/1770/1303 1162/1771/1296
f 1170/1772/1297 1183/1773/1304 1169/1774/1295
f 1177/1775/1305 1162/1759/1296 1163/1776/1306
f 1185/1777/1307 1170/1772/1297 1171/1778/1299
f 1164/1765/1300 1177/1779/1305 1163/1780/1306
f 1186/1781/1308 1171/1763/1299 1172/1749/1288
f 1179/1782/1309 1164/1783/1300 1165/1557/1290
f 1004/1492/1130 1186/1781/1308 1172/1749/1288
f 1166/1784/1310 1179/1785/1309 1165/1559/1290
f 724/1752/1006 1283/1786/1011 738/1787/1011
f 1181/1788/1311 1166/1784/1310 1167/1789/1291
f 1174/1790/1312 1159/1755/1292 1160/1757/1294
f 1182/1791/1313 1167/1789/1291 1168/1792/1314
f 1161/1770/1303 1174/1790/1312 1160/1757/1294
f 1183/1773/1304 1168/1792/1314 1169/1774/1295
f 1180/1793/1315 1193/1794/1316 1179/1785/1309
f 1195/1795/1317 1180/1793/1315 1181/1788/1311
f 1188/1796/1318 1173/1797/1319 1174/1790/1312
f 1182/1791/1313 1195/1795/1317 1181/1788/1311
f 1189/1798/1320 1174/1790/1312 1175/1799/1321
f 1183/1773/1304 1196/1800/1322 1182/1791/1313
f 1190/1801/1323 1175/1799/1321 1176/1769/1302
f 1184/1802/1324 1197/1803/1325 1183/1773/1304
f 1191/1804/1326 1176/1805/1302 1177/1806/1305
f 1199/1807/1327 1184/1802/1324 1185/1777/1307
f 1192/1808/1328 1177/1809/1305 1178/1810/1329
f 1200/1811/1330 1185/1812/1307 1186/1781/1308
f 1193/1813/1316 1178/1814/1329 1179/1782/1309
f 1075/1815/1331 1330/1816/1332 1061/1817/1332
f 1004/1492/1130 1200/1811/1330 1186/1781/1308
f 1198/1818/1333 1211/1819/1334 1197/1803/1325
f 1191/1804/1326 1204/1820/1335 1190/1821/1323
f 1199/1807/1327 1212/1822/1336 1198/1818/1333
f 1192/1808/1328 1205/1823/1337 1191/1824/1326
f 1200/1811/1330 1213/1825/1338 1199/1826/1327
f 1193/1813/1316 1206/1827/1339 1192/1828/1328
f 1004/1492/1130 1214/1829/1340 1200/1811/1330
f 1194/1830/1341 1207/1831/1332 1193/1794/1316
f 1209/1832/1342 1194/1830/1341 1195/1795/1317
f 1202/1833/1343 1187/1834/1344 1188/1796/1318
f 1210/1835/1345 1195/1795/1317 1196/1800/1322
f 1189/1798/1320 1202/1833/1343 1188/1796/1318
f 1211/1819/1334 1196/1800/1322 1197/1803/1325
f 1190/1821/1323 1203/1836/1346 1189/1837/1320
f 1223/1838/1347 1208/1839/1348 1209/1832/1342
f 1202/1833/1343 1215/1840/1349 1201/1841/1350
f 1224/1842/1351 1209/1832/1342 1210/1835/1345
f 1217/1843/1352 1202/1833/1343 1203/1844/1346
f 1211/1819/1334 1224/1842/1351 1210/1835/1345
f 1218/1845/1353 1203/1836/1346 1204/1820/1335
f 1226/1846/1354 1211/1819/1334 1212/1822/1336
f 1219/1847/1355 1204/1820/1335 1205/1848/1337
f 1227/1849/1356 1212/1822/1336 1213/1850/1338
f 1220/1851/1357 1205/1823/1337 1206/1852/1339
f 1228/1853/1358 1213/1825/1338 1214/1829/1340
f 1221/1854/1331 1206/1827/1339 1207/1855/1332
f 836/1856/1111 1295/1857/1104 1297/1858/1111
f 1004/1492/1130 1228/1853/1358 1214/1829/1340
f 1208/1839/1348 1221/1859/1331 1207/1831/1332
f 1233/1860/1359 1218/1845/1353 1219/1847/1355
f 1241/1861/1360 1226/1846/1354 1227/1849/1356
f 1220/1851/1357 1233/1862/1359 1219/1863/1355
f 1242/1864/1361 1227/1865/1356 1228/1853/1358
f 1235/1866/1184 1220/1867/1357 1221/1854/1331
f 948/1868/954 1312/1869/933 1314/1870/954
f 1004/1492/1130 1242/1864/1361 1228/1853/1358
f 1236/1871/1362 1221/1859/1331 1222/1872/1363
f 1159/1873/1152 1347/1643/1175 1344/1874/1152
f 1237/1875/1364 1222/1872/1363 1223/1838/1347
f 1230/1876/1365 1215/1840/1349 1216/1877/1366
f 1224/1842/1351 1237/1875/1364 1223/1838/1347
f 1217/1843/1352 1230/1876/1365 1216/1877/1366
f 1239/1878/1367 1224/1842/1351 1225/1879/1368
f 1232/1880/1369 1217/1843/1352 1218/1881/1353
f 1240/1882/1370 1225/1879/1368 1226/1846/1354
f 1251/1883/1371 1236/1871/1362 1237/1875/1364
f 1230/1876/1365 1243/1884/1372 1229/1885/1373
f 1238/1886/1374 1251/1883/1371 1237/1875/1364
f 1231/1887/1375 1244/1888/1376 1230/1876/1365
f 1239/1878/1367 1252/1889/1377 1238/1886/1374
f 1232/1880/1369 1245/1890/1378 1231/1887/1375
f 1254/1891/1379 1239/1878/1367 1240/1882/1370
f 1233/1860/1359 1246/1892/1380 1232/1893/1369
f 1241/1861/1360 1254/1891/1379 1240/1882/1370
f 1234/1894/1381 1247/1895/1382 1233/1862/1359
f 1242/1864/1361 1255/1896/1383 1241/1897/1360
f 1235/1866/1184 1248/1898/1384 1234/1899/1381
f 1004/1492/1130 1256/1900/1385 1242/1864/1361
f 1236/1871/1362 1249/1901/1183 1235/1902/1184
f 1255/1903/1383 1268/1904/1386 1254/1905/1379
f 1248/1906/1384 1261/1907/1387 1247/1908/1382
f 1270/1909/1388 1255/1896/1383 1256/1900/1385
f 1263/1910/1389 1248/1911/1384 1249/1912/1183
f 878/1913/879 1301/1706/855 1303/1490/879
f 1004/1492/1130 1270/1909/1388 1256/1900/1385
f 1250/1914/1390 1263/1915/1389 1249/1916/1183
f 1265/1917/1391 1250/1914/1390 1251/1918/1371
f 1258/1919/1392 1243/1884/1372 1244/1888/1376
f 1252/1920/1377 1265/1917/1391 1251/1918/1371
f 1245/1890/1378 1258/1919/1392 1244/1888/1376
f 1267/1921/1393 1252/1920/1377 1253/1922/1394
f 1260/1923/1395 1245/1924/1378 1246/1925/1380
f 1254/1905/1379 1267/1921/1393 1253/1922/1394
f 1261/1926/1387 1246/1925/1380 1247/1927/1382
f 1266/1928/1396 1274/1497/1134 1265/1917/1391
f 1259/1929/1397 998/1498/1135 1258/1919/1392
f 1267/1921/1393 1275/1501/1138 1266/1928/1396
f 1260/1923/1395 1271/1508/1140 1259/1930/1397
f 1268/1904/1386 1276/1504/1141 1267/1921/1393
f 1261/1926/1387 1272/1506/1143 1260/1923/1395
f 1269/1931/1398 1002/1478/1122 1268/1904/1386
f 1000/1482/1126 1261/1907/1387 1262/1932/1399
f 1270/1909/1388 1277/1484/1123 1269/1933/1398
f 1273/1486/1129 1262/1934/1399 1263/1910/1389
f 1075/1815/1331 1334/1578/1184 1332/1935/1331
f 1004/1492/1130 1003/1485/1128 1270/1909/1388
f 1264/1936/1400 1273/1494/1129 1263/1915/1389
f 1047/1937/1316 1326/1938/1309 1033/1939/1309
f 1274/1497/1134 1264/1936/1400 1265/1917/1391
f 1258/1919/1392 997/1500/1137 1257/1940/1401
f 948/1941/954 1316/1648/960 962/1942/960
f 1215/1524/1154 1351/1696/1206 1201/1943/1206
f 738/1787/1011 1285/1944/1031 752/1945/1031
f 906/1713/907 1310/1946/927 920/1947/927
f 850/1705/75 1297/1858/1111 1299/1948/75
f 1061/1817/1332 1328/1949/1316 1047/1937/1316
f 1131/1950/1129 1342/1951/1153 1340/1952/1129
f 1187/1695/1182 1347/1953/1175 1173/1954/1175
f 1005/1955/1282 1320/1956/1261 997/1957/1261
f 1005/1955/1282 1324/1958/1290 1322/1959/1282
f 1103/1960/1183 1338/1961/1389 1336/1962/1183
f 822/1963/1104 1293/1537/1084 1295/1964/1104
f 1159/1873/1152 1342/1951/1153 1145/1965/1153
f 934/1966/933 1310/1946/927 1312/1869/933
f 1243/1642/1230 1359/1967/1257 1357/1968/1230
f 794/1536/1077 1289/1661/1057 1291/1969/1077
f 1019/1970/1290 1326/1938/1309 1324/1971/1290
f 997/1957/1261 1359/1967/1257 1257/1972/1257
f 1131/1950/1129 1338/1961/1389 1117/1973/1389
f 1278/1974/1402 1304/1975/1403 1280/1976/1404
f 1279/1977/1405 1280/1976/1404 1281/1978/1406
f 1280/1976/1404 1304/1975/1403 1282/1979/1407
f 1281/1978/1406 1282/1979/1407 1283/1980/1408
f 1282/1979/1407 1285/1981/1409 1283/1980/1408
f 1282/1979/1407 1304/1975/1403 1284/1982/1410
f 1284/1982/1410 1304/1975/1403 1286/1983/1411
f 1285/1981/1409 1286/1983/1411 1287/1984/1412
f 1286/1983/1411 1304/1975/1403 1288/1985/1413
f 1286/1983/1411 1289/1986/1414 1287/1984/1412
f 1288/1985/1413 1304/1975/1403 1290/1987/1415
f 1289/1986/1414 1290/1987/1415 1291/1988/1416
f 1290/1987/1415 1304/1975/1403 1292/1989/1417
f 1290/1987/1415 1293/1990/1418 1291/1988/1416
f 1292/1989/1417 1304/1975/1403 1294/1991/1419
f 1293/1990/1418 1294/1991/1419 1295/1992/1420
f 1294/1991/1419 1304/1975/1403 1296/1993/1421
f 1295/1992/1420 1296/1993/1421 1297/1994/1422
f 1296/1993/1421 1304/1975/1403 1298/1995/1423
f 1297/1994/1422 1298/1995/1423 1299/1996/1424
f 1298/1995/1423 1304/1975/1403 1300/1997/1425
f 1299/1996/1424 1300/1997/1425 1301/1998/1426
f 1300/1997/1425 1304/1975/1403 1302/1999/1427
f 1301/1998/1426 1302/1999/1427 1303/2000/1428
f 1302/1999/1427 1304/1975/1403 1305/2001/1429
f 1303/2000/1428 1305/2001/1429 1306/2002/1430
f 1306/2002/1430 1307/2003/1431 1308/2004/1432
f 1305/2001/1429 1304/1975/1403 1307/2003/1431
f 1307/2003/1431 1304/1975/1403 1309/2005/1433
f 1308/2004/1432 1309/2005/1433 1310/2006/1434
f 1309/2005/1433 1312/2007/1435 1310/2006/1434
f 1309/2005/1433 1304/1975/1403 1311/2008/1436
f 1311/2008/1436 1304/1975/1403 1313/2009/1437
f 1311/2008/1436 1314/2010/1438 1312/2007/1435
f 1313/2009/1437 1304/1975/1403 1315/2011/1439
f 1314/2010/1438 1315/2011/1439 1316/2012/1440
f 1315/2011/1439 1304/1975/1403 1317/2013/1441
f 1315/2011/1439 1318/2014/1442 1316/2012/1440
f 1317/2013/1441 1304/1975/1403 1278/1974/1402
f 1317/2013/1441 1279/1977/1405 1318/2014/1442
f 1319/2015/1443 1321/2016/1444 1345/2017/1445
f 1320/2018/1446 1321/2016/1444 1319/2015/1443
f 1321/2016/1444 1323/2019/1447 1345/2017/1445
f 1322/2020/1448 1323/2019/1447 1321/2016/1444
f 1326/2021/1449 1323/2019/1447 1324/2022/1450
f 1323/2019/1447 1325/2023/1451 1345/2017/1445
f 1325/2023/1451 1327/2024/1452 1345/2017/1445
f 1326/2021/1449 1327/2024/1452 1325/2023/1451
f 1327/2024/1452 1329/2025/1453 1345/2017/1445
f 1330/2026/1454 1327/2024/1452 1328/2027/1455
f 1329/2025/1453 1331/2028/1456 1345/2017/1445
f 1330/2026/1454 1331/2028/1456 1329/2025/1453
f 1331/2028/1456 1333/2029/1457 1345/2017/1445
f 1334/2030/1458 1331/2028/1456 1332/2031/1459
f 1333/2029/1457 1335/2032/1460 1345/2017/1445
f 1334/2030/1458 1335/2032/1460 1333/2029/1457
f 1335/2032/1460 1337/2033/1461 1345/2017/1445
f 1338/2034/1462 1335/2032/1460 1336/2035/1463
f 1337/2033/1461 1339/2036/1464 1345/2017/1445
f 1338/2034/1462 1339/2036/1464 1337/2033/1461
f 1339/2036/1464 1341/2037/1465 1345/2017/1445
f 1342/2038/1466 1339/2036/1464 1340/2039/1467
f 1341/2037/1465 1343/2040/1468 1345/2017/1445
f 1342/2038/1466 1343/2040/1468 1341/2037/1465
f 1343/2040/1468 1346/2041/1469 1345/2017/1445
f 1347/2042/1470 1343/2040/1468 1344/2043/1471
f 1347/2042/1470 1348/2044/1472 1346/2041/1469
f 1346/2041/1469 1348/2044/1472 1345/2017/1445
f 1348/2044/1472 1350/2045/1473 1345/2017/1445
f 1349/2046/1474 1350/2045/1473 1348/2044/1472
f 1353/2047/1475 1350/2045/1473 1351/2048/1476
f 1350/2045/1473 1352/2049/1477 1345/2017/1445
f 1352/2049/1477 1354/2050/1478 1345/2017/1445
f 1355/2051/1479 1352/2049/1477 1353/2047/1475
f 1354/2050/1478 1356/2052/1480 1345/2017/1445
f 1355/2051/1479 1356/2052/1480 1354/2050/1478
f 1356/2052/1480 1358/2053/1481 1345/2017/1445
f 1359/2054/1482 1356/2052/1480 1357/2055/1483
f 1358/2053/1481 1319/2015/1443 1345/2017/1445
f 1320/2018/1446 1358/2053/1481 1359/2054/1482
f 1380/2056/1484 1365/2057/1485 1640/2058/1486
f 1373/2059/1487 1362/2060/1488 1363/2061/1489
f 1381/2062/1490 1640/2063/1486 1366/2064/1491
f 1636/2065/75 1373/2066/1487 1363/2067/1489
f 1367/2068/1492 1381/2062/1490 1366/2064/1491
f 1375/2069/1493 1636/2070/75 1364/2071/1494
f 1376/2072/1495 1364/2071/1494 1637/2073/1496
f 1361/2074/1497 1368/2075/1498 1360/2076/1499
f 1638/2077/1500 1376/2072/1495 1637/2073/1496
f 1370/2078/1501 1361/2074/1497 1634/2079/1502
f 1378/2080/1503 1638/2077/1500 1639/2081/1504
f 1635/2082/1505 1370/2083/1501 1634/2084/1502
f 1365/2057/1485 1378/2080/1503 1639/2081/1504
f 1372/2085/1506 1635/2082/1505 1362/2086/1488
f 1393/2087/1507 1378/2080/1503 1379/2088/1508
f 1386/2089/1509 1371/2090/1510 1372/2085/1506
f 1380/2056/1484 1393/2087/1507 1379/2088/1508
f 1373/2059/1487 1386/2091/1509 1372/2092/1506
f 1381/2062/1490 1394/2093/1511 1380/2094/1484
f 1374/2095/1512 1387/2096/1513 1373/2066/1487
f 1367/2068/1492 1395/2097/1514 1381/2062/1490
f 1389/2098/1515 1374/2099/1512 1375/2069/1493
f 1390/2100/1516 1375/2069/1493 1376/2072/1495
f 1383/2101/1517 1368/2075/1498 1369/2102/1518
f 1377/2103/1519 1390/2100/1516 1376/2072/1495
f 1384/2104/1520 1369/2102/1518 1370/2078/1501
f 1392/2105/1521 1377/2103/1519 1378/2080/1503
f 1385/2106/1522 1370/2083/1501 1371/2090/1510
f 1390/2100/1516 1403/2107/1523 1389/2098/1515
f 1383/2101/1517 1396/2108/1524 1382/2109/1525
f 1405/2110/1526 1390/2100/1516 1391/2111/1527
f 1384/2112/1520 1397/2113/1528 1383/2114/1517
f 1392/2105/1521 1405/2110/1526 1391/2111/1527
f 1399/2115/1529 1384/2112/1520 1385/2116/1522
f 1407/2117/1530 1392/2105/1521 1393/2087/1507
f 1386/2118/1509 1399/2115/1529 1385/2116/1522
f 1408/2119/1531 1393/2120/1507 1394/2093/1511
f 1387/2121/1513 1400/2122/1532 1386/2123/1509
f 1409/2124/1533 1394/2093/1511 1395/2097/1514
f 1402/2125/1534 1387/2126/1513 1388/2127/1535
f 1367/2068/1492 1409/2124/1533 1395/2097/1514
f 1389/2098/1515 1402/2128/1534 1388/2129/1535
f 1400/2130/1532 1413/2131/1536 1399/2115/1529
f 1408/2119/1531 1421/2132/1537 1407/2133/1530
f 1401/2134/1538 1414/2135/1539 1400/2122/1532
f 1423/2136/1540 1408/2119/1531 1409/2124/1533
f 1416/2137/1541 1401/2138/1538 1402/2125/1534
f 1367/2068/1492 1423/2136/1540 1409/2124/1533
f 1403/2139/1523 1416/2140/1541 1402/2141/1534
f 1418/2142/1542 1403/2139/1523 1404/2143/1543
f 1397/2144/1528 1410/2145/1544 1396/2108/1524
f 1405/2146/1526 1418/2142/1542 1404/2143/1543
f 1412/2147/1545 1397/2113/1528 1398/2148/1546
f 1406/2149/1547 1419/2150/1548 1405/2146/1526
f 1399/2115/1529 1412/2147/1545 1398/2148/1546
f 1421/2151/1537 1406/2152/1547 1407/2117/1530
f 1432/2153/1549 1417/2154/1550 1418/2142/1542
f 1411/2155/1551 1424/2156/1552 1410/2157/1544
f 1419/2150/1548 1432/2153/1549 1418/2142/1542
f 1412/2147/1545 1425/2158/1553 1411/2155/1551
f 1434/2159/1554 1419/2150/1548 1420/2160/1555
f 1427/2161/1556 1412/2147/1545 1413/2131/1536
f 1435/2162/1557 1420/2163/1555 1421/2132/1537
f 1414/2164/1539 1427/2161/1556 1413/2131/1536
f 1422/2165/1558 1435/2162/1557 1421/2132/1537
f 1415/2166/1559 1428/2167/1560 1414/2135/1539
f 1423/2136/1540 1436/2168/1561 1422/2165/1558
f 1430/2169/1562 1415/2170/1559 1416/2137/1541
f 1367/2068/1492 1437/2171/1563 1423/2136/1540
f 1417/2154/1550 1430/2172/1562 1416/2140/1541
f 1450/2173/1564 1435/2162/1557 1436/2168/1561
f 1429/2174/1565 1442/2175/1566 1428/2167/1560
f 1451/2176/1567 1436/2168/1561 1437/2171/1563
f 1444/2177/1568 1429/2178/1565 1430/2169/1562
f 1367/2068/1492 1451/2176/1567 1437/2171/1563
f 1445/2179/1569 1430/2172/1562 1431/2180/1570
f 1432/2153/1549 1445/2179/1569 1431/2180/1570
f 1425/2158/1553 1438/2181/1571 1424/2156/1552
f 1433/2182/1572 1446/2183/1573 1432/2153/1549
f 1440/2184/1574 1425/2158/1553 1426/2185/1575
f 1448/2186/1576 1433/2182/1572 1434/2159/1554
f 1441/2187/1577 1426/2185/1575 1427/2161/1556
f 1449/2188/1578 1434/2189/1554 1435/2162/1557
f 1428/2190/1560 1441/2187/1577 1427/2161/1556
f 1453/2191/1579 1438/2181/1571 1439/2192/1580
f 1447/2193/1581 1460/2194/1582 1446/2183/1573
f 1454/2195/1583 1439/2192/1580 1440/2184/1574
f 1448/2186/1576 1461/2196/1584 1447/2193/1581
f 1455/2197/1585 1440/2184/1574 1441/2187/1577
f 1449/2188/1578 1462/2198/1586 1448/2199/1576
f 1442/2200/1566 1455/2197/1585 1441/2187/1577
f 1464/2201/1587 1449/2188/1578 1450/2173/1564
f 1443/2202/1588 1456/2203/1589 1442/2175/1566
f 1451/2176/1567 1464/2201/1587 1450/2173/1564
f 1458/2204/1590 1443/2205/1588 1444/2177/1568
f 1367/2068/1492 1465/2206/1591 1451/2176/1567
f 1445/2179/1569 1458/2207/1590 1444/2208/1568
f 1460/2194/1582 1445/2179/1569 1446/2183/1573
f 1457/2209/1592 1470/2210/1593 1456/2203/1589
f 1465/2206/1591 1478/2211/1594 1464/2201/1587
f 1472/2212/1595 1457/2213/1592 1458/2214/1590
f 1367/2068/1492 1479/2215/1596 1465/2206/1591
f 1459/2216/1597 1472/2217/1595 1458/2218/1590
f 1474/2219/1598 1459/2216/1597 1460/2220/1582
f 1467/2221/1599 1452/2222/1600 1453/2191/1579
f 1461/2223/1584 1474/2219/1598 1460/2220/1582
f 1468/2224/1601 1453/2191/1579 1454/2195/1583
f 1476/2225/1602 1461/2223/1584 1462/2226/1586
f 1455/2197/1585 1468/2224/1601 1454/2195/1583
f 1463/2227/1603 1476/2228/1602 1462/2198/1586
f 1470/2229/1593 1455/2197/1585 1456/2230/1589
f 1464/2201/1587 1477/2231/1604 1463/2227/1603
f 1475/2232/1605 1488/2233/1606 1474/2219/1598
f 1482/2234/1607 1467/2235/1599 1468/2236/1601
f 1476/2225/1602 1489/2237/1608 1475/2232/1605
f 1469/2238/1609 1482/2234/1607 1468/2236/1601
f 1477/2231/1604 1490/2239/1610 1476/2228/1602
f 1470/2240/1593 1483/2241/1611 1469/2238/1609
f 1492/2242/1612 1477/2231/1604 1478/2211/1594
f 1471/2243/1613 1484/2244/1614 1470/2245/1593
f 1493/2246/1615 1478/2211/1594 1479/2215/1596
f 1486/2247/1616 1471/2248/1613 1472/2212/1595
f 1367/2068/1492 1493/2246/1615 1479/2215/1596
f 1473/2249/1617 1486/2250/1616 1472/2217/1595
f 1488/2233/1606 1473/2249/1617 1474/2219/1598
f 1467/2251/1599 1480/2252/1618 1466/2253/1619
f 1493/2246/1615 1506/2254/1620 1492/2242/1612
f 1500/2255/362 1485/2256/1621 1486/2247/1616
f 1367/2068/1492 1507/2257/1622 1493/2246/1615
f 1487/2258/1623 1500/2259/362 1486/2250/1616
f 1502/2260/1624 1487/2258/1623 1488/2233/1606
f 1481/2261/1625 1494/2262/1626 1480/2252/1618
f 1503/2263/1627 1488/2233/1606 1489/2237/1608
f 1496/2264/1628 1481/2265/1625 1482/2234/1607
f 1504/2266/1629 1489/2237/1608 1490/2267/1610
f 1483/2241/1611 1496/2264/1628 1482/2234/1607
f 1491/2268/1630 1504/2269/1629 1490/2239/1610
f 1498/2270/1631 1483/2241/1611 1484/2271/1614
f 1492/2242/1612 1505/2272/1632 1491/2268/1630
f 1485/2273/1621 1498/2274/1631 1484/2244/1614
f 1504/2266/1629 1517/2275/1633 1503/2263/1627
f 1497/2276/1634 1510/2277/1635 1496/2264/1628
f 1505/2272/1632 1518/2278/1636 1504/2269/1629
f 1498/2270/1631 1511/2279/1637 1497/2276/1634
f 1520/2280/1638 1505/2272/1632 1506/2254/1620
f 1499/2281/1639 1512/2282/1640 1498/2274/1631
f 1521/2283/1641 1506/2254/1620 1507/2257/1622
f 1514/2284/1642 1499/2285/1639 1500/2255/362
f 1367/2068/1492 1521/2283/1641 1507/2257/1622
f 1501/2286/1643 1514/2287/1642 1500/2259/362
f 1516/2288/1644 1501/2286/1643 1502/2260/1624
f 1509/2289/1645 1494/2262/1626 1495/2290/1646
f 1503/2263/1627 1516/2288/1644 1502/2260/1624
f 1510/2277/1635 1495/2291/1646 1496/2264/1628
f 1367/2068/1492 1535/2292/1647 1521/2283/1641
f 1515/2293/1648 1528/2294/1649 1514/2287/1642
f 1530/2295/1650 1515/2293/1648 1516/2288/1644
f 1509/2289/1645 1522/2296/1651 1508/2297/1652
f 1517/2275/1633 1530/2295/1650 1516/2288/1644
f 1510/2277/1635 1523/2298/1653 1509/2299/1645
f 1532/2300/1654 1517/2275/1633 1518/2301/1636
f 1525/2302/1655 1510/2277/1635 1511/2279/1637
f 1519/2303/1656 1532/2304/1654 1518/2278/1636
f 1512/2305/1640 1525/2302/1655 1511/2279/1637
f 1534/2306/1657 1519/2303/1656 1520/2280/1638
f 1527/2307/1658 1512/2282/1640 1513/2308/1659
f 1521/2283/1641 1534/2306/1657 1520/2280/1638
f 1514/2284/1642 1527/2309/1658 1513/2310/1659
f 1539/2311/1660 1524/2312/1661 1525/2302/1655
f 1533/2313/1662 1546/2314/1663 1532/2315/1654
f 1540/2316/1664 1525/2302/1655 1526/2317/1665
f 1548/2318/1666 1533/2319/1662 1534/2306/1657
f 1541/2320/1667 1526/2321/1665 1527/2307/1658
f 1535/2292/1647 1548/2318/1666 1534/2306/1657
f 1542/2322/1668 1527/2309/1658 1528/2323/1649
f 1367/2068/1492 1549/2324/1669 1535/2292/1647
f 1543/2325/1670 1528/2326/1649 1529/2327/1671
f 1530/2328/1650 1543/2325/1670 1529/2327/1671
f 1523/2329/1653 1536/2330/1672 1522/2296/1651
f 1531/2331/1673 1544/2332/1674 1530/2328/1650
f 1524/2333/1661 1537/2334/1675 1523/2329/1653
f 1546/2314/1663 1531/2331/1673 1532/2315/1654
f 1543/2325/1670 1556/2335/1676 1542/2336/1668
f 1558/2337/1677 1543/2325/1670 1544/2332/1674
f 1551/2338/1678 1536/2330/1672 1537/2334/1675
f 1545/2339/1679 1558/2337/1677 1544/2332/1674
f 1552/2340/1680 1537/2334/1675 1538/2341/1681
f 1546/2314/1663 1559/2342/1682 1545/2339/1679
f 1553/2343/1683 1538/2344/1681 1539/2345/1660
f 1561/2346/1684 1546/2314/1663 1547/2347/1685
f 1540/2348/1664 1553/2343/1683 1539/2345/1660
f 1548/2318/1666 1561/2349/1684 1547/2350/1685
f 1541/2351/1667 1554/2352/1686 1540/2353/1664
f 1563/2354/1687 1548/2318/1666 1549/2324/1669
f 1556/2355/1676 1541/2356/1667 1542/2357/1668
f 1367/2068/1492 1563/2354/1687 1549/2324/1669
f 1575/2358/1688 1560/2359/1689 1561/2346/1684
f 1554/2360/1686 1567/2361/1690 1553/2343/1683
f 1562/2362/1691 1575/2358/1688 1561/2346/1684
f 1555/2363/1692 1568/2364/1693 1554/2352/1686
f 1577/2365/1694 1562/2366/1691 1563/2354/1687
f 1570/2367/1695 1555/2368/1692 1556/2355/1676
f 1367/2068/1492 1577/2365/1694 1563/2354/1687
f 1557/2369/1696 1570/2370/1695 1556/2335/1676
f 1572/2371/1697 1557/2369/1696 1558/2337/1677
f 1565/2372/1698 1550/2373/1699 1551/2338/1678
f 1559/2342/1682 1572/2371/1697 1558/2337/1677
f 1566/2374/1700 1551/2338/1678 1552/2340/1680
f 1560/2359/1689 1573/2375/1701 1559/2342/1682
f 1567/2361/1690 1552/2376/1680 1553/2343/1683
f 1586/2377/1702 1571/2378/1703 1572/2371/1697
f 1565/2372/1698 1578/2379/1704 1564/2380/1705
f 1573/2375/1701 1586/2377/1702 1572/2371/1697
f 1566/2374/1700 1579/2381/1706 1565/2372/1698
f 1574/2382/1707 1587/2383/1708 1573/2375/1701
f 1581/2384/1709 1566/1948/1700 1567/2361/1690
f 1589/2385/1710 1574/2382/1707 1575/2358/1688
f 1568/2386/1693 1581/2384/1709 1567/2361/1690
f 1590/2387/1711 1575/2358/1688 1576/2388/1712
f 1569/2389/1713 1582/2390/1714 1568/2364/1693
f 1577/2365/1694 1590/2391/1711 1576/2392/1712
f 1584/2393/1715 1569/2394/1713 1570/2367/1695
f 1367/2068/1492 1591/2395/1716 1577/2365/1694
f 1571/2378/1703 1584/2396/1715 1570/2370/1695
f 1582/2397/1714 1595/2398/1717 1581/2384/1709
f 1604/2399/1718 1589/2385/1710 1590/2387/1711
f 1583/2400/1719 1596/2401/1720 1582/2390/1714
f 1605/2402/1721 1590/2391/1711 1591/2395/1716
f 1598/2403/1722 1583/2404/1719 1584/2393/1715
f 1367/2068/1492 1605/2402/1721 1591/2395/1716
f 1585/2405/1723 1598/2406/1722 1584/2396/1715
f 1600/2407/1724 1585/2405/1723 1586/2377/1702
f 1579/2381/1706 1592/2408/1725 1578/2379/1704
f 1587/2383/1708 1600/2407/1724 1586/2377/1702
f 1594/2409/1726 1579/2381/1706 1580/2410/1727
f 1588/2411/1728 1601/2412/1729 1587/2383/1708
f 1595/2413/1717 1580/2410/1727 1581/2414/1709
f 1603/2415/1730 1588/2411/1728 1589/2385/1710
f 1614/2416/1731 1599/2417/1732 1600/2407/1724
f 1607/2418/1733 1592/2408/1725 1593/2419/1734
f 1601/2412/1729 1614/2416/1731 1600/2407/1724
f 1608/2420/1735 1593/2419/1734 1594/2409/1726
f 1616/2421/1736 1601/2412/1729 1602/2422/1737
f 1609/2423/1738 1594/2409/1726 1595/2413/1717
f 1617/2424/1739 1602/2425/1737 1603/2426/1730
f 1596/2427/1720 1609/2428/1738 1595/2398/1717
f 1604/2429/1718 1617/2430/1739 1603/2431/1730
f 1597/2432/1740 1610/2433/1741 1596/2401/1720
f 1619/2434/1742 1604/2429/1718 1605/2402/1721
f 1612/2435/1743 1597/2436/1740 1598/2403/1722
f 1367/2068/1492 1619/2434/1742 1605/2402/1721
f 1599/2417/1732 1612/2437/1743 1598/2406/1722
f 1618/2438/1744 1631/2439/1745 1617/2424/1739
f 1611/2440/1746 1624/2441/1747 1610/2442/1741
f 1633/2443/1748 1618/2444/1744 1619/2434/1742
f 1626/2445/1749 1611/2446/1746 1612/2447/1743
f 1367/2068/1492 1633/2443/1748 1619/2434/1742
f 1613/2448/1750 1626/2449/1749 1612/2450/1743
f 1628/2451/1751 1613/2448/1750 1614/2452/1731
f 1621/2453/1752 1606/2454/1753 1607/2418/1733
f 1615/2455/1754 1628/2451/1751 1614/2452/1731
f 1608/2420/1735 1621/2453/1752 1607/2418/1733
f 1630/2456/1755 1615/2455/1754 1616/2457/1736
f 1609/2423/1738 1622/2458/1756 1608/2420/1735
f 1631/2439/1745 1616/2457/1736 1617/2424/1739
f 1624/2459/1747 1609/2460/1738 1610/2461/1741
f 1629/2462/1757 1637/2073/1496 1628/2451/1751
f 1634/2079/1502 1621/2453/1752 1622/2458/1756
f 1630/2456/1755 1638/2077/1500 1629/2462/1757
f 1635/2463/1505 1622/2458/1756 1623/2464/1758
f 1631/2439/1745 1639/2081/1504 1630/2456/1755
f 1362/2086/1488 1623/2465/1758 1624/2459/1747
f 1632/2466/1759 1365/2057/1485 1631/2439/1745
f 1363/2061/1489 1624/2441/1747 1625/2467/1760
f 1633/2443/1748 1640/2063/1486 1632/2468/1759
f 1636/2065/75 1625/2469/1760 1626/2445/1749
f 1367/2068/1492 1366/2064/1491 1633/2443/1748
f 1627/2470/1761 1636/2070/75 1626/2449/1749
f 1637/2073/1496 1627/2470/1761 1628/2451/1751
f 1361/2074/1497 1620/2471/1762 1621/2453/1752
f 1646/2472/1763 1661/2473/1764 1921/2474/1765
f 1643/2475/1766 1654/2476/1767 1644/2477/1768
f 1921/2474/1765 1662/2478/1769 1647/2479/1770
f 1917/2480/1129 1654/2481/1767 1655/2482/1771
f 1536/2483/1534 1947/2484/1535 1522/2485/1535
f 1648/2486/1772 1647/2479/1770 1662/2478/1769
f 1917/2487/1129 1656/2488/1773 1645/2489/1774
f 1645/2489/1774 1657/2490/1775 1918/2491/1776
f 1642/2492/1777 1649/2493/1778 1650/2494/1779
f 1919/2495/1780 1657/2490/1775 1658/2496/1781
f 1642/2492/1777 1651/2497/1782 1915/2498/1783
f 1920/2499/1784 1658/2496/1781 1659/2500/1785
f 1916/2501/1786 1651/2502/1782 1652/2503/1787
f 1646/2504/1763 1659/2500/1785 1660/2505/1788
f 1916/2501/1786 1653/2506/1789 1643/2507/1766
f 1659/2500/1785 1674/2508/1790 1660/2505/1788
f 1652/2503/1787 1667/2509/1791 1653/2506/1789
f 1661/2473/1764 1674/2510/1790 1675/2511/1792
f 1653/2512/1789 1668/2513/1793 1654/2476/1767
f 1662/2478/1769 1675/2511/1792 1676/2514/1794
f 1654/2481/1767 1669/2515/1795 1655/2482/1771
f 1859/2516/1796 1999/2517/1797 1873/2518/1797
f 1648/2486/1772 1662/2478/1769 1676/2514/1794
f 1655/2519/1771 1670/2520/1798 1656/2488/1773
f 1657/2490/1775 1670/2520/1798 1671/2521/1799
f 1649/2493/1778 1664/2522/1800 1650/2494/1779
f 1657/2490/1775 1672/2523/1801 1658/2496/1781
f 1650/2494/1779 1665/2524/1802 1651/2497/1782
f 1658/2496/1781 1673/2525/1803 1659/2500/1785
f 1651/2502/1782 1666/2526/1804 1652/2503/1787
f 1937/2527/1722 1438/2528/1715 1452/2529/1722
f 1671/2521/1799 1684/2530/1805 1685/2531/1806
f 1663/2532/1807 1678/2533/1808 1664/2522/1800
f 1671/2521/1799 1686/2534/1809 1672/2523/1801
f 1664/2535/1800 1679/2536/1810 1665/2537/1802
f 1672/2523/1801 1687/2538/1811 1673/2525/1803
f 1665/2537/1802 1680/2539/1812 1666/2540/1804
f 1673/2525/1803 1688/2541/1813 1674/2508/1790
f 1667/2542/1791 1680/2539/1812 1681/2543/1814
f 1675/2511/1792 1688/2544/1813 1689/2545/1815
f 1668/2546/1793 1681/2547/1814 1682/2548/1816
f 1675/2511/1792 1690/2549/1817 1676/2514/1794
f 1668/2550/1793 1683/2551/1818 1669/2515/1795
f 1648/2486/1772 1676/2514/1794 1690/2549/1817
f 1670/2520/1798 1683/2552/1818 1684/2530/1805
f 1681/2543/1814 1694/2553/1819 1695/2554/1820
f 1689/2545/1815 1702/2555/1821 1703/2556/1822
f 1682/2548/1816 1695/2557/1820 1696/2558/1823
f 1689/2545/1815 1704/2559/1824 1690/2549/1817
f 1682/2560/1816 1697/2561/1825 1683/2562/1818
f 1931/2563/1676 1396/2564/1668 1410/2565/1676
f 1648/2486/1772 1690/2549/1817 1704/2559/1824
f 1684/2566/1805 1697/2567/1825 1698/2568/1826
f 1978/2569/1827 1747/2570/1828 1733/2571/1827
f 1685/2572/1806 1698/2568/1826 1699/2573/1829
f 1678/2574/1808 1691/2575/1830 1692/2576/1831
f 1686/2577/1809 1699/2573/1829 1700/2578/1832
f 1679/2536/1810 1692/2576/1831 1693/2579/1833
f 1687/2580/1811 1700/2578/1832 1701/2581/1834
f 1680/2539/1812 1693/2579/1833 1694/2553/1819
f 1688/2544/1813 1701/2582/1834 1702/2555/1821
f 1698/2568/1826 1713/2583/1835 1699/2573/1829
f 1692/2576/1831 1705/2584/1836 1706/2585/1837
f 1699/2573/1829 1714/2586/1838 1700/2578/1832
f 1693/2579/1833 1706/2585/1837 1707/2587/1839
f 1700/2578/1832 1715/2588/1840 1701/2581/1834
f 1694/2553/1819 1707/2587/1839 1708/2589/1841
f 1701/2582/1834 1716/2590/1842 1702/2555/1821
f 1695/2554/1820 1708/2589/1841 1709/2591/1843
f 1703/2556/1822 1716/2590/1842 1717/2592/1844
f 1695/2557/1820 1710/2593/1845 1696/2558/1823
f 1704/2559/1824 1717/2592/1844 1718/2594/1846
f 1696/2595/1823 1711/2596/1847 1697/2561/1825
f 1648/2486/1772 1704/2559/1824 1718/2594/1846
f 1698/2568/1826 1711/2597/1847 1712/2598/1848
f 1716/2590/1842 1731/2599/1849 1717/2592/1844
f 1710/2593/1845 1723/2600/1850 1724/2601/1851
f 1717/2592/1844 1732/2602/1852 1718/2594/1846
f 1710/2603/1845 1725/2604/1796 1711/2596/1847
f 1648/2486/1772 1718/2594/1846 1732/2602/1852
f 1712/2598/1848 1725/2605/1796 1726/2606/1853
f 1713/2583/1835 1726/2606/1853 1727/2607/1854
f 1706/2585/1837 1719/2608/1855 1720/2609/1856
f 1714/2586/1838 1727/2607/1854 1728/2610/1857
f 1707/2587/1839 1720/2609/1856 1721/2611/1858
f 1715/2588/1840 1728/2610/1857 1729/2612/1859
f 1707/2587/1839 1722/2613/1860 1708/2589/1841
f 1716/2590/1842 1729/2614/1859 1730/2615/1861
f 1708/2589/1841 1723/2616/1850 1709/2591/1843
f 1719/2608/1855 1734/2617/1862 1720/2609/1856
f 1727/2607/1854 1742/2618/1863 1728/2610/1857
f 1721/2611/1858 1734/2617/1862 1735/2619/1864
f 1728/2610/1857 1743/2620/1865 1729/2612/1859
f 1721/2611/1858 1736/2621/1866 1722/2613/1860
f 1729/2614/1859 1744/2622/1867 1730/2615/1861
f 1723/2616/1850 1736/2621/1866 1737/2623/1868
f 1731/2599/1849 1744/2622/1867 1745/2624/1869
f 1724/2601/1851 1737/2625/1868 1738/2626/1870
f 1732/2602/1852 1745/2624/1869 1746/2627/1871
f 1724/2628/1851 1739/2629/1797 1725/2604/1796
f 1999/2630/1797 1887/2631/1872 1873/2632/1797
f 1648/2486/1772 1732/2602/1852 1746/2627/1871
f 1726/2606/1853 1739/2633/1797 1740/2634/1873
f 1620/2635/1616 1960/2636/1595 1606/2637/1595
f 1726/2606/1853 1741/2638/1874 1727/2607/1854
f 1738/2626/1870 1751/2639/1875 1752/2640/1876
f 1746/2627/1871 1759/2641/1877 1760/2642/1878
f 1738/2643/1870 1753/2644/1872 1739/2645/1797
f 1648/2486/1772 1746/2627/1871 1760/2642/1878
f 1740/2646/1873 1753/2647/1872 1754/2648/1879
f 1933/2649/1695 1410/2565/1676 1424/2650/1695
f 1740/2646/1873 1755/2651/1880 1741/2652/1874
f 1734/2653/1862 1747/2654/1881 1748/2655/1882
f 1742/2656/1863 1755/2651/1880 1756/2657/1883
f 1734/2617/1862 1749/2658/1884 1735/2619/1864
f 1743/2659/1865 1756/2657/1883 1757/2660/1885
f 1736/2621/1866 1749/2658/1884 1750/2661/1886
f 1744/2622/1867 1757/2662/1885 1758/2663/1887
f 1736/2621/1866 1751/2664/1875 1737/2623/1868
f 1745/2624/1869 1758/2663/1887 1759/2641/1877
f 1756/2657/1883 1769/2665/1888 1770/2666/1889
f 1748/2667/1882 1763/2668/1890 1749/2669/1884
f 1757/2660/1885 1770/2666/1889 1771/2670/1891
f 1750/2671/1886 1763/2668/1890 1764/2672/1892
f 1758/2673/1887 1771/2670/1891 1772/2674/1893
f 1751/2675/1875 1764/2672/1892 1765/2676/1894
f 1758/2663/1887 1773/2677/1895 1759/2641/1877
f 1752/2678/1876 1765/2679/1894 1766/2680/1896
f 1759/2641/1877 1774/2681/1897 1760/2642/1878
f 1752/2682/1876 1767/2683/1898 1753/2644/1872
f 1831/2684/1825 1995/2685/1847 1845/2686/1847
f 1648/2486/1772 1760/2642/1878 1774/2681/1897
f 1754/2648/1879 1767/2687/1898 1768/2688/1899
f 1754/2648/1879 1769/2665/1888 1755/2651/1880
f 1747/2654/1881 1762/2689/1900 1748/2655/1882
f 1774/2681/1897 1787/2690/1901 1788/2691/1902
f 1766/2692/1896 1781/2693/1261 1767/2683/1898
f 1945/2694/1512 1494/2695/75 1508/2696/1512
f 1648/2486/1772 1774/2681/1897 1788/2691/1902
f 1768/2688/1899 1781/2697/1261 1782/2698/1903
f 1952/2699/1541 1536/2700/1534 1550/2701/1541
f 1768/2688/1899 1783/2702/1904 1769/2665/1888
f 1762/2689/1900 1775/2703/1905 1776/2704/1906
f 1769/2665/1888 1784/2705/1907 1770/2666/1889
f 1762/2706/1900 1777/2707/1908 1763/2668/1890
f 1770/2666/1889 1785/2708/1909 1771/2670/1891
f 1764/2672/1892 1777/2707/1908 1778/2709/1910
f 1772/2674/1893 1785/2708/1909 1786/2710/1911
f 1764/2672/1892 1779/2711/1912 1765/2676/1894
f 1772/2712/1893 1787/2690/1901 1773/2677/1895
f 1766/2680/1896 1779/2713/1912 1780/2714/1913
f 1785/2708/1909 1798/2715/1914 1799/2716/1915
f 1777/2707/1908 1792/2717/1916 1778/2709/1910
f 1786/2710/1911 1799/2716/1915 1800/2718/1917
f 1778/2709/1910 1793/2719/1918 1779/2711/1912
f 1786/2720/1911 1801/2721/1919 1787/2690/1901
f 1780/2714/1913 1793/2722/1918 1794/2723/1920
f 1787/2690/1901 1802/2724/1921 1788/2691/1902
f 1780/2725/1913 1795/2726/1922 1781/2693/1261
f 1648/2486/1772 1788/2691/1902 1802/2724/1921
f 1782/2698/1903 1795/2727/1922 1796/2728/1923
f 1360/2729/362 1962/2730/1616 1620/2635/1616
f 1782/2698/1903 1797/2731/1924 1783/2702/1904
f 1775/2703/1905 1790/2732/1925 1776/2704/1906
f 1784/2705/1907 1797/2731/1924 1798/2715/1914
f 1776/2704/1906 1791/2733/1926 1777/2734/1908
f 1648/2486/1772 1802/2724/1921 1816/2735/1927
f 1796/2728/1923 1809/2736/1928 1810/2737/1929
f 1368/2738/1642 1923/2739/362 1360/2729/362
f 1796/2728/1923 1811/2740/1930 1797/2731/1924
f 1790/2732/1925 1803/2741/1931 1804/2742/1932
f 1798/2715/1914 1811/2740/1930 1812/2743/1933
f 1791/2733/1926 1804/2742/1932 1805/2744/1934
f 1798/2715/1914 1813/2745/1935 1799/2716/1915
f 1791/2746/1926 1806/2747/1936 1792/2717/1916
f 1799/2716/1915 1814/2748/1937 1800/2718/1917
f 1793/2719/1918 1806/2747/1936 1807/2749/1938
f 1800/2750/1917 1815/2751/1939 1801/2721/1919
f 1793/2722/1918 1808/2752/1940 1794/2723/1920
f 1802/2724/1921 1815/2751/1939 1816/2735/1927
f 1795/2726/1922 1808/2753/1940 1809/2754/1928
f 1805/2744/1934 1820/2755/1941 1806/2756/1936
f 1814/2757/1937 1827/2758/1942 1828/2759/1943
f 1806/2747/1936 1821/2760/1944 1807/2749/1938
f 1814/2761/1937 1829/2762/1945 1815/2751/1939
f 1808/2752/1940 1821/2763/1944 1822/2764/1946
f 1815/2751/1939 1830/2765/1947 1816/2735/1927
f 1808/2766/1940 1823/2767/1948 1809/2768/1928
f 1648/2486/1772 1816/2735/1927 1830/2765/1947
f 1810/2769/1929 1823/2770/1948 1824/2771/1949
f 1927/2772/1649 1368/2738/1642 1382/2773/1649
f 1810/2769/1929 1825/2774/1950 1811/2775/1930
f 1803/2741/1931 1818/2776/1951 1804/2742/1932
f 1811/2775/1930 1826/2777/1952 1812/2778/1933
f 1805/2744/1934 1818/2776/1951 1819/2779/1953
f 1812/2778/1933 1827/2758/1942 1813/2780/1935
f 1824/2771/1949 1837/2781/1954 1838/2782/1955
f 1824/2771/1949 1839/2783/1956 1825/2774/1950
f 1817/2784/1957 1832/2785/1958 1818/2776/1951
f 1826/2777/1952 1839/2783/1956 1840/2786/1959
f 1818/2776/1951 1833/2787/1960 1819/2779/1953
f 1827/2758/1942 1840/2786/1959 1841/2788/1961
f 1819/2779/1953 1834/2789/1962 1820/2755/1941
f 1828/2759/1943 1841/2788/1961 1842/2790/1963
f 1820/2791/1941 1835/2792/1964 1821/2793/1944
f 1828/2794/1943 1843/2795/1965 1829/2762/1945
f 1821/2796/1944 1836/2797/1966 1822/2798/1946
f 1829/2762/1945 1844/2799/1967 1830/2765/1947
f 1822/2800/1946 1837/2801/1954 1823/2767/1948
f 1974/2802/1968 1719/2803/1969 1705/2804/1968
f 1648/2486/1772 1830/2765/1947 1844/2799/1967
f 1842/2790/1963 1855/2805/1970 1856/2806/1971
f 1835/2792/1964 1848/2807/1972 1849/2808/1973
f 1843/2809/1965 1856/2806/1971 1857/2810/1974
f 1836/2797/1966 1849/2811/1973 1850/2812/1975
f 1844/2799/1967 1857/2813/1974 1858/2814/1976
f 1837/2801/1954 1850/2815/1975 1851/2816/1968
f 1648/2486/1772 1844/2799/1967 1858/2814/1976
f 1838/2782/1955 1851/2817/1968 1852/2818/1977
f 1838/2782/1955 1853/2819/1978 1839/2783/1956
f 1831/2820/1979 1846/2821/1980 1832/2785/1958
f 1839/2783/1956 1854/2822/1981 1840/2786/1959
f 1833/2787/1960 1846/2821/1980 1847/2823/1982
f 1840/2786/1959 1855/2805/1970 1841/2788/1961
f 1834/2824/1962 1847/165/1982 1848/2807/1972
f 1852/2818/1977 1867/2825/1983 1853/2819/1978
f 1846/2821/1980 1859/2826/1984 1860/2827/1985
f 1853/2819/1978 1868/2828/1986 1854/2822/1981
f 1846/2821/1980 1861/2829/1987 1847/2823/1982
f 1855/2805/1970 1868/2828/1986 1869/2830/1988
f 1847/165/1982 1862/2831/1989 1848/2807/1972
f 1855/2805/1970 1870/2832/1990 1856/2806/1971
f 1848/2807/1972 1863/2833/1991 1849/2808/1973
f 1856/2806/1971 1871/2834/1992 1857/2810/1974
f 1849/2811/1973 1864/2835/1993 1850/2812/1975
f 1857/2813/1974 1872/2836/1994 1858/2814/1976
f 1850/2815/1975 1865/2837/1969 1851/2816/1968
f 1480/2838/1749 1939/2839/1743 1466/2840/1743
f 1648/2486/1772 1858/2814/1976 1872/2836/1994
f 1852/2818/1977 1865/2841/1969 1866/2842/1995
f 1862/2831/1989 1877/2843/1996 1863/2833/1991
f 1870/2832/1990 1885/2844/1997 1871/2834/1992
f 1864/2835/1993 1877/2845/1996 1878/2846/1998
f 1871/2847/1992 1886/2848/1999 1872/2836/1994
f 1864/2849/1993 1879/2850/1827 1865/2837/1969
f 1592/1868/1590 1956/2851/1568 1578/2852/1568
f 1648/2486/1772 1872/2836/1994 1886/2848/1999
f 1865/2841/1969 1880/2853/2000 1866/2842/1995
f 1803/2854/1795 1991/2855/1818 1817/2856/1818
f 1866/2842/1995 1881/2857/2001 1867/2825/1983
f 1859/2826/1984 1874/2858/2002 1860/2827/1985
f 1868/2828/1986 1881/2857/2001 1882/2859/2003
f 1861/2829/1987 1874/2858/2002 1875/2860/2004
f 1868/2828/1986 1883/2861/2005 1869/2830/1988
f 1861/2829/1987 1876/2862/2006 1862/2863/1989
f 1869/2830/1988 1884/2864/2007 1870/2832/1990
f 1880/2853/2000 1895/2865/2008 1881/2857/2001
f 1874/2858/2002 1887/2866/2009 1888/2867/2010
f 1882/2859/2003 1895/2865/2008 1896/2868/2011
f 1875/2860/2004 1888/2867/2010 1889/2869/2012
f 1883/2861/2005 1896/2868/2011 1897/2870/2013
f 1876/2862/2006 1889/2869/2012 1890/2871/2014
f 1883/2861/2005 1898/2872/2015 1884/2864/2007
f 1877/2843/1996 1890/2873/2014 1891/2874/2016
f 1885/2875/1997 1898/2876/2015 1899/2877/2017
f 1878/2846/1998 1891/2878/2016 1892/2879/2018
f 1886/2848/1999 1899/2877/2017 1900/2880/2019
f 1879/2850/1827 1892/2881/2018 1893/2882/1828
f 1648/2486/1772 1886/2848/1999 1900/2880/2019
f 1880/2853/2000 1893/2883/1828 1894/2884/2020
f 1899/2877/2017 1912/2885/2021 1913/2886/2022
f 1892/2887/2018 1905/2888/2023 1906/2889/2024
f 1899/2877/2017 1914/2890/2025 1900/2880/2019
f 1892/2891/2018 1907/2892/2026 1893/2893/1828
f 1522/2485/1535 1945/2694/1512 1508/2696/1512
f 1648/2486/1772 1900/2880/2019 1914/2890/2025
f 1894/2894/2020 1907/2895/2026 1908/2896/2027
f 1894/2894/2020 1909/2897/2028 1895/2898/2008
f 1887/2866/2009 1902/2899/2029 1888/2867/2010
f 1896/2900/2011 1909/2897/2028 1910/2901/2030
f 1889/2869/2012 1902/2899/2029 1903/2902/2031
f 1896/2900/2011 1911/2903/2032 1897/2904/2013
f 1889/2905/2012 1904/2906/2033 1890/2907/2014
f 1898/2908/2015 1911/2903/2032 1912/2909/2021
f 1890/2907/2014 1905/2910/2023 1891/2911/2016
f 1910/2901/2030 1918/2491/1776 1919/2495/1780
f 1903/2902/2031 1642/2492/1777 1915/2498/1783
f 1911/2903/2032 1919/2495/1780 1920/2499/1784
f 1904/2906/2033 1915/2912/1783 1916/2501/1786
f 1912/2909/2021 1920/2499/1784 1646/2504/1763
f 1905/2910/2023 1916/2501/1786 1643/2507/1766
f 1913/2913/2022 1646/2504/1763 1921/2914/1765
f 1905/2888/2023 1644/2477/1768 1906/2889/2024
f 1914/2890/2025 1921/2474/1765 1647/2479/1770
f 1906/2915/2024 1917/2480/1129 1907/2892/2026
f 1719/2803/1969 1978/2569/1827 1733/2571/1827
f 1648/2486/1772 1914/2890/2025 1647/2479/1770
f 1908/2896/2027 1917/2487/1129 1645/2489/1774
f 1970/2916/1948 1691/2917/1954 1677/2918/1948
f 1908/2896/2027 1918/2491/1776 1909/2897/2028
f 1902/2899/2029 1641/2919/2034 1642/2492/1777
f 1960/2636/1595 1592/2920/1590 1606/2637/1595
f 1995/2685/1847 1859/2516/1796 1845/2686/1847
f 1929/2921/1668 1382/2773/1649 1396/2922/1668
f 1954/2923/1562 1550/2701/1541 1564/2924/1562
f 1494/2695/75 1941/2925/1749 1480/2838/1749
f 1972/2926/1954 1705/2804/1968 1691/2917/1954
f 1775/2927/1129 1986/2928/1771 1789/2929/1771
f 1991/2930/1818 1831/2684/1825 1817/2931/1818
f 1964/2932/1261 1649/2933/1922 1641/2934/1261
f 1649/2933/1922 1968/2935/1928 1663/2936/1928
f 1747/2937/1828 1982/2938/2026 1761/2939/2026
f 1466/2940/1743 1937/2527/1722 1452/2529/1722
f 1986/2928/1771 1803/2854/1795 1789/2929/1771
f 1578/2852/1568 1954/2923/1562 1564/2924/1562
f 1887/2631/1872 2003/2941/1898 1901/2942/1898
f 1438/2528/1715 1933/2649/1695 1424/2650/1695
f 1663/2943/1928 1970/2916/1948 1677/2918/1948
f 2003/2941/1898 1641/2934/1261 1901/2942/1898
f 1982/2938/2026 1775/2927/1129 1761/2939/2026
f 1922/2944/2035 1924/2945/2036 1948/2946/2037
f 1923/2947/2038 1924/2945/2036 1922/2944/2035
f 1924/2945/2036 1926/2948/2039 1948/2946/2037
f 1925/2949/2040 1926/2948/2039 1924/2945/2036
f 1929/2950/2041 1926/2948/2039 1927/2951/2042
f 1926/2948/2039 1928/2952/2043 1948/2946/2037
f 1928/2952/2043 1930/2953/2044 1948/2946/2037
f 1929/2950/2041 1930/2953/2044 1928/2952/2043
f 1930/2953/2044 1932/2954/2045 1948/2946/2037
f 1933/2955/2046 1930/2953/2044 1931/2956/2047
f 1932/2954/2045 1934/2957/2048 1948/2946/2037
f 1933/2955/2046 1934/2957/2048 1932/2954/2045
f 1934/2957/2048 1936/2958/2049 1948/2946/2037
f 1937/2010/2050 1934/2957/2048 1935/2959/2051
f 1936/2958/2049 1938/2960/2052 1948/2946/2037
f 1937/2010/2050 1938/2960/2052 1936/2958/2049
f 1938/2960/2052 1940/2961/2053 1948/2946/2037
f 1939/2012/2054 1940/2961/2053 1938/2960/2052
f 1940/2961/2053 1942/2962/2055 1948/2946/2037
f 1941/2963/2056 1942/2962/2055 1940/2961/2053
f 1942/2962/2055 1944/2964/2057 1948/2946/2037
f 1943/2965/2058 1944/2964/2057 1942/2962/2055
f 1944/2964/2057 1946/2966/2059 1948/2946/2037
f 1945/2967/2060 1946/2966/2059 1944/2964/2057
f 1946/2966/2059 1949/2968/2061 1948/2946/2037
f 1947/2969/2062 1949/2968/2061 1946/2966/2059
f 1950/2970/2063 1951/2971/2064 1949/2968/2061
f 1949/2968/2061 1951/2971/2064 1948/2946/2037
f 1951/2971/2064 1953/2972/2065 1948/2946/2037
f 1952/2973/2066 1953/2972/2065 1951/2971/2064
f 1956/2974/2067 1953/2972/2065 1954/2975/2068
f 1953/2972/2065 1955/2976/2069 1948/2946/2037
f 1955/2976/2069 1957/2977/2070 1948/2946/2037
f 1958/2978/2071 1955/2976/2069 1956/2974/2067
f 1957/2977/2070 1959/2979/2072 1948/2946/2037
f 1958/2978/2071 1959/2979/2072 1957/2977/2070
f 1959/2979/2072 1961/2980/2073 1948/2946/2037
f 1962/2981/2074 1959/2979/2072 1960/2982/2075
f 1961/2980/2073 1922/2944/2035 1948/2946/2037
f 1923/2947/2038 1961/2980/2073 1962/2981/2074
f 1963/2983/2076 1989/2984/2077 1965/2985/2078
f 1964/2986/2079 1965/2985/2078 1966/2987/2080
f 1965/2985/2078 1989/2984/2077 1967/2988/2081
f 1966/2987/2080 1967/2988/2081 1968/2989/2082
f 1967/2988/2081 1970/2990/2083 1968/2989/2082
f 1967/2988/2081 1989/2984/2077 1969/2991/2084
f 1969/2991/2084 1989/2984/2077 1971/2992/2085
f 1970/2990/2083 1971/2992/2085 1972/2993/2086
f 1971/2992/2085 1989/2984/2077 1973/2994/2087
f 1971/2992/2085 1974/2995/2088 1972/2993/2086
f 1973/2994/2087 1989/2984/2077 1975/2996/2089
f 1974/2995/2088 1975/2996/2089 1976/2997/2090
f 1975/2996/2089 1989/2984/2077 1977/2998/2091
f 1975/2996/2089 1978/2999/2092 1976/2997/2090
f 1977/2998/2091 1989/2984/2077 1979/3000/2093
f 1978/2999/2092 1979/3000/2093 1980/3001/2094
f 1979/3000/2093 1989/2984/2077 1981/3002/2095
f 1979/3000/2093 1982/3003/2096 1980/3001/2094
f 1981/3002/2095 1989/2984/2077 1983/3004/2097
f 1982/3003/2096 1983/3004/2097 1984/3005/2098
f 1983/3004/2097 1989/2984/2077 1985/3006/2099
f 1983/3004/2097 1986/3007/2100 1984/3005/2098
f 1985/3006/2099 1989/2984/2077 1987/3008/2101
f 1986/3007/2100 1987/3008/2101 1988/3009/2102
f 1987/3008/2101 1989/2984/2077 1990/3010/2103
f 1987/3008/2101 1991/3011/2104 1988/3009/2102
f 1991/3011/2104 1992/3012/2105 1993/3013/2106
f 1990/3010/2103 1989/2984/2077 1992/3012/2105
f 1992/3012/2105 1989/2984/2077 1994/3014/2107
f 1993/3013/2106 1994/3014/2107 1995/3015/2108
f 1994/3014/2107 1997/3016/2109 1995/3015/2108
f 1994/3014/2107 1989/2984/2077 1996/3017/2110
f 1996/3017/2110 1989/2984/2077 1998/3018/2111
f 1996/3017/2110 1999/3019/2112 1997/3016/2109
f 1998/3018/2111 1989/2984/2077 2000/3020/2113
f 1999/3019/2112 2000/3020/2113 2001/3021/2114
f 2000/3020/2113 1989/2984/2077 2002/3022/2115
f 2000/3020/2113 2003/3023/2116 2001/3021/2114
f 2002/3022/2115 1989/2984/2077 1963/2983/2076
f 2002/3022/2115 1964/2986/2079 2003/3023/2116
f 2004/3024/2117 2064/3025/11 2007/3026/2118
f 2005/3027/2119 2007/3026/2118 2008/3028/2120
f 2006/3029/2121 2008/3028/2120 2009/3030/2122
f 2008/3028/2120 2012/3031/2123 2009/3030/2122
f 2007/3026/2118 2064/3025/11 2010/3032/2124
f 2008/3028/2120 2010/3032/2124 2011/3033/2125
f 2010/3032/2124 2064/3025/11 2013/3034/2126
f 2010/3032/2124 2014/3035/2127 2011/3033/2125
f 2011/3033/2125 2015/3036/2128 2012/3031/2123
f 2013/3034/2126 2064/3025/11 2016/3037/2129
f 2013/3034/2126 2017/3038/2130 2014/3035/2127
f 2015/3036/2128 2017/3038/2130 2018/3039/2131
f 2016/3037/2129 2064/3025/11 2019/3040/2132
f 2017/3038/2130 2019/3040/2132 2020/3041/2133
f 2017/3038/2130 2021/3042/2134 2018/3039/2131
f 2019/3040/2132 2064/3025/11 2022/3043/2135
f 2019/3040/2132 2023/3044/2136 2020/3041/2133
f 2021/3042/2134 2023/3044/2136 2024/3045/2137
f 2022/3043/2135 2064/3025/11 2025/3046/2138
f 2022/3043/2135 2026/3047/2139 2023/3044/2136
f 2023/3044/2136 2027/3048/2140 2024/3045/2137
f 2025/3046/2138 2064/3025/11 2028/3049/2141
f 2025/3046/2138 2029/3050/2142 2026/3047/2139
f 2027/3048/2140 2029/3050/2142 2030/3051/2143
f 2029/3050/2142 2031/3052/2144 2032/3053/2145
f 2030/3051/2143 2032/3053/2145 2033/3054/2146
f 2028/3049/2141 2064/3025/11 2031/3052/2144
f 2031/3052/2144 2064/3025/11 2034/3055/2147
f 2031/3052/2144 2035/3056/2148 2032/3053/2145
f 2032/3053/2145 2036/3057/2149 2033/3054/2146
f 2035/3056/2148 2037/3058/2150 2038/3059/2151
f 2036/3057/2149 2038/3059/2151 2039/3060/2152
f 2034/3055/2147 2064/3025/11 2037/3058/2150
f 2037/3058/2150 2064/3025/11 2040/3061/2153
f 2037/3058/2150 2041/3062/2154 2038/3059/2151
f 2038/3059/2151 2042/3063/2155 2039/3060/2152
f 2041/3062/2154 2045/3064/2156 2042/3063/2155
f 2040/3061/2153 2064/3025/11 2043/3065/2157
f 2040/3061/2153 2044/3066/2158 2041/3062/2154
f 2043/3065/2157 2064/3025/11 2046/3067/2159
f 2043/3065/2157 2047/3068/2160 2044/3066/2158
f 2045/3064/2156 2047/3068/2160 2048/3069/2161
f 2046/3067/2159 2064/3025/11 2049/3070/2162
f 2046/3067/2159 2050/3071/2163 2047/3068/2160
f 2047/3068/2160 2051/3072/2164 2048/3069/2161
f 2049/3070/2162 2064/3025/11 2052/3073/2165
f 2049/3070/2162 2053/3074/2166 2050/3071/2163
f 2051/3075/2164 2053/3076/2166 2054/3077/2167
f 2052/3073/2165 2064/3025/11 2055/3078/2168
f 2052/3073/2165 2056/3079/2169 2053/3074/2166
f 2053/3076/2166 2057/3080/2170 2054/3077/2167
f 2055/3078/2168 2064/3025/11 2058/3081/2171
f 2055/3078/2168 2059/3082/2172 2056/3079/2169
f 2057/3080/2170 2059/3083/2172 2060/3084/2173
f 2058/3081/2171 2064/3025/11 2061/3085/2174
f 2058/3081/2171 2062/3086/2175 2059/3082/2172
f 2060/3084/2173 2062/3087/2175 2063/3088/2176
f 2061/3085/2174 2064/3025/11 2065/3089/2177
f 2061/3085/2174 2066/3090/2178 2062/3086/2175
f 2062/3086/2175 2067/3091/2179 2063/3092/2176
f 2065/3089/2177 2064/3025/11 2068/3093/2180
f 2066/3090/2178 2068/3093/2180 2069/3094/2181
f 2066/3090/2178 2070/3095/2182 2067/3091/2179
f 2069/3094/2181 2071/3096/2183 2072/3097/2184
f 2069/3094/2181 2073/3098/2185 2070/3095/2182
f 2068/3093/2180 2064/3025/11 2071/3096/2183
f 2071/3096/2183 2064/3025/11 2074/3099/2186
f 2071/3096/2183 2075/3100/2187 2072/3097/2184
f 2073/3098/2185 2075/3100/2187 2076/3101/2188
f 2076/3101/2188 2078/3102/2189 2079/3103/2190
f 2074/3099/2186 2064/3025/11 2077/3104/2191
f 2075/3100/2187 2077/3104/2191 2078/3102/2189
f 2077/3104/2191 2064/3025/11 2080/3105/2192
f 2077/3104/2191 2081/3106/2193 2078/3102/2189
f 2078/3102/2189 2082/3107/2194 2079/3103/2190
f 2081/3106/2193 2085/3108/2195 2082/3107/2194
f 2080/3105/2192 2064/3025/11 2083/3109/2196
f 2081/3106/2193 2083/3109/2196 2084/3110/2197
f 2083/3109/2196 2064/3025/11 2086/3111/2198
f 2083/3109/2196 2087/3112/2199 2084/3110/2197
f 2085/3108/2195 2087/3112/2199 2088/3113/2200
f 2086/3111/2198 2064/3025/11 2089/3114/2201
f 2086/3111/2198 2090/3115/2202 2087/3112/2199
f 2087/3112/2199 2091/3116/2203 2088/3113/2200
f 2089/3114/2201 2064/3025/11 2092/3117/2204
f 2090/3115/2202 2092/3117/2204 2093/3118/2205
f 2091/3116/2203 2093/3118/2205 2094/3119/2206
f 2092/3117/2204 2064/3025/11 2095/3120/2207
f 2093/3118/2205 2095/3120/2207 2096/3121/2208
f 2093/3118/2205 2097/3122/2209 2094/3119/2206
f 2095/3120/2207 2064/3025/11 2098/3123/2210
f 2096/3121/2208 2098/3123/2210 2099/3124/2211
f 2096/3121/2208 2100/3125/2212 2097/3122/2209
f 2098/3123/2210 2064/3025/11 2004/3024/2117
f 2099/3124/2211 2004/3024/2117 2005/3027/2119
f 2100/3125/2212 2005/3027/2119 2006/3029/2121
f 2165/3126/2213 2114/3127/2214 2166/3128/2215
f 2111/3129/2216 2145/3130/2217 2112/3131/2217
f 2167/3132/2218 2122/3133/2219 2168/3134/2220
f 2170/3135/2221 2102/3136/2222 2103/3137/2223
f 2171/3138/2224 2130/3139/2225 2172/3140/2226
f 2173/3141/2227 2106/3142/2228 2174/3143/2229
f 2175/3144/2230 2101/3145/2231 2176/3146/2232
f 2178/3147/2233 2115/3148/2234 2116/3149/2235
f 2179/3150/2236 2119/3151/2237 2180/3152/2238
f 2181/3153/2239 2127/3154/2240 2182/3155/2241
f 2184/3156/2242 2110/3157/2243 2111/3158/2244
f 2171/3138/2224 2128/3159/2245 2129/3160/2246
f 2186/3161/2247 2124/3162/2248 2187/3163/2249
f 2173/3141/2227 2104/3164/2250 2105/3165/2251
f 2175/3144/2230 2132/3166/2252 2131/3167/2253
f 2190/3168/2254 2108/3169/2255 2191/3170/2256
f 2179/3150/2236 2117/3171/2257 2118/3172/2258
f 2167/3132/2218 2120/3173/2259 2121/3174/2260
f 2165/3126/2213 2112/3175/2261 2113/3176/2262
f 2189/3177/2263 2130/3139/2225 2132/3166/2252
f 2181/3153/2239 2125/3178/2264 2126/3179/2265
f 2190/3168/2254 2106/3142/2228 2107/3180/2266
f 2169/3181/2267 2101/3145/2231 2102/3136/2222
f 2196/3182/2268 2110/3157/2243 2183/3183/2269
f 2193/3184/2270 2119/3151/2237 2120/3173/2259
f 2166/3128/2215 2115/3148/2234 2177/3185/2271
f 2186/3161/2247 2122/3133/2219 2123/3186/2272
f 2185/3187/2273 2127/3154/2240 2128/3159/2245
f 2196/3182/2268 2108/3169/2255 2109/3188/2274
f 2188/3189/2275 2103/3137/2223 2104/3164/2250
f 2194/3190/2276 2111/3158/2244 2112/3175/2261
f 2178/3147/2233 2117/3171/2257 2192/3191/2277
f 2195/3192/2278 2124/3162/2248 2125/3178/2264
f 2152/3193/381 2215/3194/381 2216/3195/381
f 2126/3196/2279 2158/3197/2280 2159/3198/2279
f 2113/3199/2281 2145/3130/2217 2146/3200/2281
f 2126/3179/2279 2160/3201/2282 2127/3154/2282
f 2113/3199/2281 2147/3202/2283 2114/3203/2283
f 2128/3204/2284 2160/3205/2282 2161/3206/2284
f 2115/3207/2285 2147/3202/2283 2148/3208/2285
f 2131/3209/2286 2134/3210/2287 2101/3211/2287
f 2128/3204/2284 2162/3212/2288 2129/3213/2288
f 2116/3214/2289 2148/3208/2285 2149/3215/2289
f 2102/3216/2290 2135/3217/2291 2103/3218/2291
f 2129/3213/2288 2163/3219/2292 2130/3220/2292
f 2116/3214/2289 2150/3221/2293 2117/3222/2293
f 2103/3137/2291 2137/3223/2294 2104/3164/2294
f 2132/3224/2295 2163/3219/2292 2164/3225/2295
f 2118/3226/2296 2150/3221/2293 2151/3227/2296
f 2105/3228/2297 2137/3229/2294 2138/3230/2297
f 2131/3209/2286 2164/3225/2295 2133/3231/2286
f 2118/3226/2296 2152/3232/2298 2119/3233/2298
f 2105/3228/2297 2139/3234/2299 2106/3235/2299
f 2102/3216/2290 2134/3210/2287 2136/3236/2290
f 2119/3237/2298 2153/3238/2300 2120/3239/2300
f 2107/3240/2301 2139/3234/2299 2140/3241/2301
f 2121/3242/2302 2153/3238/2300 2154/3243/2302
f 2108/3244/2303 2140/3241/2301 2141/3245/2303
f 2122/3246/2304 2154/3243/2302 2155/3247/2304
f 2108/3244/2303 2142/3248/2305 2109/3249/2305
f 2123/3250/2306 2155/3247/2304 2156/3251/2306
f 2109/3249/2305 2143/3252/2307 2110/3253/2307
f 2123/3250/2306 2157/3254/2308 2124/3255/2308
f 2111/3256/2216 2143/3252/2307 2144/3257/2216
f 2125/3258/2280 2157/3254/2308 2158/3197/2280
f 2027/3259/2309 2187/3260/2249 2195/3261/2278
f 2054/3262/2310 2192/3263/2277 2051/3072/2311
f 2070/3264/2312 2194/3265/2276 2067/3266/2313
f 2094/3267/2314 2188/3268/2275 2091/3269/2315
f 2076/3270/2316 2191/3271/2256 2196/3272/2268
f 2018/3273/2317 2182/3274/2241 2185/3275/2273
f 2033/3276/2318 2168/3277/2220 2186/3278/2247
f 2060/3279/2319 2177/3280/2271 2057/3281/2320
f 2045/3282/2321 2193/3283/2270 2042/3284/2322
f 2073/3285/2323 2196/3272/2268 2183/3286/2269
f 2097/3287/2324 2176/3288/2232 2169/3289/2267
f 2082/3290/2325 2174/3291/2229 2190/3292/2254
f 2024/3293/2326 2195/3261/2278 2181/3294/2239
f 2009/3030/2327 2172/3295/2226 2189/3296/2263
f 2067/3266/2313 2165/3297/2213 2063/3298/2328
f 2039/3299/2329 2193/3283/2270 2167/3300/2218
f 2048/3069/2330 2192/3263/2277 2179/3301/2236
f 2082/3290/2325 2191/3271/2256 2079/3302/2331
f 2006/3029/2332 2189/3296/2263 2175/3303/2230
f 2091/3269/2315 2173/3304/2227 2088/3305/2333
f 2033/3276/2318 2187/3260/2249 2030/3306/2334
f 2018/3273/2317 2171/3307/2224 2015/3308/2335
f 2070/3264/2312 2183/3286/2269 2184/3309/2242
f 2024/3293/2326 2182/3274/2241 2021/3310/2336
f 2048/3311/2330 2180/3312/2238 2045/3282/2321
f 2054/3262/2310 2177/3313/2271 2178/3314/2233
f 2006/3029/2332 2176/3315/2232 2100/3125/2337
f 2088/3305/2333 2174/3291/2229 2085/3316/2338
f 2012/3317/2339 2171/3307/2224 2172/3318/2226
f 2097/3287/2324 2170/3319/2221 2094/3267/2314
f 2036/3320/2340 2167/3300/2218 2168/3277/2220
f 2060/3279/2319 2165/3297/2213 2166/3321/2215
f 2222/3322/2341 2253/3323/2342 2254/3324/2341
f 2138/3325/381 2203/3326/381 2139/3327/381
f 2134/3328/381 2200/3329/381 2136/3330/381
f 2153/3331/381 2216/3195/381 2217/3332/381
f 2139/3327/381 2204/3333/381 2140/3334/381
f 2153/3331/381 2218/3335/381 2154/3336/381
f 2141/3337/381 2204/3333/381 2205/3338/381
f 2155/3339/381 2218/3335/381 2219/3340/381
f 2141/3337/381 2206/3341/381 2142/3342/381
f 2155/3339/381 2220/3343/381 2156/3344/381
f 2142/3342/381 2207/3345/381 2143/3346/381
f 2157/3347/381 2220/3343/381 2221/3348/381
f 2143/3346/381 2208/3349/381 2144/3350/381
f 2157/3347/381 2222/3351/381 2158/3352/381
f 2145/3353/381 2208/3349/381 2209/3354/381
f 2158/3352/381 2223/3355/381 2159/3356/381
f 2145/3353/381 2210/3357/381 2146/3358/381
f 2160/3359/381 2223/3355/381 2224/3360/381
f 2146/3358/381 2211/3361/381 2147/3362/381
f 2161/3363/381 2224/3360/381 2225/3364/381
f 2148/3365/381 2211/3361/381 2212/3366/381
f 2134/3328/381 2197/3367/381 2198/3368/381
f 2161/3363/381 2226/3369/381 2162/3370/381
f 2148/3365/381 2213/3371/381 2149/3372/381
f 2135/3373/381 2200/3329/381 2199/3374/381
f 2162/3370/381 2227/3375/381 2163/3376/381
f 2150/3377/381 2213/3371/381 2214/3378/381
f 2135/3373/381 2201/3379/381 2137/3380/381
f 2163/3376/381 2228/3381/381 2164/3382/381
f 2150/3377/381 2215/3194/381 2151/3383/381
f 2137/3380/381 2202/3384/381 2138/3325/381
f 2164/3382/381 2197/3367/381 2133/3385/381
f 2234/3386/381 2230/3387/381 2246/3388/381
f 2208/3389/2343 2241/3390/2344 2209/3391/2344
f 2223/3392/2345 2254/3324/2341 2255/3393/2345
f 2210/3394/2346 2241/3390/2344 2242/3395/2346
f 2223/3396/2345 2256/3397/2347 2224/3398/2347
f 2210/3394/2346 2243/3399/2348 2211/3400/2348
f 2224/3398/2347 2257/3401/2349 2225/3402/2349
f 2211/3400/2348 2244/3403/2350 2212/3404/2350
f 2197/3405/2351 2230/3406/2352 2198/3407/2352
f 2226/3408/2353 2257/3401/2349 2258/3409/2353
f 2213/3410/2354 2244/3403/2350 2245/3411/2354
f 2200/3412/2355 2231/3413/2356 2199/3414/2356
f 2226/3408/2353 2259/3415/2357 2227/3416/2357
f 2213/3410/2354 2246/3417/2358 2214/3418/2358
f 2201/3419/2359 2231/3420/2356 2233/3421/2359
f 2227/3416/2357 2260/3422/2360 2228/3423/2360
f 2215/3424/2361 2246/3417/2358 2247/3425/2361
f 2202/3426/2362 2233/3427/2359 2234/3428/2362
f 2197/3405/2351 2260/3422/2360 2229/3429/2351
f 2215/3424/2361 2248/3430/2363 2216/3431/2363
f 2202/3426/2362 2235/3432/2364 2203/3433/2364
f 2200/3412/2355 2230/3406/2352 2232/3434/2355
f 2216/3435/2363 2249/3436/2365 2217/3437/2365
f 2204/3438/2366 2235/3432/2364 2236/3439/2366
f 2218/3440/2367 2249/3436/2365 2250/3441/2367
f 2205/3442/2368 2236/3439/2366 2237/3443/2368
f 2218/3440/2367 2251/3444/2369 2219/3445/2369
f 2205/3442/2368 2238/3446/2370 2206/3447/2370
f 2220/3448/2371 2251/3444/2369 2252/3449/2371
f 2206/3447/2370 2239/3450/2372 2207/3451/2372
f 2220/3448/2371 2253/3323/2342 2221/3452/2342
f 2208/3453/2343 2239/3450/2372 2240/3454/2343
f 2261/3455/2373 2264/3456/2374 2321/3457/381
f 2262/3458/2375 2264/3456/2374 2261/3455/2373
f 2263/3459/2376 2265/3460/2377 2262/3458/2375
f 2269/3461/2378 2265/3460/2377 2266/3462/2379
f 2264/3456/2374 2267/3463/2380 2321/3457/381
f 2265/3460/2377 2267/3463/2380 2264/3456/2374
f 2267/3463/2380 2270/3464/2381 2321/3457/381
f 2271/3465/2382 2267/3463/2380 2268/3466/2383
f 2272/3467/2384 2268/3466/2383 2269/3461/2378
f 2270/3464/2381 2273/3468/2385 2321/3457/381
f 2274/3469/2386 2270/3464/2381 2271/3465/2382
f 2272/3467/2384 2274/3469/2386 2271/3465/2382
f 2273/3468/2385 2276/3470/2387 2321/3457/381
f 2274/3469/2386 2276/3470/2387 2273/3468/2385
f 2278/3471/2388 2274/3469/2386 2275/3472/2389
f 2276/3470/2387 2279/3473/2390 2321/3457/381
f 2280/3474/2391 2276/3470/2387 2277/3475/2392
f 2278/3471/2388 2280/3474/2391 2277/3475/2392
f 2279/3473/2390 2282/3476/2393 2321/3457/381
f 2283/3477/2394 2279/3473/2390 2280/3474/2391
f 2284/3478/2395 2280/3474/2391 2281/3479/2396
f 2282/3476/2393 2285/3480/2397 2321/3457/381
f 2286/3481/2398 2282/3476/2393 2283/3477/2394
f 2284/3478/2395 2286/3481/2398 2283/3477/2394
f 2286/3481/2398 2288/3482/2399 2285/3480/2397
f 2287/3483/2400 2289/3484/2401 2286/3481/2398
f 2285/3480/2397 2288/3482/2399 2321/3457/381
f 2288/3482/2399 2291/3485/2402 2321/3457/381
f 2292/3486/2403 2288/3482/2399 2289/3484/2401
f 2293/3487/2404 2289/3484/2401 2290/3488/2405
f 2292/3486/2403 2294/3489/2406 2291/3485/2402
f 2293/3487/2404 2295/3490/2407 2292/3486/2403
f 2291/3485/2402 2294/3489/2406 2321/3457/381
f 2294/3489/2406 2297/3491/2408 2321/3457/381
f 2298/3492/2409 2294/3489/2406 2295/3490/2407
f 2299/3493/2410 2295/3490/2407 2296/3494/2411
f 2302/3495/2412 2298/3492/2409 2299/3493/2410
f 2297/3491/2408 2300/3496/2413 2321/3457/381
f 2301/3497/2414 2297/3491/2408 2298/3492/2409
f 2300/3496/2413 2303/3498/2415 2321/3457/381
f 2304/3499/2416 2300/3496/2413 2301/3497/2414
f 2302/3495/2412 2304/3499/2416 2301/3497/2414
f 2303/3498/2415 2306/3500/2417 2321/3457/381
f 2307/3501/2418 2303/3498/2415 2304/3499/2416
f 2308/3502/2419 2304/3499/2416 2305/3503/2420
f 2306/3500/2417 2309/3504/2421 2321/3457/381
f 2310/3505/2422 2306/3500/2417 2307/3501/2418
f 2308/3502/2419 2310/3505/2422 2307/3501/2418
f 2309/3504/2421 2312/3506/2423 2321/3457/381
f 2313/3507/2424 2309/3504/2421 2310/3505/2422
f 2314/3508/2425 2310/3505/2422 2311/3509/2426
f 2312/3506/2423 2315/3510/2427 2321/3457/381
f 2316/3511/2428 2312/3506/2423 2313/3507/2424
f 2314/3508/2425 2316/3511/2428 2313/3507/2424
f 2315/3510/2427 2318/3512/2429 2321/3457/381
f 2319/3513/2430 2315/3510/2427 2316/3511/2428
f 2317/3514/2431 2319/3513/2430 2316/3511/2428
f 2318/3512/2429 2322/3515/2432 2321/3457/381
f 2323/3516/2433 2318/3512/2429 2319/3513/2430
f 2324/3517/2434 2319/3513/2430 2320/3518/2435
f 2322/3515/2432 2325/3519/2436 2321/3457/381
f 2323/3516/2433 2325/3519/2436 2322/3515/2432
f 2327/3520/2437 2323/3516/2433 2324/3517/2434
f 2326/3521/2438 2328/3522/2439 2325/3519/2436
f 2330/3523/2440 2326/3521/2438 2327/3520/2437
f 2325/3519/2436 2328/3522/2439 2321/3457/381
f 2328/3522/2439 2331/3524/2441 2321/3457/381
f 2332/3525/2442 2328/3522/2439 2329/3526/2443
f 2330/3523/2440 2332/3525/2442 2329/3526/2443
f 2333/3527/2444 2335/3528/2445 2332/3525/2442
f 2331/3524/2441 2334/3529/2446 2321/3457/381
f 2332/3525/2442 2334/3529/2446 2331/3524/2441
f 2334/3529/2446 2337/3530/2447 2321/3457/381
f 2338/3531/2448 2334/3529/2446 2335/3528/2445
f 2339/3532/2449 2335/3528/2445 2336/3533/2450
f 2342/3534/2451 2338/3531/2448 2339/3532/2449
f 2337/3530/2447 2340/3535/2452 2321/3457/381
f 2338/3531/2448 2340/3535/2452 2337/3530/2447
f 2340/3535/2452 2343/3536/2453 2321/3457/381
f 2344/3537/2454 2340/3535/2452 2341/3538/2455
f 2342/3534/2451 2344/3537/2454 2341/3538/2455
f 2343/3536/2453 2346/3539/2456 2321/3457/381
f 2347/3540/2457 2343/3536/2453 2344/3537/2454
f 2348/3541/2458 2344/3537/2454 2345/3542/2459
f 2346/3539/2456 2349/3543/2460 2321/3457/381
f 2347/3540/2457 2349/3543/2460 2346/3539/2456
f 2348/3541/2458 2350/3544/2461 2347/3540/2457
f 2349/3543/2460 2352/3545/2462 2321/3457/381
f 2350/3544/2461 2352/3545/2462 2349/3543/2460
f 2354/3546/2463 2350/3544/2461 2351/3547/2464
f 2352/3545/2462 2355/3548/2465 2321/3457/381
f 2353/3549/2466 2355/3548/2465 2352/3545/2462
f 2357/3550/2467 2353/3549/2466 2354/3546/2463
f 2355/3548/2465 2261/3455/2373 2321/3457/381
f 2356/3551/2468 2261/3455/2373 2355/3548/2465
f 2357/3550/2467 2262/3458/2375 2356/3551/2468
f 2371/3552/2469 2422/3553/2470 2423/3554/2471
f 2402/3555/2472 2368/3556/2473 2369/3557/2472
f 2379/3558/2474 2424/3559/2475 2425/3560/2476
f 2427/3561/2477 2359/3562/2478 2426/3563/2479
f 2387/3564/2480 2428/3565/2481 2429/3566/2482
f 2363/3567/2483 2430/3568/2484 2431/3569/2485
f 2358/3570/2486 2432/3571/2487 2433/3572/2488
f 2435/3573/2489 2372/1901/2490 2434/3574/2491
f 2376/3575/2492 2436/3576/2493 2437/3577/2494
f 2384/3578/2495 2438/3579/2496 2439/3580/2497
f 2441/3581/2498 2367/3582/2499 2440/3583/2500
f 2428/3565/2481 2385/3584/2501 2442/3585/2502
f 2381/3586/2503 2443/3587/2504 2444/3588/2505
f 2430/3568/2484 2361/3589/2506 2445/3590/2507
f 2432/3571/2487 2389/3591/2508 2446/3592/2509
f 2365/3593/2510 2447/3594/2511 2448/3595/2512
f 2436/3576/2493 2374/3596/2513 2449/3597/2514
f 2424/3559/2475 2377/3598/2515 2450/3599/2516
f 2422/3553/2470 2369/3600/2517 2451/3601/2518
f 2446/3592/2509 2387/3564/2480 2429/3566/2482
f 2438/3579/2496 2382/3602/2519 2452/3603/2520
f 2447/3594/2511 2363/3567/2483 2431/3569/2485
f 2426/3563/2479 2358/3570/2486 2433/3572/2488
f 2367/3582/2499 2453/3604/2521 2440/3583/2500
f 2450/3599/2516 2376/3575/2492 2437/3577/2494
f 2372/1901/2490 2423/3554/2471 2434/3574/2491
f 2443/3587/2504 2379/3558/2474 2425/3560/2476
f 2442/3585/2502 2384/3578/2495 2439/3580/2497
f 2453/3604/2521 2365/3593/2510 2448/3595/2512
f 2445/3590/2507 2360/3605/2522 2427/3561/2477
f 2451/3601/2518 2368/3606/2523 2441/3581/2498
f 2374/3596/2513 2435/3573/2489 2449/3597/2514
f 2452/3603/2520 2381/3586/2503 2444/3588/2505
f 2409/3607/11 2472/3608/11 2408/3609/11
f 2383/3610/2524 2415/3611/2525 2382/3612/2525
f 2370/3613/2526 2402/3614/2472 2369/3615/2472
f 2417/3616/2527 2383/3617/2524 2384/3618/2527
f 2404/3619/2528 2370/3613/2526 2371/3620/2528
f 2385/3621/2529 2417/3616/2527 2384/3618/2527
f 2372/3622/2530 2404/3619/2528 2371/3620/2528
f 2391/3623/2531 2388/3624/2532 2358/3625/2531
f 2419/3626/2533 2385/3621/2529 2386/3627/2533
f 2373/3628/2534 2405/3629/2530 2372/3622/2530
f 2392/3630/2535 2359/3631/2536 2360/3632/2535
f 2420/3633/2537 2386/3627/2533 2387/3634/2537
f 2407/3635/2538 2373/3628/2534 2374/3636/2538
f 2394/3637/2539 2360/3605/2535 2361/3589/2539
f 2389/3638/2540 2420/3633/2537 2387/3634/2537
f 2375/3639/2541 2407/3635/2538 2374/3636/2538
f 2362/3640/2542 2394/3641/2539 2361/3642/2539
f 2388/3624/2532 2421/3643/2540 2389/3638/2540
f 2409/3644/2543 2375/3645/2541 2376/3646/2543
f 2396/3647/2544 2362/3640/2542 2363/3648/2544
f 2359/3631/2536 2391/3623/2531 2358/3625/2531
f 2410/3649/2545 2376/3646/2543 2377/3650/2545
f 2364/3651/2546 2396/3647/2544 2363/3648/2544
f 2378/3652/2547 2410/3649/2545 2377/3650/2545
f 2365/3653/2548 2397/3654/2546 2364/3651/2546
f 2379/3655/2549 2411/3656/2547 2378/3652/2547
f 2399/3657/2550 2365/3653/2548 2366/3658/2550
f 2380/3659/2551 2412/3660/2549 2379/3655/2549
f 2400/3661/2552 2366/3658/2550 2367/3662/2552
f 2414/3663/2553 2380/3659/2551 2381/3664/2553
f 2368/3556/2473 2400/3661/2552 2367/3662/2552
f 2382/3612/2525 2414/3663/2553 2381/3664/2553
f 2284/3665/2554 2444/3666/2505 2287/3667/2555
f 2449/3668/2514 2311/3509/2556 2308/3502/2557
f 2451/3669/2518 2327/3670/2558 2324/3671/2559
f 2445/3672/2507 2351/3673/2560 2348/3674/2561
f 2333/3675/2562 2448/3676/2512 2336/3677/2563
f 2275/3678/2564 2439/3679/2497 2278/3680/2565
f 2290/3681/2566 2425/3682/2476 2293/3683/2567
f 2434/3684/2491 2317/3685/2568 2314/3686/2569
f 2450/3687/2516 2302/3688/2570 2299/3689/2571
f 2330/3690/2572 2453/3691/2521 2333/3675/2562
f 2354/3692/2573 2433/3693/2488 2357/3694/2574
f 2339/3695/2575 2431/3696/2485 2342/3697/2576
f 2281/3698/2577 2452/3699/2520 2284/3665/2554
f 2266/3462/2578 2429/3700/2482 2269/3461/2579
f 2422/3701/2470 2324/3671/2559 2320/3702/2580
f 2296/3703/2581 2450/3687/2516 2299/3689/2571
f 2305/3503/2582 2449/3668/2514 2308/3502/2557
f 2448/3676/2512 2339/3695/2575 2336/3677/2563
f 2263/3459/2583 2446/3704/2509 2266/3462/2578
f 2430/3705/2484 2348/3674/2561 2345/3706/2584
f 2444/3666/2505 2290/3681/2566 2287/3667/2555
f 2428/3707/2481 2275/3678/2564 2272/3708/2585
f 2327/3670/2558 2440/3709/2500 2330/3690/2572
f 2439/3679/2497 2281/3698/2577 2278/3680/2565
f 2437/3710/2494 2305/3711/2582 2302/3688/2570
f 2311/3509/2556 2434/3712/2491 2314/3508/2569
f 2433/3713/2488 2263/3459/2583 2357/3550/2574
f 2431/3696/2485 2345/3706/2584 2342/3697/2576
f 2269/3714/2579 2428/3707/2481 2272/3708/2585
f 2427/3715/2477 2354/3692/2573 2351/3673/2560
f 2293/3683/2567 2424/3716/2475 2296/3703/2581
f 2317/3685/2568 2422/3701/2470 2320/3702/2580
f 2479/3717/2586 2510/3718/2587 2478/3719/2587
f 2460/3720/11 2395/3721/11 2396/3722/11
f 2457/3723/11 2391/3724/11 2393/3725/11
f 2410/3726/11 2473/3727/11 2409/3607/11
f 2461/3728/11 2396/3722/11 2397/3729/11
f 2475/3730/11 2410/3726/11 2411/3731/11
f 2398/3732/11 2461/3728/11 2397/3729/11
f 2412/3733/11 2475/3730/11 2411/3731/11
f 2463/3734/11 2398/3732/11 2399/3735/11
f 2477/3736/11 2412/3733/11 2413/3737/11
f 2464/3738/11 2399/3735/11 2400/3739/11
f 2414/3740/11 2477/3736/11 2413/3737/11
f 2465/3741/11 2400/3739/11 2401/3742/11
f 2479/3743/11 2414/3740/11 2415/3744/11
f 2402/3745/11 2465/3741/11 2401/3742/11
f 2480/3746/11 2415/3744/11 2416/3747/11
f 2467/3748/11 2402/3745/11 2403/3749/11
f 2417/3750/11 2480/3746/11 2416/3747/11
f 2468/3751/11 2403/3749/11 2404/3752/11
f 2418/3753/11 2481/3754/11 2417/3750/11
f 2405/3755/11 2468/3751/11 2404/3752/11
f 2391/3724/11 2454/3756/11 2390/3757/11
f 2483/3758/11 2418/3753/11 2419/3759/11
f 2470/3760/11 2405/3755/11 2406/3761/11
f 2392/3762/11 2457/3723/11 2393/3725/11
f 2484/3763/11 2419/3759/11 2420/3764/11
f 2407/3765/11 2470/3760/11 2406/3761/11
f 2458/3766/11 2392/3762/11 2394/3767/11
f 2485/3768/11 2420/3764/11 2421/3769/11
f 2472/3608/11 2407/3765/11 2408/3609/11
f 2459/3770/11 2394/3767/11 2395/3721/11
f 2454/3756/11 2421/3769/11 2390/3757/11
f 2517/3771/11 2493/3772/11 2501/3773/11
f 2498/3774/2588 2465/3775/2589 2466/3776/2588
f 2480/3777/2590 2511/3778/2586 2479/3717/2586
f 2467/3779/2591 2498/3780/2588 2466/3781/2588
f 2513/3782/2592 2480/3783/2590 2481/3784/2592
f 2500/3785/2593 2467/3779/2591 2468/3786/2593
f 2514/3787/2594 2481/3784/2592 2482/3788/2594
f 2501/3789/2595 2468/3786/2593 2469/3790/2595
f 2487/3791/2596 2454/3792/2597 2455/3793/2596
f 2483/3794/2598 2514/3787/2594 2482/3788/2594
f 2470/3795/2599 2501/3789/2595 2469/3790/2595
f 2488/3796/2600 2457/3797/2601 2456/3798/2600
f 2516/3799/2602 2483/3794/2598 2484/3800/2602
f 2503/3801/2603 2470/3795/2599 2471/3802/2603
f 2458/3803/2604 2488/3804/2600 2456/3805/2600
f 2517/3806/2605 2484/3800/2602 2485/3807/2605
f 2472/3808/2606 2503/3801/2603 2471/3802/2603
f 2459/3809/2607 2490/3810/2604 2458/3811/2604
f 2454/3792/2597 2517/3806/2605 2485/3807/2605
f 2505/3812/2608 2472/3813/2606 2473/3814/2608
f 2492/3815/2609 2459/3809/2607 2460/3816/2609
f 2457/3797/2601 2487/3791/2596 2455/3793/2596
f 2506/3817/2610 2473/3814/2608 2474/3818/2610
f 2461/3819/2611 2492/3815/2609 2460/3816/2609
f 2475/3820/2612 2506/3817/2610 2474/3818/2610
f 2462/3821/2613 2493/3822/2611 2461/3819/2611
f 2508/3823/2614 2475/3820/2612 2476/3824/2614
f 2495/3825/2615 2462/3821/2613 2463/3826/2615
f 2477/3827/2616 2508/3823/2614 2476/3824/2614
f 2496/3828/2617 2463/3826/2615 2464/3829/2617
f 2510/3718/2587 2477/3827/2616 2478/3719/2587
f 2465/3775/2589 2496/3828/2617 2464/3829/2617
f 2608/3830/2618 2620/3831/2619 2518/3832/2620
f 2518/3832/2620 2766/3833/2621 2596/3834/2622
f 2518/3835/2620 2757/3836/2623 2618/3837/2624
f 2518/3835/2620 2759/3838/2625 2608/3839/2618
f 2519/3840/2626 2769/3841/2627 2613/3842/2628
f 2519/3840/2626 2767/3843/2629 2608/3830/2618
f 2608/3830/2618 2602/3844/2630 2519/3840/2626
f 2519/3845/2626 2763/3846/2631 2604/3847/2632
f 2520/3848/2633 2768/3849/2634 2609/3850/2635
f 2609/3851/2636 2601/3852/2637 2520/3853/2638
f 2520/3854/2639 2757/3836/2640 2596/3855/2641
f 2596/3856/2642 2612/3857/2643 2520/3848/2644
f 2521/3858/2645 2790/3859/2646 2663/3860/2647
f 2663/3861/2647 2610/3862/2648 2521/3863/2645
f 2521/3863/2649 2769/3841/2627 2666/3864/2649
f 2666/3864/2649 2672/3865/2650 2521/3863/2649
f 2598/3866/2651 2603/3867/2652 2522/3868/2653
f 2603/3867/2654 2612/3857/2655 2522/3868/2656
f 2522/3868/2657 2766/3869/2658 2607/3870/2659
f 2607/3870/2660 2598/3866/2651 2522/3868/2653
f 2523/3871/2661 2761/3872/2662 2600/3873/2663
f 2600/3873/2663 2597/3874/2664 2523/3871/2661
f 2597/3874/2665 2613/3842/2628 2523/3871/2666
f 2613/3842/2628 2610/3862/2667 2523/3871/2666
f 2663/3875/2647 2671/3876/2668 2524/3877/2669
f 2524/3877/2669 2788/3878/2670 2599/3879/2671
f 2599/3879/2671 2619/3880/2672 2524/3877/2669
f 2524/3877/2669 2761/3881/2673 2663/3875/2647
f 2670/3882/2674 2664/3883/2675 2525/3884/2676
f 2525/3885/2676 2762/3886/2677 2609/3851/2636
f 2609/3850/2635 2611/3887/2678 2525/3888/2679
f 2525/3888/2679 2789/3889/2680 2670/3890/2681
f 2600/3891/2682 2619/3880/2672 2526/3892/2683
f 2526/3892/2683 2760/3893/2684 2598/3866/2651
f 2526/3892/2683 2756/3894/2685 2615/3895/2686
f 2526/3892/2683 2758/3896/2687 2600/3891/2682
f 2527/3897/2688 2762/3898/2689 2616/3899/2690
f 2616/3899/2690 2602/3900/2691 2527/3897/2688
f 2527/3897/2688 2759/3838/2692 2618/3837/2693
f 2527/3897/2688 2757/3836/2694 2601/3901/2695
f 2669/3902/2696 2665/3903/2697 2528/3904/2698
f 2528/3904/2698 2763/3905/2699 2616/3899/2690
f 2616/3899/2690 2664/3883/2675 2528/3904/2698
f 2528/3904/2698 2791/3906/2700 2669/3902/2696
f 2599/3879/2671 2668/3907/2701 2529/3908/2702
f 2668/3907/2703 2611/3887/2678 2529/3908/2704
f 2529/3908/2704 2768/3849/2634 2603/3867/2654
f 2529/3908/2702 2760/3893/2684 2599/3879/2671
f 2530/3909/2705 2758/3910/2706 2615/3911/2707
f 2530/3912/2705 2756/3894/2685 2607/3870/2660
f 2607/3913/2708 2620/3831/2619 2530/3909/2709
f 2530/3909/2709 2767/3843/2710 2597/3874/2711
f 2531/3914/2712 2785/3915/2713 2656/3916/2714
f 2656/3916/2714 2628/3917/2715 2531/3914/2712
f 2531/3914/2712 2770/3918/2716 2625/3919/2717
f 2625/3919/2717 2648/3920/2718 2531/3914/2712
f 2649/3921/2719 2655/3922/2720 2532/3923/2721
f 2655/3924/2722 2630/3925/2723 2532/3926/2722
f 2532/3926/2722 2774/3927/2723 2621/3928/2722
f 2532/3923/2721 2772/3929/2724 2649/3921/2719
f 2650/3930/2725 2654/3931/2726 2533/3932/2727
f 2533/3932/2727 2786/3933/2728 2649/3934/2719
f 2649/3934/2719 2626/3935/2729 2533/3932/2727
f 2533/3932/2727 2773/3936/2730 2650/3930/2725
f 2534/3937/2731 2783/3938/2723 2653/3939/2731
f 2653/3939/2732 2648/3940/2718 2534/3937/2733
f 2534/3937/2733 2771/3941/2734 2623/3942/2735
f 2623/3942/2731 2630/3925/2723 2534/3937/2731
f 2535/3943/2736 2782/3944/2737 2652/3945/2738
f 2535/3946/2739 2784/3947/2740 2632/3948/2739
f 2632/3948/2739 2622/3949/2741 2535/3946/2739
f 2622/3950/2742 2628/3951/2743 2535/3943/2736
f 2536/3952/2739 2784/3947/2740 2651/3953/2740
f 2536/3952/2744 2787/3954/2745 2650/3955/2746
f 2650/3955/2746 2624/3956/2747 2536/3952/2744
f 2624/3956/2741 2632/3948/2739 2536/3952/2739
f 2638/3957/2748 2606/3958/2749 2537/3959/2748
f 2606/3960/2750 2631/3961/2751 2537/3962/2752
f 2631/3961/2751 2639/3963/2753 2537/3962/2752
f 2537/3964/2754 2781/3965/2755 2638/3966/2754
f 2634/3967/2756 2595/3968/2757 2538/3969/2758
f 2538/3970/2748 2765/3971/2759 2638/3957/2748
f 2638/3966/2754 2640/3972/2755 2538/3973/2754
f 2640/3974/2760 2634/3967/2756 2538/3969/2758
f 2539/3975/2761 2764/3976/2762 2605/3977/2763
f 2605/3977/2764 2627/3978/2765 2539/3975/2766
f 2539/3975/2766 2776/3979/2767 2641/3980/2768
f 2641/3980/2731 2636/3981/2769 2539/3975/2761
f 2540/3982/2770 2755/3983/2771 2617/3984/2772
f 2617/3984/2772 2629/3985/2773 2540/3982/2770
f 2629/3985/2773 2642/3986/2774 2540/3982/2770
f 2540/3982/2770 2780/3987/2775 2631/3961/2751
f 2629/3988/2773 2594/3989/2776 2541/3990/2777
f 2594/3991/2778 2636/3981/2769 2541/3992/2779
f 2541/3992/2779 2779/3993/2723 2643/3994/2722
f 2541/3990/2777 2778/3995/2780 2629/3988/2773
f 2627/3996/2765 2614/3997/2781 2542/3998/2782
f 2542/3998/2782 2752/3999/2783 2634/3967/2756
f 2542/3998/2782 2777/4000/2784 2644/4001/2785
f 2644/4002/2785 2627/4003/2765 2542/4004/2782
f 2647/4005/2786 2639/4006/2755 2543/4007/2786
f 2543/4008/2787 2780/4009/2775 2637/4010/2788
f 2637/4010/2788 2651/3953/2789 2543/4008/2787
f 2651/4011/2740 2647/4005/2786 2543/4007/2786
f 2544/4012/2790 2777/4000/2784 2640/3974/2760
f 2544/4012/2786 2781/4013/2755 2647/4005/2786
f 2647/4005/2786 2652/3945/2740 2544/4012/2786
f 2652/3945/2738 2645/4014/2791 2544/4012/2790
f 2545/4015/2731 2779/3993/2723 2641/3980/2731
f 2641/3980/2768 2633/4016/2792 2545/4015/2793
f 2545/4015/2793 2785/4017/2713 2653/3939/2732
f 2653/3939/2731 2646/4018/2723 2545/4015/2731
f 2637/4019/2794 2642/3986/2774 2546/4020/2795
f 2546/4020/2795 2778/4021/2780 2635/4022/2796
f 2635/4022/2796 2654/3931/2726 2546/4020/2795
f 2546/4020/2795 2787/4023/2797 2637/4019/2794
f 2635/4024/2796 2643/4025/2798 2547/4026/2799
f 2643/3994/2722 2646/4018/2723 2547/4027/2722
f 2547/4027/2722 2783/3938/2723 2655/3924/2722
f 2547/4026/2799 2786/4028/2728 2635/4024/2796
f 2548/4029/2800 2776/4030/2767 2644/4002/2785
f 2644/4002/2785 2645/4031/2801 2548/4029/2800
f 2548/4029/2800 2782/4032/2802 2656/3916/2714
f 2656/3916/2714 2633/4033/2792 2548/4029/2800
f 2605/3977/2763 2662/4034/2803 2549/4035/2804
f 2549/4035/2804 2789/3889/2680 2668/3907/2703
f 2668/3907/2701 2661/4036/2805 2549/4035/2806
f 2549/4035/2806 2753/4037/2807 2605/3977/2764
f 2667/4038/2808 2659/4039/2809 2550/4040/2810
f 2550/4040/2810 2755/3983/2771 2606/3960/2750
f 2550/4041/2811 2765/3971/2759 2660/4042/2811
f 2660/4042/2811 2667/4043/2812 2550/4041/2811
f 2666/3864/2649 2604/4044/2632 2551/4045/2813
f 2604/3847/2632 2665/4046/2814 2551/4047/2813
f 2551/4047/2813 2792/4048/2815 2667/4049/2808
f 2551/4045/2813 2793/4050/2650 2666/3864/2649
f 2552/4051/2816 2792/4052/2815 2669/4053/2696
f 2669/4053/2696 2658/4054/2817 2552/4051/2816
f 2552/4051/2816 2754/4055/2818 2617/3984/2772
f 2617/3984/2772 2659/4039/2809 2552/4051/2816
f 2553/4056/2819 2791/3906/2700 2670/3882/2674
f 2670/3890/2681 2662/4034/2803 2553/4057/2820
f 2553/4057/2820 2764/3976/2762 2594/3991/2778
f 2553/4056/2819 2754/4058/2818 2658/4059/2817
f 2554/4060/2821 2753/4061/2807 2661/4062/2805
f 2661/4063/2805 2671/4064/2668 2554/4065/2821
f 2554/4060/2821 2790/4066/2646 2657/4067/2822
f 2657/4067/2822 2614/3997/2781 2554/4060/2821
f 2657/4067/2822 2672/4068/2823 2555/4069/2824
f 2555/4070/2825 2793/4071/2650 2660/4042/2811
f 2660/4042/2811 2595/4072/2826 2555/4070/2825
f 2555/4069/2824 2752/3999/2783 2657/4067/2822
f 2699/4073/2827 2687/4074/2828 2556/4075/2829
f 2556/4075/2829 2801/4076/2830 2697/4077/2831
f 2556/4078/2829 2799/4079/2832 2675/4080/2833
f 2556/4078/2829 2808/4081/2834 2699/4082/2827
f 2557/4083/2835 2811/4084/2836 2683/4085/2837
f 2557/4083/2835 2805/4086/2838 2681/4087/2839
f 2681/4087/2839 2687/4074/2828 2557/4083/2835
f 2557/4083/2835 2809/4088/2840 2692/4089/2841
f 2558/4090/2842 2810/4091/2843 2691/4092/2844
f 2691/4093/2845 2675/4080/2846 2558/4094/2847
f 2558/4094/2848 2799/4079/2849 2680/4095/2850
f 2680/4096/2851 2688/4097/2852 2558/4090/2853
f 2559/4098/2854 2832/4099/2855 2751/4100/2856
f 2751/4101/2857 2745/4102/2858 2559/4103/2859
f 2559/4103/2859 2811/4084/2836 2689/4104/2836
f 2689/4105/2860 2742/4106/2861 2559/4098/2854
f 2682/4107/2862 2677/4108/2863 2560/4109/2864
f 2677/4110/2863 2686/4111/2865 2560/4112/2864
f 2560/4112/2866 2808/4081/2867 2691/4093/2845
f 2691/4092/2844 2682/4113/2868 2560/4114/2869
f 2561/4115/2870 2803/4116/2871 2689/4105/2860
f 2689/4104/2836 2692/4089/2841 2561/4117/2872
f 2692/4089/2841 2676/4118/2873 2561/4117/2872
f 2676/4118/2874 2679/4119/2875 2561/4117/2870
f 2750/4120/2876 2742/4106/2861 2562/4121/2877
f 2562/4121/2877 2803/4116/2878 2698/4122/2879
f 2698/4122/2879 2678/4123/2880 2562/4121/2877
f 2562/4121/2877 2830/4124/2881 2750/4120/2876
f 2743/4125/2882 2749/4126/2883 2563/4127/2884
f 2563/4127/2885 2831/4128/2886 2690/4129/2887
f 2690/4129/2887 2688/4097/2888 2563/4127/2885
f 2563/4127/2884 2804/4130/2889 2743/4125/2882
f 2698/4122/2879 2679/4131/2890 2564/4132/2891
f 2564/4132/2891 2800/4133/2892 2694/4134/2893
f 2564/4132/2891 2798/4135/2894 2677/4108/2863
f 2564/4132/2891 2802/4136/2895 2698/4122/2879
f 2565/4137/2896 2804/4138/2897 2680/4139/2898
f 2565/4137/2896 2799/4140/2899 2697/4141/2900
f 2565/4137/2896 2801/4142/2901 2681/4143/2902
f 2681/4143/2902 2695/4144/2903 2565/4137/2896
f 2744/4145/2904 2748/4146/2905 2566/4147/2906
f 2566/4147/2906 2833/4148/2907 2743/4149/2882
f 2743/4149/2882 2695/4144/2903 2566/4147/2906
f 2566/4147/2906 2805/4150/2908 2744/4145/2904
f 2747/4151/2909 2678/4123/2880 2567/4152/2910
f 2567/4152/2910 2802/4136/2895 2682/4107/2862
f 2567/4153/2911 2810/4091/2843 2690/4129/2887
f 2690/4129/2887 2747/4154/2912 2567/4153/2911
f 2568/4155/2913 2800/4156/2914 2676/4157/2874
f 2568/4158/2915 2809/4088/2916 2699/4073/2827
f 2699/4082/2827 2686/4111/2917 2568/4155/2915
f 2568/4155/2913 2798/4159/2894 2694/4160/2918
f 2569/4161/2919 2827/4162/2920 2727/4163/2921
f 2727/4163/2921 2704/4164/2922 2569/4161/2919
f 2569/4161/2919 2812/4165/2923 2707/4166/2924
f 2707/4166/2924 2735/4167/2925 2569/4161/2919
f 2734/4168/2926 2728/4169/2927 2570/4170/2928
f 2570/4170/2928 2814/4171/2929 2700/4172/2930
f 2570/4173/2931 2816/4174/2932 2709/4175/2933
f 2709/4175/2933 2734/4176/2931 2570/4173/2931
f 2733/4177/2934 2729/4178/2935 2571/4179/2936
f 2571/4179/2936 2815/4180/2937 2705/4181/2938
f 2705/4181/2938 2728/4182/2927 2571/4179/2936
f 2571/4179/2936 2828/4183/2939 2733/4177/2934
f 2572/4184/2940 2825/4185/2933 2709/4175/2933
f 2709/4175/2933 2702/4186/2940 2572/4184/2940
f 2572/4187/2941 2813/4188/2942 2727/4189/2921
f 2727/4190/2921 2732/4191/2943 2572/4192/2941
f 2573/4193/2944 2824/4194/2945 2707/4166/2946
f 2707/4166/2946 2701/4195/2947 2573/4193/2944
f 2701/4196/2948 2711/4197/2949 2573/4198/2949
f 2711/4197/2949 2731/4199/2950 2573/4198/2949
f 2574/4200/2949 2826/4201/2950 2711/4197/2949
f 2711/4197/2949 2703/4202/2948 2574/4200/2949
f 2703/4202/2951 2729/4203/2952 2574/4200/2953
f 2574/4200/2953 2829/4204/2954 2730/4205/2955
f 2685/4206/2956 2717/4207/2957 2575/4208/2957
f 2717/4209/2958 2718/4210/2959 2575/4211/2958
f 2718/4212/2960 2710/4213/2961 2575/4214/2962
f 2710/4213/2961 2685/4215/2963 2575/4214/2962
f 2674/4216/2964 2713/4217/2965 2576/4218/2966
f 2713/4217/2965 2719/4219/2967 2576/4218/2966
f 2719/4220/2959 2717/4209/2958 2576/4221/2958
f 2576/4222/2957 2807/4223/2968 2674/4224/2969
f 2577/4225/2970 2806/4226/2971 2715/4227/2972
f 2715/4227/2972 2720/4228/2940 2577/4225/2970
f 2577/4229/2973 2818/4230/2974 2706/4231/2975
f 2706/4231/2975 2684/4232/2976 2577/4229/2973
f 2578/4233/2977 2797/4234/2978 2710/4213/2961
f 2578/4233/2977 2822/4235/2979 2721/4236/2980
f 2721/4236/2980 2708/4237/2981 2578/4233/2977
f 2708/4237/2981 2696/4238/2982 2578/4233/2977
f 2673/4239/2983 2708/4240/2981 2579/4241/2984
f 2579/4241/2984 2820/4242/2985 2722/4243/2986
f 2579/4244/2987 2821/4245/2933 2715/4227/2972
f 2715/4227/2972 2673/4246/2988 2579/4244/2987
f 2693/4247/2989 2706/4248/2975 2580/4249/2990
f 2706/4248/2975 2723/4250/2991 2580/4249/2990
f 2580/4249/2990 2819/4251/2992 2713/4217/2965
f 2580/4249/2990 2794/4252/2993 2693/4247/2989
f 2581/4253/2994 2823/4254/2959 2726/4255/2994
f 2726/4255/2994 2730/4205/2950 2581/4253/2994
f 2730/4205/2955 2716/4256/2995 2581/4253/2996
f 2581/4257/2996 2822/4235/2979 2718/4212/2960
f 2582/4258/2997 2819/4251/2992 2724/4259/2998
f 2724/4259/2998 2731/4260/2999 2582/4258/2997
f 2582/4261/2994 2826/4201/2950 2726/4255/2994
f 2726/4255/2994 2719/4220/2959 2582/4261/2994
f 2583/4262/2940 2821/4245/2933 2725/4263/2933
f 2725/4263/2933 2732/4264/2940 2583/4262/2940
f 2583/4265/3000 2827/4266/2920 2712/4267/3001
f 2712/4267/3001 2720/4268/3002 2583/4265/3000
f 2721/4236/2980 2716/4269/3003 2584/4270/3004
f 2584/4270/3004 2829/4271/3005 2733/4177/2934
f 2733/4177/2934 2714/4272/3006 2584/4270/3004
f 2584/4270/3004 2820/4273/2985 2721/4236/2980
f 2722/4243/2986 2714/4274/3006 2585/4275/3007
f 2585/4275/3007 2828/4276/2939 2734/4168/2926
f 2585/4277/2931 2825/4185/2933 2725/4263/2933
f 2725/4263/2933 2722/4278/2931 2585/4277/2931
f 2586/4279/3008 2818/4280/2974 2712/4281/3001
f 2712/4281/3001 2735/4167/2925 2586/4279/3008
f 2586/4279/3008 2824/4194/3009 2724/4259/3010
f 2724/4259/3010 2723/4250/2991 2586/4279/3008
f 2741/4282/3011 2684/4283/3012 2587/4284/3013
f 2587/4285/3014 2795/4286/3015 2740/4287/3016
f 2740/4287/3016 2747/4151/2909 2587/4285/3014
f 2587/4284/3013 2831/4128/2886 2741/4282/3011
f 2738/4288/3017 2746/4289/3018 2588/4290/3019
f 2746/4291/3020 2739/4292/3021 2588/4293/3021
f 2588/4293/3021 2807/4223/2968 2685/4206/2956
f 2588/4290/3019 2797/4234/2978 2738/4288/3017
f 2683/4085/2837 2745/4102/2858 2589/4294/3022
f 2589/4294/3022 2835/4295/3020 2746/4296/3020
f 2589/4297/3022 2834/4298/3023 2744/4145/3024
f 2744/4145/3024 2683/4299/2837 2589/4297/3022
f 2590/4300/3025 2834/4301/3023 2738/4288/3017
f 2738/4288/3017 2696/4238/2982 2590/4300/3025
f 2590/4300/3025 2796/4302/3026 2737/4303/3027
f 2737/4303/3027 2748/4304/2905 2590/4300/3025
f 2591/4305/3028 2833/4148/2907 2737/4306/3027
f 2591/4305/3028 2796/4307/3026 2673/4239/2983
f 2591/4308/3029 2806/4226/2971 2741/4282/3011
f 2741/4282/3011 2749/4126/3030 2591/4308/3029
f 2592/4309/3031 2795/4310/3015 2693/4247/2989
f 2693/4247/2989 2736/4311/3032 2592/4309/3031
f 2592/4309/3031 2832/4312/2855 2750/4313/2876
f 2750/4313/2876 2740/4314/3016 2592/4309/3031
f 2751/4315/2856 2736/4311/3032 2593/4316/3033
f 2593/4316/3033 2794/4252/2993 2674/4216/2964
f 2674/4224/2969 2739/4292/3021 2593/4317/3034
f 2593/4317/3034 2835/4318/3020 2751/4319/2857
f 2938/4320/3035 2926/4321/3036 2836/4322/3037
f 2836/4322/3037 3084/4323/3038 2938/4320/3035
f 2836/4324/3037 3075/4325/3039 2914/4326/3040
f 2836/4324/3037 3077/4327/3041 2936/4328/3042
f 2837/4329/3043 3087/4330/3044 2922/4331/3045
f 2837/4329/3043 3085/4332/3046 2931/4333/3047
f 2920/4334/3048 2926/4321/3036 2837/4329/3043
f 2837/4335/3043 3081/4336/3049 2920/4337/3048
f 2838/4338/3050 3086/4339/3051 2930/4340/3052
f 2919/3852/3053 2927/4341/3054 2838/3853/3055
f 2838/4342/3056 3075/4325/3057 2919/4343/3058
f 2930/4340/3059 2914/4344/3060 2838/4338/3061
f 2839/4345/3062 3108/4346/3063 2990/4347/3064
f 2928/4348/3065 2981/4349/3066 2839/4350/3062
f 2839/4350/3067 3087/4330/3044 2928/4348/3068
f 2990/4351/3069 2984/4352/3067 2839/4350/3067
f 2921/4353/3070 2916/4354/3071 2840/4355/3072
f 2930/4340/3052 2921/4353/3073 2840/4355/3074
f 2840/4355/3075 3084/4356/3076 2930/4340/3059
f 2916/4354/3071 2925/4357/3077 2840/4355/3072
f 2841/4358/3078 3079/4359/3079 2928/4348/3065
f 2915/4360/3080 2918/4361/3081 2841/4358/3078
f 2931/4333/3047 2915/4360/3082 2841/4358/3083
f 2928/4348/3068 2931/4333/3047 2841/4358/3083
f 2989/4362/3084 2981/4363/3066 2842/4364/3085
f 2842/4364/3085 3106/4365/3086 2989/4362/3084
f 2937/4366/3087 2917/4367/3088 2842/4364/3085
f 2842/4364/3085 3079/4368/3089 2937/4366/3087
f 2982/4369/3090 2988/4370/3091 2843/4371/3092
f 2843/4372/3092 3080/4373/3093 2982/4374/3090
f 2929/4375/3094 2927/4376/3095 2843/4377/3096
f 2843/4377/3096 3107/4378/3097 2929/4375/3094
f 2937/4366/3087 2918/4379/3098 2844/4380/3099
f 2844/4380/3099 3078/4381/3100 2937/4366/3087
f 2844/4380/3099 3074/4382/3101 2916/4354/3071
f 2844/4380/3099 3076/4383/3102 2933/4384/3103
f 2845/4385/3104 3080/4386/3105 2919/4343/3106
f 2920/4387/3107 2934/4388/3108 2845/4385/3104
f 2845/4385/3104 3077/4327/3109 2920/4387/3107
f 2845/4385/3104 3075/4325/3110 2936/4328/3111
f 2983/4389/3112 2987/4390/3113 2846/4391/3114
f 2846/4391/3114 3081/4392/3115 2983/4389/3112
f 2982/4369/3090 2934/4388/3108 2846/4391/3114
f 2846/4391/3114 3109/4393/3116 2982/4369/3090
f 2986/4394/3117 2917/4367/3088 2847/4395/3118
f 2929/4375/3094 2986/4394/3119 2847/4395/3120
f 2847/4395/3120 3086/4339/3051 2929/4375/3094
f 2847/4395/3118 3078/4381/3100 2921/4353/3070
f 2848/4396/3121 3076/4397/3122 2915/4360/3080
f 2848/3912/3121 3074/4382/3101 2933/4384/3123
f 2938/4320/3035 2925/4398/3124 2848/4396/3125
f 2848/4396/3125 3085/4332/3126 2938/4320/3035
f 2849/4399/3127 3103/4400/3128 2966/4401/3129
f 2946/4402/3130 2974/4403/3131 2849/4399/3127
f 2849/4399/3127 3088/4404/3132 2946/4402/3130
f 2966/4401/3129 2943/4405/3133 2849/4399/3127
f 2973/4406/3134 2967/4407/3135 2850/4408/3136
f 2948/4409/3137 2973/4410/3138 2850/4411/3138
f 2850/4411/3138 3092/4412/3137 2948/4409/3137
f 2850/4408/3136 3090/4413/3139 2939/4414/3140
f 2972/4415/3141 2968/4416/3142 2851/4417/3143
f 2851/4417/3143 3104/4418/3144 2972/4415/3141
f 2944/4419/3145 2967/4420/3135 2851/4417/3143
f 2851/4417/3143 3091/4421/3146 2944/4419/3145
f 2852/4422/3147 3101/4423/3137 2948/4409/3137
f 2966/4424/3129 2971/4425/3148 2852/4422/3149
f 2852/4422/3149 3089/4426/3150 2966/4424/3129
f 2948/4409/3137 2941/4427/3147 2852/4422/3147
f 2853/4428/3151 3100/4429/3152 2946/4430/3153
f 2853/4431/3154 3102/4432/3155 2970/4433/3155
f 2940/4434/3156 2950/4435/3154 2853/4431/3154
f 2946/4430/3153 2940/4436/3157 2853/4428/3151
f 2854/4437/3154 3102/4432/3155 2950/4435/3154
f 2854/4437/3158 3105/4438/3159 2969/4439/3160
f 2942/4440/3161 2968/4441/3162 2854/4437/3158
f 2950/4435/3154 2942/4440/3156 2854/4437/3154
f 2924/4442/3163 2956/4443/3164 2855/4444/3164
f 2949/4445/3165 2924/4446/3166 2855/4447/3167
f 2957/4448/3168 2949/4449/3165 2855/4450/3167
f 2855/4450/3169 3099/4451/3170 2957/4448/3170
f 2913/4452/3171 2952/4453/3172 2856/4454/3173
f 2856/4455/3164 3083/4456/3174 2913/4457/3175
f 2958/4458/3170 2956/4459/3169 2856/4460/3169
f 2952/4453/3172 2958/4461/3176 2856/4454/3173
f 2857/4462/3177 3082/4463/3178 2954/4464/3179
f 2945/4465/3180 2923/4466/3181 2857/4462/3182
f 2857/4462/3182 3094/4467/3183 2945/4465/3180
f 2954/4464/3179 2959/4468/3147 2857/4462/3177
f 2858/4469/3184 3073/4470/3185 2949/4445/3165
f 2947/4471/3186 2935/4472/3187 2858/4469/3184
f 2960/4473/3188 2947/4471/3186 2858/4469/3184
f 2858/4469/3184 3098/4474/3189 2960/4473/3188
f 2912/4475/3190 2947/4476/3186 2859/4477/3191
f 2954/4464/3179 2912/4478/3192 2859/4479/3193
f 2859/4479/3193 3097/4480/3137 2954/4464/3179
f 2859/4477/3191 3096/4481/3194 2961/4482/3195
f 2932/4483/3196 2945/4484/3180 2860/4485/3197
f 2860/4485/3197 3070/4486/3198 2932/4483/3196
f 2860/4485/3197 3095/4487/3199 2952/4453/3172
f 2945/4488/3180 2962/4489/3200 2860/4490/3197
f 2957/4491/3170 2965/4492/3201 2861/4493/3201
f 2861/4494/3202 3098/4495/3189 2957/4448/3168
f 2969/4439/3160 2955/4496/3203 2861/4494/3202
f 2965/4492/3201 2969/4497/3155 2861/4493/3201
f 2862/4498/3204 3095/4487/3199 2963/4499/3205
f 2862/4498/3201 3099/4500/3170 2958/4461/3170
f 2970/4501/3155 2965/4492/3201 2862/4498/3201
f 2963/4499/3205 2970/4501/3206 2862/4498/3204
f 2863/4502/3147 3097/4480/3137 2964/4503/3137
f 2951/4504/3207 2959/4468/3208 2863/4502/3209
f 2863/4502/3209 3103/4505/3128 2951/4504/3207
f 2964/4503/3137 2971/4425/3147 2863/4502/3147
f 2960/4473/3188 2955/4506/3210 2864/4507/3211
f 2864/4507/3211 3096/4508/3194 2960/4473/3188
f 2972/4415/3141 2953/4509/3212 2864/4507/3211
f 2864/4507/3211 3105/4510/3213 2972/4415/3141
f 2961/4482/3195 2953/4511/3212 2865/4512/3214
f 2964/4503/3137 2961/4513/3138 2865/4514/3138
f 2865/4514/3138 3101/4423/3137 2964/4503/3137
f 2865/4512/3214 3104/4515/3144 2973/4406/3134
f 2866/4516/3215 3094/4517/3183 2951/4518/3207
f 2963/4519/3216 2962/4489/3200 2866/4516/3215
f 2866/4516/3215 3100/4520/3217 2963/4519/3216
f 2951/4518/3207 2974/4403/3131 2866/4516/3215
f 2980/4521/3218 2923/4466/3219 2867/4522/3220
f 2867/4522/3220 3107/4378/3097 2980/4521/3218
f 2979/4523/3221 2986/4394/3117 2867/4522/3222
f 2867/4522/3222 3071/4524/3223 2979/4523/3221
f 2977/4525/3224 2985/4526/3225 2868/4527/3226
f 2868/4527/3226 3073/4470/3185 2977/4525/3224
f 2868/4528/3227 3083/4456/3174 2924/4442/3163
f 2985/4529/3069 2978/4530/3227 2868/4528/3227
f 2922/4331/3045 2984/4352/3067 2869/4531/3228
f 2983/4532/3229 2922/4533/3045 2869/4534/3228
f 2869/4535/3228 3110/4536/3230 2983/4389/3229
f 2869/4531/3228 3111/4537/3069 2985/4538/3069
f 2870/4539/3231 3110/4540/3230 2977/4525/3224
f 2976/4541/3232 2987/4542/3113 2870/4539/3231
f 2870/4539/3231 3072/4543/3233 2976/4541/3232
f 2977/4525/3224 2935/4472/3187 2870/4539/3231
f 2871/4544/3234 3109/4393/3116 2976/4545/3232
f 2980/4521/3218 2988/4546/3235 2871/4547/3236
f 2871/4547/3236 3082/4463/3178 2980/4521/3218
f 2871/4544/3234 3072/4548/3233 2912/4475/3190
f 2872/4549/3237 3071/4550/3223 2932/4551/3196
f 2989/4552/3084 2979/4553/3221 2872/4549/3237
f 2872/4554/3237 3108/4555/3063 2989/4556/3084
f 2932/4483/3196 2975/4557/3238 2872/4554/3237
f 2990/4558/3064 2975/4557/3238 2873/4559/3239
f 2873/4560/3240 3111/4561/3069 2990/4562/3069
f 2913/4457/3175 2978/4530/3227 2873/4560/3240
f 2873/4559/3239 3070/4486/3198 2913/4452/3171
f 3005/4563/3241 3017/4564/3242 2874/4565/3243
f 2874/4565/3243 3119/4566/3244 3005/4563/3241
f 2874/4567/3243 3117/4568/3245 3015/4569/3246
f 2874/4567/3243 3126/4570/3247 2993/4571/3248
f 2875/4572/3249 3129/4573/3250 3010/4574/3251
f 2875/4572/3249 3123/4575/3252 3001/4576/3253
f 3005/4563/3241 2999/4577/3254 2875/4572/3249
f 2875/4572/3249 3127/4578/3255 3005/4563/3241
f 2876/4579/3256 3128/4580/3257 3006/4581/3258
f 2993/4571/3259 3009/4582/3260 2876/4583/3261
f 2876/4583/3262 3117/4568/3263 2993/4571/3264
f 3006/4581/3265 2998/4584/3266 2876/4579/3267
f 2877/4585/3268 3150/4586/3269 3060/4587/3270
f 3063/4588/3271 3069/4589/3272 2877/4590/3271
f 2877/4590/3271 3129/4573/3250 3063/4588/3271
f 3060/4587/3270 3007/4591/3273 2877/4585/3268
f 2995/4592/3274 3000/4593/3275 2878/4594/3276
f 3004/4595/3277 2995/4596/3274 2878/4597/3276
f 2878/4597/3278 3126/4570/3279 3004/4595/3280
f 3000/4598/3281 3009/4599/3282 2878/4600/3283
f 2879/4601/3284 3121/4602/3285 2997/4603/3286
f 3010/4574/3251 3007/4604/3250 2879/4605/3287
f 2994/4606/3288 3010/4574/3251 2879/4605/3287
f 2997/4607/3286 2994/4606/3289 2879/4605/3284
f 3060/4587/3270 3068/4608/3290 2880/4609/3291
f 2880/4609/3291 3121/4602/3292 3060/4587/3270
f 2996/4610/3293 3016/4611/3294 2880/4609/3291
f 2880/4609/3291 3148/4612/3295 2996/4610/3293
f 3067/4613/3296 3061/4614/3297 2881/4615/3298
f 2881/4615/3299 3149/4616/3300 3067/4613/3301
f 3006/4581/3258 3008/4617/3302 2881/4615/3299
f 2881/4615/3298 3122/4618/3303 3006/4581/3265
f 2997/4603/3304 3016/4611/3294 2882/4619/3305
f 2882/4619/3305 3118/4620/3306 2997/4603/3304
f 2882/4619/3305 3116/4621/3307 3012/4622/3308
f 2882/4619/3305 3120/4623/3309 2995/4592/3274
f 2883/4624/3310 3122/4625/3311 3013/4626/3312
f 2883/4624/3310 3117/4627/3313 2998/4628/3314
f 2883/4624/3310 3119/4629/3315 3015/4630/3316
f 3013/4626/3312 2999/4631/3317 2883/4624/3310
f 3066/4632/3318 3062/4633/3319 2884/4634/3320
f 2884/4634/3320 3151/4635/3321 3066/4632/3318
f 3013/4626/3312 3061/4636/3297 2884/4634/3320
f 2884/4634/3320 3123/4637/3322 3013/4626/3312
f 2996/4610/3293 3065/4638/3323 2885/4639/3324
f 2885/4639/3324 3120/4623/3309 2996/4610/3293
f 2885/4640/3325 3128/4580/3257 3000/4598/3281
f 3065/4641/3326 3008/4617/3302 2885/4640/3325
f 2886/4642/3327 3118/4643/3328 3012/4644/3329
f 2886/4645/3330 3127/4578/3331 2994/4606/3332
f 3004/4595/3333 3017/4646/3242 2886/4642/3330
f 2886/4642/3327 3116/4647/3307 3004/4595/3277
f 2887/4648/3334 3145/4649/3335 3053/4650/3336
f 3022/4651/3337 3045/4652/3338 2887/4648/3334
f 2887/4648/3334 3130/4653/3339 3022/4651/3337
f 3053/4650/3336 3025/4654/3340 2887/4648/3334
f 3046/4655/3341 3052/4656/3342 2888/4657/3343
f 2888/4657/3343 3132/4658/3344 3046/4655/3341
f 2888/4659/3345 3134/4660/3346 3018/4661/3345
f 3052/4662/3345 3027/4663/3347 2888/4659/3345
f 3047/4664/3348 3051/4665/3349 2889/4666/3350
f 2889/4666/3350 3133/4667/3351 3047/4664/3348
f 3046/4668/3341 3023/4669/3352 2889/4666/3350
f 2889/4666/3350 3146/4670/3353 3046/4668/3341
f 2890/4671/3354 3143/4672/3347 3050/4673/3354
f 3020/4674/3354 3027/4663/3347 2890/4671/3354
f 2890/4675/3355 3131/4676/3356 3020/4677/3357
f 3050/4678/3358 3045/4679/3338 2890/4680/3355
f 2891/4681/3359 3142/4682/3360 3049/4683/3361
f 3019/4684/3362 3025/4654/3363 2891/4681/3359
f 3029/4685/3364 3019/4686/3365 2891/4687/3364
f 3049/4688/3366 3029/4685/3364 2891/4687/3364
f 2892/4689/3364 3144/4690/3366 3048/4691/3366
f 3021/4692/3365 3029/4685/3364 2892/4689/3364
f 3047/4693/3367 3021/4692/3368 2892/4689/3369
f 2892/4689/3369 3147/4694/3370 3047/4693/3367
f 3035/4695/3371 3003/4696/3372 2893/4697/3371
f 3036/4698/3373 3035/4699/3374 2893/4700/3374
f 3028/4701/3375 3036/4702/3376 2893/4703/3377
f 3003/4704/3378 3028/4701/3375 2893/4703/3377
f 3031/4705/3379 2992/4706/3380 2894/4707/3381
f 3037/4708/3382 3031/4705/3379 2894/4707/3381
f 3035/4699/3374 3037/4709/3373 2894/4710/3374
f 2894/4711/3371 3125/4712/3383 3035/4695/3371
f 2895/4713/3384 3124/4714/3385 3002/4715/3386
f 3038/4716/3354 3033/4717/3387 2895/4713/3384
f 2895/4718/3388 3136/4719/3389 3038/4720/3390
f 3002/4721/3391 3024/4722/3392 2895/4718/3388
f 2896/4723/3393 3115/4724/3394 3014/4725/3395
f 2896/4723/3393 3140/4726/3396 3028/4701/3375
f 3026/4727/3397 3039/4728/3398 2896/4723/3393
f 3014/4725/3395 3026/4727/3397 2896/4723/3393
f 3026/4729/3397 2991/4730/3399 2897/4731/3400
f 2897/4731/3400 3138/4732/3401 3026/4729/3397
f 2897/4733/3402 3139/4734/3347 3040/4735/3345
f 2991/4736/3403 3033/4717/3387 2897/4733/3402
f 3024/4737/3392 3011/4738/3404 2898/4739/3405
f 3041/4740/3406 3024/4737/3392 2898/4739/3405
f 2898/4739/3405 3137/4741/3407 3041/4740/3406
f 2898/4739/3405 3112/4742/3408 3031/4705/3379
f 2899/4743/3409 3141/4744/3373 3036/4698/3373
f 3048/4691/3366 3044/4745/3409 2899/4743/3409
f 3034/4746/3410 3048/4691/3411 2899/4743/3412
f 2899/4743/3412 3140/4747/3396 3034/4746/3410
f 2900/4748/3413 3137/4741/3407 3037/4708/3382
f 3049/4683/3361 3042/4749/3414 2900/4748/3413
f 2900/4750/3409 3144/4690/3366 3049/4688/3366
f 3037/4709/3373 3044/4745/3409 2900/4750/3409
f 2901/4751/3354 3139/4734/3347 3038/4716/3354
f 3050/4673/3354 3043/4752/3347 2901/4751/3354
f 2901/4753/3415 3145/4754/3335 3050/4678/3358
f 3038/4720/3390 3030/4755/3416 2901/4753/3415
f 3034/4756/3417 3039/4728/3398 2902/4757/3418
f 2902/4757/3418 3147/4758/3419 3034/4756/3417
f 3032/4759/3420 3051/4665/3349 2902/4757/3418
f 2902/4757/3418 3138/4760/3401 3032/4759/3420
f 3032/4761/3420 3040/4762/3421 2903/4763/3422
f 2903/4763/3422 3146/4764/3353 3032/4761/3420
f 2903/4765/3345 3143/4672/3347 3052/4662/3345
f 3040/4735/3345 3043/4752/3347 2903/4765/3345
f 2904/4766/3423 3136/4767/3389 3041/4740/3406
f 3053/4650/3336 3030/4768/3416 2904/4766/3423
f 2904/4766/3423 3142/4682/3424 3053/4650/3336
f 3041/4740/3406 3042/4749/3425 2904/4766/3423
f 3002/4715/3386 3059/4769/3426 2905/4770/3427
f 2905/4771/3428 3113/4772/3429 3002/4721/3391
f 3065/4638/3323 3058/4773/3430 2905/4771/3428
f 2905/4770/3427 3149/4616/3300 3065/4641/3326
f 3064/4774/3431 3056/4775/3432 2906/4776/3433
f 3057/4777/3434 3064/4778/3435 2906/4779/3434
f 2906/4779/3434 3125/4712/3383 3057/4777/3434
f 2906/4776/3433 3115/4724/3394 3003/4704/3378
f 3063/4588/3271 3001/4576/3253 2907/4780/3436
f 2907/4780/3436 3153/4781/3435 3063/4588/3271
f 2907/4782/3436 3152/4783/3437 3064/4784/3431
f 3001/4785/3253 3062/4633/3438 2907/4782/3436
f 2908/4786/3439 3152/4787/3437 3066/4788/3318
f 3014/4725/3395 3056/4775/3432 2908/4786/3439
f 2908/4786/3439 3114/4789/3440 3014/4725/3395
f 3066/4788/3318 3055/4790/3441 2908/4786/3439
f 2909/4791/3442 3151/4635/3321 3067/4792/3296
f 2909/4791/3442 3114/4793/3440 3055/4794/3441
f 2909/4795/3443 3124/4714/3385 2991/4736/3403
f 3067/4613/3301 3059/4769/3426 2909/4795/3443
f 2910/4796/3444 3113/4797/3429 3058/4798/3430
f 3054/4799/3445 3011/4738/3404 2910/4796/3444
f 2910/4796/3444 3150/4800/3269 3054/4799/3445
f 3058/4798/3430 3068/4801/3290 2910/4796/3444
f 3054/4799/3445 3069/4802/3446 2911/4803/3447
f 2911/4803/3447 3112/4742/3408 3054/4799/3445
f 3057/4777/3434 2992/4804/3448 2911/4805/3449
f 2911/4805/3449 3153/4806/3435 3057/4777/3434
f 5/1/1 4/350/308 11/2/2
f 5/1/1 12/3/3 13/4/4
f 6/5/5 13/4/4 14/6/6
f 7/7/7 14/6/6 271/8/8
f 2/13/13 1/10/10 8/12/12
f 3/15/15 2/13/13 9/14/14
f 3/15/17 10/16/18 674/17/18
f 10/16/16 9/14/14 16/19/19
f 10/16/18 17/20/21 673/21/21
f 12/3/3 11/2/2 18/22/22
f 12/3/3 19/23/23 20/24/24
f 14/6/6 13/4/4 20/24/24
f 14/6/6 21/25/25 279/26/26
f 9/14/14 8/12/12 15/27/27
f 21/28/25 20/44/24 27/29/28
f 279/31/26 21/28/25 28/30/29
f 15/34/27 22/51/31 23/35/32
f 16/36/19 23/35/32 24/37/33
f 17/38/21 24/37/34 672/39/34
f 19/41/23 18/4807/22 25/42/35
f 19/41/23 26/43/36 27/29/28
f 24/37/34 31/53/37 671/45/37
f 25/42/35 32/4808/783 33/46/38
f 27/29/28 26/43/36 33/46/38
f 27/29/28 34/47/39 35/48/40
f 287/32/30 28/30/29 35/48/40
f 22/51/31 29/4809/42 30/52/43
f 24/37/33 23/35/32 30/52/43
f 295/49/41 35/48/40 42/54/45
f 30/52/43 29/4809/42 36/57/47
f 30/52/43 37/58/48 38/59/49
f 31/53/37 38/59/50 670/60/50
f 33/61/38 32/963/783 39/62/51
f 33/46/38 40/66/52 41/64/53
f 34/47/39 41/64/53 42/54/45
f 39/62/51 46/79/66 47/65/54
f 40/66/52 47/4810/54 48/67/55
f 42/54/45 41/64/53 48/67/55
f 303/55/46 42/54/45 49/68/56
f 36/57/47 43/75/58 44/71/59
f 37/58/48 44/71/59 45/72/60
f 670/60/50 38/59/50 45/72/61
f 43/75/58 50/95/62 51/76/63
f 44/71/59 51/76/63 52/77/64
f 669/73/61 45/72/61 52/77/65
f 46/79/66 53/964/71 54/80/67
f 47/81/54 54/90/67 55/82/68
f 49/84/56 48/83/55 55/82/68
f 311/86/57 49/84/56 56/85/69
f 53/88/71 60/4811/784 61/89/72
f 55/82/68 54/90/67 61/89/72
f 56/85/69 55/82/68 62/91/73
f 56/85/69 63/92/74 327/93/75
f 50/95/62 57/4812/76 58/96/77
f 51/76/63 58/96/77 59/97/78
f 52/77/65 59/97/79 667/98/79
f 58/96/77 57/4812/76 64/99/80
f 59/97/78 58/96/77 65/100/81
f 667/98/79 59/97/79 66/101/83
f 61/89/72 60/4811/784 67/103/84
f 61/89/72 68/104/85 69/105/86
f 63/92/74 62/91/73 69/105/86
f 63/92/74 70/106/87 335/107/88
f 68/104/85 75/117/97 76/109/89
f 70/106/87 69/105/86 76/109/89
f 70/106/87 77/110/90 343/111/91
f 64/99/80 71/4813/92 72/113/93
f 65/100/81 72/113/93 73/114/94
f 66/101/83 73/114/95 665/115/95
f 68/104/85 67/103/84 74/116/96
f 72/113/93 71/4813/92 78/118/98
f 73/114/94 72/113/93 79/119/99
f 665/115/95 73/114/95 80/120/101
f 75/117/97 74/116/96 81/122/102
f 75/117/97 82/123/103 83/124/104
f 77/110/90 76/109/89 83/124/104
f 77/110/90 84/125/105 351/126/106
f 82/123/103 89/136/115 90/128/107
f 84/125/105 83/124/104 90/128/107
f 351/126/106 84/125/105 91/129/108
f 78/118/98 85/140/110 86/132/111
f 79/119/99 86/132/111 87/133/112
f 80/120/101 87/133/113 663/134/113
f 82/123/103 81/122/102 88/135/114
f 86/132/111 93/141/120 94/137/116
f 663/134/113 87/133/113 94/137/117
f 85/140/110 92/143/119 93/141/120
f 92/143/119 96/4814/121 97/144/122
f 93/141/120 97/144/122 98/145/123
f 662/138/118 94/137/117 98/145/124
f 661/147/124 98/153/124 102/148/125
f 96/142/121 100/150/126 101/151/127
f 97/152/122 101/151/127 102/148/128
f 100/150/126 104/154/129 105/155/130
f 102/148/128 101/151/127 105/155/130
f 660/149/125 102/148/125 106/156/132
f 106/156/132 110/173/133 658/158/133
f 126/159/134 239/211/180 238/160/135
f 124/162/137 237/4815/137 233/163/138
f 95/165/140 99/4816/179 213/166/141
f 359/168/143 91/186/160 208/169/144
f 104/154/129 108/171/146 109/172/147
f 105/155/130 109/172/147 110/173/148
f 115/174/149 229/4817/166 225/175/150
f 108/171/146 112/177/152 113/178/153
f 109/172/147 113/178/153 114/179/154
f 658/158/133 110/173/133 114/179/155
f 125/161/136 238/160/135 237/181/156
f 103/183/157 107/207/158 221/184/158
f 91/186/160 90/188/162 207/187/161
f 90/188/162 89/190/164 206/189/163
f 89/190/164 88/4818/165 205/191/165
f 119/164/139 233/163/138 229/192/166
f 88/194/167 95/165/140 209/167/142
f 112/177/152 116/196/168 117/197/169
f 114/179/154 113/178/153 117/197/169
f 657/180/155 114/179/155 118/198/171
f 116/196/168 121/200/172 122/201/173
f 117/197/169 122/201/173 123/202/174
f 656/199/171 118/198/171 123/202/175
f 396/204/176 524/4819/3450 240/205/177
f 111/176/151 225/175/150 221/184/158
f 99/208/179 103/4820/157 217/209/159
f 127/206/178 240/205/177 239/211/180
f 126/212/181 243/222/191 244/213/182
f 132/215/184 246/409/351 245/216/185
f 134/218/187 404/638/204 534/219/188
f 126/212/181 125/414/357 242/221/190
f 121/200/172 128/223/192 129/224/193
f 122/201/173 129/224/193 130/225/194
f 123/202/175 130/225/3451 654/226/195
f 128/223/192 135/239/206 136/227/196
f 129/224/193 136/227/196 137/228/197
f 654/226/195 130/225/3451 137/228/198
f 132/230/184 131/4821/186 138/231/199
f 132/230/184 139/232/200 140/233/201
f 134/235/187 133/234/202 140/233/201
f 404/237/204 134/235/187 141/236/203
f 139/232/200 146/250/217 147/240/207
f 141/236/203 140/233/201 147/240/207
f 676/242/209 680/1018/210 255/243/210
f 135/239/206 142/245/212 143/246/213
f 136/227/196 143/246/213 144/247/214
f 137/228/198 144/247/215 652/248/215
f 139/232/200 138/231/199 145/249/216
f 143/246/213 150/267/233 151/251/218
f 154/252/219 700/1053/830 699/253/220
f 146/255/222 145/668/568 693/256/223
f 423/258/225 619/952/226 709/259/226
f 153/254/221 699/253/220 698/261/228
f 684/263/230 250/4822/370 249/264/231
f 143/246/213 142/245/212 149/266/232
f 155/268/234 154/282/247 161/269/235
f 683/271/237 676/4823/209 254/272/211
f 149/266/232 156/274/239 157/275/240
f 151/251/218 150/267/233 157/275/240
f 651/277/242 151/251/242 158/276/243
f 153/279/244 152/4824/788 159/280/245
f 153/279/244 160/281/246 161/269/235
f 157/275/240 164/293/258 165/283/248
f 158/276/243 165/283/249 649/284/249
f 160/281/246 159/280/245 166/285/250
f 160/281/246 167/286/251 168/287/252
f 162/270/236 161/269/235 168/287/252
f 677/289/254 679/434/371 252/290/255
f 157/275/240 156/274/239 163/292/257
f 169/288/253 168/287/252 175/294/259
f 681/296/261 548/4825/3452 255/297/262
f 163/292/257 170/299/264 171/300/265
f 165/283/248 164/293/258 171/300/265
f 165/283/249 172/301/267 648/302/267
f 167/286/251 166/285/250 173/303/268
f 167/286/251 174/304/269 175/294/259
f 648/302/267 172/301/267 179/305/270
f 173/307/268 180/991/789 181/308/271
f 174/304/269 181/4826/271 182/310/272
f 176/295/260 175/294/259 182/310/272
f 682/312/274 678/1012/800 249/313/275
f 170/299/264 177/315/277 178/316/278
f 171/300/265 178/316/278 179/305/279
f 455/317/280 183/329/273 190/318/281
f 178/316/278 177/315/277 184/320/283
f 179/305/279 178/316/278 185/321/284
f 179/305/270 186/322/286 646/323/286
f 181/308/271 180/991/789 187/324/287
f 181/326/271 188/334/288 189/327/289
f 183/329/273 182/328/272 189/327/289
f 646/323/286 186/322/286 193/330/290
f 188/325/288 187/324/287 194/332/291
f 188/334/288 195/345/292 196/335/293
f 190/318/281 189/327/289 196/335/293
f 463/319/282 190/318/281 197/336/294
f 185/321/284 184/320/283 191/338/296
f 186/322/285 185/321/284 192/339/297
f 197/336/294 204/349/307 479/340/299
f 191/338/296 198/341/300 199/342/301
f 192/339/297 199/342/301 200/343/302
f 193/330/290 200/343/303 644/344/303
f 195/345/292 194/4827/291 201/346/304
f 195/345/292 202/347/305 203/348/306
f 197/336/294 196/335/293 203/348/306
f 202/347/305 201/346/304 4/350/308
f 203/348/306 202/347/305 5/1/1
f 204/349/307 203/348/306 6/5/5
f 479/340/299 204/349/307 7/7/7
f 199/342/301 198/341/300 1/10/10
f 200/343/302 199/342/301 2/13/13
f 644/344/303 200/343/303 3/15/17
f 205/351/309 209/4828/3453 210/352/310
f 206/353/311 210/352/310 211/354/312
f 208/356/314 207/355/313 211/354/312
f 484/358/316 208/356/314 212/357/315
f 212/357/315 211/354/312 215/360/318
f 489/359/317 212/357/315 216/361/319
f 210/363/310 209/4829/3453 213/364/321
f 210/363/310 214/365/322 215/366/318
f 214/365/322 213/364/321 217/368/323
f 214/365/322 218/369/324 219/370/325
f 216/371/319 215/366/318 219/370/325
f 494/373/320 216/371/319 220/372/326
f 499/374/327 220/372/326 224/375/328
f 217/368/323 221/4830/3454 222/377/330
f 218/369/324 222/377/330 223/378/331
f 220/372/326 219/370/325 223/378/331
f 222/377/330 221/4830/3454 225/379/332
f 222/377/330 226/380/333 227/381/334
f 224/375/328 223/378/331 227/381/334
f 504/376/329 224/375/328 228/382/335
f 509/383/336 228/382/335 232/384/337
f 225/379/332 229/4831/3455 230/386/339
f 226/380/333 230/386/339 231/387/340
f 228/382/335 227/381/334 231/387/340
f 230/386/339 229/4831/3455 233/388/341
f 230/386/339 234/389/342 235/390/343
f 232/384/337 231/387/340 235/390/343
f 514/385/338 232/384/337 236/391/344
f 234/389/342 233/388/341 237/393/346
f 234/389/342 238/394/347 239/395/348
f 236/391/344 235/390/343 239/395/348
f 519/392/345 236/391/344 240/396/349
f 242/398/190 241/4832/355 245/399/185
f 243/401/191 242/398/190 246/400/351
f 244/403/182 243/401/191 247/402/352
f 529/405/353 244/4833/182 248/406/189
f 133/408/202 247/416/352 246/409/351
f 127/214/183 244/213/182 529/410/353
f 131/217/186 245/216/185 241/412/355
f 125/414/357 124/4834/356 241/415/355
f 133/408/202 134/218/187 248/220/189
f 249/417/358 250/4835/361 538/418/359
f 250/420/361 251/423/363 540/421/362
f 251/423/363 252/425/365 542/424/364
f 252/425/365 253/4836/3456 544/426/366
f 544/426/366 253/4836/3456 254/427/367
f 254/429/367 255/4837/3457 548/430/369
f 677/289/254 251/291/256 250/432/370
f 679/434/371 683/271/237 253/273/238
f 260/435/372 268/453/390 267/436/373
f 269/438/375 268/453/390 260/435/372
f 270/440/377 269/438/375 261/439/376
f 271/8/8 270/440/377 262/441/378
f 257/445/382 265/447/384 264/443/380
f 258/446/383 266/450/387 265/447/384
f 642/448/385 266/450/385 258/446/386
f 266/450/387 274/4838/400 273/451/388
f 641/452/389 274/4838/389 266/450/385
f 268/453/390 276/4839/402 275/454/391
f 277/455/392 276/4839/402 268/453/390
f 270/440/377 278/4840/394 277/455/392
f 279/26/26 278/4840/394 270/440/377
f 265/447/384 273/451/388 272/456/393
f 278/457/394 286/460/396 285/458/395
f 279/31/26 287/32/30 286/460/396
f 281/462/398 280/478/397 272/463/393
f 282/465/399 281/462/398 273/464/388
f 640/467/401 282/465/401 274/466/389
f 276/469/402 284/474/406 283/470/403
f 285/458/395 284/474/406 276/469/402
f 639/472/404 290/484/404 282/465/401
f 292/473/405 291/4841/416 283/470/403
f 285/458/395 293/490/418 292/473/405
f 294/475/407 293/490/418 285/458/395
f 287/32/30 295/49/41 294/475/407
f 289/477/409 288/482/408 280/478/397
f 282/465/399 290/484/413 289/477/409
f 295/49/41 303/55/46 302/479/410
f 289/477/409 297/498/425 296/481/411
f 298/483/412 297/498/425 289/477/409
f 638/485/414 298/483/414 290/484/404
f 292/486/405 300/492/420 299/487/415
f 301/489/417 300/494/420 292/473/405
f 302/479/410 301/489/417 293/490/418
f 308/491/419 307/506/433 299/487/415
f 309/493/421 308/4842/419 300/494/420
f 302/479/410 310/495/422 309/493/421
f 303/55/46 311/69/57 310/495/422
f 305/497/424 304/502/423 296/481/411
f 306/499/426 305/497/424 297/498/425
f 638/485/414 637/504/427 306/499/427
f 313/501/429 312/518/428 304/502/423
f 314/503/430 313/501/429 305/497/424
f 637/504/427 636/521/431 314/503/431
f 316/505/432 315/931/437 307/506/433
f 317/507/434 316/514/432 308/508/419
f 310/510/422 318/511/435 317/507/434
f 311/86/57 319/87/70 318/511/435
f 324/512/436 323/527/447 315/513/437
f 317/507/434 325/515/438 324/512/436
f 318/511/435 326/529/449 325/515/438
f 327/93/75 326/529/449 318/511/435
f 321/517/440 320/523/439 312/518/428
f 322/519/441 321/517/440 313/501/429
f 635/520/442 322/519/442 314/503/431
f 321/517/440 329/524/444 328/522/443
f 322/519/441 330/525/456 329/524/444
f 635/520/442 634/538/445 330/525/445
f 324/512/436 332/532/451 331/526/446
f 333/528/448 332/532/451 324/512/436
f 326/529/449 334/533/452 333/528/448
f 335/107/88 334/533/452 326/529/449
f 341/531/450 340/544/462 332/532/451
f 334/533/452 342/547/465 341/531/450
f 343/111/91 342/547/465 334/533/452
f 337/535/454 336/541/453 328/522/443
f 338/536/455 337/535/454 329/524/444
f 633/537/457 338/536/457 330/525/445
f 332/532/451 340/544/462 339/539/458
f 337/535/454 345/542/460 344/540/459
f 338/536/455 346/543/473 345/542/460
f 633/537/457 632/557/461 346/543/461
f 340/544/462 348/550/467 347/545/463
f 349/546/464 348/550/467 340/544/462
f 342/547/465 350/551/468 349/546/464
f 351/126/106 350/551/468 342/547/465
f 357/549/466 356/4843/3458 348/550/467
f 350/551/468 358/552/469 357/549/466
f 351/126/106 359/130/109 358/552/469
f 353/554/471 352/562/470 344/540/459
f 354/555/472 353/554/471 345/542/460
f 631/556/474 354/555/474 346/543/461
f 348/550/467 356/4843/3458 355/558/475
f 362/559/476 361/561/479 353/554/471
f 631/556/474 630/567/477 362/559/477
f 361/561/479 360/565/478 352/562/470
f 365/564/481 364/4844/480 360/565/478
f 366/566/482 365/564/481 361/561/479
f 630/567/477 629/4845/483 366/566/483
f 629/568/483 628/576/484 370/569/484
f 369/572/486 368/571/485 364/563/480
f 370/569/487 369/572/486 365/573/481
f 373/575/489 372/574/488 368/571/485
f 370/569/487 374/577/506 373/575/489
f 628/576/484 627/579/490 374/577/490
f 626/578/491 378/593/491 374/577/490
f 521/580/492 522/630/536 394/581/493
f 515/583/495 520/4846/496 392/584/496
f 363/586/498 485/4847/524 490/587/499
f 359/168/143 484/170/145 483/589/501
f 377/592/504 376/591/503 372/574/488
f 378/593/505 377/592/504 373/575/489
f 505/594/507 510/4848/522 383/595/508
f 381/598/511 380/597/510 376/591/503
f 382/599/512 381/598/511 377/592/504
f 626/578/491 625/619/513 382/599/513
f 520/600/514 521/580/492 393/582/494
f 371/602/515 495/4849/535 500/603/516
f 358/590/502 483/589/501 482/605/517
f 357/606/518 482/605/517 481/607/519
f 356/609/520 481/4850/519 480/610/521
f 510/612/522 515/583/495 387/585/497
f 355/614/523 480/4851/523 485/615/524
f 385/618/526 384/617/525 380/597/510
f 382/599/512 386/620/531 385/618/526
f 625/619/513 624/624/527 386/620/527
f 390/622/529 389/621/528 384/617/525
f 391/623/530 390/622/529 385/618/526
f 624/624/527 623/645/532 391/623/532
f 523/625/533 524/4819/3450 396/204/176
f 500/603/516 505/594/507 379/596/509
f 367/627/500 490/4852/499 495/628/535
f 522/630/536 523/625/533 395/626/534
f 528/631/537 527/4853/686 394/632/538
f 530/634/540 531/4854/687 401/635/541
f 403/637/543 533/814/689 534/219/188
f 394/632/538 527/4853/686 526/639/544
f 398/642/547 397/641/546 389/621/528
f 399/643/548 398/642/547 390/622/529
f 622/644/549 399/643/549 391/623/532
f 406/646/550 405/655/557 397/641/546
f 407/647/551 406/646/550 398/642/547
f 622/644/549 621/665/552 407/647/552
f 401/648/541 409/657/559 408/649/553
f 410/651/554 409/657/559 401/648/541
f 403/653/543 411/654/556 410/651/554
f 404/237/204 412/238/205 411/654/556
f 418/656/558 417/4855/3459 409/657/559
f 411/654/556 419/986/3460 418/656/558
f 685/658/560 545/4856/583 547/659/561
f 414/662/563 413/661/562 405/655/557
f 415/663/564 414/662/563 406/646/550
f 620/664/565 415/663/565 407/647/552
f 409/657/559 417/4855/3459 416/666/566
f 422/667/567 421/689/586 414/662/563
f 145/668/568 652/670/570 692/669/569
f 652/670/570 144/4857/3461 703/671/571
f 152/262/229 698/261/228 697/672/572
f 415/674/573 715/4858/3462 714/675/574
f 535/677/576 537/4859/697 691/678/577
f 414/662/563 421/689/586 420/680/578
f 426/681/579 433/701/598 432/682/580
f 690/684/582 543/824/698 545/685/583
f 428/688/585 427/687/584 420/680/578
f 422/667/567 429/691/593 428/688/585
f 619/690/587 618/697/588 429/691/588
f 424/692/589 431/698/595 430/693/590
f 432/682/580 431/698/595 424/692/589
f 436/695/592 435/712/609 428/688/585
f 617/696/594 436/695/594 429/691/588
f 431/698/595 438/714/611 437/699/596
f 439/700/597 438/714/611 431/698/595
f 433/701/598 440/706/603 439/700/597
f 686/702/599 539/4860/3463 541/703/600
f 428/688/585 435/712/609 434/705/602
f 440/706/603 447/723/617 446/707/604
f 547/708/605 548/4825/3452 681/296/261
f 442/711/608 441/710/607 434/705/602
f 436/695/592 443/717/623 442/711/608
f 616/713/610 443/717/610 436/695/594
f 438/714/611 445/722/615 444/715/612
f 446/707/604 445/722/615 438/714/611
f 616/713/610 615/733/613 450/716/613
f 452/718/614 451/735/630 444/719/612
f 453/721/616 452/4861/614 445/722/615
f 447/723/617 454/4862/625 453/721/616
f 682/312/274 536/314/276 535/724/618
f 449/727/621 448/726/620 441/710/607
f 450/716/622 449/727/621 442/711/608
f 455/317/280 463/319/282 462/728/624
f 449/727/621 457/731/627 456/730/626
f 450/716/622 458/740/638 457/731/627
f 614/732/628 458/740/628 450/716/613
f 452/718/614 460/741/633 459/734/629
f 461/736/631 460/744/633 452/737/614
f 454/729/625 462/728/624 461/736/631
f 614/732/628 613/752/632 466/739/632
f 460/741/633 468/4863/645 467/742/634
f 469/743/635 468/753/645 460/744/633
f 462/728/624 470/745/636 469/743/635
f 463/319/282 471/337/295 470/745/636
f 457/731/627 465/747/639 464/746/637
f 458/740/638 466/739/643 465/747/639
f 479/340/299 478/758/649 470/745/636
f 473/749/641 472/748/640 464/746/637
f 474/750/642 473/749/641 465/747/639
f 612/751/644 474/750/644 466/739/632
f 468/753/645 476/757/648 475/754/646
f 477/756/647 476/757/648 468/753/645
f 470/745/636 478/758/649 477/756/647
f 476/757/648 260/435/372 259/437/374
f 477/756/647 261/439/376 260/435/372
f 478/758/649 262/441/378 261/439/376
f 479/340/299 263/9/9 262/441/378
f 473/749/641 257/445/382 256/442/379
f 474/750/642 258/446/383 257/445/382
f 612/751/644 643/449/386 258/446/386
f 486/759/650 485/4864/660 480/760/651
f 487/762/653 486/759/650 481/761/652
f 483/764/655 488/765/656 487/762/653
f 484/358/316 489/359/317 488/765/656
f 488/765/656 493/767/658 492/766/657
f 489/359/317 494/362/320 493/767/658
f 486/768/650 491/771/661 490/769/659
f 492/766/657 491/4865/661 486/759/650
f 491/771/661 496/4866/667 495/772/662
f 497/773/663 496/781/667 491/774/661
f 493/776/658 498/777/664 497/773/663
f 494/373/320 499/374/327 498/777/664
f 499/374/327 504/376/329 503/778/665
f 501/779/666 500/784/670 495/780/662
f 502/782/668 501/779/666 496/781/667
f 498/777/664 503/778/665 502/782/668
f 501/779/666 506/789/675 505/783/669
f 507/785/671 506/789/675 501/779/666
f 503/778/665 508/786/672 507/785/671
f 504/376/329 509/383/336 508/786/672
f 509/383/336 514/385/338 513/787/673
f 511/788/674 510/792/678 505/783/669
f 512/790/676 511/788/674 506/789/675
f 508/786/672 513/787/673 512/790/676
f 511/788/674 516/799/681 515/791/677
f 517/793/679 516/799/681 511/788/674
f 513/787/673 518/794/680 517/793/679
f 514/385/338 519/392/345 518/794/680
f 516/795/681 521/4867/3464 520/796/682
f 522/798/683 521/4868/3464 516/799/681
f 518/794/680 523/800/684 522/798/683
f 519/392/345 524/397/350 523/800/684
f 526/801/544 531/4869/687 530/802/540
f 527/804/686 532/808/688 531/805/687
f 528/807/537 533/809/689 532/808/688
f 529/405/353 534/407/188 533/809/689
f 531/810/687 532/4870/688 402/652/555
f 529/410/353 528/631/537 395/633/539
f 525/811/685 530/4871/540 400/650/542
f 393/640/545 526/639/544 525/811/685
f 402/813/555 532/4872/688 533/814/689
f 538/418/359 537/4873/692 535/815/691
f 540/421/362 539/817/693 537/816/692
f 542/424/364 541/818/694 539/817/693
f 544/426/366 543/820/696 541/818/694
f 544/426/366 546/428/368 545/819/695
f 548/430/369 547/4874/3465 545/821/695
f 537/822/697 539/4860/3463 686/702/599
f 688/704/601 541/703/600 543/824/698
f 580/825/699 609/837/710 593/826/700
f 549/827/701 593/826/700 608/828/702
f 549/827/701 565/829/703 599/830/704
f 549/827/701 591/831/705 601/832/706
f 550/833/707 576/859/731 611/834/708
f 550/836/709 586/880/750 609/837/710
f 580/825/699 601/832/706 574/838/711
f 550/839/713 574/906/711 605/840/714
f 551/842/716 585/870/740 610/843/717
f 581/845/719 604/892/760 573/846/720
f 565/849/703 608/4875/702 585/850/723
f 552/852/725 564/4876/3466 594/853/726
f 568/854/727 603/876/746 582/855/728
f 552/856/729 582/882/708 611/834/708
f 583/857/729 607/865/730 564/858/730
f 583/857/729 611/834/708 576/859/731
f 576/841/715 605/840/714 570/861/732
f 553/862/733 570/861/732 597/863/734
f 553/860/729 578/4877/730 607/865/730
f 567/866/736 602/920/766 575/867/737
f 575/869/739 610/843/717 585/870/740
f 585/850/723 608/4875/702 579/872/742
f 555/875/745 582/855/728 603/876/746
f 572/877/747 600/902/769 566/878/748
f 566/879/749 609/837/710 586/880/750
f 586/835/707 611/834/708 582/882/708
f 568/854/727 594/853/726 587/884/752
f 556/885/753 587/884/752 595/886/754
f 571/887/755 602/898/766 592/888/756
f 556/885/753 592/888/756 603/876/746
f 563/889/757 596/4878/775 569/890/758
f 557/891/759 569/890/758 604/892/760
f 581/844/718 610/843/717 584/893/761
f 557/894/762 584/893/761 606/895/763
f 572/877/747 603/876/746 592/888/756
f 558/897/765 592/888/756 602/898/766
f 558/897/765 567/899/736 598/900/767
f 558/897/765 588/901/768 600/902/769
f 559/903/770 573/910/720 604/904/760
f 589/905/771 605/840/714 574/906/711
f 559/903/770 574/906/711 601/907/706
f 559/903/770 591/908/772 599/909/704
f 590/911/773 597/863/734 570/861/732
f 560/912/774 570/861/732 605/840/714
f 589/905/771 604/904/760 569/913/758
f 560/912/774 569/913/758 596/914/775
f 571/915/755 595/4879/754 577/916/776
f 577/918/778 606/895/763 584/893/761
f 561/919/779 584/893/761 610/843/717
f 561/917/777 575/867/737 602/920/766
f 562/921/780 566/878/748 600/902/769
f 562/921/780 588/901/781 598/900/767
f 579/923/742 608/828/702 593/826/700
f 562/924/782 593/826/700 609/837/710
f 267/925/373 642/448/385 643/449/386
f 275/927/391 641/452/389 642/448/385
f 275/928/391 283/929/403 640/467/401
f 291/488/416 639/472/404 640/467/401
f 291/488/416 299/487/415 638/485/414
f 307/506/433 637/504/427 638/485/414
f 307/506/433 315/931/437 636/521/431
f 323/930/447 635/520/442 636/521/431
f 323/930/447 331/933/446 634/538/445
f 339/932/458 633/537/457 634/538/445
f 339/932/458 347/935/463 632/557/461
f 355/934/475 631/556/474 632/557/461
f 355/934/475 363/937/477 630/567/477
f 367/936/483 629/4845/483 630/567/477
f 367/938/483 371/4880/484 628/576/484
f 371/939/484 375/942/490 627/940/490
f 375/942/490 379/945/491 626/943/491
f 383/944/513 625/4881/513 626/943/491
f 387/946/527 624/624/527 625/619/513
f 387/946/527 392/949/690 623/645/532
f 400/948/542 622/644/549 623/645/532
f 400/948/542 408/951/553 621/665/552
f 416/950/566 620/664/565 621/665/552
f 619/952/226 422/4882/226 714/953/226
f 423/954/591 430/956/590 618/697/588
f 437/955/596 617/696/594 618/697/588
f 444/719/612 616/713/610 617/696/594
f 444/719/612 451/735/630 615/733/613
f 451/735/630 459/734/629 614/732/628
f 459/734/629 467/742/634 613/752/632
f 475/957/646 612/751/644 613/752/632
f 475/957/646 259/926/374 643/449/386
f 675/18/17 674/17/18 11/958/2
f 674/17/18 673/21/21 18/960/22
f 18/961/22 673/40/21 672/39/34
f 672/39/34 671/45/37 32/963/783
f 32/963/783 671/45/37 670/60/50
f 670/60/50 669/73/61 46/79/66
f 46/79/66 669/73/61 668/78/65
f 668/78/65 667/98/79 60/965/784
f 60/965/784 667/98/79 666/102/83
f 666/102/83 665/115/95 74/967/96
f 74/967/96 665/115/95 664/121/101
f 664/121/101 663/134/113 88/969/114
f 88/969/114 663/134/113 662/138/118
f 662/138/118 661/146/124 99/971/124
f 99/972/124 661/147/124 660/149/125
f 103/974/125 660/4883/125 659/975/132
f 107/976/132 659/975/132 658/977/133
f 658/977/133 657/4884/155 115/979/155
f 657/180/155 656/199/171 119/980/171
f 119/980/171 656/199/171 655/203/175
f 655/203/175 654/226/195 131/983/186
f 131/983/186 654/226/195 653/229/198
f 653/229/198 652/248/215 145/985/216
f 419/986/785 708/4885/3467 707/987/786
f 152/988/788 651/277/242 650/278/243
f 650/278/243 649/284/249 166/990/250
f 649/284/249 648/302/267 173/307/268
f 173/307/268 648/302/267 647/306/270
f 180/991/789 647/306/270 646/323/286
f 187/324/287 646/323/286 645/331/290
f 645/331/290 644/344/303 201/992/304
f 201/992/304 644/344/303 675/18/17
f 433/994/790 688/1003/601 690/995/582
f 691/678/577 686/4886/599 426/997/792
f 412/999/794 682/312/274 687/725/619
f 689/709/606 681/296/261 455/1001/280
f 426/997/792 686/4886/599 688/1003/601
f 440/996/791 690/995/582 685/658/560
f 687/679/576 691/678/577 419/998/793
f 447/1004/796 685/658/560 689/660/561
f 162/1007/797 169/1015/801 683/1008/237
f 155/1010/798 677/1014/254 684/263/230
f 412/999/794 141/4887/3468 678/1012/800
f 455/1001/280 681/296/261 680/298/263
f 155/1010/798 162/1007/797 679/1009/371
f 169/1015/801 176/1017/802 676/242/209
f 148/1011/799 684/263/230 678/265/231
f 176/1017/802 183/4888/210 680/1018/210
f 692/1019/803 703/4889/803 702/1020/803
f 694/1022/804 693/4890/818 698/1023/805
f 695/1025/807 694/1022/804 699/1024/806
f 696/1027/809 695/1025/807 700/1026/808
f 704/1029/810 709/1040/810 714/1030/810
f 706/1032/811 711/1036/815 710/1033/812
f 707/1035/814 712/1038/817 711/1036/815
f 708/1037/816 713/4891/816 712/1038/817
f 705/1039/813 710/801/812 709/1040/810
f 693/1041/818 692/1019/803 697/1021/803
f 416/1043/819 705/1055/832 704/1044/820
f 424/1046/822 423/258/225 710/260/227
f 155/1010/824 148/1011/3469 696/1048/825
f 147/1050/827 146/255/222 694/257/224
f 155/1052/829 701/4892/829 700/1053/830
f 417/1054/831 706/1066/842 705/1055/832
f 425/1056/833 424/1046/822 711/1047/823
f 651/673/572 697/672/572 702/1058/572
f 148/241/835 147/240/827 695/1060/828
f 426/997/837 713/4893/3470 708/1062/838
f 620/1045/821 704/1044/820 715/1063/840
f 418/1065/787 707/4894/786 706/1066/842
f 426/1067/843 425/1056/833 712/1057/834
f 144/1069/844 151/4895/3471 702/1070/845
f 721/1072/847 735/1102/872 736/1073/848
f 718/1075/850 728/4896/873 729/1076/851
f 996/1078/849 736/4897/848 737/1079/853
f 992/1081/75 719/4898/852 729/1082/851
f 992/1085/75 730/1114/855 731/1086/857
f 720/1087/858 731/1086/857 732/1088/859
f 717/1090/861 716/4899/3472 724/1091/862
f 994/1093/864 993/1089/860 732/1088/859
f 717/1090/861 725/1092/863 726/1095/866
f 994/1093/864 733/1094/865 734/1097/868
f 991/1099/870 990/4900/867 726/1100/866
f 721/1072/847 995/1098/869 734/1097/868
f 991/1099/870 727/1101/871 728/1103/873
f 734/1097/868 748/1120/885 749/1105/874
f 727/1101/871 741/1121/886 742/1106/875
f 736/1073/848 735/1102/872 749/1105/874
f 729/1076/851 728/4896/873 742/1108/875
f 737/1079/853 736/4897/848 750/1110/876
f 730/1083/855 729/1082/851 743/1112/877
f 730/1114/855 744/4901/879 745/1115/880
f 731/1086/857 745/1115/880 746/1116/881
f 724/1091/862 738/4902/3473 739/1117/882
f 733/1094/865 732/1088/859 746/1116/881
f 725/1092/863 739/1117/882 740/1119/884
f 733/1094/865 747/1118/883 748/1120/885
f 726/1100/866 740/4903/884 741/1121/886
f 746/1116/881 745/1115/880 759/1122/887
f 739/1117/882 738/4902/3473 752/1124/889
f 746/1116/881 760/1123/888 761/1126/891
f 740/1127/884 739/4904/882 753/1128/890
f 748/1120/885 747/1118/883 761/1126/891
f 740/1127/884 754/1129/892 755/1131/894
f 748/1120/885 762/1130/893 763/1133/895
f 742/1134/875 741/1132/886 755/1131/894
f 749/1136/874 763/1168/895 764/1137/897
f 743/1138/877 742/4905/875 756/1139/896
f 750/1110/876 764/1137/897 765/1141/899
f 743/1142/877 757/1153/898 758/1143/900
f 745/1115/880 744/4901/879 758/1145/900
f 756/1135/896 755/1131/894 769/1146/901
f 764/1137/897 763/1168/895 777/1148/903
f 757/1140/898 756/1139/896 770/1150/902
f 764/1137/897 778/1149/904 779/1152/906
f 757/1153/898 771/1184/905 772/1154/907
f 759/1155/887 758/4906/900 772/1156/907
f 759/1155/887 773/1157/908 774/1158/909
f 753/1125/890 752/1124/889 766/1160/910
f 761/1162/891 760/1159/888 774/1158/909
f 753/1128/890 767/1170/911 768/1164/913
f 762/1165/893 761/1162/891 775/1163/912
f 755/1131/894 754/1129/892 768/1164/913
f 762/1167/893 776/1177/914 777/1148/903
f 773/1157/908 787/1187/928 788/1169/915
f 767/1170/911 766/4907/910 780/1171/916
f 775/1163/912 774/1158/909 788/1169/915
f 768/1164/913 767/1170/911 781/1172/917
f 775/1163/912 789/1173/918 790/1175/920
f 768/1164/913 782/1174/919 783/1176/921
f 776/1177/914 790/1202/920 791/1178/922
f 770/1147/902 769/1146/901 783/1176/921
f 778/1149/904 777/1148/903 791/1178/922
f 771/1151/905 770/1150/902 784/1181/923
f 779/1152/906 778/1149/904 792/1180/924
f 771/1184/905 785/1192/925 786/1185/927
f 773/1157/908 772/1156/907 786/1186/927
f 791/1178/922 805/1204/942 806/1188/929
f 785/1182/925 784/1181/923 798/1189/930
f 792/1180/924 806/1188/929 807/1191/932
f 785/1192/925 799/1219/931 800/1193/933
f 786/1186/927 800/4908/933 801/1194/934
f 788/1169/915 787/1187/928 801/1194/934
f 781/1172/917 780/1171/916 794/1196/936
f 789/1173/918 788/1169/915 802/1195/935
f 781/1172/917 795/1197/937 796/1199/939
f 789/1200/918 803/4909/938 804/1201/940
f 782/1174/919 796/1199/939 797/1203/941
f 790/1202/920 804/1201/940 805/1204/942
f 784/1179/923 783/1176/921 797/1203/941
f 794/1196/936 808/1235/963 809/1206/943
f 803/1198/938 802/1195/935 816/1207/944
f 795/1197/937 809/1206/943 810/1209/946
f 804/1201/940 803/4909/938 817/1210/945
f 796/1199/939 810/1209/946 811/1212/948
f 805/1204/942 804/1201/940 818/1211/947
f 798/1205/930 797/1203/941 811/1212/948
f 805/1204/942 819/1213/949 820/1215/951
f 799/1190/931 798/1189/930 812/1216/950
f 807/1191/932 806/1188/929 820/1215/951
f 799/1219/931 813/4910/952 814/1220/954
f 801/1194/934 800/4908/933 814/1221/954
f 801/1194/934 815/1222/955 816/1207/944
f 813/1217/952 812/1216/950 826/1223/956
f 821/1218/953 820/1215/951 834/1225/958
f 813/1227/952 827/1262/957 828/1228/960
f 815/1230/955 814/4911/954 828/1231/960
f 815/1230/955 829/1232/961 830/1233/962
f 808/1235/963 822/4912/3474 823/1236/964
f 817/1237/945 816/1234/944 830/1233/962
f 809/1206/943 823/1236/964 824/1239/966
f 817/1210/945 831/4913/965 832/1240/967
f 811/1212/948 810/1209/946 824/1239/966
f 819/1213/949 818/1211/947 832/1240/967
f 811/1212/948 825/1241/968 826/1243/956
f 820/1215/951 819/1213/949 833/1242/969
f 831/1238/965 830/1233/962 844/1244/970
f 823/1246/964 837/1279/983 838/1247/972
f 832/1249/967 831/1238/965 845/1245/971
f 825/1251/968 824/1248/966 838/1247/972
f 833/1242/969 832/1240/967 846/1253/973
f 826/1255/956 825/1251/968 839/1252/974
f 833/1242/969 847/1254/975 848/1257/977
f 827/1258/957 826/4914/956 840/1259/976
f 834/1225/958 848/1257/977 849/1261/979
f 827/1262/957 841/1271/978 842/1263/980
f 829/1232/961 828/1231/960 842/1264/980
f 829/1232/961 843/1265/981 844/1244/970
f 823/1266/964 822/4915/3474 836/1267/982
f 849/1261/979 848/1257/977 862/1269/984
f 841/1271/978 855/1299/996 856/1272/362
f 843/1265/981 842/1264/980 856/1273/362
f 843/1265/981 857/1274/986 858/1275/987
f 837/1268/983 836/1267/982 850/1276/988
f 844/1244/970 858/1275/987 859/1278/990
f 837/1279/983 851/1305/989 852/1280/991
f 845/1245/971 859/1278/990 860/1281/992
f 839/1252/974 838/1247/972 852/1280/991
f 847/1254/975 846/1253/973 860/1283/992
f 839/1252/974 853/1282/993 854/1285/995
f 848/1257/977 847/1254/975 861/1284/994
f 841/1260/978 840/1259/976 854/1286/995
f 860/1281/992 859/1278/990 873/1288/997
f 853/1282/993 852/1280/991 866/1290/999
f 861/1292/994 860/1281/992 874/1289/998
f 854/1285/995 853/1282/993 867/1291/1000
f 861/1284/994 875/1319/1001 876/1295/1003
f 855/1287/996 854/1286/995 868/1296/1002
f 862/1269/984 876/1295/1003 877/1298/1005
f 855/1299/996 869/4916/1004 870/1300/1006
f 857/1274/986 856/1273/362 870/1301/1006
f 857/1274/986 871/1302/1007 872/1303/1008
f 850/1276/988 864/4917/3475 865/1304/1009
f 859/1278/990 858/1275/987 872/1303/1008
f 851/1305/989 865/4918/1009 866/1290/999
f 871/1302/1007 870/1301/1006 884/1307/1011
f 871/1302/1007 885/1308/1012 886/1309/1013
f 865/1304/1009 864/4917/3475 878/1310/1014
f 873/1288/997 872/1303/1008 886/1309/1013
f 866/1290/999 865/4918/1009 879/1313/1015
f 873/1288/997 887/1312/1016 888/1315/1018
f 866/1290/999 880/1314/1017 881/1316/1019
f 875/1293/1001 874/1289/998 888/1315/1018
f 868/1294/1002 867/1291/1000 881/1316/1019
f 875/1319/1001 889/1329/1020 890/1320/1022
f 868/1296/1002 882/1331/1021 883/1321/1023
f 877/1298/1005 876/1295/1003 890/1320/1022
f 870/1300/1006 869/4916/1004 883/1322/1023
f 880/1314/1017 894/4919/1037 895/1324/1024
f 889/1325/1020 888/1346/1018 902/1326/1025
f 881/1316/1019 895/1324/1024 896/1328/1027
f 889/1329/1020 903/4920/1026 904/1330/1028
f 882/1331/1021 896/4921/1027 897/1332/1029
f 891/1306/1010 890/1320/1022 904/1330/1028
f 883/1322/1023 897/4922/1029 898/1334/1031
f 884/1335/1011 898/4923/1031 899/1336/1032
f 886/1338/1013 885/1337/1012 899/1336/1032
f 879/1311/1015 878/1310/1014 892/1340/1034
f 887/1342/1016 886/1338/1013 900/1339/1033
f 880/1344/1017 879/1311/1015 893/1341/1035
f 887/1342/1016 901/1343/1036 902/1326/1025
f 899/1336/1032 898/4923/1031 912/1347/1038
f 899/1336/1032 913/1348/1039 914/1349/1040
f 892/1340/1034 906/1382/1060 907/1350/1041
f 901/1343/1036 900/1339/1033 914/1349/1040
f 893/1341/1035 907/1350/1041 908/1352/1043
f 902/1326/1025 901/1343/1036 915/1351/1042
f 894/1354/1037 908/1387/1043 909/1355/1045
f 902/1326/1025 916/1353/1044 917/1357/1046
f 896/1358/1027 895/1356/1024 909/1355/1045
f 904/1360/1028 903/1327/1026 917/1357/1046
f 897/1362/1029 896/4924/1027 910/1363/1047
f 904/1330/1028 918/1375/1048 919/1365/1050
f 897/1366/1029 911/1377/1049 912/1367/1038
f 916/1353/1044 930/1386/1064 931/1369/1051
f 910/1359/1047 909/1355/1045 923/1370/1052
f 918/1361/1048 917/1357/1046 931/1369/1051
f 911/1364/1049 910/1363/1047 924/1373/1053
f 918/1375/1048 932/4925/1054 933/1376/1056
f 911/1377/1049 925/1403/1055 926/1378/1057
f 913/1348/1039 912/1347/1038 926/1379/1057
f 913/1348/1039 927/1380/1058 928/1381/1059
f 906/1382/1060 920/4926/3476 921/1383/1061
f 915/1351/1042 914/1349/1040 928/1381/1059
f 907/1350/1041 921/1383/1061 922/1385/1063
f 916/1353/1044 915/1351/1042 929/1384/1062
f 908/1387/1043 922/1394/1063 923/1370/1052
f 927/1380/1058 941/1406/1078 942/1388/1065
f 921/1383/1061 920/4926/3476 934/1389/1066
f 929/1384/1062 928/1381/1059 942/1388/1065
f 922/1385/1063 921/1383/1061 935/1390/1067
f 930/1386/1064 929/1384/1062 943/1391/1068
f 922/1394/1063 936/4927/1069 937/1395/1071
f 930/1386/1064 944/1393/1070 945/1396/1072
f 924/1371/1053 923/1370/1052 937/1395/1071
f 931/1369/1051 945/1396/1072 946/1398/1074
f 925/1374/1055 924/1373/1053 938/1399/1073
f 933/1376/1056 932/4925/1054 946/1401/1074
f 925/1403/1055 939/1413/1075 940/1404/1077
f 927/1380/1058 926/1379/1057 940/1405/1077
f 938/1397/1073 937/1395/1071 951/1407/1079
f 945/1396/1072 959/1425/1092 960/1409/1081
f 939/1400/1075 938/1399/1073 952/1410/1080
f 946/1401/1074 960/1441/1081 961/1412/1083
f 939/1413/1075 953/1443/1082 954/1414/1084
f 941/1406/1078 940/1405/1077 954/1415/1084
f 941/1406/1078 955/1416/1085 956/1417/1086
f 935/1390/1067 934/1389/1066 948/1418/1087
f 943/1391/1068 942/1388/1065 956/1417/1086
f 935/1390/1067 949/1419/1088 950/1421/1090
f 944/1393/1070 943/1391/1068 957/1420/1089
f 936/1392/1069 950/1421/1090 951/1423/1079
f 944/1393/1070 958/1422/1091 959/1425/1092
f 955/1416/1085 969/1446/1105 970/1426/1093
f 948/1418/1087 962/1462/1114 963/1427/1094
f 957/1420/1089 956/1417/1086 970/1426/1093
f 949/1419/1088 963/1427/1094 964/1429/1096
f 957/1420/1089 971/1428/1095 972/1430/1097
f 950/1421/1090 964/1429/1096 965/1431/1098
f 958/1432/1091 972/1468/1097 973/1433/1099
f 952/1435/1080 951/1423/1079 965/1431/1098
f 960/1437/1081 959/1434/1092 973/1433/1099
f 953/1411/1082 952/1410/1080 966/1439/1100
f 960/1441/1081 974/1452/1101 975/1442/1103
f 953/1443/1082 967/4928/1102 968/1444/1104
f 955/1416/1085 954/1415/1084 968/1445/1104
f 974/1438/1101 973/1433/1099 987/1447/1106
f 967/1449/1102 966/4929/1100 980/1450/1108
f 974/1452/1101 988/4930/1107 989/1453/1110
f 967/1454/1102 981/1475/1109 982/1455/1111
f 969/1457/1105 968/4931/1104 982/1458/1111
f 969/1457/1105 983/1459/1112 984/1460/1113
f 962/1462/1114 976/1476/1120 977/1463/1115
f 971/1464/1095 970/1461/1093 984/1460/1113
f 964/1429/1096 963/1427/1094 977/1463/1115
f 971/1464/1095 985/1465/1116 986/1467/1118
f 965/1431/1098 964/1429/1096 978/1466/1117
f 972/1468/1097 986/1467/1118 987/1447/1106
f 965/1470/1098 979/1474/1119 980/1471/1108
f 985/1465/1116 984/1460/1113 993/1089/860
f 977/1463/1115 717/1090/861 990/1096/867
f 986/1467/1118 985/1465/1116 994/1093/864
f 978/1466/1117 990/1096/867 991/1473/870
f 987/1447/1106 986/1467/1118 995/1098/869
f 979/1474/1119 991/1099/870 718/1104/850
f 988/1448/1107 987/1447/1106 721/1072/847
f 980/1450/1108 718/1075/850 719/1077/852
f 989/1453/1110 988/4930/1107 996/1078/849
f 981/1475/1109 719/4898/852 992/1081/75
f 983/1459/1112 982/1458/1111 992/1085/75
f 983/1459/1112 720/1087/858 993/1089/860
f 976/1476/1120 716/4899/3472 717/1090/861
f 1017/1477/1121 1016/1513/1147 1002/1478/1122
f 1010/1480/1124 1009/1520/1145 999/1481/1125
f 1018/1483/1127 1017/1516/1121 1277/1484/1123
f 1273/1486/1129 1011/1523/1153 1010/1487/1124
f 892/1489/900 878/1913/879 1303/1490/879
f 1012/1493/1131 1011/1529/1153 1273/1494/1129
f 1013/1496/1133 1012/1493/1131 1001/1495/1132
f 998/1498/1135 1006/1531/1159 1005/1499/1136
f 1275/1501/1138 1014/1505/1142 1013/1496/1133
f 1007/1502/1139 1006/1531/1159 998/1498/1135
f 1276/1504/1141 1015/1509/1144 1014/1505/1142
f 1272/1506/1143 1008/1515/1149 1007/1507/1139
f 1002/1478/1122 1016/1513/1147 1015/1509/1144
f 1009/1510/1145 1008/1515/1149 1272/1506/1143
f 1030/1512/1146 1029/1534/1162 1015/1509/1144
f 1023/1514/1148 1022/1535/1163 1008/1515/1149
f 1017/1516/1121 1031/1521/1151 1030/1517/1146
f 1024/1519/1150 1023/4932/1148 1009/1520/1145
f 1018/1483/1127 1032/1527/1156 1031/1521/1151
f 1025/1522/1152 1024/1558/1150 1010/1487/1124
f 1215/1524/1154 1229/4933/1155 1355/1525/1155
f 1026/1528/1157 1025/1560/1152 1011/1529/1153
f 1013/1496/1133 1027/1539/1164 1026/1528/1157
f 1020/1530/1158 1019/1542/1167 1005/1499/1136
f 1028/1532/1160 1027/1539/1164 1013/1496/1133
f 1021/1533/1161 1020/1530/1158 1006/1531/1159
f 1029/1534/1162 1028/1532/1160 1014/1505/1142
f 1022/1535/1163 1021/4934/1161 1007/1507/1139
f 794/1536/1077 1291/1969/1077 1293/1537/1084
f 1027/1539/1164 1041/4935/1185 1040/1540/1165
f 1034/1541/1166 1033/4936/1188 1019/1542/1167
f 1042/1543/1168 1041/4935/1185 1027/1539/1164
f 1035/1544/1169 1034/1582/1166 1020/1545/1158
f 1043/1547/1170 1042/1543/1168 1028/1532/1160
f 1036/1548/1171 1035/1544/1169 1021/1546/1161
f 1044/1550/1172 1043/1588/1170 1029/1551/1162
f 1023/1552/1148 1037/1561/1173 1036/1548/1171
f 1031/1521/1151 1045/1563/1177 1044/1550/1172
f 1024/1553/1150 1038/1565/1179 1037/1554/1173
f 1046/1556/1174 1045/1563/1177 1031/1521/1151
f 1039/1557/1175 1038/4937/1179 1024/1558/1150
f 1026/1528/1157 1040/1540/1165 1039/1559/1175
f 1037/1561/1173 1051/1601/1180 1050/1562/1176
f 1045/1563/1177 1059/1603/1202 1058/1564/1178
f 1038/1565/1179 1052/1605/1204 1051/1566/1180
f 1060/1567/1181 1059/1603/1202 1045/1563/1177
f 1053/1568/1182 1052/1608/1204 1038/1569/1179
f 752/1571/1031 1285/4938/1031 1287/1572/1038
f 1040/1574/1165 1054/1581/1186 1053/1575/1182
f 1103/1577/1183 1336/4939/1183 1334/1578/1184
f 1041/1580/1185 1055/1586/1189 1054/1581/1186
f 1034/1582/1166 1048/1587/1190 1047/1583/1187
f 1042/1585/1168 1056/1596/1191 1055/1586/1189
f 1035/1544/1169 1049/1591/1192 1048/1587/1190
f 1043/1588/1170 1057/1592/1193 1056/1589/1191
f 1036/1548/1171 1050/1562/1176 1049/1591/1192
f 1044/1550/1172 1058/1564/1178 1057/1592/1193
f 1069/1593/1194 1068/1617/1212 1054/1581/1186
f 1048/1587/1190 1062/1597/1197 1061/1594/1195
f 1070/1595/1196 1069/1593/1194 1055/1586/1189
f 1049/1591/1192 1063/1599/1199 1062/1597/1197
f 1071/1598/1198 1070/1624/1196 1056/1589/1191
f 1050/1562/1176 1064/1602/1201 1063/1599/1199
f 1072/1600/1200 1071/1598/1198 1057/1592/1193
f 1051/1601/1180 1065/1628/1210 1064/1602/1201
f 1059/1603/1202 1073/1606/1205 1072/1600/1200
f 1066/1604/1203 1065/1613/1210 1051/1566/1180
f 1060/1567/1181 1074/1609/1207 1073/1606/1205
f 1067/1607/1206 1066/1616/1203 1052/1608/1204
f 1054/1581/1186 1068/1617/1212 1067/1610/1206
f 1087/1611/1208 1086/1636/1226 1072/1600/1200
f 1066/1604/1203 1080/1637/1227 1079/1612/1209
f 1088/1614/1211 1087/1611/1208 1073/1606/1205
f 1081/1615/1154 1080/1641/1227 1066/1616/1203
f 1068/1617/1212 1082/1619/1213 1081/1618/1154
f 1069/1593/1194 1083/1621/1215 1082/1619/1213
f 1062/1597/1197 1076/1622/1216 1075/1620/1214
f 1070/1595/1196 1084/1631/1217 1083/1621/1215
f 1063/1599/1199 1077/1632/1222 1076/1622/1216
f 1071/1598/1198 1085/1626/1219 1084/1623/1217
f 1078/1625/1218 1077/1632/1222 1063/1599/1199
f 1072/1600/1200 1086/1636/1226 1085/1626/1219
f 1079/1627/1209 1078/1625/1218 1064/1602/1201
f 1090/1629/1220 1089/4940/1240 1075/1620/1214
f 1098/1630/1221 1097/1650/1232 1083/1621/1215
f 1077/1632/1222 1091/1670/1242 1090/1629/1220
f 1099/1633/1223 1098/4941/1221 1084/1623/1217
f 1092/1634/1224 1091/1670/1242 1077/1632/1222
f 1100/1635/1225 1099/1633/1223 1085/1626/1219
f 1079/1627/1209 1093/1675/1228 1092/1634/1224
f 1087/1611/1208 1101/1639/1229 1100/1635/1225
f 1080/1637/1227 1094/1651/1233 1093/1638/1228
f 1088/1614/1211 1102/1645/1231 1101/1639/1229
f 1095/1640/1155 1094/4942/1233 1080/1641/1227
f 1243/1642/1230 1357/1968/1230 1355/1643/1155
f 1082/1619/1213 1096/4943/1237 1095/1646/1155
f 976/1647/980 962/1942/960 1316/1648/960
f 1097/1650/1232 1096/4943/1237 1082/1619/1213
f 1094/1651/1233 1108/4944/1254 1107/1652/1234
f 1102/1645/1231 1116/1657/1236 1115/1653/1235
f 1109/1654/1230 1108/1694/1254 1094/1655/1233
f 1096/1658/1237 1110/1698/1258 1109/1659/1230
f 766/1573/1038 1287/1572/1038 1289/1661/1057
f 1111/1663/1238 1110/1698/1258 1096/1658/1237
f 1090/1665/1220 1104/1701/1248 1103/1666/1239
f 1098/1668/1221 1112/1672/1243 1111/1663/1238
f 1105/1669/1241 1104/4945/1248 1090/1629/1220
f 1099/1671/1223 1113/1681/1244 1112/1672/1243
f 1092/1634/1224 1106/4946/1250 1105/1669/1241
f 1100/1635/1225 1114/1676/1245 1113/1673/1244
f 1107/1674/1234 1106/4946/1250 1092/1634/1224
f 1101/1639/1229 1115/1653/1235 1114/1676/1245
f 1112/1672/1243 1126/1682/1249 1125/1677/1246
f 1119/1678/1247 1118/1719/1259 1104/1679/1248
f 1113/1681/1244 1127/1685/1251 1126/1682/1249
f 1106/1683/1250 1120/1687/1252 1119/1678/1247
f 1114/1684/1245 1128/1721/1271 1127/1685/1251
f 1107/1686/1234 1121/1723/1255 1120/1687/1252
f 1129/1688/1253 1128/1724/1271 1114/1676/1245
f 1108/1689/1254 1122/1725/1262 1121/1690/1255
f 1130/1692/1256 1129/1688/1253 1115/1653/1235
f 1123/1693/1257 1122/1704/1262 1108/1694/1254
f 1187/1695/1182 1201/1943/1206 1351/1696/1206
f 1110/1698/1258 1124/1709/1264 1123/1699/1257
f 1125/1677/1246 1124/1709/1264 1110/1698/1258
f 1118/1700/1259 1117/1716/1267 1103/1666/1239
f 1130/1692/1256 1144/1708/1263 1143/1702/1260
f 1137/1703/1261 1136/1739/1280 1122/1704/1262
f 850/1705/75 1299/1948/75 1301/1706/855
f 1124/1709/1264 1138/1740/1283 1137/1710/1261
f 892/1711/900 1306/4947/900 1308/1712/907
f 1139/1714/1265 1138/1740/1283 1124/1709/1264
f 1118/1700/1259 1132/1746/1286 1131/1715/1266
f 1140/1717/1268 1139/1714/1265 1125/1677/1246
f 1133/1718/1269 1132/4948/1286 1118/1719/1259
f 1141/1720/1270 1140/1717/1268 1126/1682/1249
f 1120/1687/1252 1134/1729/1275 1133/1718/1269
f 1128/1721/1271 1142/1730/1276 1141/1720/1270
f 1135/1722/1272 1134/1729/1275 1120/1687/1252
f 1143/1702/1260 1142/1734/1276 1128/1724/1271
f 1122/1725/1262 1136/1735/1280 1135/1726/1272
f 1141/1720/1270 1155/1731/1277 1154/1727/1273
f 1148/1728/1274 1147/1760/1287 1133/1718/1269
f 1142/1730/1276 1156/1762/1298 1155/1731/1277
f 1149/1732/1278 1148/1728/1274 1134/1729/1275
f 1157/1733/1279 1156/1764/1298 1142/1734/1276
f 1136/1735/1280 1150/1766/1301 1149/1736/1278
f 1158/1737/1281 1157/1733/1279 1143/1702/1260
f 1151/1738/1282 1150/1768/1301 1136/1739/1280
f 1138/1740/1283 1152/1750/1289 1151/1741/1282
f 716/1742/362 976/1647/980 1318/1649/980
f 1153/1744/1284 1152/1750/1289 1138/1740/1283
f 1146/1745/1285 1145/1756/1293 1131/1715/1266
f 1140/1717/1268 1154/1727/1273 1153/1744/1284
f 1147/1747/1287 1146/1745/1285 1132/1746/1286
f 1152/1750/1289 1166/4949/1310 1165/1751/1290
f 724/1752/1006 716/1742/362 1279/1743/362
f 1167/1754/1291 1166/4949/1310 1152/1750/1289
f 1146/1745/1285 1160/1757/1294 1159/1755/1292
f 1154/1727/1273 1168/4950/1314 1167/1754/1291
f 1147/1747/1287 1161/1770/1303 1160/1757/1294
f 1169/1758/1295 1168/4950/1314 1154/1727/1273
f 1162/1759/1296 1161/4951/1303 1147/1760/1287
f 1170/1761/1297 1169/1758/1295 1155/1731/1277
f 1149/1732/1278 1163/1776/1306 1162/1759/1296
f 1171/1763/1299 1170/4952/1297 1156/1764/1298
f 1164/1765/1300 1163/1780/1306 1149/1736/1278
f 1158/1737/1281 1172/1749/1288 1171/1763/1299
f 1151/1738/1282 1165/4953/1290 1164/1767/1300
f 1176/1769/1302 1175/1799/1321 1161/1770/1303
f 1170/1772/1297 1184/1802/1324 1183/1773/1304
f 1177/1775/1305 1176/4954/1302 1162/1759/1296
f 1185/1777/1307 1184/1802/1324 1170/1772/1297
f 1164/1765/1300 1178/4955/1329 1177/1779/1305
f 1186/1781/1308 1185/1812/1307 1171/1763/1299
f 1179/1782/1309 1178/1814/1329 1164/1783/1300
f 1166/1784/1310 1180/1793/1315 1179/1785/1309
f 724/1752/1006 1281/1753/1006 1283/1786/1011
f 1181/1788/1311 1180/1793/1315 1166/1784/1310
f 1174/1790/1312 1173/1797/1319 1159/1755/1292
f 1182/1791/1313 1181/1788/1311 1167/1789/1291
f 1161/1770/1303 1175/1799/1321 1174/1790/1312
f 1183/1773/1304 1182/1791/1313 1168/1792/1314
f 1180/1793/1315 1194/1830/1341 1193/1794/1316
f 1195/1795/1317 1194/1830/1341 1180/1793/1315
f 1188/1796/1318 1187/1834/1344 1173/1797/1319
f 1182/1791/1313 1196/1800/1322 1195/1795/1317
f 1189/1798/1320 1188/1796/1318 1174/1790/1312
f 1183/1773/1304 1197/1803/1325 1196/1800/1322
f 1190/1801/1323 1189/1798/1320 1175/1799/1321
f 1184/1802/1324 1198/1818/1333 1197/1803/1325
f 1191/1804/1326 1190/1821/1323 1176/1805/1302
f 1199/1807/1327 1198/1818/1333 1184/1802/1324
f 1192/1808/1328 1191/1824/1326 1177/1809/1305
f 1200/1811/1330 1199/1826/1327 1185/1812/1307
f 1193/1813/1316 1192/1828/1328 1178/1814/1329
f 1075/1815/1331 1332/1935/1331 1330/1816/1332
f 1198/1818/1333 1212/1822/1336 1211/1819/1334
f 1191/1804/1326 1205/1848/1337 1204/1820/1335
f 1199/1807/1327 1213/1850/1338 1212/1822/1336
f 1192/1808/1328 1206/1852/1339 1205/1823/1337
f 1200/1811/1330 1214/1829/1340 1213/1825/1338
f 1193/1813/1316 1207/1855/1332 1206/1827/1339
f 1194/1830/1341 1208/1839/1348 1207/1831/1332
f 1209/1832/1342 1208/1839/1348 1194/1830/1341
f 1202/1833/1343 1201/1841/1350 1187/1834/1344
f 1210/1835/1345 1209/1832/1342 1195/1795/1317
f 1189/1798/1320 1203/1844/1346 1202/1833/1343
f 1211/1819/1334 1210/1835/1345 1196/1800/1322
f 1190/1821/1323 1204/1820/1335 1203/1836/1346
f 1223/1838/1347 1222/1872/1363 1208/1839/1348
f 1202/1833/1343 1216/1877/1366 1215/1840/1349
f 1224/1842/1351 1223/1838/1347 1209/1832/1342
f 1217/1843/1352 1216/1877/1366 1202/1833/1343
f 1211/1819/1334 1225/1879/1368 1224/1842/1351
f 1218/1845/1353 1217/4956/1352 1203/1836/1346
f 1226/1846/1354 1225/1879/1368 1211/1819/1334
f 1219/1847/1355 1218/1845/1353 1204/1820/1335
f 1227/1849/1356 1226/1846/1354 1212/1822/1336
f 1220/1851/1357 1219/1863/1355 1205/1823/1337
f 1228/1853/1358 1227/1865/1356 1213/1825/1338
f 1221/1854/1331 1220/1867/1357 1206/1827/1339
f 836/1856/1111 822/4957/1104 1295/1857/1104
f 1208/1839/1348 1222/1872/1363 1221/1859/1331
f 1233/1860/1359 1232/1893/1369 1218/1845/1353
f 1241/1861/1360 1240/1882/1370 1226/1846/1354
f 1220/1851/1357 1234/1894/1381 1233/1862/1359
f 1242/1864/1361 1241/1897/1360 1227/1865/1356
f 1235/1866/1184 1234/1899/1381 1220/1867/1357
f 948/1868/954 934/1966/933 1312/1869/933
f 1236/1871/1362 1235/1902/1184 1221/1859/1331
f 1159/1873/1152 1173/4958/1175 1347/1643/1175
f 1237/1875/1364 1236/1871/1362 1222/1872/1363
f 1230/1876/1365 1229/1885/1373 1215/1840/1349
f 1224/1842/1351 1238/1886/1374 1237/1875/1364
f 1217/1843/1352 1231/1887/1375 1230/1876/1365
f 1239/1878/1367 1238/1886/1374 1224/1842/1351
f 1232/1880/1369 1231/1887/1375 1217/1843/1352
f 1240/1882/1370 1239/1878/1367 1225/1879/1368
f 1251/1883/1371 1250/4959/1390 1236/1871/1362
f 1230/1876/1365 1244/1888/1376 1243/1884/1372
f 1238/1886/1374 1252/1889/1377 1251/1883/1371
f 1231/1887/1375 1245/1890/1378 1244/1888/1376
f 1239/1878/1367 1253/4960/1394 1252/1889/1377
f 1232/1880/1369 1246/4961/1380 1245/1890/1378
f 1254/1891/1379 1253/4960/1394 1239/1878/1367
f 1233/1860/1359 1247/4962/1382 1246/1892/1380
f 1241/1861/1360 1255/4963/1383 1254/1891/1379
f 1234/1894/1381 1248/4964/1384 1247/1895/1382
f 1242/1864/1361 1256/1900/1385 1255/1896/1383
f 1235/1866/1184 1249/4965/1183 1248/1898/1384
f 1236/1871/1362 1250/4959/1390 1249/1901/1183
f 1255/1903/1383 1269/1931/1398 1268/1904/1386
f 1248/1906/1384 1262/1932/1399 1261/1907/1387
f 1270/1909/1388 1269/1933/1398 1255/1896/1383
f 1263/1910/1389 1262/1934/1399 1248/1911/1384
f 878/1913/879 864/1707/855 1301/1706/855
f 1250/1914/1390 1264/1936/1400 1263/1915/1389
f 1265/1917/1391 1264/1936/1400 1250/1914/1390
f 1258/1919/1392 1257/1940/1401 1243/1884/1372
f 1252/1920/1377 1266/1928/1396 1265/1917/1391
f 1245/1890/1378 1259/1929/1397 1258/1919/1392
f 1267/1921/1393 1266/1928/1396 1252/1920/1377
f 1260/1923/1395 1259/1930/1397 1245/1924/1378
f 1254/1905/1379 1268/1904/1386 1267/1921/1393
f 1261/1926/1387 1260/1923/1395 1246/1925/1380
f 1266/1928/1396 1275/1501/1138 1274/1497/1134
f 1259/1929/1397 1271/1503/1140 998/1498/1135
f 1267/1921/1393 1276/1504/1141 1275/1501/1138
f 1260/1923/1395 1272/1506/1143 1271/1508/1140
f 1268/1904/1386 1002/1478/1122 1276/1504/1141
f 1261/1926/1387 999/1511/1125 1272/1506/1143
f 1269/1931/1398 1277/1479/1123 1002/1478/1122
f 1000/1482/1126 999/1481/1125 1261/1907/1387
f 1270/1909/1388 1003/1485/1128 1277/1484/1123
f 1273/1486/1129 1000/1488/1126 1262/1934/1399
f 1075/1815/1331 1089/1579/1184 1334/1578/1184
f 1264/1936/1400 1001/1495/1132 1273/1494/1129
f 1047/1937/1316 1328/1949/1316 1326/1938/1309
f 1274/1497/1134 1001/1495/1132 1264/1936/1400
f 1258/1919/1392 998/1498/1135 997/1500/1137
f 948/1941/954 1314/4966/954 1316/1648/960
f 1215/1524/1154 1353/1526/1154 1351/1696/1206
f 738/1787/1011 1283/1786/1011 1285/1944/1031
f 906/1713/907 1308/1712/907 1310/1946/927
f 850/1705/75 836/1856/1111 1297/1858/1111
f 1061/1817/1332 1330/1816/1332 1328/1949/1316
f 1131/1950/1129 1145/1965/1153 1342/1951/1153
f 1187/1695/1182 1349/1697/1182 1347/1953/1175
f 1005/1955/1282 1322/1959/1282 1320/1956/1261
f 1005/1955/1282 1019/4967/1290 1324/1958/1290
f 1103/1960/1183 1117/1973/1389 1338/1961/1389
f 822/1963/1104 808/1538/1084 1293/1537/1084
f 1159/1873/1152 1344/1874/1152 1342/1951/1153
f 934/1966/933 920/1947/927 1310/1946/927
f 1243/1642/1230 1257/1972/1257 1359/1967/1257
f 794/1536/1077 780/1662/1057 1289/1661/1057
f 1019/1970/1290 1033/1939/1309 1326/1938/1309
f 997/1957/1261 1320/1956/1261 1359/1967/1257
f 1131/1950/1129 1340/1952/1129 1338/1961/1389
f 1279/1977/1405 1278/1974/1402 1280/1976/1404
f 1281/1978/1406 1280/1976/1404 1282/1979/1407
f 1282/1979/1407 1284/1982/1410 1285/1981/1409
f 1285/1981/1409 1284/1982/1410 1286/1983/1411
f 1286/1983/1411 1288/1985/1413 1289/1986/1414
f 1289/1986/1414 1288/1985/1413 1290/1987/1415
f 1290/1987/1415 1292/1989/1417 1293/1990/1418
f 1293/1990/1418 1292/1989/1417 1294/1991/1419
f 1295/1992/1420 1294/1991/1419 1296/1993/1421
f 1297/1994/1422 1296/1993/1421 1298/1995/1423
f 1299/1996/1424 1298/1995/1423 1300/1997/1425
f 1301/1998/1426 1300/1997/1425 1302/1999/1427
f 1303/2000/1428 1302/1999/1427 1305/2001/1429
f 1306/2002/1430 1305/2001/1429 1307/2003/1431
f 1308/2004/1432 1307/2003/1431 1309/2005/1433
f 1309/2005/1433 1311/2008/1436 1312/2007/1435
f 1311/2008/1436 1313/2009/1437 1314/2010/1438
f 1314/2010/1438 1313/2009/1437 1315/2011/1439
f 1315/2011/1439 1317/2013/1441 1318/2014/1442
f 1317/2013/1441 1278/1974/1402 1279/1977/1405
f 1320/2018/1446 1322/2020/1448 1321/2016/1444
f 1322/2020/1448 1324/2022/1450 1323/2019/1447
f 1326/2021/1449 1325/2023/1451 1323/2019/1447
f 1326/2021/1449 1328/2027/1455 1327/2024/1452
f 1330/2026/1454 1329/2025/1453 1327/2024/1452
f 1330/2026/1454 1332/2031/1459 1331/2028/1456
f 1334/2030/1458 1333/2029/1457 1331/2028/1456
f 1334/2030/1458 1336/2035/1463 1335/2032/1460
f 1338/2034/1462 1337/2033/1461 1335/2032/1460
f 1338/2034/1462 1340/2039/1467 1339/2036/1464
f 1342/2038/1466 1341/2037/1465 1339/2036/1464
f 1342/2038/1466 1344/2043/1471 1343/2040/1468
f 1347/2042/1470 1346/2041/1469 1343/2040/1468
f 1347/2042/1470 1349/2046/1474 1348/2044/1472
f 1349/2046/1474 1351/2048/1476 1350/2045/1473
f 1353/2047/1475 1352/2049/1477 1350/2045/1473
f 1355/2051/1479 1354/2050/1478 1352/2049/1477
f 1355/2051/1479 1357/2055/1483 1356/2052/1480
f 1359/2054/1482 1358/2053/1481 1356/2052/1480
f 1320/2018/1446 1319/2015/1443 1358/2053/1481
f 1380/2056/1484 1379/2088/1508 1365/2057/1485
f 1373/2059/1487 1372/2092/1506 1362/2060/1488
f 1381/2062/1490 1380/2094/1484 1640/2063/1486
f 1636/2065/75 1374/2095/1512 1373/2066/1487
f 1375/2069/1493 1374/2099/1512 1636/2070/75
f 1376/2072/1495 1375/2069/1493 1364/2071/1494
f 1361/2074/1497 1369/2102/1518 1368/2075/1498
f 1638/2077/1500 1377/2103/1519 1376/2072/1495
f 1370/2078/1501 1369/2102/1518 1361/2074/1497
f 1378/2080/1503 1377/2103/1519 1638/2077/1500
f 1635/2082/1505 1371/2090/1510 1370/2083/1501
f 1365/2057/1485 1379/2088/1508 1378/2080/1503
f 1372/2085/1506 1371/2090/1510 1635/2082/1505
f 1393/2087/1507 1392/2105/1521 1378/2080/1503
f 1386/2089/1509 1385/2106/1522 1371/2090/1510
f 1380/2056/1484 1394/4968/1511 1393/2087/1507
f 1373/2059/1487 1387/4969/1513 1386/2091/1509
f 1381/2062/1490 1395/2097/1514 1394/2093/1511
f 1374/2095/1512 1388/4970/1535 1387/2096/1513
f 1389/2098/1515 1388/2129/1535 1374/2099/1512
f 1390/2100/1516 1389/2098/1515 1375/2069/1493
f 1383/2101/1517 1382/2109/1525 1368/2075/1498
f 1377/2103/1519 1391/2111/1527 1390/2100/1516
f 1384/2104/1520 1383/2101/1517 1369/2102/1518
f 1392/2105/1521 1391/2111/1527 1377/2103/1519
f 1385/2106/1522 1384/4971/1520 1370/2083/1501
f 1390/2100/1516 1404/4972/1543 1403/2107/1523
f 1383/2101/1517 1397/2144/1528 1396/2108/1524
f 1405/2110/1526 1404/4972/1543 1390/2100/1516
f 1384/2112/1520 1398/2148/1546 1397/2113/1528
f 1392/2105/1521 1406/2152/1547 1405/2110/1526
f 1399/2115/1529 1398/2148/1546 1384/2112/1520
f 1407/2117/1530 1406/2152/1547 1392/2105/1521
f 1386/2118/1509 1400/2130/1532 1399/2115/1529
f 1408/2119/1531 1407/2133/1530 1393/2120/1507
f 1387/2121/1513 1401/2134/1538 1400/2122/1532
f 1409/2124/1533 1408/2119/1531 1394/2093/1511
f 1402/2125/1534 1401/2138/1538 1387/2126/1513
f 1389/2098/1515 1403/2107/1523 1402/2128/1534
f 1400/2130/1532 1414/2164/1539 1413/2131/1536
f 1408/2119/1531 1422/2165/1558 1421/2132/1537
f 1401/2134/1538 1415/2166/1559 1414/2135/1539
f 1423/2136/1540 1422/2165/1558 1408/2119/1531
f 1416/2137/1541 1415/2170/1559 1401/2138/1538
f 1403/2139/1523 1417/2154/1550 1416/2140/1541
f 1418/2142/1542 1417/2154/1550 1403/2139/1523
f 1397/2144/1528 1411/4973/1551 1410/2145/1544
f 1405/2146/1526 1419/2150/1548 1418/2142/1542
f 1412/2147/1545 1411/2155/1551 1397/2113/1528
f 1406/2149/1547 1420/2160/1555 1419/2150/1548
f 1399/2115/1529 1413/2131/1536 1412/2147/1545
f 1421/2151/1537 1420/4974/1555 1406/2152/1547
f 1432/2153/1549 1431/2180/1570 1417/2154/1550
f 1411/2155/1551 1425/2158/1553 1424/2156/1552
f 1419/2150/1548 1433/2182/1572 1432/2153/1549
f 1412/2147/1545 1426/2185/1575 1425/2158/1553
f 1434/2159/1554 1433/2182/1572 1419/2150/1548
f 1427/2161/1556 1426/2185/1575 1412/2147/1545
f 1435/2162/1557 1434/2189/1554 1420/2163/1555
f 1414/2164/1539 1428/2190/1560 1427/2161/1556
f 1422/2165/1558 1436/2168/1561 1435/2162/1557
f 1415/2166/1559 1429/2174/1565 1428/2167/1560
f 1423/2136/1540 1437/2171/1563 1436/2168/1561
f 1430/2169/1562 1429/2178/1565 1415/2170/1559
f 1417/2154/1550 1431/2180/1570 1430/2172/1562
f 1450/2173/1564 1449/2188/1578 1435/2162/1557
f 1429/2174/1565 1443/2202/1588 1442/2175/1566
f 1451/2176/1567 1450/2173/1564 1436/2168/1561
f 1444/2177/1568 1443/2205/1588 1429/2178/1565
f 1445/2179/1569 1444/2208/1568 1430/2172/1562
f 1432/2153/1549 1446/2183/1573 1445/2179/1569
f 1425/2158/1553 1439/2192/1580 1438/2181/1571
f 1433/2182/1572 1447/2193/1581 1446/2183/1573
f 1440/2184/1574 1439/2192/1580 1425/2158/1553
f 1448/2186/1576 1447/2193/1581 1433/2182/1572
f 1441/2187/1577 1440/2184/1574 1426/2185/1575
f 1449/2188/1578 1448/2199/1576 1434/2189/1554
f 1428/2190/1560 1442/2200/1566 1441/2187/1577
f 1453/2191/1579 1452/2222/1600 1438/2181/1571
f 1447/2193/1581 1461/2196/1584 1460/2194/1582
f 1454/2195/1583 1453/2191/1579 1439/2192/1580
f 1448/2186/1576 1462/4975/1586 1461/2196/1584
f 1455/2197/1585 1454/2195/1583 1440/2184/1574
f 1449/2188/1578 1463/2227/1603 1462/2198/1586
f 1442/2200/1566 1456/2230/1589 1455/2197/1585
f 1464/2201/1587 1463/2227/1603 1449/2188/1578
f 1443/2202/1588 1457/2209/1592 1456/2203/1589
f 1451/2176/1567 1465/2206/1591 1464/2201/1587
f 1458/2204/1590 1457/4976/1592 1443/2205/1588
f 1445/2179/1569 1459/4977/1597 1458/2207/1590
f 1460/2194/1582 1459/4977/1597 1445/2179/1569
f 1457/2209/1592 1471/4978/1613 1470/2210/1593
f 1465/2206/1591 1479/2215/1596 1478/2211/1594
f 1472/2212/1595 1471/2248/1613 1457/2213/1592
f 1459/2216/1597 1473/2249/1617 1472/2217/1595
f 1474/2219/1598 1473/2249/1617 1459/2216/1597
f 1467/2221/1599 1466/4979/1619 1452/2222/1600
f 1461/2223/1584 1475/2232/1605 1474/2219/1598
f 1468/2224/1601 1467/2221/1599 1453/2191/1579
f 1476/2225/1602 1475/2232/1605 1461/2223/1584
f 1455/2197/1585 1469/4980/1609 1468/2224/1601
f 1463/2227/1603 1477/2231/1604 1476/2228/1602
f 1470/2229/1593 1469/4980/1609 1455/2197/1585
f 1464/2201/1587 1478/2211/1594 1477/2231/1604
f 1475/2232/1605 1489/2237/1608 1488/2233/1606
f 1482/2234/1607 1481/2265/1625 1467/2235/1599
f 1476/2225/1602 1490/2267/1610 1489/2237/1608
f 1469/2238/1609 1483/2241/1611 1482/2234/1607
f 1477/2231/1604 1491/2268/1630 1490/2239/1610
f 1470/2240/1593 1484/2271/1614 1483/2241/1611
f 1492/2242/1612 1491/2268/1630 1477/2231/1604
f 1471/2243/1613 1485/2273/1621 1484/2244/1614
f 1493/2246/1615 1492/2242/1612 1478/2211/1594
f 1486/2247/1616 1485/2256/1621 1471/2248/1613
f 1473/2249/1617 1487/2258/1623 1486/2250/1616
f 1488/2233/1606 1487/2258/1623 1473/2249/1617
f 1467/2251/1599 1481/2261/1625 1480/2252/1618
f 1493/2246/1615 1507/2257/1622 1506/2254/1620
f 1500/2255/362 1499/2285/1639 1485/2256/1621
f 1487/2258/1623 1501/2286/1643 1500/2259/362
f 1502/2260/1624 1501/2286/1643 1487/2258/1623
f 1481/2261/1625 1495/2290/1646 1494/2262/1626
f 1503/2263/1627 1502/2260/1624 1488/2233/1606
f 1496/2264/1628 1495/2291/1646 1481/2265/1625
f 1504/2266/1629 1503/2263/1627 1489/2237/1608
f 1483/2241/1611 1497/2276/1634 1496/2264/1628
f 1491/2268/1630 1505/2272/1632 1504/2269/1629
f 1498/2270/1631 1497/2276/1634 1483/2241/1611
f 1492/2242/1612 1506/2254/1620 1505/2272/1632
f 1485/2273/1621 1499/2281/1639 1498/2274/1631
f 1504/2266/1629 1518/2301/1636 1517/2275/1633
f 1497/2276/1634 1511/2279/1637 1510/2277/1635
f 1505/2272/1632 1519/2303/1656 1518/2278/1636
f 1498/2270/1631 1512/2305/1640 1511/2279/1637
f 1520/2280/1638 1519/2303/1656 1505/2272/1632
f 1499/2281/1639 1513/2308/1659 1512/2282/1640
f 1521/2283/1641 1520/2280/1638 1506/2254/1620
f 1514/2284/1642 1513/2310/1659 1499/2285/1639
f 1501/2286/1643 1515/2293/1648 1514/2287/1642
f 1516/2288/1644 1515/2293/1648 1501/2286/1643
f 1509/2289/1645 1508/2297/1652 1494/2262/1626
f 1503/2263/1627 1517/2275/1633 1516/2288/1644
f 1510/2277/1635 1509/2299/1645 1495/2291/1646
f 1515/2293/1648 1529/4981/1671 1528/2294/1649
f 1530/2295/1650 1529/4981/1671 1515/2293/1648
f 1509/2289/1645 1523/2329/1653 1522/2296/1651
f 1517/2275/1633 1531/4982/1673 1530/2295/1650
f 1510/2277/1635 1524/2312/1661 1523/2298/1653
f 1532/2300/1654 1531/4982/1673 1517/2275/1633
f 1525/2302/1655 1524/2312/1661 1510/2277/1635
f 1519/2303/1656 1533/2319/1662 1532/2304/1654
f 1512/2305/1640 1526/2317/1665 1525/2302/1655
f 1534/2306/1657 1533/2319/1662 1519/2303/1656
f 1527/2307/1658 1526/2321/1665 1512/2282/1640
f 1521/2283/1641 1535/2292/1647 1534/2306/1657
f 1514/2284/1642 1528/2323/1649 1527/2309/1658
f 1539/2311/1660 1538/4983/1681 1524/2312/1661
f 1533/2313/1662 1547/2347/1685 1546/2314/1663
f 1540/2316/1664 1539/2311/1660 1525/2302/1655
f 1548/2318/1666 1547/2350/1685 1533/2319/1662
f 1541/2320/1667 1540/4984/1664 1526/2321/1665
f 1535/2292/1647 1549/2324/1669 1548/2318/1666
f 1542/2322/1668 1541/4985/1667 1527/2309/1658
f 1543/2325/1670 1542/2336/1668 1528/2326/1649
f 1530/2328/1650 1544/2332/1674 1543/2325/1670
f 1523/2329/1653 1537/2334/1675 1536/2330/1672
f 1531/2331/1673 1545/2339/1679 1544/2332/1674
f 1524/2333/1661 1538/2341/1681 1537/2334/1675
f 1546/2314/1663 1545/2339/1679 1531/2331/1673
f 1543/2325/1670 1557/2369/1696 1556/2335/1676
f 1558/2337/1677 1557/2369/1696 1543/2325/1670
f 1551/2338/1678 1550/2373/1699 1536/2330/1672
f 1545/2339/1679 1559/2342/1682 1558/2337/1677
f 1552/2340/1680 1551/2338/1678 1537/2334/1675
f 1546/2314/1663 1560/2359/1689 1559/2342/1682
f 1553/2343/1683 1552/2376/1680 1538/2344/1681
f 1561/2346/1684 1560/2359/1689 1546/2314/1663
f 1540/2348/1664 1554/2360/1686 1553/2343/1683
f 1548/2318/1666 1562/2366/1691 1561/2349/1684
f 1541/2351/1667 1555/2363/1692 1554/2352/1686
f 1563/2354/1687 1562/2366/1691 1548/2318/1666
f 1556/2355/1676 1555/2368/1692 1541/2356/1667
f 1575/2358/1688 1574/2382/1707 1560/2359/1689
f 1554/2360/1686 1568/2386/1693 1567/2361/1690
f 1562/2362/1691 1576/2388/1712 1575/2358/1688
f 1555/2363/1692 1569/2389/1713 1568/2364/1693
f 1577/2365/1694 1576/2392/1712 1562/2366/1691
f 1570/2367/1695 1569/2394/1713 1555/2368/1692
f 1557/2369/1696 1571/2378/1703 1570/2370/1695
f 1572/2371/1697 1571/2378/1703 1557/2369/1696
f 1565/2372/1698 1564/2380/1705 1550/2373/1699
f 1559/2342/1682 1573/2375/1701 1572/2371/1697
f 1566/2374/1700 1565/2372/1698 1551/2338/1678
f 1560/2359/1689 1574/2382/1707 1573/2375/1701
f 1567/2361/1690 1566/1948/1700 1552/2376/1680
f 1586/2377/1702 1585/2405/1723 1571/2378/1703
f 1565/2372/1698 1579/2381/1706 1578/2379/1704
f 1573/2375/1701 1587/2383/1708 1586/2377/1702
f 1566/2374/1700 1580/2410/1727 1579/2381/1706
f 1574/2382/1707 1588/2411/1728 1587/2383/1708
f 1581/2384/1709 1580/4986/1727 1566/1948/1700
f 1589/2385/1710 1588/2411/1728 1574/2382/1707
f 1568/2386/1693 1582/2397/1714 1581/2384/1709
f 1590/2387/1711 1589/2385/1710 1575/2358/1688
f 1569/2389/1713 1583/2400/1719 1582/2390/1714
f 1577/2365/1694 1591/2395/1716 1590/2391/1711
f 1584/2393/1715 1583/2404/1719 1569/2394/1713
f 1571/2378/1703 1585/2405/1723 1584/2396/1715
f 1582/2397/1714 1596/2427/1720 1595/2398/1717
f 1604/2399/1718 1603/2415/1730 1589/2385/1710
f 1583/2400/1719 1597/2432/1740 1596/2401/1720
f 1605/2402/1721 1604/2429/1718 1590/2391/1711
f 1598/2403/1722 1597/2436/1740 1583/2404/1719
f 1585/2405/1723 1599/2417/1732 1598/2406/1722
f 1600/2407/1724 1599/2417/1732 1585/2405/1723
f 1579/2381/1706 1593/2419/1734 1592/2408/1725
f 1587/2383/1708 1601/2412/1729 1600/2407/1724
f 1594/2409/1726 1593/2419/1734 1579/2381/1706
f 1588/2411/1728 1602/2422/1737 1601/2412/1729
f 1595/2413/1717 1594/2409/1726 1580/2410/1727
f 1603/2415/1730 1602/2422/1737 1588/2411/1728
f 1614/2416/1731 1613/4987/1750 1599/2417/1732
f 1607/2418/1733 1606/2454/1753 1592/2408/1725
f 1601/2412/1729 1615/4988/1754 1614/2416/1731
f 1608/2420/1735 1607/2418/1733 1593/2419/1734
f 1616/2421/1736 1615/4988/1754 1601/2412/1729
f 1609/2423/1738 1608/2420/1735 1594/2409/1726
f 1617/2424/1739 1616/2457/1736 1602/2425/1737
f 1596/2427/1720 1610/4989/1741 1609/2428/1738
f 1604/2429/1718 1618/2444/1744 1617/2430/1739
f 1597/2432/1740 1611/4990/1746 1610/2433/1741
f 1619/2434/1742 1618/2444/1744 1604/2429/1718
f 1612/2435/1743 1611/4991/1746 1597/2436/1740
f 1599/2417/1732 1613/4987/1750 1612/2437/1743
f 1618/2438/1744 1632/2466/1759 1631/2439/1745
f 1611/2440/1746 1625/2467/1760 1624/2441/1747
f 1633/2443/1748 1632/2468/1759 1618/2444/1744
f 1626/2445/1749 1625/2469/1760 1611/2446/1746
f 1613/2448/1750 1627/2470/1761 1626/2449/1749
f 1628/2451/1751 1627/2470/1761 1613/2448/1750
f 1621/2453/1752 1620/2471/1762 1606/2454/1753
f 1615/2455/1754 1629/2462/1757 1628/2451/1751
f 1608/2420/1735 1622/2458/1756 1621/2453/1752
f 1630/2456/1755 1629/2462/1757 1615/2455/1754
f 1609/2423/1738 1623/2464/1758 1622/2458/1756
f 1631/2439/1745 1630/2456/1755 1616/2457/1736
f 1624/2459/1747 1623/2465/1758 1609/2460/1738
f 1629/2462/1757 1638/2077/1500 1637/2073/1496
f 1634/2079/1502 1361/2074/1497 1621/2453/1752
f 1630/2456/1755 1639/2081/1504 1638/2077/1500
f 1635/2463/1505 1634/2079/1502 1622/2458/1756
f 1631/2439/1745 1365/2057/1485 1639/2081/1504
f 1362/2086/1488 1635/2082/1505 1623/2465/1758
f 1632/2466/1759 1640/2058/1486 1365/2057/1485
f 1363/2061/1489 1362/2060/1488 1624/2441/1747
f 1633/2443/1748 1366/2064/1491 1640/2063/1486
f 1636/2065/75 1363/2067/1489 1625/2469/1760
f 1627/2470/1761 1364/2071/1494 1636/2070/75
f 1637/2073/1496 1364/2071/1494 1627/2470/1761
f 1361/2074/1497 1360/2076/1499 1620/2471/1762
f 1646/2472/1763 1660/4992/1788 1661/2473/1764
f 1643/2475/1766 1653/2512/1789 1654/2476/1767
f 1921/2474/1765 1661/2473/1764 1662/2478/1769
f 1917/2480/1129 1644/4993/1768 1654/2481/1767
f 1536/2483/1534 1950/4994/1534 1947/2484/1535
f 1917/2487/1129 1655/2519/1771 1656/2488/1773
f 1645/2489/1774 1656/2488/1773 1657/2490/1775
f 1642/2492/1777 1641/2919/2034 1649/2493/1778
f 1919/2495/1780 1918/2491/1776 1657/2490/1775
f 1642/2492/1777 1650/2494/1779 1651/2497/1782
f 1920/2499/1784 1919/2495/1780 1658/2496/1781
f 1916/2501/1786 1915/2912/1783 1651/2502/1782
f 1646/2504/1763 1920/2499/1784 1659/2500/1785
f 1916/2501/1786 1652/2503/1787 1653/2506/1789
f 1659/2500/1785 1673/2525/1803 1674/2508/1790
f 1652/2503/1787 1666/2526/1804 1667/2509/1791
f 1661/2473/1764 1660/4992/1788 1674/2510/1790
f 1653/2512/1789 1667/4995/1791 1668/2513/1793
f 1662/2478/1769 1661/2473/1764 1675/2511/1792
f 1654/2481/1767 1668/2550/1793 1669/2515/1795
f 1859/2516/1796 1997/4996/1796 1999/2517/1797
f 1655/2519/1771 1669/4997/1795 1670/2520/1798
f 1657/2490/1775 1656/2488/1773 1670/2520/1798
f 1649/2493/1778 1663/2532/1807 1664/2522/1800
f 1657/2490/1775 1671/2521/1799 1672/2523/1801
f 1650/2494/1779 1664/2522/1800 1665/2524/1802
f 1658/2496/1781 1672/2523/1801 1673/2525/1803
f 1651/2502/1782 1665/4998/1802 1666/2526/1804
f 1937/2527/1722 1935/4999/1715 1438/2528/1715
f 1671/2521/1799 1670/2520/1798 1684/2530/1805
f 1663/2532/1807 1677/5000/3477 1678/2533/1808
f 1671/2521/1799 1685/2531/1806 1686/2534/1809
f 1664/2535/1800 1678/2574/1808 1679/2536/1810
f 1672/2523/1801 1686/2534/1809 1687/2538/1811
f 1665/2537/1802 1679/2536/1810 1680/2539/1812
f 1673/2525/1803 1687/2538/1811 1688/2541/1813
f 1667/2542/1791 1666/2540/1804 1680/2539/1812
f 1675/2511/1792 1674/2510/1790 1688/2544/1813
f 1668/2546/1793 1667/5001/1791 1681/2547/1814
f 1675/2511/1792 1689/2545/1815 1690/2549/1817
f 1668/2550/1793 1682/5002/1816 1683/2551/1818
f 1670/2520/1798 1669/4997/1795 1683/2552/1818
f 1681/2543/1814 1680/2539/1812 1694/2553/1819
f 1689/2545/1815 1688/2544/1813 1702/2555/1821
f 1682/2548/1816 1681/2547/1814 1695/2557/1820
f 1689/2545/1815 1703/2556/1822 1704/2559/1824
f 1682/2560/1816 1696/2595/1823 1697/2561/1825
f 1931/2563/1676 1929/5003/1668 1396/2564/1668
f 1684/2566/1805 1683/5004/1818 1697/2567/1825
f 1978/2569/1827 1980/5005/1828 1747/2570/1828
f 1685/2572/1806 1684/2566/1805 1698/2568/1826
f 1678/2574/1808 1677/5006/3477 1691/2575/1830
f 1686/2577/1809 1685/2572/1806 1699/2573/1829
f 1679/2536/1810 1678/2574/1808 1692/2576/1831
f 1687/2580/1811 1686/2577/1809 1700/2578/1832
f 1680/2539/1812 1679/2536/1810 1693/2579/1833
f 1688/2544/1813 1687/5007/1811 1701/2582/1834
f 1698/2568/1826 1712/2598/1848 1713/2583/1835
f 1692/2576/1831 1691/2575/1830 1705/2584/1836
f 1699/2573/1829 1713/2583/1835 1714/2586/1838
f 1693/2579/1833 1692/2576/1831 1706/2585/1837
f 1700/2578/1832 1714/2586/1838 1715/2588/1840
f 1694/2553/1819 1693/2579/1833 1707/2587/1839
f 1701/2582/1834 1715/5008/1840 1716/2590/1842
f 1695/2554/1820 1694/2553/1819 1708/2589/1841
f 1703/2556/1822 1702/2555/1821 1716/2590/1842
f 1695/2557/1820 1709/5009/1843 1710/2593/1845
f 1704/2559/1824 1703/2556/1822 1717/2592/1844
f 1696/2595/1823 1710/2603/1845 1711/2596/1847
f 1698/2568/1826 1697/2567/1825 1711/2597/1847
f 1716/2590/1842 1730/2615/1861 1731/2599/1849
f 1710/2593/1845 1709/5009/1843 1723/2600/1850
f 1717/2592/1844 1731/2599/1849 1732/2602/1852
f 1710/2603/1845 1724/2628/1851 1725/2604/1796
f 1712/2598/1848 1711/2597/1847 1725/2605/1796
f 1713/2583/1835 1712/2598/1848 1726/2606/1853
f 1706/2585/1837 1705/2584/1836 1719/2608/1855
f 1714/2586/1838 1713/2583/1835 1727/2607/1854
f 1707/2587/1839 1706/2585/1837 1720/2609/1856
f 1715/2588/1840 1714/2586/1838 1728/2610/1857
f 1707/2587/1839 1721/2611/1858 1722/2613/1860
f 1716/2590/1842 1715/5008/1840 1729/2614/1859
f 1708/2589/1841 1722/2613/1860 1723/2616/1850
f 1719/2608/1855 1733/5010/3478 1734/2617/1862
f 1727/2607/1854 1741/2638/1874 1742/2618/1863
f 1721/2611/1858 1720/2609/1856 1734/2617/1862
f 1728/2610/1857 1742/2618/1863 1743/2620/1865
f 1721/2611/1858 1735/2619/1864 1736/2621/1866
f 1729/2614/1859 1743/5011/1865 1744/2622/1867
f 1723/2616/1850 1722/2613/1860 1736/2621/1866
f 1731/2599/1849 1730/2615/1861 1744/2622/1867
f 1724/2601/1851 1723/2600/1850 1737/2625/1868
f 1732/2602/1852 1731/2599/1849 1745/2624/1869
f 1724/2628/1851 1738/5012/1870 1739/2629/1797
f 1999/2630/1797 2001/5013/1872 1887/2631/1872
f 1726/2606/1853 1725/2605/1796 1739/2633/1797
f 1620/2635/1616 1962/2730/1616 1960/2636/1595
f 1726/2606/1853 1740/2634/1873 1741/2638/1874
f 1738/2626/1870 1737/2625/1868 1751/2639/1875
f 1746/2627/1871 1745/2624/1869 1759/2641/1877
f 1738/2643/1870 1752/2682/1876 1753/2644/1872
f 1740/2646/1873 1739/5014/1797 1753/2647/1872
f 1933/2649/1695 1931/2563/1676 1410/2565/1676
f 1740/2646/1873 1754/2648/1879 1755/2651/1880
f 1734/2653/1862 1733/5015/3478 1747/2654/1881
f 1742/2656/1863 1741/2652/1874 1755/2651/1880
f 1734/2617/1862 1748/5016/1882 1749/2658/1884
f 1743/2659/1865 1742/2656/1863 1756/2657/1883
f 1736/2621/1866 1735/2619/1864 1749/2658/1884
f 1744/2622/1867 1743/5011/1865 1757/2662/1885
f 1736/2621/1866 1750/2661/1886 1751/2664/1875
f 1745/2624/1869 1744/2622/1867 1758/2663/1887
f 1756/2657/1883 1755/2651/1880 1769/2665/1888
f 1748/2667/1882 1762/2706/1900 1763/2668/1890
f 1757/2660/1885 1756/2657/1883 1770/2666/1889
f 1750/2671/1886 1749/2669/1884 1763/2668/1890
f 1758/2673/1887 1757/2660/1885 1771/2670/1891
f 1751/2675/1875 1750/2671/1886 1764/2672/1892
f 1758/2663/1887 1772/2712/1893 1773/2677/1895
f 1752/2678/1876 1751/5017/1875 1765/2679/1894
f 1759/2641/1877 1773/2677/1895 1774/2681/1897
f 1752/2682/1876 1766/2692/1896 1767/2683/1898
f 1831/2684/1825 1993/5018/1825 1995/2685/1847
f 1754/2648/1879 1753/2647/1872 1767/2687/1898
f 1754/2648/1879 1768/2688/1899 1769/2665/1888
f 1747/2654/1881 1761/5019/3479 1762/2689/1900
f 1774/2681/1897 1773/2677/1895 1787/2690/1901
f 1766/2692/1896 1780/2725/1913 1781/2693/1261
f 1945/2694/1512 1943/5020/75 1494/2695/75
f 1768/2688/1899 1767/2687/1898 1781/2697/1261
f 1952/2699/1541 1950/5021/1534 1536/2700/1534
f 1768/2688/1899 1782/2698/1903 1783/2702/1904
f 1762/2689/1900 1761/5019/3479 1775/2703/1905
f 1769/2665/1888 1783/2702/1904 1784/2705/1907
f 1762/2706/1900 1776/4948/1906 1777/2707/1908
f 1770/2666/1889 1784/2705/1907 1785/2708/1909
f 1764/2672/1892 1763/2668/1890 1777/2707/1908
f 1772/2674/1893 1771/2670/1891 1785/2708/1909
f 1764/2672/1892 1778/2709/1910 1779/2711/1912
f 1772/2712/1893 1786/2720/1911 1787/2690/1901
f 1766/2680/1896 1765/2679/1894 1779/2713/1912
f 1785/2708/1909 1784/2705/1907 1798/2715/1914
f 1777/2707/1908 1791/2746/1926 1792/2717/1916
f 1786/2710/1911 1785/2708/1909 1799/2716/1915
f 1778/2709/1910 1792/2717/1916 1793/2719/1918
f 1786/2720/1911 1800/2750/1917 1801/2721/1919
f 1780/2714/1913 1779/2713/1912 1793/2722/1918
f 1787/2690/1901 1801/2721/1919 1802/2724/1921
f 1780/2725/1913 1794/5022/1920 1795/2726/1922
f 1782/2698/1903 1781/2697/1261 1795/2727/1922
f 1360/2729/362 1923/2739/362 1962/2730/1616
f 1782/2698/1903 1796/2728/1923 1797/2731/1924
f 1775/2703/1905 1789/5023/3480 1790/2732/1925
f 1784/2705/1907 1783/2702/1904 1797/2731/1924
f 1776/2704/1906 1790/2732/1925 1791/2733/1926
f 1796/2728/1923 1795/2727/1922 1809/2736/1928
f 1368/2738/1642 1925/5024/1642 1923/2739/362
f 1796/2728/1923 1810/2737/1929 1811/2740/1930
f 1790/2732/1925 1789/5023/3480 1803/2741/1931
f 1798/2715/1914 1797/2731/1924 1811/2740/1930
f 1791/2733/1926 1790/2732/1925 1804/2742/1932
f 1798/2715/1914 1812/2743/1933 1813/2745/1935
f 1791/2746/1926 1805/5025/1934 1806/2747/1936
f 1799/2716/1915 1813/2745/1935 1814/2748/1937
f 1793/2719/1918 1792/2717/1916 1806/2747/1936
f 1800/2750/1917 1814/2761/1937 1815/2751/1939
f 1793/2722/1918 1807/5026/1938 1808/2752/1940
f 1802/2724/1921 1801/2721/1919 1815/2751/1939
f 1795/2726/1922 1794/5022/1920 1808/2753/1940
f 1805/2744/1934 1819/2779/1953 1820/2755/1941
f 1814/2757/1937 1813/2780/1935 1827/2758/1942
f 1806/2747/1936 1820/5027/1941 1821/2760/1944
f 1814/2761/1937 1828/2794/1943 1829/2762/1945
f 1808/2752/1940 1807/5026/1938 1821/2763/1944
f 1815/2751/1939 1829/2762/1945 1830/2765/1947
f 1808/2766/1940 1822/2800/1946 1823/2767/1948
f 1810/2769/1929 1809/5028/1928 1823/2770/1948
f 1927/2772/1649 1925/5024/1642 1368/2738/1642
f 1810/2769/1929 1824/2771/1949 1825/2774/1950
f 1803/2741/1931 1817/2784/1957 1818/2776/1951
f 1811/2775/1930 1825/2774/1950 1826/2777/1952
f 1805/2744/1934 1804/2742/1932 1818/2776/1951
f 1812/2778/1933 1826/2777/1952 1827/2758/1942
f 1824/2771/1949 1823/2770/1948 1837/2781/1954
f 1824/2771/1949 1838/2782/1955 1839/2783/1956
f 1817/2784/1957 1831/2820/1979 1832/2785/1958
f 1826/2777/1952 1825/2774/1950 1839/2783/1956
f 1818/2776/1951 1832/2785/1958 1833/2787/1960
f 1827/2758/1942 1826/2777/1952 1840/2786/1959
f 1819/2779/1953 1833/2787/1960 1834/2789/1962
f 1828/2759/1943 1827/2758/1942 1841/2788/1961
f 1820/2791/1941 1834/2824/1962 1835/2792/1964
f 1828/2794/1943 1842/5029/1963 1843/2795/1965
f 1821/2796/1944 1835/5030/1964 1836/2797/1966
f 1829/2762/1945 1843/2795/1965 1844/2799/1967
f 1822/2800/1946 1836/5031/1966 1837/2801/1954
f 1974/2802/1968 1976/5032/1969 1719/2803/1969
f 1842/2790/1963 1841/2788/1961 1855/2805/1970
f 1835/2792/1964 1834/2824/1962 1848/2807/1972
f 1843/2809/1965 1842/2790/1963 1856/2806/1971
f 1836/2797/1966 1835/5030/1964 1849/2811/1973
f 1844/2799/1967 1843/2795/1965 1857/2813/1974
f 1837/2801/1954 1836/5031/1966 1850/2815/1975
f 1838/2782/1955 1837/2781/1954 1851/2817/1968
f 1838/2782/1955 1852/2818/1977 1853/2819/1978
f 1831/2820/1979 1845/5033/3481 1846/2821/1980
f 1839/2783/1956 1853/2819/1978 1854/2822/1981
f 1833/2787/1960 1832/2785/1958 1846/2821/1980
f 1840/2786/1959 1854/2822/1981 1855/2805/1970
f 1834/2824/1962 1833/5034/1960 1847/165/1982
f 1852/2818/1977 1866/2842/1995 1867/2825/1983
f 1846/2821/1980 1845/5033/3481 1859/2826/1984
f 1853/2819/1978 1867/2825/1983 1868/2828/1986
f 1846/2821/1980 1860/2827/1985 1861/2829/1987
f 1855/2805/1970 1854/2822/1981 1868/2828/1986
f 1847/165/1982 1861/5035/1987 1862/2831/1989
f 1855/2805/1970 1869/2830/1988 1870/2832/1990
f 1848/2807/1972 1862/2831/1989 1863/2833/1991
f 1856/2806/1971 1870/2832/1990 1871/2834/1992
f 1849/2811/1973 1863/5036/1991 1864/2835/1993
f 1857/2813/1974 1871/2847/1992 1872/2836/1994
f 1850/2815/1975 1864/2849/1993 1865/2837/1969
f 1480/2838/1749 1941/2925/1749 1939/2839/1743
f 1852/2818/1977 1851/2817/1968 1865/2841/1969
f 1862/2831/1989 1876/5037/2006 1877/2843/1996
f 1870/2832/1990 1884/2864/2007 1885/2844/1997
f 1864/2835/1993 1863/5036/1991 1877/2845/1996
f 1871/2847/1992 1885/2875/1997 1886/2848/1999
f 1864/2849/1993 1878/5038/1998 1879/2850/1827
f 1592/1868/1590 1958/1870/1590 1956/2851/1568
f 1865/2841/1969 1879/5039/1827 1880/2853/2000
f 1803/2854/1795 1988/5040/1795 1991/2855/1818
f 1866/2842/1995 1880/2853/2000 1881/2857/2001
f 1859/2826/1984 1873/5041/3482 1874/2858/2002
f 1868/2828/1986 1867/2825/1983 1881/2857/2001
f 1861/2829/1987 1860/2827/1985 1874/2858/2002
f 1868/2828/1986 1882/2859/2003 1883/2861/2005
f 1861/2829/1987 1875/2860/2004 1876/2862/2006
f 1869/2830/1988 1883/2861/2005 1884/2864/2007
f 1880/2853/2000 1894/2884/2020 1895/2865/2008
f 1874/2858/2002 1873/5041/3482 1887/2866/2009
f 1882/2859/2003 1881/2857/2001 1895/2865/2008
f 1875/2860/2004 1874/2858/2002 1888/2867/2010
f 1883/2861/2005 1882/2859/2003 1896/2868/2011
f 1876/2862/2006 1875/2860/2004 1889/2869/2012
f 1883/2861/2005 1897/2870/2013 1898/2872/2015
f 1877/2843/1996 1876/5037/2006 1890/2873/2014
f 1885/2875/1997 1884/5042/2007 1898/2876/2015
f 1878/2846/1998 1877/2845/1996 1891/2878/2016
f 1886/2848/1999 1885/2875/1997 1899/2877/2017
f 1879/2850/1827 1878/5038/1998 1892/2881/2018
f 1880/2853/2000 1879/5039/1827 1893/2883/1828
f 1899/2877/2017 1898/2876/2015 1912/2885/2021
f 1892/2887/2018 1891/5043/2016 1905/2888/2023
f 1899/2877/2017 1913/2886/2022 1914/2890/2025
f 1892/2891/2018 1906/2915/2024 1907/2892/2026
f 1522/2485/1535 1947/2484/1535 1945/2694/1512
f 1894/2894/2020 1893/5044/1828 1907/2895/2026
f 1894/2894/2020 1908/2896/2027 1909/2897/2028
f 1887/2866/2009 1901/5045/3483 1902/2899/2029
f 1896/2900/2011 1895/2898/2008 1909/2897/2028
f 1889/2869/2012 1888/2867/2010 1902/2899/2029
f 1896/2900/2011 1910/2901/2030 1911/2903/2032
f 1889/2905/2012 1903/5046/2031 1904/2906/2033
f 1898/2908/2015 1897/2904/2013 1911/2903/2032
f 1890/2907/2014 1904/2906/2033 1905/2910/2023
f 1910/2901/2030 1909/2897/2028 1918/2491/1776
f 1903/2902/2031 1902/2899/2029 1642/2492/1777
f 1911/2903/2032 1910/2901/2030 1919/2495/1780
f 1904/2906/2033 1903/5046/2031 1915/2912/1783
f 1912/2909/2021 1911/2903/2032 1920/2499/1784
f 1905/2910/2023 1904/2906/2033 1916/2501/1786
f 1913/2913/2022 1912/2909/2021 1646/2504/1763
f 1905/2888/2023 1643/2475/1766 1644/2477/1768
f 1914/2890/2025 1913/2886/2022 1921/2474/1765
f 1906/2915/2024 1644/4993/1768 1917/2480/1129
f 1719/2803/1969 1976/5032/1969 1978/2569/1827
f 1908/2896/2027 1907/2895/2026 1917/2487/1129
f 1970/2916/1948 1972/2926/1954 1691/2917/1954
f 1908/2896/2027 1645/2489/1774 1918/2491/1776
f 1902/2899/2029 1901/5045/3483 1641/2919/2034
f 1960/2636/1595 1958/5047/1590 1592/2920/1590
f 1995/2685/1847 1997/4996/1796 1859/2516/1796
f 1929/2921/1668 1927/2772/1649 1382/2773/1649
f 1954/2923/1562 1952/2699/1541 1550/2701/1541
f 1494/2695/75 1943/5020/75 1941/2925/1749
f 1972/2926/1954 1974/2802/1968 1705/2804/1968
f 1775/2927/1129 1984/5048/1129 1986/2928/1771
f 1991/2930/1818 1993/5018/1825 1831/2684/1825
f 1964/2932/1261 1966/5049/1922 1649/2933/1922
f 1649/2933/1922 1966/5049/1922 1968/2935/1928
f 1747/2937/1828 1980/5050/1828 1982/2938/2026
f 1466/2940/1743 1939/5051/1743 1937/2527/1722
f 1986/2928/1771 1988/5040/1795 1803/2854/1795
f 1578/2852/1568 1956/2851/1568 1954/2923/1562
f 1887/2631/1872 2001/5013/1872 2003/2941/1898
f 1438/2528/1715 1935/4999/1715 1933/2649/1695
f 1663/2943/1928 1968/5052/1928 1970/2916/1948
f 2003/2941/1898 1964/2932/1261 1641/2934/1261
f 1982/2938/2026 1984/5048/1129 1775/2927/1129
f 1923/2947/2038 1925/2949/2040 1924/2945/2036
f 1925/2949/2040 1927/2951/2042 1926/2948/2039
f 1929/2950/2041 1928/2952/2043 1926/2948/2039
f 1929/2950/2041 1931/2956/2047 1930/2953/2044
f 1933/2955/2046 1932/2954/2045 1930/2953/2044
f 1933/2955/2046 1935/2959/2051 1934/2957/2048
f 1937/2010/2050 1936/2958/2049 1934/2957/2048
f 1937/2010/2050 1939/2012/2054 1938/2960/2052
f 1939/2012/2054 1941/2963/2056 1940/2961/2053
f 1941/2963/2056 1943/2965/2058 1942/2962/2055
f 1943/2965/2058 1945/2967/2060 1944/2964/2057
f 1945/2967/2060 1947/2969/2062 1946/2966/2059
f 1947/2969/2062 1950/2970/2063 1949/2968/2061
f 1950/2970/2063 1952/2973/2066 1951/2971/2064
f 1952/2973/2066 1954/2975/2068 1953/2972/2065
f 1956/2974/2067 1955/2976/2069 1953/2972/2065
f 1958/2978/2071 1957/2977/2070 1955/2976/2069
f 1958/2978/2071 1960/2982/2075 1959/2979/2072
f 1962/2981/2074 1961/2980/2073 1959/2979/2072
f 1923/2947/2038 1922/2944/2035 1961/2980/2073
f 1964/2986/2079 1963/2983/2076 1965/2985/2078
f 1966/2987/2080 1965/2985/2078 1967/2988/2081
f 1967/2988/2081 1969/2991/2084 1970/2990/2083
f 1970/2990/2083 1969/2991/2084 1971/2992/2085
f 1971/2992/2085 1973/2994/2087 1974/2995/2088
f 1974/2995/2088 1973/2994/2087 1975/2996/2089
f 1975/2996/2089 1977/2998/2091 1978/2999/2092
f 1978/2999/2092 1977/2998/2091 1979/3000/2093
f 1979/3000/2093 1981/3002/2095 1982/3003/2096
f 1982/3003/2096 1981/3002/2095 1983/3004/2097
f 1983/3004/2097 1985/3006/2099 1986/3007/2100
f 1986/3007/2100 1985/3006/2099 1987/3008/2101
f 1987/3008/2101 1990/3010/2103 1991/3011/2104
f 1991/3011/2104 1990/3010/2103 1992/3012/2105
f 1993/3013/2106 1992/3012/2105 1994/3014/2107
f 1994/3014/2107 1996/3017/2110 1997/3016/2109
f 1996/3017/2110 1998/3018/2111 1999/3019/2112
f 1999/3019/2112 1998/3018/2111 2000/3020/2113
f 2000/3020/2113 2002/3022/2115 2003/3023/2116
f 2002/3022/2115 1963/2983/2076 1964/2986/2079
f 2005/3027/2119 2004/3024/2117 2007/3026/2118
f 2006/3029/2121 2005/3027/2119 2008/3028/2120
f 2008/3028/2120 2011/3033/2125 2012/3031/2123
f 2008/3028/2120 2007/3026/2118 2010/3032/2124
f 2010/3032/2124 2013/3034/2126 2014/3035/2127
f 2011/3033/2125 2014/3035/2127 2015/3036/2128
f 2013/3034/2126 2016/3037/2129 2017/3038/2130
f 2015/3036/2128 2014/3035/2127 2017/3038/2130
f 2017/3038/2130 2016/3037/2129 2019/3040/2132
f 2017/3038/2130 2020/3041/2133 2021/3042/2134
f 2019/3040/2132 2022/3043/2135 2023/3044/2136
f 2021/3042/2134 2020/3041/2133 2023/3044/2136
f 2022/3043/2135 2025/3046/2138 2026/3047/2139
f 2023/3044/2136 2026/3047/2139 2027/3048/2140
f 2025/3046/2138 2028/3049/2141 2029/3050/2142
f 2027/3048/2140 2026/3047/2139 2029/3050/2142
f 2029/3050/2142 2028/3049/2141 2031/3052/2144
f 2030/3051/2143 2029/3050/2142 2032/3053/2145
f 2031/3052/2144 2034/3055/2147 2035/3056/2148
f 2032/3053/2145 2035/3056/2148 2036/3057/2149
f 2035/3056/2148 2034/3055/2147 2037/3058/2150
f 2036/3057/2149 2035/3056/2148 2038/3059/2151
f 2037/3058/2150 2040/3061/2153 2041/3062/2154
f 2038/3059/2151 2041/3062/2154 2042/3063/2155
f 2041/3062/2154 2044/3066/2158 2045/3064/2156
f 2040/3061/2153 2043/3065/2157 2044/3066/2158
f 2043/3065/2157 2046/3067/2159 2047/3068/2160
f 2045/3064/2156 2044/3066/2158 2047/3068/2160
f 2046/3067/2159 2049/3070/2162 2050/3071/2163
f 2047/3068/2160 2050/3071/2163 2051/3072/2164
f 2049/3070/2162 2052/3073/2165 2053/3074/2166
f 2051/3075/2164 2050/5053/2163 2053/3076/2166
f 2052/3073/2165 2055/3078/2168 2056/3079/2169
f 2053/3076/2166 2056/5054/2169 2057/3080/2170
f 2055/3078/2168 2058/3081/2171 2059/3082/2172
f 2057/3080/2170 2056/5054/2169 2059/3083/2172
f 2058/3081/2171 2061/3085/2174 2062/3086/2175
f 2060/3084/2173 2059/3083/2172 2062/3087/2175
f 2061/3085/2174 2065/3089/2177 2066/3090/2178
f 2062/3086/2175 2066/3090/2178 2067/3091/2179
f 2066/3090/2178 2065/3089/2177 2068/3093/2180
f 2066/3090/2178 2069/3094/2181 2070/3095/2182
f 2069/3094/2181 2068/3093/2180 2071/3096/2183
f 2069/3094/2181 2072/3097/2184 2073/3098/2185
f 2071/3096/2183 2074/3099/2186 2075/3100/2187
f 2073/3098/2185 2072/3097/2184 2075/3100/2187
f 2076/3101/2188 2075/3100/2187 2078/3102/2189
f 2075/3100/2187 2074/3099/2186 2077/3104/2191
f 2077/3104/2191 2080/3105/2192 2081/3106/2193
f 2078/3102/2189 2081/3106/2193 2082/3107/2194
f 2081/3106/2193 2084/3110/2197 2085/3108/2195
f 2081/3106/2193 2080/3105/2192 2083/3109/2196
f 2083/3109/2196 2086/3111/2198 2087/3112/2199
f 2085/3108/2195 2084/3110/2197 2087/3112/2199
f 2086/3111/2198 2089/3114/2201 2090/3115/2202
f 2087/3112/2199 2090/3115/2202 2091/3116/2203
f 2090/3115/2202 2089/3114/2201 2092/3117/2204
f 2091/3116/2203 2090/3115/2202 2093/3118/2205
f 2093/3118/2205 2092/3117/2204 2095/3120/2207
f 2093/3118/2205 2096/3121/2208 2097/3122/2209
f 2096/3121/2208 2095/3120/2207 2098/3123/2210
f 2096/3121/2208 2099/3124/2211 2100/3125/2212
f 2099/3124/2211 2098/3123/2210 2004/3024/2117
f 2100/3125/2212 2099/3124/2211 2005/3027/2119
f 2165/3126/2213 2113/3176/2262 2114/3127/2214
f 2111/3129/2216 2144/5055/2216 2145/3130/2217
f 2167/3132/2218 2121/3174/2260 2122/3133/2219
f 2170/3135/2221 2169/3181/2267 2102/3136/2222
f 2171/3138/2224 2129/3160/2246 2130/3139/2225
f 2173/3141/2227 2105/3165/2251 2106/3142/2228
f 2175/3144/2230 2131/3167/2253 2101/3145/2231
f 2178/3147/2233 2177/3185/2271 2115/3148/2234
f 2179/3150/2236 2118/3172/2258 2119/3151/2237
f 2181/3153/2239 2126/3179/2265 2127/3154/2240
f 2184/3156/2242 2183/3183/2269 2110/3157/2243
f 2171/3138/2224 2185/3187/2273 2128/3159/2245
f 2186/3161/2247 2123/3186/2272 2124/3162/2248
f 2173/3141/2227 2188/3189/2275 2104/3164/2250
f 2175/3144/2230 2189/3177/2263 2132/3166/2252
f 2190/3168/2254 2107/3180/2266 2108/3169/2255
f 2179/3150/2236 2192/3191/2277 2117/3171/2257
f 2167/3132/2218 2193/3184/2270 2120/3173/2259
f 2165/3126/2213 2194/3190/2276 2112/3175/2261
f 2189/3177/2263 2172/3140/2226 2130/3139/2225
f 2181/3153/2239 2195/3192/2278 2125/3178/2264
f 2190/3168/2254 2174/3143/2229 2106/3142/2228
f 2169/3181/2267 2176/3146/2232 2101/3145/2231
f 2196/3182/2268 2109/3188/2274 2110/3157/2243
f 2193/3184/2270 2180/3152/2238 2119/3151/2237
f 2166/3128/2215 2114/3127/2214 2115/3148/2234
f 2186/3161/2247 2168/3134/2220 2122/3133/2219
f 2185/3187/2273 2182/3155/2241 2127/3154/2240
f 2196/3182/2268 2191/3170/2256 2108/3169/2255
f 2188/3189/2275 2170/3135/2221 2103/3137/2223
f 2194/3190/2276 2184/3156/2242 2111/3158/2244
f 2178/3147/2233 2116/3149/2235 2117/3171/2257
f 2195/3192/2278 2187/3163/2249 2124/3162/2248
f 2152/3193/381 2151/3383/381 2215/3194/381
f 2126/3196/2279 2125/3258/2280 2158/3197/2280
f 2113/3199/2281 2112/3131/2217 2145/3130/2217
f 2126/3179/2279 2159/5056/2279 2160/3201/2282
f 2113/3199/2281 2146/3200/2281 2147/3202/2283
f 2128/3204/2284 2127/5057/2282 2160/3205/2282
f 2115/3207/2285 2114/3203/2283 2147/3202/2283
f 2131/3209/2286 2133/3231/2286 2134/3210/2287
f 2128/3204/2284 2161/3206/2284 2162/3212/2288
f 2116/3214/2289 2115/3207/2285 2148/3208/2285
f 2102/3216/2290 2136/3236/2290 2135/3217/2291
f 2129/3213/2288 2162/3212/2288 2163/3219/2292
f 2116/3214/2289 2149/3215/2289 2150/3221/2293
f 2103/3137/2291 2135/5058/2291 2137/3223/2294
f 2132/3224/2295 2130/3220/2292 2163/3219/2292
f 2118/3226/2296 2117/3222/2293 2150/3221/2293
f 2105/3228/2297 2104/5059/2294 2137/3229/2294
f 2131/3209/2286 2132/3224/2295 2164/3225/2295
f 2118/3226/2296 2151/3227/2296 2152/3232/2298
f 2105/3228/2297 2138/3230/2297 2139/3234/2299
f 2102/3216/2290 2101/3211/2287 2134/3210/2287
f 2119/3237/2298 2152/5060/2298 2153/3238/2300
f 2107/3240/2301 2106/3235/2299 2139/3234/2299
f 2121/3242/2302 2120/3239/2300 2153/3238/2300
f 2108/3244/2303 2107/3240/2301 2140/3241/2301
f 2122/3246/2304 2121/3242/2302 2154/3243/2302
f 2108/3244/2303 2141/3245/2303 2142/3248/2305
f 2123/3250/2306 2122/3246/2304 2155/3247/2304
f 2109/3249/2305 2142/3248/2305 2143/3252/2307
f 2123/3250/2306 2156/3251/2306 2157/3254/2308
f 2111/3256/2216 2110/3253/2307 2143/3252/2307
f 2125/3258/2280 2124/3255/2308 2157/3254/2308
f 2027/3259/2309 2030/3306/2334 2187/3260/2249
f 2054/3262/2310 2178/3314/2233 2192/3263/2277
f 2070/3264/2312 2184/3309/2242 2194/3265/2276
f 2094/3267/2314 2170/3319/2221 2188/3268/2275
f 2076/3270/2316 2079/3302/2331 2191/3271/2256
f 2018/3273/2317 2021/3310/2336 2182/3274/2241
f 2033/3276/2318 2036/3320/2340 2168/3277/2220
f 2060/3279/2319 2166/3321/2215 2177/3280/2271
f 2045/3282/2321 2180/3312/2238 2193/3283/2270
f 2073/3285/2323 2076/3270/2316 2196/3272/2268
f 2097/3287/2324 2100/5061/2337 2176/3288/2232
f 2082/3290/2325 2085/3316/2338 2174/3291/2229
f 2024/3293/2326 2027/3259/2309 2195/3261/2278
f 2009/3030/2327 2012/3031/2339 2172/3295/2226
f 2067/3266/2313 2194/3265/2276 2165/3297/2213
f 2039/3299/2329 2042/3284/2322 2193/3283/2270
f 2048/3069/2330 2051/3072/2311 2192/3263/2277
f 2082/3290/2325 2190/3292/2254 2191/3271/2256
f 2006/3029/2332 2009/3030/2327 2189/3296/2263
f 2091/3269/2315 2188/3268/2275 2173/3304/2227
f 2033/3276/2318 2186/3278/2247 2187/3260/2249
f 2018/3273/2317 2185/3275/2273 2171/3307/2224
f 2070/3264/2312 2073/3285/2323 2183/3286/2269
f 2024/3293/2326 2181/3294/2239 2182/3274/2241
f 2048/3311/2330 2179/5062/2236 2180/3312/2238
f 2054/3262/2310 2057/5063/2320 2177/3313/2271
f 2006/3029/2332 2175/3303/2230 2176/3315/2232
f 2088/3305/2333 2173/3304/2227 2174/3291/2229
f 2012/3317/2339 2015/3308/2335 2171/3307/2224
f 2097/3287/2324 2169/3289/2267 2170/3319/2221
f 2036/3320/2340 2039/3299/2329 2167/3300/2218
f 2060/3279/2319 2063/3298/2328 2165/3297/2213
f 2222/3322/2341 2221/3452/2342 2253/3323/2342
f 2138/3325/381 2202/3384/381 2203/3326/381
f 2134/3328/381 2198/3368/381 2200/3329/381
f 2153/3331/381 2152/3193/381 2216/3195/381
f 2139/3327/381 2203/3326/381 2204/3333/381
f 2153/3331/381 2217/3332/381 2218/3335/381
f 2141/3337/381 2140/3334/381 2204/3333/381
f 2155/3339/381 2154/3336/381 2218/3335/381
f 2141/3337/381 2205/3338/381 2206/3341/381
f 2155/3339/381 2219/3340/381 2220/3343/381
f 2142/3342/381 2206/3341/381 2207/3345/381
f 2157/3347/381 2156/3344/381 2220/3343/381
f 2143/3346/381 2207/3345/381 2208/3349/381
f 2157/3347/381 2221/3348/381 2222/3351/381
f 2145/3353/381 2144/3350/381 2208/3349/381
f 2158/3352/381 2222/3351/381 2223/3355/381
f 2145/3353/381 2209/3354/381 2210/3357/381
f 2160/3359/381 2159/3356/381 2223/3355/381
f 2146/3358/381 2210/3357/381 2211/3361/381
f 2161/3363/381 2160/3359/381 2224/3360/381
f 2148/3365/381 2147/3362/381 2211/3361/381
f 2134/3328/381 2133/3385/381 2197/3367/381
f 2161/3363/381 2225/3364/381 2226/3369/381
f 2148/3365/381 2212/3366/381 2213/3371/381
f 2135/3373/381 2136/3330/381 2200/3329/381
f 2162/3370/381 2226/3369/381 2227/3375/381
f 2150/3377/381 2149/3372/381 2213/3371/381
f 2135/3373/381 2199/3374/381 2201/3379/381
f 2163/3376/381 2227/3375/381 2228/3381/381
f 2150/3377/381 2214/3378/381 2215/3194/381
f 2137/3380/381 2201/3379/381 2202/3384/381
f 2164/3382/381 2228/3381/381 2197/3367/381
f 2230/3387/381 2229/5064/381 2260/5065/381
f 2260/5065/381 2259/5066/381 2230/3387/381
f 2259/5066/381 2258/5067/381 2230/3387/381
f 2258/5067/381 2257/5068/381 2256/5069/381
f 2256/5069/381 2255/5070/381 2254/5071/381
f 2254/5071/381 2253/5072/381 2252/5073/381
f 2252/5073/381 2251/5074/381 2254/5071/381
f 2251/5074/381 2250/5075/381 2254/5071/381
f 2250/5075/381 2249/5076/381 2246/3388/381
f 2249/5076/381 2248/5077/381 2246/3388/381
f 2248/5077/381 2247/5078/381 2246/3388/381
f 2246/3388/381 2245/5079/381 2244/5080/381
f 2244/5080/381 2243/5081/381 2242/5082/381
f 2242/5082/381 2241/5083/381 2238/5084/381
f 2241/5083/381 2240/5085/381 2238/5084/381
f 2240/5085/381 2239/5086/381 2238/5084/381
f 2238/5084/381 2237/5087/381 2234/3386/381
f 2237/5087/381 2236/5088/381 2234/3386/381
f 2236/5088/381 2235/5089/381 2234/3386/381
f 2234/3386/381 2233/5090/381 2231/5091/381
f 2231/5091/381 2232/5092/381 2230/3387/381
f 2258/5067/381 2256/5069/381 2230/3387/381
f 2256/5069/381 2254/5071/381 2230/3387/381
f 2246/3388/381 2244/5080/381 2242/5082/381
f 2234/3386/381 2231/5091/381 2230/3387/381
f 2254/5071/381 2250/5075/381 2230/3387/381
f 2250/5075/381 2246/3388/381 2230/3387/381
f 2246/3388/381 2242/5082/381 2238/5084/381
f 2238/5084/381 2234/3386/381 2246/3388/381
f 2208/3389/2343 2240/5093/2343 2241/3390/2344
f 2223/3392/2345 2222/3322/2341 2254/3324/2341
f 2210/3394/2346 2209/3391/2344 2241/3390/2344
f 2223/3396/2345 2255/5094/2345 2256/3397/2347
f 2210/3394/2346 2242/3395/2346 2243/3399/2348
f 2224/3398/2347 2256/3397/2347 2257/3401/2349
f 2211/3400/2348 2243/3399/2348 2244/3403/2350
f 2197/3405/2351 2229/3429/2351 2230/3406/2352
f 2226/3408/2353 2225/3402/2349 2257/3401/2349
f 2213/3410/2354 2212/3404/2350 2244/3403/2350
f 2200/3412/2355 2232/3434/2355 2231/3413/2356
f 2226/3408/2353 2258/3409/2353 2259/3415/2357
f 2213/3410/2354 2245/3411/2354 2246/3417/2358
f 2201/3419/2359 2199/5095/2356 2231/3420/2356
f 2227/3416/2357 2259/3415/2357 2260/3422/2360
f 2215/3424/2361 2214/3418/2358 2246/3417/2358
f 2202/3426/2362 2201/5096/2359 2233/3427/2359
f 2197/3405/2351 2228/3423/2360 2260/3422/2360
f 2215/3424/2361 2247/3425/2361 2248/3430/2363
f 2202/3426/2362 2234/3428/2362 2235/3432/2364
f 2200/3412/2355 2198/3407/2352 2230/3406/2352
f 2216/3435/2363 2248/5097/2363 2249/3436/2365
f 2204/3438/2366 2203/3433/2364 2235/3432/2364
f 2218/3440/2367 2217/3437/2365 2249/3436/2365
f 2205/3442/2368 2204/3438/2366 2236/3439/2366
f 2218/3440/2367 2250/3441/2367 2251/3444/2369
f 2205/3442/2368 2237/3443/2368 2238/3446/2370
f 2220/3448/2371 2219/3445/2369 2251/3444/2369
f 2206/3447/2370 2238/3446/2370 2239/3450/2372
f 2220/3448/2371 2252/3449/2371 2253/3323/2342
f 2208/3453/2343 2207/3451/2372 2239/3450/2372
f 2262/3458/2375 2265/3460/2377 2264/3456/2374
f 2263/3459/2376 2266/3462/2379 2265/3460/2377
f 2269/3461/2378 2268/3466/2383 2265/3460/2377
f 2265/3460/2377 2268/3466/2383 2267/3463/2380
f 2271/3465/2382 2270/3464/2381 2267/3463/2380
f 2272/3467/2384 2271/3465/2382 2268/3466/2383
f 2274/3469/2386 2273/3468/2385 2270/3464/2381
f 2272/3467/2384 2275/3472/2389 2274/3469/2386
f 2274/3469/2386 2277/3475/2392 2276/3470/2387
f 2278/3471/2388 2277/3475/2392 2274/3469/2386
f 2280/3474/2391 2279/3473/2390 2276/3470/2387
f 2278/3471/2388 2281/3479/2396 2280/3474/2391
f 2283/3477/2394 2282/3476/2393 2279/3473/2390
f 2284/3478/2395 2283/3477/2394 2280/3474/2391
f 2286/3481/2398 2285/3480/2397 2282/3476/2393
f 2284/3478/2395 2287/3483/2400 2286/3481/2398
f 2286/3481/2398 2289/3484/2401 2288/3482/2399
f 2287/3483/2400 2290/3488/2405 2289/3484/2401
f 2292/3486/2403 2291/3485/2402 2288/3482/2399
f 2293/3487/2404 2292/3486/2403 2289/3484/2401
f 2292/3486/2403 2295/3490/2407 2294/3489/2406
f 2293/3487/2404 2296/3494/2411 2295/3490/2407
f 2298/3492/2409 2297/3491/2408 2294/3489/2406
f 2299/3493/2410 2298/3492/2409 2295/3490/2407
f 2302/3495/2412 2301/3497/2414 2298/3492/2409
f 2301/3497/2414 2300/3496/2413 2297/3491/2408
f 2304/3499/2416 2303/3498/2415 2300/3496/2413
f 2302/3495/2412 2305/3503/2420 2304/3499/2416
f 2307/3501/2418 2306/3500/2417 2303/3498/2415
f 2308/3502/2419 2307/3501/2418 2304/3499/2416
f 2310/3505/2422 2309/3504/2421 2306/3500/2417
f 2308/3502/2419 2311/3509/2426 2310/3505/2422
f 2313/3507/2424 2312/3506/2423 2309/3504/2421
f 2314/3508/2425 2313/3507/2424 2310/3505/2422
f 2316/3511/2428 2315/3510/2427 2312/3506/2423
f 2314/3508/2425 2317/3514/2431 2316/3511/2428
f 2319/3513/2430 2318/3512/2429 2315/3510/2427
f 2317/3514/2431 2320/3518/2435 2319/3513/2430
f 2323/3516/2433 2322/3515/2432 2318/3512/2429
f 2324/3517/2434 2323/3516/2433 2319/3513/2430
f 2323/3516/2433 2326/3521/2438 2325/3519/2436
f 2327/3520/2437 2326/3521/2438 2323/3516/2433
f 2326/3521/2438 2329/3526/2443 2328/3522/2439
f 2330/3523/2440 2329/3526/2443 2326/3521/2438
f 2332/3525/2442 2331/3524/2441 2328/3522/2439
f 2330/3523/2440 2333/3527/2444 2332/3525/2442
f 2333/3527/2444 2336/3533/2450 2335/3528/2445
f 2332/3525/2442 2335/3528/2445 2334/3529/2446
f 2338/3531/2448 2337/3530/2447 2334/3529/2446
f 2339/3532/2449 2338/3531/2448 2335/3528/2445
f 2342/3534/2451 2341/3538/2455 2338/3531/2448
f 2338/3531/2448 2341/3538/2455 2340/3535/2452
f 2344/3537/2454 2343/3536/2453 2340/3535/2452
f 2342/3534/2451 2345/3542/2459 2344/3537/2454
f 2347/3540/2457 2346/3539/2456 2343/3536/2453
f 2348/3541/2458 2347/3540/2457 2344/3537/2454
f 2347/3540/2457 2350/3544/2461 2349/3543/2460
f 2348/3541/2458 2351/3547/2464 2350/3544/2461
f 2350/3544/2461 2353/3549/2466 2352/3545/2462
f 2354/3546/2463 2353/3549/2466 2350/3544/2461
f 2353/3549/2466 2356/3551/2468 2355/3548/2465
f 2357/3550/2467 2356/3551/2468 2353/3549/2466
f 2356/3551/2468 2262/3458/2375 2261/3455/2373
f 2357/3550/2467 2263/3459/2376 2262/3458/2375
f 2371/3552/2469 2370/5098/3484 2422/3553/2470
f 2402/3555/2472 2401/5099/2473 2368/3556/2473
f 2379/3558/2474 2378/5100/3485 2424/3559/2475
f 2427/3561/2477 2360/3605/2522 2359/3562/2478
f 2387/3564/2480 2386/5101/3486 2428/3565/2481
f 2363/3567/2483 2362/5102/3487 2430/3568/2484
f 2358/3570/2486 2388/5103/3488 2432/3571/2487
f 2435/3573/2489 2373/5104/3489 2372/1901/2490
f 2376/3575/2492 2375/5105/3490 2436/3576/2493
f 2384/3578/2495 2383/5106/3491 2438/3579/2496
f 2441/3581/2498 2368/3606/2523 2367/3582/2499
f 2428/3565/2481 2386/5101/3486 2385/3584/2501
f 2381/3586/2503 2380/5107/3492 2443/3587/2504
f 2430/3568/2484 2362/5102/3487 2361/3589/2506
f 2432/3571/2487 2388/5103/3488 2389/3591/2508
f 2365/3593/2510 2364/5108/3493 2447/3594/2511
f 2436/3576/2493 2375/5105/3490 2374/3596/2513
f 2424/3559/2475 2378/5100/3485 2377/3598/2515
f 2422/3553/2470 2370/5098/3484 2369/3600/2517
f 2446/3592/2509 2389/3591/2508 2387/3564/2480
f 2438/3579/2496 2383/5106/3491 2382/3602/2519
f 2447/3594/2511 2364/5108/3493 2363/3567/2483
f 2426/3563/2479 2359/3562/2478 2358/3570/2486
f 2367/3582/2499 2366/5109/3494 2453/3604/2521
f 2450/3599/2516 2377/3598/2515 2376/3575/2492
f 2372/1901/2490 2371/3552/2469 2423/3554/2471
f 2443/3587/2504 2380/5107/3492 2379/3558/2474
f 2442/3585/2502 2385/3584/2501 2384/3578/2495
f 2453/3604/2521 2366/5109/3494 2365/3593/2510
f 2445/3590/2507 2361/3589/2506 2360/3605/2522
f 2451/3601/2518 2369/3600/2517 2368/3606/2523
f 2374/3596/2513 2373/5104/3489 2435/3573/2489
f 2452/3603/2520 2382/3602/2519 2381/3586/2503
f 2409/3607/11 2473/3727/11 2472/3608/11
f 2383/3610/2524 2416/5110/2524 2415/3611/2525
f 2370/3613/2526 2403/5111/2526 2402/3614/2472
f 2417/3616/2527 2416/5112/2524 2383/3617/2524
f 2404/3619/2528 2403/5111/2526 2370/3613/2526
f 2385/3621/2529 2418/5113/2529 2417/3616/2527
f 2372/3622/2530 2405/3629/2530 2404/3619/2528
f 2391/3623/2531 2390/5114/2532 2388/3624/2532
f 2419/3626/2533 2418/5113/2529 2385/3621/2529
f 2373/3628/2534 2406/5115/2534 2405/3629/2530
f 2392/3630/2535 2393/5116/2536 2359/3631/2536
f 2420/3633/2537 2419/3626/2533 2386/3627/2533
f 2407/3635/2538 2406/5115/2534 2373/3628/2534
f 2394/3637/2539 2392/5117/2535 2360/3605/2535
f 2389/3638/2540 2421/3643/2540 2420/3633/2537
f 2375/3639/2541 2408/5118/2541 2407/3635/2538
f 2362/3640/2542 2395/5119/2542 2394/3641/2539
f 2388/3624/2532 2390/5114/2532 2421/3643/2540
f 2409/3644/2543 2408/3229/2541 2375/3645/2541
f 2396/3647/2544 2395/5119/2542 2362/3640/2542
f 2359/3631/2536 2393/5116/2536 2391/3623/2531
f 2410/3649/2545 2409/3644/2543 2376/3646/2543
f 2364/3651/2546 2397/3654/2546 2396/3647/2544
f 2378/3652/2547 2411/3656/2547 2410/3649/2545
f 2365/3653/2548 2398/5120/2548 2397/3654/2546
f 2379/3655/2549 2412/3660/2549 2411/3656/2547
f 2399/3657/2550 2398/5120/2548 2365/3653/2548
f 2380/3659/2551 2413/5121/2551 2412/3660/2549
f 2400/3661/2552 2399/3657/2550 2366/3658/2550
f 2414/3663/2553 2413/5121/2551 2380/3659/2551
f 2368/3556/2473 2401/5099/2473 2400/3661/2552
f 2382/3612/2525 2415/3611/2525 2414/3663/2553
f 2284/3665/2554 2452/3699/2520 2444/3666/2505
f 2449/3668/2514 2435/5122/2489 2311/3509/2556
f 2451/3669/2518 2441/5123/2498 2327/3670/2558
f 2445/3672/2507 2427/3715/2477 2351/3673/2560
f 2333/3675/2562 2453/3691/2521 2448/3676/2512
f 2275/3678/2564 2442/5124/2502 2439/3679/2497
f 2290/3681/2566 2443/5125/2504 2425/3682/2476
f 2434/3684/2491 2423/5126/2471 2317/3685/2568
f 2450/3687/2516 2437/3710/2494 2302/3688/2570
f 2330/3690/2572 2440/3709/2500 2453/3691/2521
f 2354/3692/2573 2426/5127/2479 2433/3693/2488
f 2339/3695/2575 2447/5128/2511 2431/3696/2485
f 2281/3698/2577 2438/5129/2496 2452/3699/2520
f 2266/3462/2578 2446/3704/2509 2429/3700/2482
f 2422/3701/2470 2451/3669/2518 2324/3671/2559
f 2296/3703/2581 2424/3716/2475 2450/3687/2516
f 2305/3503/2582 2436/5130/2493 2449/3668/2514
f 2448/3676/2512 2447/5128/2511 2339/3695/2575
f 2263/3459/2583 2432/5131/2487 2446/3704/2509
f 2430/3705/2484 2445/3672/2507 2348/3674/2561
f 2444/3666/2505 2443/5125/2504 2290/3681/2566
f 2428/3707/2481 2442/5124/2502 2275/3678/2564
f 2327/3670/2558 2441/5123/2498 2440/3709/2500
f 2439/3679/2497 2438/5129/2496 2281/3698/2577
f 2437/3710/2494 2436/5132/2493 2305/3711/2582
f 2311/3509/2556 2435/5122/2489 2434/3712/2491
f 2433/3713/2488 2432/5131/2487 2263/3459/2583
f 2431/3696/2485 2430/3705/2484 2345/3706/2584
f 2269/3714/2579 2429/5133/2482 2428/3707/2481
f 2427/3715/2477 2426/5127/2479 2354/3692/2573
f 2293/3683/2567 2425/3682/2476 2424/3716/2475
f 2317/3685/2568 2423/5126/2471 2422/3701/2470
f 2479/3717/2586 2511/3778/2586 2510/3718/2587
f 2460/3720/11 2459/3770/11 2395/3721/11
f 2457/3723/11 2455/5134/11 2391/3724/11
f 2410/3726/11 2474/5135/11 2473/3727/11
f 2461/3728/11 2460/3720/11 2396/3722/11
f 2475/3730/11 2474/5135/11 2410/3726/11
f 2398/3732/11 2462/5136/11 2461/3728/11
f 2412/3733/11 2476/5137/11 2475/3730/11
f 2463/3734/11 2462/5136/11 2398/3732/11
f 2477/3736/11 2476/5137/11 2412/3733/11
f 2464/3738/11 2463/3734/11 2399/3735/11
f 2414/3740/11 2478/5138/11 2477/3736/11
f 2465/3741/11 2464/3738/11 2400/3739/11
f 2479/3743/11 2478/5138/11 2414/3740/11
f 2402/3745/11 2466/5139/11 2465/3741/11
f 2480/3746/11 2479/3743/11 2415/3744/11
f 2467/3748/11 2466/5139/11 2402/3745/11
f 2417/3750/11 2481/3754/11 2480/3746/11
f 2468/3751/11 2467/3748/11 2403/3749/11
f 2418/3753/11 2482/5140/11 2481/3754/11
f 2405/3755/11 2469/5141/11 2468/3751/11
f 2391/3724/11 2455/5134/11 2454/3756/11
f 2483/3758/11 2482/5140/11 2418/3753/11
f 2470/3760/11 2469/5141/11 2405/3755/11
f 2392/3762/11 2456/5142/11 2457/3723/11
f 2484/3763/11 2483/3758/11 2419/3759/11
f 2407/3765/11 2471/5143/11 2470/3760/11
f 2458/3766/11 2456/5142/11 2392/3762/11
f 2485/3768/11 2484/3763/11 2420/3764/11
f 2472/3608/11 2471/5143/11 2407/3765/11
f 2459/3770/11 2458/3766/11 2394/3767/11
f 2454/3756/11 2485/3768/11 2421/3769/11
f 2517/3771/11 2486/5144/11 2487/5145/11
f 2487/5145/11 2489/5146/11 2488/5147/11
f 2488/5147/11 2490/5148/11 2491/5149/11
f 2491/5149/11 2492/5150/11 2488/5147/11
f 2492/5150/11 2493/3772/11 2488/5147/11
f 2493/3772/11 2494/5151/11 2497/5152/11
f 2494/5151/11 2495/5153/11 2497/5152/11
f 2495/5153/11 2496/5154/11 2497/5152/11
f 2497/5152/11 2498/5155/11 2501/3773/11
f 2498/5155/11 2499/5156/11 2501/3773/11
f 2499/5156/11 2500/5157/11 2501/3773/11
f 2501/3773/11 2502/5158/11 2503/5159/11
f 2503/5159/11 2504/5160/11 2505/5161/11
f 2505/5161/11 2506/5162/11 2507/5163/11
f 2507/5163/11 2508/5164/11 2505/5161/11
f 2508/5164/11 2509/5165/11 2505/5161/11
f 2509/5165/11 2510/5166/11 2513/5167/11
f 2510/5166/11 2511/5168/11 2513/5167/11
f 2511/5168/11 2512/5169/11 2513/5167/11
f 2513/5167/11 2514/5170/11 2517/3771/11
f 2514/5170/11 2515/5171/11 2517/3771/11
f 2515/5171/11 2516/5172/11 2517/3771/11
f 2517/3771/11 2487/5145/11 2493/3772/11
f 2487/5145/11 2488/5147/11 2493/3772/11
f 2501/3773/11 2503/5159/11 2505/5161/11
f 2493/3772/11 2497/5152/11 2501/3773/11
f 2501/3773/11 2505/5161/11 2517/3771/11
f 2505/5161/11 2509/5165/11 2517/3771/11
f 2509/5165/11 2513/5167/11 2517/3771/11
f 2498/3774/2588 2497/5173/2589 2465/3775/2589
f 2480/3777/2590 2512/5174/2590 2511/3778/2586
f 2467/3779/2591 2499/5175/2591 2498/3780/2588
f 2513/3782/2592 2512/5176/2590 2480/3783/2590
f 2500/3785/2593 2499/5175/2591 2467/3779/2591
f 2514/3787/2594 2513/3782/2592 2481/3784/2592
f 2501/3789/2595 2500/3785/2593 2468/3786/2593
f 2487/3791/2596 2486/5177/2597 2454/3792/2597
f 2483/3794/2598 2515/5178/2598 2514/3787/2594
f 2470/3795/2599 2502/5179/2599 2501/3789/2595
f 2488/3796/2600 2489/5180/2601 2457/3797/2601
f 2516/3799/2602 2515/5178/2598 2483/3794/2598
f 2503/3801/2603 2502/5179/2599 2470/3795/2599
f 2458/3803/2604 2490/5181/2604 2488/3804/2600
f 2517/3806/2605 2516/3799/2602 2484/3800/2602
f 2472/3808/2606 2504/5182/2606 2503/3801/2603
f 2459/3809/2607 2491/5183/2607 2490/3810/2604
f 2454/3792/2597 2486/5177/2597 2517/3806/2605
f 2505/3812/2608 2504/5184/2606 2472/3813/2606
f 2492/3815/2609 2491/5183/2607 2459/3809/2607
f 2457/3797/2601 2489/5180/2601 2487/3791/2596
f 2506/3817/2610 2505/3812/2608 2473/3814/2608
f 2461/3819/2611 2493/3822/2611 2492/3815/2609
f 2475/3820/2612 2507/5185/2612 2506/3817/2610
f 2462/3821/2613 2494/5186/2613 2493/3822/2611
f 2508/3823/2614 2507/5185/2612 2475/3820/2612
f 2495/3825/2615 2494/5186/2613 2462/3821/2613
f 2477/3827/2616 2509/5187/2616 2508/3823/2614
f 2496/3828/2617 2495/3825/2615 2463/3826/2615
f 2510/3718/2587 2509/5187/2616 2477/3827/2616
f 2465/3775/2589 2497/5173/2589 2496/3828/2617
f 2608/3830/2618 2767/3843/2710 2620/3831/2619
f 2518/3832/2620 2620/3831/2619 2766/3833/2621
f 2518/3835/2620 2596/3855/2622 2757/3836/2623
f 2518/3835/2620 2618/3837/2624 2759/3838/2625
f 2519/3840/2626 2604/4044/2632 2769/3841/2627
f 2519/3840/2626 2613/3842/2628 2767/3843/2629
f 2608/3830/2618 2759/5188/2625 2602/3844/2630
f 2519/3845/2626 2602/5189/2630 2763/3846/2631
f 2520/3848/2633 2612/3857/2655 2768/3849/2634
f 2609/3851/2636 2762/3886/2677 2601/3852/2637
f 2520/3854/2639 2601/3901/3495 2757/3836/2640
f 2596/3856/2642 2766/3869/2658 2612/3857/2643
f 2521/3858/2645 2672/5190/2823 2790/3859/2646
f 2663/3861/2647 2761/3872/2662 2610/3862/2648
f 2521/3863/2649 2610/3862/2667 2769/3841/2627
f 2666/3864/2649 2793/4050/2650 2672/3865/2650
f 2598/3866/2651 2760/3893/2684 2603/3867/2652
f 2603/3867/2654 2768/3849/2634 2612/3857/2655
f 2522/3868/2657 2612/3857/2643 2766/3869/2658
f 2607/3870/2660 2756/3894/2685 2598/3866/2651
f 2523/3871/2661 2610/3862/2648 2761/3872/2662
f 2600/3873/2663 2758/3910/2706 2597/3874/2664
f 2597/3874/2665 2767/3843/2629 2613/3842/2628
f 2613/3842/2628 2769/3841/2627 2610/3862/2667
f 2663/3875/2647 2790/5191/2646 2671/3876/2668
f 2524/3877/2669 2671/3876/2668 2788/3878/2670
f 2599/3879/2671 2760/3893/2684 2619/3880/2672
f 2524/3877/2669 2619/3880/2672 2761/3881/2673
f 2670/3882/2674 2791/3906/2700 2664/3883/2675
f 2525/3885/2676 2664/5192/2675 2762/3886/2677
f 2609/3850/2635 2768/3849/2634 2611/3887/2678
f 2525/3888/2679 2611/3887/2678 2789/3889/2680
f 2600/3891/2682 2761/3881/2673 2619/3880/2672
f 2526/3892/2683 2619/3880/2672 2760/3893/2684
f 2526/3892/2683 2598/3866/2651 2756/3894/2685
f 2526/3892/2683 2615/3895/2686 2758/3896/2687
f 2527/3897/2688 2601/3901/2695 2762/3898/2689
f 2616/3899/2690 2763/3905/2699 2602/3900/2691
f 2527/3897/2688 2602/3900/2691 2759/3838/2692
f 2527/3897/2688 2618/3837/2693 2757/3836/2694
f 2669/3902/2696 2792/5193/2815 2665/3903/2697
f 2528/3904/2698 2665/3903/2697 2763/3905/2699
f 2616/3899/2690 2762/3898/2689 2664/3883/2675
f 2528/3904/2698 2664/3883/2675 2791/3906/2700
f 2599/3879/2671 2788/3878/2670 2668/3907/2701
f 2668/3907/2703 2789/3889/2680 2611/3887/2678
f 2529/3908/2704 2611/3887/2678 2768/3849/2634
f 2529/3908/2702 2603/3867/2652 2760/3893/2684
f 2530/3909/2705 2597/3874/2664 2758/3910/2706
f 2530/3912/2705 2615/3895/2707 2756/3894/2685
f 2607/3913/2708 2766/3833/2621 2620/3831/2619
f 2530/3909/2709 2620/3831/2619 2767/3843/2710
f 2531/3914/2712 2648/3920/2718 2785/3915/2713
f 2656/3916/2714 2782/4032/2802 2628/3917/2715
f 2531/3914/2712 2628/3917/2715 2770/3918/2716
f 2625/3919/2717 2771/5194/2734 2648/3920/2718
f 2649/3921/2719 2786/4028/2728 2655/3922/2720
f 2655/3924/2722 2783/3938/2723 2630/3925/2723
f 2532/3926/2722 2630/3925/2723 2774/3927/2723
f 2532/3923/2721 2621/5195/3496 2772/3929/2724
f 2650/3930/2725 2787/4023/2797 2654/3931/2726
f 2533/3932/2727 2654/3931/2726 2786/3933/2728
f 2649/3934/2719 2772/5196/2724 2626/3935/2729
f 2533/3932/2727 2626/3935/2729 2773/3936/2730
f 2534/3937/2731 2630/3925/2723 2783/3938/2723
f 2653/3939/2732 2785/4017/2713 2648/3940/2718
f 2534/3937/2733 2648/3940/2718 2771/3941/2734
f 2623/3942/2731 2774/3927/2723 2630/3925/2723
f 2535/3943/2736 2628/3951/2743 2782/3944/2737
f 2535/3946/2739 2652/5197/2740 2784/3947/2740
f 2632/3948/2739 2775/5198/2741 2622/3949/2741
f 2622/3950/2742 2770/5199/3497 2628/3951/2743
f 2536/3952/2739 2632/3948/2739 2784/3947/2740
f 2536/3952/2744 2651/3953/2789 2787/3954/2745
f 2650/3955/2746 2773/5200/3498 2624/3956/2747
f 2624/3956/2741 2775/5198/2741 2632/3948/2739
f 2638/3957/2748 2765/3971/2759 2606/3958/2749
f 2606/3960/2750 2755/3983/2771 2631/3961/2751
f 2631/3961/2751 2780/3987/2775 2639/3963/2753
f 2537/3964/2754 2639/5201/2755 2781/3965/2755
f 2634/3967/2756 2752/3999/2783 2595/3968/2757
f 2538/3970/2748 2595/4072/2826 2765/3971/2759
f 2638/3966/2754 2781/3965/2755 2640/3972/2755
f 2640/3974/2760 2777/4000/2784 2634/3967/2756
f 2539/3975/2761 2636/3981/2769 2764/3976/2762
f 2605/3977/2764 2753/4037/2807 2627/3978/2765
f 2539/3975/2766 2627/3978/2765 2776/3979/2767
f 2641/3980/2731 2779/3993/2723 2636/3981/2769
f 2540/3982/2770 2631/3961/2751 2755/3983/2771
f 2617/3984/2772 2754/4055/2818 2629/3985/2773
f 2629/3985/2773 2778/4021/2780 2642/3986/2774
f 2540/3982/2770 2642/3986/2774 2780/3987/2775
f 2629/3988/2773 2754/4058/2818 2594/3989/2776
f 2594/3991/2778 2764/3976/2762 2636/3981/2769
f 2541/3992/2779 2636/3981/2769 2779/3993/2723
f 2541/3990/2777 2643/4025/2798 2778/3995/2780
f 2627/3996/2765 2753/4061/2807 2614/3997/2781
f 2542/3998/2782 2614/3997/2781 2752/3999/2783
f 2542/3998/2782 2634/3967/2756 2777/4000/2784
f 2644/4002/2785 2776/4030/2767 2627/4003/2765
f 2647/4005/2786 2781/4013/2755 2639/4006/2755
f 2543/4008/2787 2639/5202/2753 2780/4009/2775
f 2637/4010/2788 2787/3954/2745 2651/3953/2789
f 2651/4011/2740 2784/5203/2740 2647/4005/2786
f 2544/4012/2790 2645/4014/2791 2777/4000/2784
f 2544/4012/2786 2640/3974/2755 2781/4013/2755
f 2647/4005/2786 2784/5203/2740 2652/3945/2740
f 2652/3945/2738 2782/3944/2737 2645/4014/2791
f 2545/4015/2731 2646/4018/2723 2779/3993/2723
f 2641/3980/2768 2776/3979/2767 2633/4016/2792
f 2545/4015/2793 2633/4016/2792 2785/4017/2713
f 2653/3939/2731 2783/3938/2723 2646/4018/2723
f 2637/4019/2794 2780/3987/2775 2642/3986/2774
f 2546/4020/2795 2642/3986/2774 2778/4021/2780
f 2635/4022/2796 2786/3933/2728 2654/3931/2726
f 2546/4020/2795 2654/3931/2726 2787/4023/2797
f 2635/4024/2796 2778/3995/2780 2643/4025/2798
f 2643/3994/2722 2779/3993/2723 2646/4018/2723
f 2547/4027/2722 2646/4018/2723 2783/3938/2723
f 2547/4026/2799 2655/3922/2720 2786/4028/2728
f 2548/4029/2800 2633/4033/2792 2776/4030/2767
f 2644/4002/2785 2777/5204/2784 2645/4031/2801
f 2548/4029/2800 2645/4031/2801 2782/4032/2802
f 2656/3916/2714 2785/3915/2713 2633/4033/2792
f 2605/3977/2763 2764/3976/2762 2662/4034/2803
f 2549/4035/2804 2662/4034/2803 2789/3889/2680
f 2668/3907/2701 2788/3878/2670 2661/4036/2805
f 2549/4035/2806 2661/4036/2805 2753/4037/2807
f 2667/4038/2808 2792/4052/2815 2659/4039/2809
f 2550/4040/2810 2659/4039/2809 2755/3983/2771
f 2550/4041/2811 2606/3958/2749 2765/3971/2759
f 2660/4042/2811 2793/4071/2650 2667/4043/2812
f 2666/3864/2649 2769/3841/2627 2604/4044/2632
f 2604/3847/2632 2763/3846/2631 2665/4046/2814
f 2551/4047/2813 2665/4046/2814 2792/4048/2815
f 2551/4045/2813 2667/5205/2812 2793/4050/2650
f 2552/4051/2816 2659/4039/2809 2792/4052/2815
f 2669/4053/2696 2791/5206/2700 2658/4054/2817
f 2552/4051/2816 2658/4054/2817 2754/4055/2818
f 2617/3984/2772 2755/3983/2771 2659/4039/2809
f 2553/4056/2819 2658/4059/2817 2791/3906/2700
f 2670/3890/2681 2789/3889/2680 2662/4034/2803
f 2553/4057/2820 2662/4034/2803 2764/3976/2762
f 2553/4056/2819 2594/3989/2776 2754/4058/2818
f 2554/4060/2821 2614/3997/2781 2753/4061/2807
f 2661/4063/2805 2788/5207/2670 2671/4064/2668
f 2554/4060/2821 2671/5208/2668 2790/4066/2646
f 2657/4067/2822 2752/3999/2783 2614/3997/2781
f 2657/4067/2822 2790/4066/2646 2672/4068/2823
f 2555/4070/2825 2672/5209/2650 2793/4071/2650
f 2660/4042/2811 2765/3971/2759 2595/4072/2826
f 2555/4069/2824 2595/3968/2757 2752/3999/2783
f 2699/4073/2827 2809/4088/2916 2687/4074/2828
f 2556/4075/2829 2687/4074/2828 2801/4076/2830
f 2556/4078/2829 2697/5210/2831 2799/4079/2832
f 2556/4078/2829 2675/4080/2833 2808/4081/2834
f 2557/4083/2835 2692/4089/2841 2811/4084/2836
f 2557/4083/2835 2683/4085/2837 2805/4086/2838
f 2681/4087/2839 2801/4076/2830 2687/4074/2828
f 2557/4083/2835 2687/4074/2828 2809/4088/2840
f 2558/4090/2842 2688/4097/2888 2810/4091/2843
f 2691/4093/2845 2808/4081/2867 2675/4080/2846
f 2558/4094/2848 2675/4080/3499 2799/4079/2849
f 2680/4096/2851 2804/4130/2889 2688/4097/2852
f 2559/4098/2854 2742/4106/2861 2832/4099/2855
f 2751/4101/2857 2835/4295/3020 2745/4102/2858
f 2559/4103/2859 2745/4102/2858 2811/4084/2836
f 2689/4105/2860 2803/4116/2871 2742/4106/2861
f 2682/4107/2862 2802/4136/2895 2677/4108/2863
f 2677/4110/2863 2798/4159/2894 2686/4111/2865
f 2560/4112/2866 2686/4111/3500 2808/4081/2867
f 2691/4092/2844 2810/4091/2843 2682/4113/2868
f 2561/4115/2870 2679/4131/2875 2803/4116/2871
f 2689/4104/2836 2811/4084/2836 2692/4089/2841
f 2692/4089/2841 2809/4088/2840 2676/4118/2873
f 2676/4118/2874 2800/5211/2914 2679/4119/2875
f 2750/4120/2876 2832/4099/2855 2742/4106/2861
f 2562/4121/2877 2742/4106/2861 2803/4116/2878
f 2698/4122/2879 2802/4136/2895 2678/4123/2880
f 2562/4121/2877 2678/4123/2880 2830/4124/2881
f 2743/4125/2882 2833/5212/2907 2749/4126/2883
f 2563/4127/2885 2749/4126/3030 2831/4128/2886
f 2690/4129/2887 2810/4091/2843 2688/4097/2888
f 2563/4127/2884 2688/4097/2852 2804/4130/2889
f 2698/4122/2879 2803/4116/2878 2679/4131/2890
f 2564/4132/2891 2679/4131/2890 2800/4133/2892
f 2564/4132/2891 2694/4134/2893 2798/4135/2894
f 2564/4132/2891 2677/4108/2863 2802/4136/2895
f 2565/4137/2896 2695/4144/2903 2804/4138/2897
f 2565/4137/2896 2680/4139/2898 2799/4140/2899
f 2565/4137/2896 2697/4141/2900 2801/4142/2901
f 2681/4143/2902 2805/4150/2908 2695/4144/2903
f 2744/4145/2904 2834/4298/3023 2748/4146/2905
f 2566/4147/2906 2748/4146/2905 2833/4148/2907
f 2743/4149/2882 2804/4138/2897 2695/4144/2903
f 2566/4147/2906 2695/4144/2903 2805/4150/2908
f 2747/4151/2909 2830/4124/2881 2678/4123/2880
f 2567/4152/2910 2678/4123/2880 2802/4136/2895
f 2567/4153/2911 2682/4113/2868 2810/4091/2843
f 2690/4129/2887 2831/4128/2886 2747/4154/2912
f 2568/4155/2913 2694/4160/2918 2800/4156/2914
f 2568/4158/2915 2676/4118/3501 2809/4088/2916
f 2699/4082/2827 2808/4081/2834 2686/4111/2917
f 2568/4155/2913 2686/4111/2865 2798/4159/2894
f 2569/4161/2919 2735/4167/2925 2827/4162/2920
f 2727/4163/2921 2813/5213/2942 2704/4164/2922
f 2569/4161/2919 2704/4164/2922 2812/4165/2923
f 2707/4166/2924 2824/4194/3009 2735/4167/2925
f 2734/4168/2926 2828/4276/2939 2728/4169/2927
f 2570/4170/2928 2728/4169/2927 2814/4171/2929
f 2570/4173/2931 2700/5214/2931 2816/4174/2932
f 2709/4175/2933 2825/4185/2933 2734/4176/2931
f 2733/4177/2934 2829/4271/3005 2729/4178/2935
f 2571/4179/2936 2729/4178/2935 2815/4180/2937
f 2705/4181/2938 2814/5215/2929 2728/4182/2927
f 2571/4179/2936 2728/4182/2927 2828/4183/2939
f 2572/4184/2940 2732/4264/2940 2825/4185/2933
f 2709/4175/2933 2816/4174/2932 2702/4186/2940
f 2572/4187/2941 2702/896/3502 2813/4188/2942
f 2727/4190/2921 2827/4266/2920 2732/4191/2943
f 2573/4193/2944 2731/4260/2999 2824/4194/2945
f 2707/4166/2946 2812/4165/3503 2701/4195/2947
f 2701/4196/2948 2817/5216/2948 2711/4197/2949
f 2711/4197/2949 2826/4201/2950 2731/4199/2950
f 2574/4200/2949 2730/4205/2950 2826/4201/2950
f 2711/4197/2949 2817/5216/2948 2703/4202/2948
f 2703/4202/2951 2815/5217/3504 2729/4203/2952
f 2574/4200/2953 2729/4203/2952 2829/4204/2954
f 2685/4206/2956 2807/4223/2968 2717/4207/2957
f 2717/4209/2958 2823/4254/2959 2718/4210/2959
f 2718/4212/2960 2822/4235/2979 2710/4213/2961
f 2710/4213/2961 2797/4234/2978 2685/4215/2963
f 2674/4216/2964 2794/4252/2993 2713/4217/2965
f 2713/4217/2965 2819/4251/2992 2719/4219/2967
f 2719/4220/2959 2823/4254/2959 2717/4209/2958
f 2576/4222/2957 2717/4207/2957 2807/4223/2968
f 2577/4225/2970 2684/4283/3012 2806/4226/2971
f 2715/4227/2972 2821/4245/2933 2720/4228/2940
f 2577/4229/2973 2720/4268/3002 2818/4230/2974
f 2706/4231/2975 2795/4286/3015 2684/4232/2976
f 2578/4233/2977 2696/4238/2982 2797/4234/2978
f 2578/4233/2977 2710/4213/2961 2822/4235/2979
f 2721/4236/2980 2820/4273/2985 2708/4237/2981
f 2708/4237/2981 2796/4302/3026 2696/4238/2982
f 2673/4239/2983 2796/4307/3026 2708/4240/2981
f 2579/4241/2984 2708/4240/2981 2820/4242/2985
f 2579/4244/2987 2722/4278/2931 2821/4245/2933
f 2715/4227/2972 2806/4226/2971 2673/4246/2988
f 2693/4247/2989 2795/4310/3015 2706/4248/2975
f 2706/4248/2975 2818/4280/2974 2723/4250/2991
f 2580/4249/2990 2723/4250/2991 2819/4251/2992
f 2580/4249/2990 2713/4217/2965 2794/4252/2993
f 2581/4253/2994 2718/4210/2959 2823/4254/2959
f 2726/4255/2994 2826/4201/2950 2730/4205/2950
f 2730/4205/2955 2829/4204/2954 2716/4256/2995
f 2581/4257/2996 2716/4269/2995 2822/4235/2979
f 2582/4258/2997 2719/4219/2967 2819/4251/2992
f 2724/4259/2998 2824/4194/2945 2731/4260/2999
f 2582/4261/2994 2731/4199/2950 2826/4201/2950
f 2726/4255/2994 2823/4254/2959 2719/4220/2959
f 2583/4262/2940 2720/4228/2940 2821/4245/2933
f 2725/4263/2933 2825/4185/2933 2732/4264/2940
f 2583/4265/3000 2732/4191/2943 2827/4266/2920
f 2712/4267/3001 2818/4230/2974 2720/4268/3002
f 2721/4236/2980 2822/4235/2979 2716/4269/3003
f 2584/4270/3004 2716/4269/3003 2829/4271/3005
f 2733/4177/2934 2828/4183/2939 2714/4272/3006
f 2584/4270/3004 2714/4272/3006 2820/4273/2985
f 2722/4243/2986 2820/4242/2985 2714/4274/3006
f 2585/4275/3007 2714/4274/3006 2828/4276/2939
f 2585/4277/2931 2734/4176/2931 2825/4185/2933
f 2725/4263/2933 2821/4245/2933 2722/4278/2931
f 2586/4279/3008 2723/4250/2991 2818/4280/2974
f 2712/4281/3001 2827/4162/2920 2735/4167/2925
f 2586/4279/3008 2735/4167/2925 2824/4194/3009
f 2724/4259/3010 2819/4251/2992 2723/4250/2991
f 2741/4282/3011 2806/4226/2971 2684/4283/3012
f 2587/4285/3014 2684/4232/2976 2795/4286/3015
f 2740/4287/3016 2830/4124/2881 2747/4151/2909
f 2587/4284/3013 2747/4154/2912 2831/4128/2886
f 2738/4288/3017 2834/4301/3023 2746/4289/3018
f 2746/4291/3020 2835/4318/3020 2739/4292/3021
f 2588/4293/3021 2739/4292/3021 2807/4223/2968
f 2588/4290/3019 2685/4215/2963 2797/4234/2978
f 2683/4085/2837 2811/4084/2836 2745/4102/2858
f 2589/4294/3022 2745/4102/2858 2835/4295/3020
f 2589/4297/3022 2746/5218/3018 2834/4298/3023
f 2744/4145/3024 2805/4150/2838 2683/4299/2837
f 2590/4300/3025 2748/4304/2905 2834/4301/3023
f 2738/4288/3017 2797/4234/2978 2696/4238/2982
f 2590/4300/3025 2696/4238/2982 2796/4302/3026
f 2737/4303/3027 2833/5219/2907 2748/4304/2905
f 2591/4305/3028 2749/5220/2883 2833/4148/2907
f 2591/4305/3028 2737/4306/3027 2796/4307/3026
f 2591/4308/3029 2673/4246/2988 2806/4226/2971
f 2741/4282/3011 2831/4128/2886 2749/4126/3030
f 2592/4309/3031 2740/4314/3016 2795/4310/3015
f 2693/4247/2989 2794/4252/2993 2736/4311/3032
f 2592/4309/3031 2736/4311/3032 2832/4312/2855
f 2750/4313/2876 2830/5221/2881 2740/4314/3016
f 2751/4315/2856 2832/4312/2855 2736/4311/3032
f 2593/4316/3033 2736/4311/3032 2794/4252/2993
f 2674/4224/2969 2807/4223/2968 2739/4292/3021
f 2593/4317/3034 2739/4292/3021 2835/4318/3020
f 2938/4320/3035 3085/4332/3126 2926/4321/3036
f 2836/4322/3037 2914/5222/3040 3084/4323/3038
f 2836/4324/3037 2936/4328/3042 3075/4325/3039
f 2836/4324/3037 2926/5223/3036 3077/4327/3041
f 2837/4329/3043 2931/4333/3047 3087/4330/3044
f 2837/4329/3043 2926/4321/3036 3085/4332/3046
f 2920/4334/3048 3077/5224/3041 2926/4321/3036
f 2837/4335/3043 2922/4533/3045 3081/4336/3049
f 2838/4338/3050 2927/4376/3095 3086/4339/3051
f 2919/3852/3053 3080/4373/3093 2927/4341/3054
f 2838/4342/3056 2914/4326/3505 3075/4325/3057
f 2930/4340/3059 3084/4356/3076 2914/4344/3060
f 2839/4345/3062 2981/5225/3066 3108/4346/3063
f 2928/4348/3065 3079/4359/3079 2981/4349/3066
f 2839/4350/3067 2984/4352/3067 3087/4330/3044
f 2990/4351/3069 3111/4537/3069 2984/4352/3067
f 2921/4353/3070 3078/4381/3100 2916/4354/3071
f 2930/4340/3052 3086/4339/3051 2921/4353/3073
f 2840/4355/3075 2925/4357/3506 3084/4356/3076
f 2916/4354/3071 3074/4382/3101 2925/4357/3077
f 2841/4358/3078 2918/4361/3081 3079/4359/3079
f 2915/4360/3080 3076/4397/3122 2918/4361/3081
f 2931/4333/3047 3085/4332/3046 2915/4360/3082
f 2928/4348/3068 3087/4330/3044 2931/4333/3047
f 2989/4362/3084 3108/5226/3063 2981/4363/3066
f 2842/4364/3085 2917/4367/3088 3106/4365/3086
f 2937/4366/3087 3078/4381/3100 2917/4367/3088
f 2842/4364/3085 2981/4363/3066 3079/4368/3089
f 2982/4369/3090 3109/4393/3116 2988/4370/3091
f 2843/4372/3092 2927/4341/3054 3080/4373/3093
f 2929/4375/3094 3086/4339/3051 2927/4376/3095
f 2843/4377/3096 2988/4546/3235 3107/4378/3097
f 2937/4366/3087 3079/4368/3089 2918/4379/3098
f 2844/4380/3099 2916/4354/3071 3078/4381/3100
f 2844/4380/3099 2933/4384/3103 3074/4382/3101
f 2844/4380/3099 2918/4379/3098 3076/4383/3102
f 2845/4385/3104 2934/4388/3108 3080/4386/3105
f 2920/4387/3107 3081/4392/3115 2934/4388/3108
f 2845/4385/3104 2936/4328/3111 3077/4327/3109
f 2845/4385/3104 2919/4343/3106 3075/4325/3110
f 2983/4389/3112 3110/4536/3230 2987/4390/3113
f 2846/4391/3114 2934/4388/3108 3081/4392/3115
f 2982/4369/3090 3080/4386/3105 2934/4388/3108
f 2846/4391/3114 2987/4390/3113 3109/4393/3116
f 2986/4394/3117 3106/4365/3086 2917/4367/3088
f 2929/4375/3094 3107/4378/3097 2986/4394/3119
f 2847/4395/3120 2921/4353/3073 3086/4339/3051
f 2847/4395/3118 2917/4367/3088 3078/4381/3100
f 2848/4396/3121 2933/5227/3123 3076/4397/3122
f 2848/3912/3121 2925/4357/3077 3074/4382/3101
f 2938/4320/3035 3084/4323/3038 2925/4398/3124
f 2848/4396/3125 2915/4360/3507 3085/4332/3126
f 2849/4399/3127 2974/4403/3131 3103/4400/3128
f 2946/4402/3130 3100/4520/3217 2974/4403/3131
f 2849/4399/3127 2943/4405/3133 3088/4404/3132
f 2966/4401/3129 3089/5228/3150 2943/4405/3133
f 2973/4406/3134 3104/4515/3144 2967/4407/3135
f 2948/4409/3137 3101/4423/3137 2973/4410/3138
f 2850/4411/3138 2939/5229/3138 3092/4412/3137
f 2850/4408/3136 2967/4407/3135 3090/4413/3139
f 2972/4415/3141 3105/4510/3213 2968/4416/3142
f 2851/4417/3143 2967/4420/3135 3104/4418/3144
f 2944/4419/3145 3090/5230/3139 2967/4420/3135
f 2851/4417/3143 2968/4416/3142 3091/4421/3146
f 2852/4422/3147 2971/4425/3147 3101/4423/3137
f 2966/4424/3129 3103/4505/3128 2971/4425/3148
f 2852/4422/3149 2941/4427/3508 3089/4426/3150
f 2948/4409/3137 3092/4412/3137 2941/4427/3147
f 2853/4428/3151 2970/4501/3206 3100/4429/3152
f 2853/4431/3154 2950/4435/3154 3102/4432/3155
f 2940/4434/3156 3093/5231/3156 2950/4435/3154
f 2946/4430/3153 3088/5232/3509 2940/4436/3157
f 2854/4437/3154 2969/4439/3155 3102/4432/3155
f 2854/4437/3158 2968/4441/3162 3105/4438/3159
f 2942/4440/3161 3091/5233/3510 2968/4441/3162
f 2950/4435/3154 3093/5231/3156 2942/4440/3156
f 2924/4442/3163 3083/4456/3174 2956/4443/3164
f 2949/4445/3165 3073/4470/3185 2924/4446/3166
f 2957/4448/3168 3098/4495/3189 2949/4449/3165
f 2855/4450/3169 2956/4459/3169 3099/4451/3170
f 2913/4452/3171 3070/4486/3198 2952/4453/3172
f 2856/4455/3164 2956/4443/3164 3083/4456/3174
f 2958/4458/3170 3099/4451/3170 2956/4459/3169
f 2952/4453/3172 3095/4487/3199 2958/4461/3176
f 2857/4462/3177 2923/4466/3219 3082/4463/3178
f 2945/4465/3180 3071/4524/3223 2923/4466/3181
f 2857/4462/3182 2959/4468/3208 3094/4467/3183
f 2954/4464/3179 3097/4480/3137 2959/4468/3147
f 2858/4469/3184 2935/4472/3187 3073/4470/3185
f 2947/4471/3186 3072/4543/3233 2935/4472/3187
f 2960/4473/3188 3096/4508/3194 2947/4471/3186
f 2858/4469/3184 2949/4445/3165 3098/4474/3189
f 2912/4475/3190 3072/4548/3233 2947/4476/3186
f 2954/4464/3179 3082/4463/3178 2912/4478/3192
f 2859/4479/3193 2961/4513/3138 3097/4480/3137
f 2859/4477/3191 2947/4476/3186 3096/4481/3194
f 2932/4483/3196 3071/5234/3223 2945/4484/3180
f 2860/4485/3197 2952/4453/3172 3070/4486/3198
f 2860/4485/3197 2962/5235/3200 3095/4487/3199
f 2945/4488/3180 3094/4517/3183 2962/4489/3200
f 2957/4491/3170 3099/4500/3170 2965/4492/3201
f 2861/4494/3202 2955/4496/3203 3098/4495/3189
f 2969/4439/3160 3105/4438/3159 2955/4496/3203
f 2965/4492/3201 3102/5236/3155 2969/4497/3155
f 2862/4498/3204 2958/4461/3176 3095/4487/3199
f 2862/4498/3201 2965/4492/3201 3099/4500/3170
f 2970/4501/3155 3102/5236/3155 2965/4492/3201
f 2963/4499/3205 3100/4429/3152 2970/4501/3206
f 2863/4502/3147 2959/4468/3147 3097/4480/3137
f 2951/4504/3207 3094/4467/3183 2959/4468/3208
f 2863/4502/3209 2971/4425/3148 3103/4505/3128
f 2964/4503/3137 3101/4423/3137 2971/4425/3147
f 2960/4473/3188 3098/4474/3189 2955/4506/3210
f 2864/4507/3211 2953/4509/3212 3096/4508/3194
f 2972/4415/3141 3104/4418/3144 2953/4509/3212
f 2864/4507/3211 2955/4506/3210 3105/4510/3213
f 2961/4482/3195 3096/4481/3194 2953/4511/3212
f 2964/4503/3137 3097/4480/3137 2961/4513/3138
f 2865/4514/3138 2973/4410/3138 3101/4423/3137
f 2865/4512/3214 2953/4511/3212 3104/4515/3144
f 2866/4516/3215 2962/4489/3200 3094/4517/3183
f 2963/4519/3216 3095/5237/3199 2962/4489/3200
f 2866/4516/3215 2974/4403/3131 3100/4520/3217
f 2951/4518/3207 3103/4400/3128 2974/4403/3131
f 2980/4521/3218 3082/4463/3178 2923/4466/3219
f 2867/4522/3220 2986/4394/3119 3107/4378/3097
f 2979/4523/3221 3106/4365/3086 2986/4394/3117
f 2867/4522/3222 2923/4466/3181 3071/4524/3223
f 2977/4525/3224 3110/4540/3230 2985/4526/3225
f 2868/4527/3226 2924/4446/3166 3073/4470/3185
f 2868/4528/3227 2978/4530/3227 3083/4456/3174
f 2985/4529/3069 3111/4561/3069 2978/4530/3227
f 2922/4331/3045 3087/4330/3044 2984/4352/3067
f 2983/4532/3229 3081/4336/3049 2922/4533/3045
f 2869/4535/3228 2985/5238/3225 3110/4536/3230
f 2869/4531/3228 2984/4352/3067 3111/4537/3069
f 2870/4539/3231 2987/4542/3113 3110/4540/3230
f 2976/4541/3232 3109/5239/3116 2987/4542/3113
f 2870/4539/3231 2935/4472/3187 3072/4543/3233
f 2977/4525/3224 3073/4470/3185 2935/4472/3187
f 2871/4544/3234 2988/4370/3091 3109/4393/3116
f 2980/4521/3218 3107/4378/3097 2988/4546/3235
f 2871/4547/3236 2912/4478/3192 3082/4463/3178
f 2871/4544/3234 2976/4545/3232 3072/4548/3233
f 2872/4549/3237 2979/4553/3221 3071/4550/3223
f 2989/4552/3084 3106/5240/3086 2979/4553/3221
f 2872/4554/3237 2975/4557/3238 3108/4555/3063
f 2932/4483/3196 3070/4486/3198 2975/4557/3238
f 2990/4558/3064 3108/4555/3063 2975/4557/3238
f 2873/4560/3240 2978/4530/3227 3111/4561/3069
f 2913/4457/3175 3083/4456/3174 2978/4530/3227
f 2873/4559/3239 2975/4557/3238 3070/4486/3198
f 3005/4563/3241 3127/4578/3331 3017/4564/3242
f 2874/4565/3243 3015/5241/3246 3119/4566/3244
f 2874/4567/3243 2993/4571/3248 3117/4568/3245
f 2874/4567/3243 3017/4646/3242 3126/4570/3247
f 2875/4572/3249 3001/4576/3253 3129/4573/3250
f 2875/4572/3249 2999/4577/3254 3123/4575/3252
f 3005/4563/3241 3119/4566/3244 2999/4577/3254
f 2875/4572/3249 3010/4574/3251 3127/4578/3255
f 2876/4579/3256 3009/4599/3282 3128/4580/3257
f 2993/4571/3259 3126/4570/3279 3009/4582/3260
f 2876/4583/3262 2998/5242/3511 3117/4568/3263
f 3006/4581/3265 3122/4618/3303 2998/4584/3266
f 2877/4585/3268 3069/5243/3446 3150/4586/3269
f 3063/4588/3271 3153/4781/3435 3069/4589/3272
f 2877/4590/3271 3007/4604/3250 3129/4573/3250
f 3060/4587/3270 3121/4602/3285 3007/4591/3273
f 2995/4592/3274 3120/4623/3309 3000/4593/3275
f 3004/4595/3277 3116/4647/3307 2995/4596/3274
f 2878/4597/3278 3009/4582/3260 3126/4570/3279
f 3000/4598/3281 3128/4580/3257 3009/4599/3282
f 2879/4601/3284 3007/4591/3273 3121/4602/3285
f 3010/4574/3251 3129/4573/3250 3007/4604/3250
f 2994/4606/3288 3127/4578/3255 3010/4574/3251
f 2997/4607/3286 3118/5244/3328 2994/4606/3289
f 3060/4587/3270 3150/4586/3269 3068/4608/3290
f 2880/4609/3291 3016/4611/3294 3121/4602/3292
f 2996/4610/3293 3120/4623/3309 3016/4611/3294
f 2880/4609/3291 3068/4608/3290 3148/4612/3295
f 3067/4613/3296 3151/5245/3321 3061/4614/3297
f 2881/4615/3299 3008/4617/3302 3149/4616/3300
f 3006/4581/3258 3128/4580/3257 3008/4617/3302
f 2881/4615/3298 3061/4614/3297 3122/4618/3303
f 2997/4603/3304 3121/4602/3292 3016/4611/3294
f 2882/4619/3305 3012/4622/3308 3118/4620/3306
f 2882/4619/3305 2995/4592/3274 3116/4621/3307
f 2882/4619/3305 3016/4611/3294 3120/4623/3309
f 2883/4624/3310 2998/4628/3314 3122/4625/3311
f 2883/4624/3310 3015/4630/3316 3117/4627/3313
f 2883/4624/3310 2999/4631/3317 3119/4629/3315
f 3013/4626/3312 3123/4637/3322 2999/4631/3317
f 3066/4632/3318 3152/4783/3437 3062/4633/3319
f 2884/4634/3320 3061/4636/3297 3151/4635/3321
f 3013/4626/3312 3122/4625/3311 3061/4636/3297
f 2884/4634/3320 3062/4633/3319 3123/4637/3322
f 2996/4610/3293 3148/4612/3295 3065/4638/3323
f 2885/4639/3324 3000/4593/3275 3120/4623/3309
f 2885/4640/3325 3008/4617/3302 3128/4580/3257
f 3065/4641/3326 3149/4616/3300 3008/4617/3302
f 2886/4642/3327 2994/5246/3289 3118/4643/3328
f 2886/4645/3330 3017/4564/3242 3127/4578/3331
f 3004/4595/3333 3126/4570/3247 3017/4646/3242
f 2886/4642/3327 3012/4644/3329 3116/4647/3307
f 2887/4648/3334 3045/4652/3338 3145/4649/3335
f 3022/4651/3337 3131/5247/3356 3045/4652/3338
f 2887/4648/3334 3025/4654/3340 3130/4653/3339
f 3053/4650/3336 3142/4682/3424 3025/4654/3340
f 3046/4655/3341 3146/4764/3353 3052/4656/3342
f 2888/4657/3343 3018/5248/3512 3132/4658/3344
f 2888/4659/3345 3027/4663/3347 3134/4660/3346
f 3052/4662/3345 3143/4672/3347 3027/4663/3347
f 3047/4664/3348 3147/4758/3419 3051/4665/3349
f 2889/4666/3350 3023/4669/3352 3133/4667/3351
f 3046/4668/3341 3132/5249/3344 3023/4669/3352
f 2889/4666/3350 3051/4665/3349 3146/4670/3353
f 2890/4671/3354 3027/4663/3347 3143/4672/3347
f 3020/4674/3354 3134/4660/3346 3027/4663/3347
f 2890/4675/3355 3045/5250/3338 3131/4676/3356
f 3050/4678/3358 3145/4754/3335 3045/4679/3338
f 2891/4681/3359 3025/4654/3363 3142/4682/3360
f 3019/4684/3362 3130/4653/3513 3025/4654/3363
f 3029/4685/3364 3135/5251/3365 3019/4686/3365
f 3049/4688/3366 3144/4690/3366 3029/4685/3364
f 2892/4689/3364 3029/4685/3364 3144/4690/3366
f 3021/4692/3365 3135/5251/3365 3029/4685/3364
f 3047/4693/3367 3133/5252/3514 3021/4692/3368
f 2892/4689/3369 3048/4691/3411 3147/4694/3370
f 3035/4695/3371 3125/4712/3383 3003/4696/3372
f 3036/4698/3373 3141/4744/3373 3035/4699/3374
f 3028/4701/3375 3140/4726/3396 3036/4702/3376
f 3003/4704/3378 3115/4724/3394 3028/4701/3375
f 3031/4705/3379 3112/4742/3408 2992/4706/3380
f 3037/4708/3382 3137/4741/3407 3031/4705/3379
f 3035/4699/3374 3141/4744/3373 3037/4709/3373
f 2894/4711/3371 2992/4804/3448 3125/4712/3383
f 2895/4713/3384 3033/4717/3387 3124/4714/3385
f 3038/4716/3354 3139/4734/3347 3033/4717/3387
f 2895/4718/3388 3024/4722/3392 3136/4719/3389
f 3002/4721/3391 3113/4772/3429 3024/4722/3392
f 2896/4723/3393 3028/4701/3375 3115/4724/3394
f 2896/4723/3393 3039/4728/3398 3140/4726/3396
f 3026/4727/3397 3138/4760/3401 3039/4728/3398
f 3014/4725/3395 3114/4789/3440 3026/4727/3397
f 3026/4729/3397 3114/4793/3440 2991/4730/3399
f 2897/4731/3400 3040/4762/3421 3138/4732/3401
f 2897/4733/3402 3033/4717/3387 3139/4734/3347
f 2991/4736/3403 3124/4714/3385 3033/4717/3387
f 3024/4737/3392 3113/4797/3429 3011/4738/3404
f 3041/4740/3406 3136/4767/3389 3024/4737/3392
f 2898/4739/3405 3031/4705/3379 3137/4741/3407
f 2898/4739/3405 3011/4738/3404 3112/4742/3408
f 2899/4743/3409 3044/4745/3409 3141/4744/3373
f 3048/4691/3366 3144/4690/3366 3044/4745/3409
f 3034/4746/3410 3147/4694/3370 3048/4691/3411
f 2899/4743/3412 3036/4698/3376 3140/4747/3396
f 2900/4748/3413 3042/4749/3414 3137/4741/3407
f 3049/4683/3361 3142/4682/3360 3042/4749/3414
f 2900/4750/3409 3044/4745/3409 3144/4690/3366
f 3037/4709/3373 3141/4744/3373 3044/4745/3409
f 2901/4751/3354 3043/4752/3347 3139/4734/3347
f 3050/4673/3354 3143/4672/3347 3043/4752/3347
f 2901/4753/3415 3030/4755/3416 3145/4754/3335
f 3038/4720/3390 3136/4719/3389 3030/4755/3416
f 3034/4756/3417 3140/4726/3396 3039/4728/3398
f 2902/4757/3418 3051/4665/3349 3147/4758/3419
f 3032/4759/3420 3146/4670/3353 3051/4665/3349
f 2902/4757/3418 3039/4728/3398 3138/4760/3401
f 3032/4761/3420 3138/4732/3401 3040/4762/3421
f 2903/4763/3422 3052/4656/3342 3146/4764/3353
f 2903/4765/3345 3043/4752/3347 3143/4672/3347
f 3040/4735/3345 3139/4734/3347 3043/4752/3347
f 2904/4766/3423 3030/4768/3416 3136/4767/3389
f 3053/4650/3336 3145/4649/3335 3030/4768/3416
f 2904/4766/3423 3042/4749/3425 3142/4682/3424
f 3041/4740/3406 3137/4741/3407 3042/4749/3425
f 3002/4715/3386 3124/4714/3385 3059/4769/3426
f 2905/4771/3428 3058/4773/3430 3113/4772/3429
f 3065/4638/3323 3148/4612/3295 3058/4773/3430
f 2905/4770/3427 3059/4769/3426 3149/4616/3300
f 3064/4774/3431 3152/4787/3437 3056/4775/3432
f 3057/4777/3434 3153/4806/3435 3064/4778/3435
f 2906/4779/3434 3003/4696/3372 3125/4712/3383
f 2906/4776/3433 3056/4775/3432 3115/4724/3394
f 3063/4588/3271 3129/4573/3250 3001/4576/3253
f 2907/4780/3436 3064/5253/3435 3153/4781/3435
f 2907/4782/3436 3062/4633/3438 3152/4783/3437
f 3001/4785/3253 3123/4637/3252 3062/4633/3438
f 2908/4786/3439 3056/4775/3432 3152/4787/3437
f 3014/4725/3395 3115/4724/3394 3056/4775/3432
f 2908/4786/3439 3055/4790/3441 3114/4789/3440
f 3066/4788/3318 3151/5254/3321 3055/4790/3441
f 2909/4791/3442 3055/4794/3441 3151/4635/3321
f 2909/4791/3442 2991/4730/3399 3114/4793/3440
f 2909/4795/3443 3059/4769/3426 3124/4714/3385
f 3067/4613/3301 3149/4616/3300 3059/4769/3426
f 2910/4796/3444 3011/4738/3404 3113/4797/3429
f 3054/4799/3445 3112/4742/3408 3011/4738/3404
f 2910/4796/3444 3068/4801/3290 3150/4800/3269
f 3058/4798/3430 3148/5255/3295 3068/4801/3290
f 3054/4799/3445 3150/4800/3269 3069/4802/3446
f 2911/4803/3447 2992/4706/3380 3112/4742/3408
f 3057/4777/3434 3125/4712/3383 2992/4804/3448
f 2911/4805/3449 3069/5256/3272 3153/4806/3435
