# Blender 4.1.1
# www.blender.org
mtllib shark.mtl
o Shark
v 0.261709 -0.442751 0.442392
v 0.639796 0.344953 0.426916
v 0.437941 -0.449483 -0.327205
v 0.257454 -0.620740 -0.395631
v 0.121544 -1.878034 0.203241
v 0.304814 0.214975 -0.450559
v 0.148672 -1.848309 -0.192950
v 0.254284 -1.843569 0.133696
v 0.384453 -1.345776 0.106522
v 0.154191 -1.306403 -0.337096
v 0.253308 -1.860674 -0.069042
v 0.170063 -1.356537 0.348574
v 0.065672 -2.322078 0.106652
v 0.061195 -2.242693 -0.158574
v 0.165583 -2.208646 0.049735
v 0.336971 -1.376687 0.232584
v 0.384787 -1.333743 -0.113414
v 0.017827 -3.190200 -0.295141
v 0.043866 -3.294737 -0.556402
v 0.037073 -3.158031 -0.292482
v 0.017827 -2.762073 -0.276056
v 0.043866 -3.484481 -0.922465
v 0.021223 -3.324206 -0.551343
v 0.021223 -3.013408 -0.601230
v 0.021223 -3.610715 -1.177998
v 0.021223 -3.504601 -0.921294
v 0.021223 -3.280591 -0.931726
v 0.286975 0.325038 0.466238
v 0.036925 -3.133895 0.224259
v 0.018349 -2.720336 0.116561
v 0.035865 -3.093580 0.072903
v 0.036925 -3.222944 0.420719
v 0.017752 -3.155349 0.218171
v 0.017753 -2.893045 0.292599
v 0.017752 -3.272990 0.526119
v 0.017752 -3.233779 0.416809
v 0.017752 -3.101320 0.464614
v 0.643421 -0.136480 0.372745
v 0.017122 -3.121677 0.075302
v 0.502689 0.358943 -0.379937
v 0.014570 -3.113654 -0.133232
v 0.519697 0.671535 0.256656
v 0.349571 -1.613967 0.203865
v 0.123026 -1.642354 -0.258158
v 0.032848 -3.089056 -0.052997
v 0.140445 -1.663548 0.274953
v 0.042330 -1.845497 -0.281959
v 0.030205 -1.864169 -0.366568
v 0.020455 -1.942463 -0.266160
v 0.020455 -1.758223 -0.309407
v 0.014393 -1.883196 -0.400226
v 0.014393 -1.824568 -0.376667
v 0.014393 -1.905766 -0.356568
v 0.514939 0.503339 0.287703
v 0.531995 0.258407 0.206134
v 0.458991 -0.630254 0.244217
v 0.517308 -0.287709 0.146202
v 0.874500 -0.137853 0.565008
v 0.903222 0.157877 0.571916
v 0.627213 -0.313805 0.402072
v 0.634472 0.181016 0.459157
v 0.643431 0.164097 0.383431
v 0.631619 -0.139064 0.446866
v 0.996749 -0.265543 0.616707
v 0.988543 -0.208117 0.648268
v 0.901288 -0.144267 0.522560
v 0.884240 0.052624 0.583216
v 0.884305 -0.211719 0.536937
v 0.910465 0.034852 0.539331
v 1.098391 -0.358467 0.702775
v 1.112952 -0.196637 0.725887
v 1.034479 -0.068339 0.626196
v 1.004687 -0.055675 0.671360
v 1.019086 -0.211350 0.604292
v 1.028285 0.029909 0.661704
v 1.102400 -0.311081 0.674868
v 1.125393 -0.256250 0.697772
v 1.073597 -0.309555 0.720443
v 1.095298 -0.247464 0.742453
v 0.305329 -1.637026 -0.086637
v 0.255637 -1.872868 0.054291
v 0.309804 -1.657183 0.063524
v 0.417153 -1.697406 0.202933
v 0.325369 -1.694450 0.210590
v 0.332373 -1.689207 0.143228
v 0.308170 -1.768669 0.150002
v 0.460624 -1.756020 0.187513
v 0.449632 -1.769096 0.200130
v 0.384495 -1.769781 0.160913
v 0.409996 -1.731611 0.161229
v 0.451859 -1.787038 0.172957
v 0.450232 -1.766783 0.162026
v 0.400824 -1.735353 0.206555
v 0.131770 -2.314584 -0.046254
v 0.159919 0.892280 0.430598
v 0.242749 0.711053 0.437421
v 0.127726 -2.311074 -0.117866
v 0.284563 -1.632996 -0.180123
v 0.015600 -3.117740 -0.049849
v 0.030586 -3.085338 -0.128848
v 0.346668 -1.327846 -0.234575
v 0.244129 -1.853044 -0.144730
v 0.094962 0.105036 -0.543447
v 0.025942 -0.265352 -0.582897
v 0.058535 0.594693 -0.573485
v 0.035007 -0.410980 -0.528657
v 0.047288 0.027617 -0.924570
v 0.037396 0.419841 -0.722957
v 0.065552 0.101322 -0.691341
v 0.029696 -0.092840 -1.119629
v 0.022005 -0.133620 -0.912400
v 0.023863 0.187766 -0.995862
v 0.008166 -0.167852 -1.256821
v 0.014280 -0.166866 -1.071703
v 0.013997 -0.018277 -1.168742
v 0.052047 -0.248426 -0.636598
v 0.023262 -0.257902 -0.666925
v 0.041431 -0.794628 -0.456118
v 0.467311 1.072738 -0.010111
v 0.603638 0.629219 -0.059000
v 0.447980 1.044866 0.016214
v 0.175658 1.688344 0.031008
v 0.492097 -0.459876 -0.141791
v 0.162223 1.571335 0.156972
v 0.371034 1.545446 0.041749
v 0.258666 0.939519 0.405392
v 0.520778 -0.137775 0.424054
v 0.559331 0.194635 0.312834
v 0.534684 0.213860 0.431518
v 0.528486 -0.273472 0.364268
v 0.552393 -0.134511 0.306042
v 0.549331 0.412619 0.378785
v 0.506641 0.428475 0.355925
v 0.510464 -0.138962 0.276413
v 0.480620 -0.285354 0.343221
v 0.488357 0.222014 0.415814
v 0.518237 0.228451 0.287166
v 0.470997 -0.142873 0.409523
v 0.771678 0.113313 0.465037
v 0.756002 -0.303811 0.464831
v 0.762936 0.130262 0.515835
v 0.769948 -0.148095 0.450447
v 0.769264 0.267121 0.497557
v 0.761578 -0.144483 0.499403
v 1.143899 -0.374986 0.739361
v 0.030752 -2.850200 -0.117323
v 0.034241 -2.853918 -0.041472
v 0.017752 -3.236632 0.529230
v 0.036925 -3.156715 0.444621
v 0.037092 -2.892910 0.093533
v 0.036925 -3.002743 0.261473
v 0.021223 -3.504513 -1.130982
v 0.043866 -3.372476 -0.927681
v 0.037073 -2.943968 -0.282940
v 0.043866 -3.139337 -0.581345
v 0.575562 0.708694 0.201253
v 0.244769 0.798913 -0.476593
v 0.460258 1.249213 0.030092
v 0.423535 1.422787 0.043206
v 0.234040 1.100455 -0.446575
v 0.600584 1.088311 -0.417636
v 0.231849 1.163335 0.370312
v 0.194459 1.377746 0.290580
v 0.111885 1.575986 0.220998
v 0.548801 0.839869 -0.427954
v 0.450456 1.457467 -0.027916
v 0.456974 1.097339 0.175469
v 0.177949 1.301738 0.091751
v 0.396646 1.289437 0.166711
v 0.612381 0.803804 0.026626
v 0.525641 0.944834 0.175009
v 0.439634 1.162406 -0.201688
v 0.480193 1.257491 -0.382992
v 0.175963 1.824853 -0.312567
v 0.445214 1.089215 -0.286263
v 0.172421 1.821601 -0.090377
v 0.153350 1.951654 -0.250428
v 0.507549 1.140451 -0.105230
v 0.223972 1.532353 -0.369915
v 0.569576 1.281661 -0.342293
v 0.380082 1.655942 -0.071457
v 0.457159 1.500622 -0.204370
v 0.360532 1.766273 -0.206956
v 0.217930 1.301717 -0.410566
v 0.443755 1.049627 -0.278672
v 0.451627 1.211623 -0.239038
v 0.496067 1.133296 -0.429469
v 0.541940 0.938815 -0.059889
v 0.473998 1.083978 -0.335592
v 0.482668 1.259274 -0.272321
v 0.504761 1.268942 -0.106520
v 0.465021 1.295768 -0.226840
v 0.605102 0.772468 0.154259
v 0.599201 0.741641 -0.221978
v 0.474215 1.437206 -0.115523
v 0.489072 1.252844 -0.007227
v 0.497859 1.086164 -0.045729
v 0.553089 0.955330 -0.208245
v 0.609393 0.813273 -0.119518
v 0.103466 1.521966 0.135228
v 0.210679 1.093567 0.023800
v 0.174102 1.528173 0.052345
v 0.109646 1.635899 0.044776
v 0.374991 1.308055 0.104035
v 0.220107 1.120688 0.005730
v 0.199706 1.414497 0.049497
v 0.217616 1.271273 0.032020
v 0.028809 0.275269 -0.901912
v 0.052360 0.057925 -0.857597
v 0.055326 0.067504 -0.821362
v 0.030589 0.303205 -0.864464
v 0.032067 0.326400 -0.833372
v 0.057537 0.064227 -0.790852
v 0.260030 1.024624 0.406265
v 0.505673 1.294708 -0.195639
v 0.539188 1.268310 -0.285837
v 0.551834 1.079206 -0.361146
v 0.516422 1.032667 -0.262112
v 0.496731 1.142361 -0.163284
v 0.252778 -0.026144 0.479961
v 0.411671 -0.204672 0.412972
v 0.529564 0.064564 0.189088
v 0.521821 -0.420318 0.010443
v 0.483358 0.143789 -0.370184
v 0.389162 -0.491372 -0.356822
v 0.039408 -0.601316 -0.486647
v 0.103002 -2.042523 0.161666
v 0.219665 -2.010629 0.054920
v 0.122100 -2.009581 -0.171335
v 0.300339 -1.365464 0.277439
v 0.257860 -1.866995 -0.005475
v 0.295974 -1.322234 -0.268394
v 0.257608 -1.676929 0.225072
v 0.401189 -1.339025 -0.006019
v 0.242776 -1.635247 -0.205954
v 0.344553 -1.517623 0.082026
v 0.144973 -1.478258 -0.291600
v 0.312625 -1.497594 -0.205088
v 0.153735 -1.523698 0.313879
v 0.030478 -2.586104 0.078463
v 0.355830 -1.361310 0.195701
v 0.252494 -1.867965 0.103095
v 0.026971 -2.572605 -0.169380
v 0.032096 -2.873391 -0.163850
v 0.110820 -2.293742 -0.132879
v 0.124195 -2.292970 0.077122
v 0.016427 -3.120492 0.017498
v 0.308702 -1.669994 0.118275
v 0.327380 -1.536178 0.209390
v 0.015314 -3.132514 -0.179340
v 0.034581 -3.091794 0.011281
v 0.254405 0.564911 0.456625
v 0.032262 -2.807595 -0.276775
v 0.020374 -2.884529 -0.434655
v 0.042168 -3.039944 -0.435227
v 0.020374 -3.262251 -0.434515
v 0.038206 -3.316839 -0.552608
v 0.032262 -3.182207 -0.293475
v 0.021223 -3.146248 -0.769136
v 0.043866 -3.248172 -0.739446
v 0.021223 -3.397759 -0.696609
v 0.038205 -3.499571 -0.921586
v 0.038206 -3.044890 -0.596259
v 0.021223 -3.404118 -1.061506
v 0.038206 -3.471504 -1.080157
v 0.021223 -3.592874 -1.117667
v 0.038206 -3.303562 -0.930714
v 0.031079 -3.114518 0.071938
v 0.017902 -2.798181 0.196191
v 0.036967 -2.938256 0.170217
v 0.017595 -3.130296 0.137535
v 0.032132 -3.149986 0.219693
v 0.529980 0.635976 -0.379979
v 0.032920 -2.763344 0.108040
v 0.017753 -2.996800 0.388001
v 0.036925 -3.078264 0.356530
v 0.017752 -3.191592 0.312749
v 0.032132 -3.231070 0.417787
v 0.032132 -2.920469 0.284817
v 0.017752 -3.187599 0.514377
v 0.032132 -3.216653 0.508078
v 0.017752 -3.266161 0.498537
v 0.032132 -3.115169 0.459616
v 0.525770 0.584292 0.255351
v 0.448404 0.324507 -0.413420
v 0.430836 0.241393 0.422893
v 0.449817 1.337854 0.042191
v 0.610986 0.637013 0.079290
v 0.141973 -2.289617 0.008713
v 0.277182 -0.216872 -0.428509
v 0.116862 -0.752559 -0.432542
v 0.315428 -1.646477 -0.008799
v 0.216210 -1.870858 0.157918
v 0.219645 -1.851525 -0.161905
v 0.036861 -1.917243 -0.267633
v 0.282638 -1.764523 0.054862
v 0.049130 -1.715463 -0.281325
v 0.264020 -1.740576 -0.161935
v 0.130842 -1.770726 0.238608
v 0.033671 -2.033679 -0.209268
v 0.146963 -1.738264 -0.222474
v 0.074978 -1.845311 -0.234178
v 0.644171 0.008350 0.374384
v 0.015908 -1.787837 -0.341455
v 0.015908 -1.917344 -0.318768
v 0.033236 -1.850181 -0.328596
v 0.036862 -1.779279 -0.299349
v 0.014393 -1.859712 -0.400970
v 0.014393 -1.897528 -0.382671
v 0.026252 -1.878392 -0.391809
v 0.026252 -1.895162 -0.359058
v 0.026252 -1.834273 -0.374132
v 0.392058 -0.585903 0.345903
v 0.443944 0.466309 0.380078
v 0.892053 0.138929 0.585344
v 0.491183 -0.541599 0.167596
v 0.698115 -0.163136 0.468597
v 0.700494 0.162360 0.484820
v 0.703407 0.313890 0.461307
v 0.535626 0.434094 0.172739
v 0.501360 0.432891 0.334773
v 0.516377 0.234579 0.257592
v 0.504781 -0.166687 0.242235
v 0.468114 -0.353754 0.315507
v 0.704919 0.145624 0.426062
v 0.703223 -0.162873 0.411803
v 0.688047 -0.364768 0.428637
v 0.496392 -0.247377 0.300247
v 0.637312 0.313532 0.450331
v 0.513723 0.360274 0.311096
v 0.469904 -0.248203 0.386212
v 0.632406 0.009987 0.456876
v 0.985757 -0.249098 0.634391
v 0.931713 -0.161333 0.601482
v 0.944677 0.006140 0.622097
v 0.967978 0.098574 0.612952
v 0.976165 -0.010561 0.579620
v 0.963905 -0.168121 0.560257
v 0.942753 -0.226458 0.572973
v 0.772008 0.220183 0.478394
v 0.875148 -0.191567 0.553839
v 0.761808 -0.014555 0.509871
v 0.905368 -0.064076 0.529449
v 0.759795 -0.271799 0.450873
v 1.134704 -0.383431 0.731165
v 1.083263 -0.344051 0.717002
v 1.122856 -0.340499 0.750000
v 1.078494 -0.063400 0.704054
v 1.124779 -0.216405 0.708712
v 1.108323 -0.348809 0.685989
v 1.048044 -0.314403 0.662015
v 0.997417 -0.143381 0.660027
v 1.011274 -0.254083 0.603809
v 1.038399 -0.001457 0.642438
v 1.025162 -0.146413 0.613354
v 1.013820 0.015317 0.674506
v 1.117148 -0.294900 0.688135
v 1.065647 -0.262741 0.645538
v 1.084518 -0.147298 0.668949
v 1.089762 -0.293265 0.735087
v 1.038126 -0.262695 0.692282
v 1.057237 -0.138363 0.716361
v 0.274773 -1.790427 0.141622
v 0.365762 -1.715476 0.211140
v 0.369806 -1.711089 0.152751
v 0.386099 -1.660788 0.205869
v 0.347177 -1.765534 0.157052
v 0.341398 -1.635447 0.223277
v 0.347393 -1.631772 0.170957
v 0.311090 -1.751369 0.181099
v 0.315601 -1.747371 0.132367
v 0.459545 -1.763322 0.201705
v 0.451526 -1.781116 0.161007
v 0.442179 -1.727966 0.196368
v 0.419573 -1.778061 0.165057
v 0.413070 -1.707653 0.216813
v 0.415363 -1.705144 0.179535
v 0.388577 -1.762077 0.183985
v 0.390870 -1.759310 0.149331
v 0.460146 -1.761693 0.172619
v 0.451229 -1.783339 0.188970
v 0.469496 -1.783868 0.181488
v 0.440693 -1.736464 0.175799
v 0.431970 -1.751152 0.161355
v 0.429223 -1.753473 0.201371
v 0.433751 0.699862 0.344762
v 0.144376 1.548692 0.142027
v 0.376054 1.059729 0.015574
v 0.316894 1.303681 0.094691
v 0.205245 -2.028212 -0.129815
v 0.026568 -3.106648 -0.130641
v 0.055065 -2.612082 -0.112394
v 0.129010 -2.312188 -0.095127
v 0.291157 -1.633830 -0.150416
v 0.387794 1.251853 0.035463
v 0.014897 -3.114951 -0.106755
v 0.031304 -3.086518 -0.104763
v 0.358772 -1.329684 -0.196100
v 0.247043 -1.855470 -0.120697
v 0.455137 -0.453181 -0.268350
v 0.467932 0.818212 0.309188
v 0.311096 1.532491 0.049696
v 0.153915 1.664818 0.039635
v 0.356226 1.416866 0.047644
v 0.313040 1.603981 0.038748
v 0.393308 1.493281 0.041450
v 0.045240 0.508625 -0.632594
v 0.019180 0.096525 -1.080668
v 0.029946 -0.282886 -0.566226
v 0.076804 0.122677 -0.607382
v 0.097619 0.472498 -0.562363
v 0.068209 -0.270691 -0.528426
v 0.033505 0.351410 -0.803557
v 0.023857 -0.224350 -0.727092
v 0.059649 0.071622 -0.763204
v 0.042799 -0.255432 -0.659214
v 0.056847 -0.146395 -0.662109
v 0.063843 0.342230 -0.714743
v 0.019467 -0.144921 -0.950795
v 0.040067 -0.025011 -1.002737
v 0.040038 -0.092954 -0.915099
v 0.055178 0.264819 -0.821358
v 0.009822 -0.118961 -1.235615
v 0.009496 -0.179103 -1.209727
v 0.018341 -0.149307 -1.222055
v 0.025984 -0.148448 -1.083318
v 0.025630 -0.037097 -1.156237
v 0.023534 -0.281170 -0.606956
v 0.046149 -0.260888 -0.596230
v 0.113104 0.688061 -0.527438
v 0.305594 0.595214 -0.464744
v 0.158230 0.113951 -0.493264
v 0.210337 -2.031670 -0.059255
v 0.028422 -3.110458 -0.052908
v 0.059206 -2.615747 -0.037603
v 0.220865 0.813228 0.422766
v 0.341302 -1.502553 -0.099213
v 0.570438 0.594771 -0.114733
v 0.278900 -1.747191 -0.077529
v 0.392671 1.084242 -0.003696
v 0.529956 0.685775 0.236328
v 0.224940 0.918377 0.404715
v 0.559423 0.014718 0.301817
v 0.631672 -0.275332 0.379892
v 0.542496 0.374291 0.415625
v 0.641859 0.290175 0.400690
v 0.623846 -0.275159 0.427584
v 0.527057 0.015210 0.432362
v 0.566530 -0.127335 0.432011
v 0.592980 0.177508 0.343552
v 0.575619 0.195195 0.440754
v 0.572246 -0.255853 0.381472
v 0.588799 -0.124885 0.335830
v 0.585936 0.373474 0.398152
v 0.541120 -0.237595 0.326452
v 0.555004 0.346762 0.338641
v 0.519902 -0.238026 0.402605
v 0.519240 0.015896 0.270679
v 0.498109 0.388574 0.397360
v 0.478836 0.015847 0.417723
v 0.524669 0.438812 0.365736
v 0.528339 -0.145479 0.285535
v 0.499686 -0.296505 0.351628
v 0.507114 0.226352 0.425266
v 0.536423 0.213348 0.293453
v 0.490446 -0.149290 0.418192
v 0.765540 0.241392 0.513160
v 0.911457 0.119756 0.553166
v 0.753524 -0.268101 0.483295
v 0.878738 -0.054986 0.573710
v 0.770685 -0.019203 0.456224
v 0.895256 -0.196541 0.523458
v 0.841071 0.074082 0.502184
v 0.824007 -0.226200 0.503173
v 0.823588 0.091443 0.549525
v 0.835659 -0.136887 0.487330
v 0.836243 0.212499 0.534737
v 0.817801 -0.132812 0.532986
v 1.099822 -0.204480 0.740175
v 1.148166 -0.347909 0.719098
v 1.133981 -0.317825 0.735043
v 0.032055 -3.103260 -0.174879
v 0.036463 -2.865274 0.025082
v 0.042168 -3.228806 -0.435157
v 0.043866 -3.373928 -0.703182
v 0.038206 -3.579157 -1.114115
v 0.036660 -3.104314 0.140889
v 0.036925 -3.175659 0.318904
v 0.032132 -3.260479 0.499769
v 0.031860 -2.851381 -0.093238
v 0.030641 -3.012322 -0.125269
v 0.033310 -3.016039 -0.049418
v 0.017752 -3.260927 0.527151
v 0.036925 -3.200970 0.428650
v 0.036272 -3.029500 0.079625
v 0.036925 -3.090379 0.236606
v 0.021223 -3.575479 -1.162398
v 0.043866 -3.446419 -0.924354
v 0.037073 -3.088382 -0.289769
v 0.043866 -3.241152 -0.565167
v 0.464744 1.024281 -0.013360
v 0.416111 1.149150 0.065959
v 0.463283 1.159404 0.010510
v 0.538601 0.933755 0.031018
v 0.208916 1.204669 -0.424652
v 0.611431 1.189984 -0.406399
v 0.483810 1.024264 0.177752
v 0.160855 1.498377 0.244752
v 0.346075 1.336760 0.214479
v 0.216767 1.253073 0.338945
v 0.429982 1.182466 0.175654
v 0.407808 1.124596 0.264801
v 0.547048 1.106817 -0.454653
v 0.257819 0.971097 -0.470300
v 0.619471 0.769800 0.082231
v 0.465874 1.053342 0.054835
v 0.482928 1.165945 -0.304023
v 0.459191 1.085754 -0.320761
v 0.503725 1.136938 -0.138095
v 0.459675 1.037248 -0.337113
v 0.496253 1.346032 -0.110936
v 0.569040 0.976525 -0.420167
v 0.458519 0.955218 0.293095
v 0.568236 0.856135 0.173929
v 0.479266 1.254430 0.015730
v 0.595330 1.079562 -0.385547
v 0.525853 1.279304 -0.388402
v 0.201949 1.679201 -0.334776
v 0.156325 1.928767 -0.290480
v 0.310796 1.789473 -0.249802
v 0.282529 1.871369 -0.215969
v 0.383660 1.285175 -0.347576
v 0.401417 1.112856 -0.411565
v 0.384001 1.581707 0.008150
v 0.180088 1.732074 -0.004523
v 0.569519 1.275281 -0.305387
v 0.441617 1.437060 0.020724
v 0.394964 1.514817 -0.265152
v 0.507369 1.376893 -0.253343
v 0.232482 1.404621 -0.394154
v 0.483945 1.198506 -0.412516
v 0.410896 1.642519 -0.216031
v 0.513649 1.310402 -0.213824
v 0.160795 1.910327 -0.185898
v 0.465320 1.481106 -0.159305
v 0.369014 1.730136 -0.156638
v 0.511730 1.003239 -0.061015
v 0.414586 1.567574 -0.060419
v 0.311256 1.737313 -0.076106
v 0.504617 1.071436 -0.178043
v 0.446048 1.139106 -0.254336
v 0.438837 1.062180 -0.282320
v 0.469381 1.246478 -0.262679
v 0.438634 1.176376 -0.214381
v 0.578229 0.878053 -0.019768
v 0.533351 0.994384 -0.241487
v 0.507026 1.289634 -0.165337
v 0.487787 1.076411 -0.020691
v 0.458951 1.274574 -0.232498
v 0.506330 1.200109 -0.101335
v 0.452278 1.231170 -0.213695
v 0.603530 0.727028 0.189730
v 0.268046 0.970127 0.412589
v 0.615007 0.775354 -0.151425
v 0.492300 1.166662 -0.021875
v 0.478387 1.347378 -0.007023
v 0.458506 1.464848 -0.079726
v 0.495597 1.252876 -0.045609
v 0.502716 1.106807 -0.076657
v 0.578028 0.896802 -0.210892
v 0.545352 0.951002 -0.126750
v 0.619267 0.786482 -0.013802
v 0.606889 0.666407 -0.128948
v 0.566763 0.807126 -0.365121
v 0.467430 0.838921 -0.460957
v 0.148308 1.438142 0.121632
v 0.198637 1.160240 0.052269
v 0.218380 1.076772 0.003922
v 0.184965 1.477506 0.052019
v 0.153526 1.577352 0.050066
v 0.218853 1.196513 0.018679
v 0.212523 1.344102 0.043318
v 0.297236 1.460488 0.136582
v 0.152796 1.582799 0.182487
v 0.392372 1.305331 0.123558
v 0.044404 -0.058096 -0.861035
v 0.042361 0.149617 -0.977280
v 0.027316 0.249373 -0.930788
v 0.022606 -0.134559 -0.887401
v 0.049736 0.039822 -0.878735
v 0.050145 0.229745 -0.889201
v 0.047508 -0.037679 -0.807979
v 0.052919 0.250133 -0.852500
v 0.048021 -0.073883 -0.770040
v 0.244629 1.092523 0.390734
v 0.563205 1.173396 -0.338456
v 0.535050 1.002786 -0.342543
v 0.475829 1.317904 -0.245067
v 0.434366 1.098789 -0.215216
v 0.501863 1.223453 -0.178599
v 0.474700 1.296330 -0.217562
v 0.502324 1.262417 -0.277022
v 0.501067 1.082319 -0.344479
v 0.462548 1.040180 -0.272448
v 0.453853 1.156481 -0.189755
v 0.415240 0.006916 0.427858
v 0.427963 0.069461 -0.400585
v 0.202467 -2.002064 0.114122
v 0.214871 -2.027744 -0.000188
v 0.184115 -2.023321 -0.144960
v 0.288900 -1.554147 0.245017
v 0.354517 -1.507133 -0.008051
v 0.268775 -1.493118 -0.233900
v 0.054329 -2.612445 0.038257
v 0.328981 -1.549054 0.159199
v 0.042283 -2.638316 -0.145709
v 0.029888 -3.113121 0.011921
v 0.280598 -1.769791 0.108736
v 0.027866 -3.125281 -0.176599
v 0.036720 -2.923395 -0.434548
v 0.036720 -3.253902 -0.434425
v 0.038206 -3.171729 -0.761713
v 0.038206 -3.391801 -0.698252
v 0.033803 -3.395462 -1.033235
v 0.033803 -3.565179 -1.065746
v 0.440186 0.579472 0.362334
v 0.573295 0.601137 0.100353
v 0.468351 0.627835 -0.416895
v 0.032329 -2.833166 0.189007
v 0.031868 -3.123767 0.137682
v 0.032132 -3.017166 0.380133
v 0.032132 -3.187609 0.314288
v 0.028404 -3.175890 0.498869
v 0.028404 -3.255681 0.477858
v 0.389871 1.038546 -0.009996
v 0.109281 -0.449213 -0.470882
v 0.286269 -1.756710 -0.008042
v 0.249611 -1.774912 0.182817
v 0.233751 -1.739985 -0.182791
v 0.063476 -1.952308 -0.213470
v 0.069692 -1.757782 -0.260683
v 0.028904 -1.803015 -0.337431
v 0.028904 -1.900052 -0.320593
v 0.023177 -1.857377 -0.391570
v 0.023177 -1.892373 -0.378977
v 0.515913 0.040776 0.241766
v 0.443449 -0.315932 0.372071
v 0.477296 0.395224 0.387891
v 0.685444 -0.325686 0.449284
v 0.700402 -0.000008 0.480487
v 0.701855 0.285043 0.479407
v 0.705562 -0.002793 0.417282
v 0.704609 0.262788 0.440275
v 0.689048 -0.327203 0.412583
v 0.511773 0.366615 0.283135
v 0.487835 -0.304966 0.265117
v 0.937816 -0.088889 0.611073
v 0.969164 -0.097575 0.568556
v 0.931611 -0.208189 0.589917
v 0.954123 0.082410 0.625680
v 0.978054 0.064347 0.594177
v 0.956423 -0.213861 0.559978
v 1.114554 -0.358546 0.741977
v 1.139230 -0.363641 0.710576
v 1.036627 -0.299363 0.679380
v 1.064577 -0.075822 0.717459
v 1.088603 -0.090693 0.684950
v 1.061383 -0.303601 0.648098
v 1.074209 -0.211788 0.655872
v 1.050434 -0.213246 0.706166
v 0.351478 -1.754137 0.184629
v 0.380484 -1.675440 0.222822
v 0.382556 -1.672417 0.176953
v 0.353179 -1.750717 0.141927
v 0.421967 -1.772669 0.183866
v 0.439357 -1.735832 0.208639
v 0.433908 -1.721484 0.183903
v 0.422691 -1.770533 0.154403
v 0.462439 -1.777446 0.170884
v 0.462107 -1.778890 0.192006
v 0.445598 -1.749193 0.169815
v 0.351601 1.152288 0.057744
v 0.253848 1.447324 0.125711
v 0.206862 -2.029310 -0.107409
v 0.321731 -1.498974 -0.171460
v 0.027157 -3.107858 -0.105958
v 0.553238 0.637338 -0.294819
v 0.268745 -1.741605 -0.135081
v 0.056380 -2.613245 -0.088645
v 0.424916 0.798843 0.327990
v 0.378818 1.337198 0.045707
v 0.330243 1.481505 0.049322
v 0.263936 1.587962 0.046812
v 0.162327 0.530374 -0.512728
v 0.076461 0.412733 -0.625688
v 0.057634 -0.195096 -0.584817
v 0.057503 0.284941 -0.792356
v 0.047445 -0.164925 -0.735006
v 0.034702 0.066495 -1.060932
v 0.035060 -0.114363 -0.969690
v 0.018146 -0.104722 -1.212271
v 0.018127 -0.164431 -1.179138
v 0.038742 -0.268655 -0.618129
v 0.390097 1.166755 0.017503
v 0.593222 0.014198 0.333804
v 0.581281 -0.221562 0.351174
v 0.581122 0.339175 0.428286
v 0.589932 0.314212 0.365018
v 0.566316 -0.221716 0.413169
v 0.570423 0.015152 0.440385
v 0.514829 -0.257395 0.308937
v 0.531469 0.368544 0.320889
v 0.489397 -0.258044 0.394585
v 0.536766 0.013941 0.280187
v 0.516477 0.397787 0.407074
v 0.497973 0.014121 0.426807
v 0.828797 0.190160 0.549252
v 0.841733 0.169970 0.515780
v 0.818439 -0.200048 0.520676
v 0.820096 -0.033074 0.541966
v 0.837850 -0.039943 0.493012
v 0.831753 -0.203940 0.489296
v 1.119387 -0.292459 0.743685
v 1.138384 -0.300076 0.720932
v 0.032069 -3.031086 -0.171516
v 0.035205 -3.021013 0.015645
v 0.042168 -3.164855 -0.435746
v 0.043866 -3.330573 -0.715535
v 0.038206 -3.543214 -1.102887
v 0.036762 -3.049843 0.150589
v 0.036925 -3.143344 0.331388
v 0.032132 -3.245938 0.502526
v 0.031489 -3.013503 -0.101184
v 0.578440 0.869449 0.066307
v 0.497250 0.995090 -0.023119
v 0.430734 1.045056 0.277891
v 0.370905 1.201954 -0.374312
v 0.607551 1.180540 -0.369291
v 0.551208 1.198249 -0.445153
v 0.301182 1.463362 0.169519
v 0.382126 1.214833 0.246203
v 0.434849 1.151758 0.093384
v 0.475878 1.007327 -0.454140
v 0.647478 0.667158 0.052232
v 0.465859 1.158507 -0.288235
v 0.451983 1.057545 -0.317806
v 0.506328 1.216884 -0.150010
v 0.511339 1.036981 -0.131850
v 0.571538 0.953134 -0.351057
v 0.485464 1.344563 -0.051296
v 0.510502 1.360237 -0.198148
v 0.511347 0.842600 0.293351
v 0.482615 1.163378 -0.002009
v 0.468635 1.345212 0.025120
v 0.440986 1.371253 -0.308356
v 0.355870 1.657552 -0.268067
v 0.256529 1.868406 -0.250562
v 0.293957 1.828130 -0.163264
v 0.409607 1.519695 0.010389
v 0.321820 1.646677 0.004801
v 0.417906 1.587792 -0.110093
v 0.468592 1.287684 -0.246975
v 0.432728 1.111514 -0.228109
v 0.449241 1.228743 -0.219414
v 0.579604 0.876215 -0.098472
v 0.498238 1.175885 -0.053715
v 0.037989 -0.095409 -0.881442
v 0.047783 0.206093 -0.916348
v 0.510846 1.168536 -0.315998
v 0.481973 1.030591 -0.338088
v 0.486582 1.319751 -0.240045
v 0.450579 1.089379 -0.204143
v 0.464513 1.229469 -0.202993
v 0.543751 0.519048 -0.298926
v 0.566976 0.462818 0.011345
v 0.560868 0.494439 -0.162297
v 0.556809 0.451112 -0.166754
v 0.565256 0.424930 0.005077
v 0.548269 0.339020 -0.140053
v 0.543869 0.284867 -0.143160
v 0.558552 0.255427 0.020125
v 0.561047 0.309172 0.025872
v 0.528804 0.346551 -0.268260
v 0.523834 0.306103 -0.269224
v 0.527138 0.074365 -0.145628
v 0.530890 0.114150 -0.143069
v 0.547639 0.052158 0.008999
v 0.549969 0.093671 0.013146
v 0.499466 0.119353 -0.270034
v 0.533819 0.285775 0.013275
v 0.522110 0.075940 0.002851
v 0.542052 0.447059 0.001390
v 0.536060 0.473551 -0.156949
v 0.505786 0.328041 -0.265704
v 0.522514 0.312949 -0.137611
v 0.505815 0.095143 -0.139634
v 0.492508 1.005384 0.047757
v -0.264547 -0.442751 0.442392
v -0.642635 0.344953 0.426916
v -0.440780 -0.449483 -0.327205
v -0.260293 -0.620740 -0.395631
v -0.124383 -1.878034 0.203241
v -0.307652 0.214975 -0.450559
v -0.151511 -1.848309 -0.192949
v -0.257124 -1.843569 0.133696
v -0.387292 -1.345775 0.106522
v -0.157029 -1.306403 -0.337096
v -0.256147 -1.860674 -0.069042
v -0.172902 -1.356537 0.348574
v -0.068511 -2.322078 0.106652
v -0.064034 -2.242693 -0.158574
v -0.168423 -2.208646 0.049735
v -0.339810 -1.376687 0.232584
v -0.387626 -1.333743 -0.113414
v -0.020666 -3.190200 -0.295141
v -0.046706 -3.294737 -0.556402
v -0.039913 -3.158031 -0.292482
v -0.020666 -2.762073 -0.276056
v -0.046706 -3.484481 -0.922465
v -0.024063 -3.324206 -0.551343
v -0.024063 -3.013408 -0.601230
v -0.024063 -3.610715 -1.177998
v -0.024063 -3.504601 -0.921294
v -0.024063 -3.280591 -0.931726
v -0.289813 0.325038 0.466238
v -0.039764 -3.133895 0.224259
v -0.021189 -2.720336 0.116561
v -0.038704 -3.093580 0.072903
v -0.039764 -3.222944 0.420719
v -0.020592 -3.155349 0.218171
v -0.020592 -2.893045 0.292599
v -0.020592 -3.272990 0.526119
v -0.020592 -3.233779 0.416809
v -0.020592 -3.101320 0.464614
v -0.646259 -0.136480 0.372745
v -0.019962 -3.121677 0.075302
v -0.505527 0.358943 -0.379937
v -0.017409 -3.113654 -0.133232
v -0.522536 0.671535 0.256656
v -0.352410 -1.613967 0.203865
v -0.125866 -1.642354 -0.258158
v -0.035688 -3.089056 -0.052997
v -0.143284 -1.663548 0.274953
v -0.045169 -1.845497 -0.281959
v -0.033044 -1.864169 -0.366568
v -0.023294 -1.942463 -0.266160
v -0.023295 -1.758223 -0.309407
v -0.017232 -1.883196 -0.400226
v -0.017232 -1.824568 -0.376667
v -0.017232 -1.905766 -0.356568
v -0.517777 0.503339 0.287703
v -0.534833 0.258407 0.206134
v -0.461830 -0.630254 0.244217
v -0.520146 -0.287709 0.146202
v -0.877338 -0.137853 0.565008
v -0.906061 0.157877 0.571916
v -0.630052 -0.313805 0.402072
v -0.637311 0.181017 0.459157
v -0.646270 0.164097 0.383430
v -0.634458 -0.139064 0.446866
v -0.999588 -0.265543 0.616707
v -0.991382 -0.208117 0.648267
v -0.904126 -0.144267 0.522560
v -0.887078 0.052625 0.583215
v -0.887143 -0.211718 0.536937
v -0.913303 0.034852 0.539331
v -1.101230 -0.358467 0.702775
v -1.115791 -0.196637 0.725887
v -1.037318 -0.068339 0.626196
v -1.007526 -0.055675 0.671360
v -1.021925 -0.211350 0.604292
v -1.031124 0.029910 0.661703
v -1.105239 -0.311081 0.674868
v -1.128232 -0.256250 0.697772
v -1.076436 -0.309554 0.720443
v -1.098137 -0.247464 0.742453
v -0.308168 -1.637026 -0.086637
v -0.258476 -1.872868 0.054291
v -0.312643 -1.657183 0.063524
v -0.419992 -1.697406 0.202933
v -0.328208 -1.694450 0.210590
v -0.335212 -1.689207 0.143228
v -0.311010 -1.768669 0.150002
v -0.463464 -1.756020 0.187513
v -0.452471 -1.769096 0.200130
v -0.387334 -1.769781 0.160913
v -0.412835 -1.731611 0.161229
v -0.454699 -1.787038 0.172957
v -0.453071 -1.766783 0.162026
v -0.403663 -1.735353 0.206555
v -0.134610 -2.314584 -0.046254
v -0.162757 0.892280 0.430598
v -0.245587 0.711053 0.437421
v -0.130565 -2.311074 -0.117866
v -0.287402 -1.632996 -0.180123
v -0.018440 -3.117740 -0.049849
v -0.033425 -3.085338 -0.128848
v -0.349507 -1.327846 -0.234575
v -0.246968 -1.853044 -0.144730
v -0.097800 0.105036 -0.543448
v -0.028780 -0.265352 -0.582897
v -0.061374 0.594693 -0.573485
v -0.037846 -0.410980 -0.528657
v -0.050126 0.027617 -0.924570
v -0.040234 0.419841 -0.722957
v -0.068391 0.101322 -0.691341
v -0.032535 -0.092840 -1.119629
v -0.024844 -0.133620 -0.912400
v -0.026702 0.187766 -0.995862
v -0.011005 -0.167852 -1.256821
v -0.017119 -0.166866 -1.071703
v -0.016835 -0.018277 -1.168742
v -0.054885 -0.248426 -0.636598
v -0.026101 -0.257902 -0.666925
v -0.044270 -0.794628 -0.456118
v -0.470150 1.072738 -0.010111
v -0.606476 0.629219 -0.059000
v -0.450818 1.044866 0.016214
v -0.178496 1.688344 0.031008
v -0.494936 -0.459876 -0.141791
v -0.165061 1.571335 0.156972
v -0.373872 1.545446 0.041749
v -0.261504 0.939519 0.405392
v -0.523616 -0.137775 0.424054
v -0.562169 0.194635 0.312834
v -0.537522 0.213860 0.431518
v -0.531325 -0.273472 0.364268
v -0.555231 -0.134510 0.306041
v -0.552169 0.412619 0.378785
v -0.509480 0.428475 0.355925
v -0.513302 -0.138962 0.276413
v -0.483459 -0.285354 0.343221
v -0.491195 0.222014 0.415814
v -0.521075 0.228451 0.287166
v -0.473836 -0.142873 0.409523
v -0.774516 0.113313 0.465037
v -0.758841 -0.303811 0.464831
v -0.765775 0.130262 0.515835
v -0.772786 -0.148094 0.450447
v -0.772102 0.267121 0.497557
v -0.764416 -0.144483 0.499403
v -1.146738 -0.374986 0.739361
v -0.033591 -2.850200 -0.117323
v -0.037081 -2.853918 -0.041472
v -0.020592 -3.236632 0.529230
v -0.039764 -3.156715 0.444621
v -0.039932 -2.892910 0.093533
v -0.039764 -3.002743 0.261473
v -0.024063 -3.504513 -1.130982
v -0.046706 -3.372476 -0.927681
v -0.039913 -2.943968 -0.282940
v -0.046706 -3.139337 -0.581345
v -0.578400 0.708694 0.201253
v -0.247607 0.798913 -0.476593
v -0.463097 1.249213 0.030092
v -0.426373 1.422787 0.043206
v -0.236878 1.100455 -0.446575
v -0.603423 1.088311 -0.417636
v -0.234687 1.163335 0.370312
v -0.197297 1.377746 0.290580
v -0.114723 1.575986 0.220998
v -0.551639 0.839869 -0.427954
v -0.453295 1.457467 -0.027916
v -0.459812 1.097339 0.175469
v -0.180788 1.301738 0.091751
v -0.399484 1.289437 0.166711
v -0.615219 0.803804 0.026626
v -0.528479 0.944834 0.175009
v -0.442472 1.162406 -0.201688
v -0.483031 1.257491 -0.382992
v -0.178801 1.824853 -0.312567
v -0.448052 1.089215 -0.286263
v -0.175259 1.821601 -0.090377
v -0.156188 1.951654 -0.250428
v -0.510387 1.140451 -0.105230
v -0.226810 1.532353 -0.369915
v -0.572415 1.281661 -0.342293
v -0.382920 1.655942 -0.071457
v -0.459997 1.500622 -0.204370
v -0.363370 1.766273 -0.206956
v -0.220768 1.301717 -0.410566
v -0.446594 1.049627 -0.278672
v -0.454465 1.211623 -0.239038
v -0.498905 1.133296 -0.429469
v -0.544778 0.938816 -0.059889
v -0.476836 1.083978 -0.335592
v -0.485506 1.259274 -0.272322
v -0.507599 1.268942 -0.106520
v -0.467859 1.295768 -0.226840
v -0.607940 0.772468 0.154259
v -0.602039 0.741641 -0.221978
v -0.477054 1.437206 -0.115523
v -0.491910 1.252844 -0.007227
v -0.500697 1.086164 -0.045730
v -0.555927 0.955330 -0.208245
v -0.612231 0.813273 -0.119518
v -0.106304 1.521966 0.135228
v -0.213518 1.093567 0.023800
v -0.176941 1.528173 0.052345
v -0.112484 1.635899 0.044776
v -0.377830 1.308055 0.104035
v -0.222945 1.120688 0.005730
v -0.202544 1.414497 0.049497
v -0.220454 1.271273 0.032020
v -0.031647 0.275269 -0.901912
v -0.055199 0.057925 -0.857597
v -0.058165 0.067504 -0.821362
v -0.033428 0.303205 -0.864464
v -0.034906 0.326400 -0.833372
v -0.060376 0.064227 -0.790852
v -0.262869 1.024624 0.406265
v -0.508511 1.294708 -0.195639
v -0.542026 1.268310 -0.285837
v -0.554672 1.079206 -0.361146
v -0.519261 1.032667 -0.262112
v -0.499570 1.142361 -0.163284
v -0.255617 -0.026144 0.479961
v -0.001419 -0.469721 0.496372
v -0.414509 -0.204672 0.412972
v -0.532403 0.064565 0.189088
v -0.524659 -0.420318 0.010443
v -0.486197 0.143789 -0.370184
v -0.392001 -0.491372 -0.356822
v -0.042247 -0.601316 -0.486647
v -0.001419 0.310333 0.521412
v -0.001420 -1.358550 0.389572
v -0.105842 -2.042523 0.161666
v -0.222504 -2.010629 0.054920
v -0.124940 -2.009581 -0.171335
v -0.001420 -1.873012 0.231354
v -0.303178 -1.365464 0.277439
v -0.260699 -1.866995 -0.005475
v -0.298813 -1.322234 -0.268395
v -0.001419 -1.313208 -0.364887
v -0.260447 -1.676929 0.225072
v -0.404028 -1.339025 -0.006019
v -0.245615 -1.635247 -0.205954
v -0.001420 -1.632372 -0.289194
v -0.347392 -1.517623 0.082026
v -0.147812 -1.478258 -0.291600
v -0.315464 -1.497594 -0.205088
v -0.156574 -1.523698 0.313879
v -0.033318 -2.586104 0.078463
v -0.358669 -1.361310 0.195701
v -0.255333 -1.867965 0.103095
v -0.029810 -2.572605 -0.169380
v -0.034936 -2.873391 -0.163850
v -0.113660 -2.293742 -0.132879
v -0.001420 -2.322828 0.121954
v -0.127035 -2.292970 0.077122
v -0.001420 -2.275590 -0.164615
v -0.019266 -3.120492 0.017498
v -0.311542 -1.669994 0.118275
v -0.330220 -1.536178 0.209390
v -0.018154 -3.132514 -0.179340
v -0.037420 -3.091794 0.011281
v -0.257243 0.564911 0.456625
v -0.035101 -2.807595 -0.276775
v -0.023214 -2.884529 -0.434655
v -0.045007 -3.039944 -0.435227
v -0.023214 -3.262251 -0.434515
v -0.041045 -3.316839 -0.552608
v -0.001420 -3.190151 -0.296142
v -0.035101 -3.182207 -0.293475
v -0.001420 -2.762023 -0.277057
v -0.024063 -3.146248 -0.769136
v -0.046706 -3.248172 -0.739446
v -0.024063 -3.397759 -0.696609
v -0.041045 -3.499571 -0.921586
v -0.041045 -3.044890 -0.596259
v -0.001420 -3.324206 -0.551343
v -0.001420 -3.013408 -0.601230
v -0.024063 -3.404118 -1.061506
v -0.041045 -3.471504 -1.080157
v -0.024063 -3.592874 -1.117667
v -0.001420 -3.504513 -1.130982
v -0.041045 -3.303562 -0.930714
v -0.001420 -3.504601 -0.921294
v -0.001420 -3.280591 -0.931726
v -0.033918 -3.114518 0.071938
v -0.020741 -2.798181 0.196191
v -0.039806 -2.938256 0.170217
v -0.020434 -3.130296 0.137535
v -0.034971 -3.149986 0.219693
v -0.532818 0.635976 -0.379979
v -0.001420 -2.720472 0.119326
v -0.035759 -2.763344 0.108040
v -0.020592 -2.996800 0.388001
v -0.039764 -3.078264 0.356530
v -0.020592 -3.191592 0.312749
v -0.034971 -3.231070 0.417787
v -0.034971 -2.920469 0.284817
v -0.001420 -3.155349 0.218171
v -0.001420 -2.893045 0.292599
v -0.020592 -3.187599 0.514377
v -0.034971 -3.216653 0.508078
v -0.020592 -3.266161 0.498537
v -0.001420 -3.236632 0.529230
v -0.034971 -3.115169 0.459616
v -0.001420 -3.233779 0.416809
v -0.001420 -3.101320 0.464614
v -0.528609 0.584292 0.255351
v -0.001420 -3.121813 0.078066
v -0.451242 0.324507 -0.413420
v -0.433674 0.241393 0.422893
v -0.452655 1.337854 0.042191
v -0.613825 0.637013 0.079290
v -0.144812 -2.289617 0.008713
v -0.280021 -0.216872 -0.428509
v -0.119701 -0.752559 -0.432542
v -0.001420 -1.657820 0.308746
v -0.318267 -1.646477 -0.008799
v -0.219049 -1.870858 0.157918
v -0.222484 -1.851525 -0.161905
v -0.039700 -1.917243 -0.267633
v -0.285477 -1.764523 0.054862
v -0.051969 -1.715463 -0.281325
v -0.266859 -1.740576 -0.161935
v -0.133681 -1.770726 0.238608
v -0.036511 -2.033679 -0.209268
v -0.149802 -1.738264 -0.222474
v -0.077817 -1.845311 -0.234178
v -0.647010 0.008351 0.374384
v -0.018748 -1.787837 -0.341455
v -0.018747 -1.917344 -0.318768
v -0.036075 -1.850181 -0.328596
v -0.039701 -1.779279 -0.299349
v -0.001420 -1.942350 -0.268583
v -0.001420 -1.758232 -0.312566
v -0.001420 -1.883210 -0.400227
v -0.017232 -1.859712 -0.400970
v -0.017232 -1.897528 -0.382671
v -0.029091 -1.878392 -0.391809
v -0.029091 -1.895162 -0.359058
v -0.029091 -1.834273 -0.374132
v -0.001420 -1.824594 -0.376668
v -0.001420 -1.905775 -0.356568
v -0.394897 -0.585903 0.345903
v -0.446783 0.466309 0.380078
v -0.894891 0.138929 0.585344
v -0.494022 -0.541598 0.167596
v -0.700954 -0.163136 0.468597
v -0.703333 0.162360 0.484820
v -0.706246 0.313890 0.461307
v -0.538464 0.434094 0.172739
v -0.504198 0.432891 0.334773
v -0.519215 0.234579 0.257592
v -0.507620 -0.166687 0.242235
v -0.470953 -0.353754 0.315507
v -0.707758 0.145624 0.426062
v -0.706062 -0.162873 0.411803
v -0.690886 -0.364767 0.428637
v -0.499230 -0.247377 0.300246
v -0.640150 0.313532 0.450331
v -0.516561 0.360275 0.311096
v -0.472743 -0.248203 0.386212
v -0.635244 0.009987 0.456876
v -0.988595 -0.249098 0.634391
v -0.934552 -0.161332 0.601482
v -0.947516 0.006140 0.622097
v -0.970816 0.098575 0.612952
v -0.979004 -0.010561 0.579620
v -0.966743 -0.168121 0.560256
v -0.945591 -0.226458 0.572973
v -0.774847 0.220183 0.478394
v -0.877987 -0.191567 0.553839
v -0.764647 -0.014555 0.509871
v -0.908206 -0.064076 0.529449
v -0.762634 -0.271798 0.450873
v -1.137543 -0.383430 0.731165
v -1.086102 -0.344051 0.717002
v -1.125695 -0.340499 0.749999
v -1.081333 -0.063400 0.704054
v -1.127618 -0.216405 0.708711
v -1.111162 -0.348809 0.685988
v -1.050883 -0.314403 0.662015
v -1.000256 -0.143381 0.660027
v -1.014113 -0.254082 0.603809
v -1.041238 -0.001456 0.642438
v -1.028001 -0.146413 0.613354
v -1.016659 0.015317 0.674506
v -1.119987 -0.294900 0.688135
v -1.068486 -0.262741 0.645538
v -1.087357 -0.147297 0.668949
v -1.092601 -0.293264 0.735087
v -1.040965 -0.262694 0.692282
v -1.060076 -0.138362 0.716360
v -0.277613 -1.790427 0.141622
v -0.368601 -1.715476 0.211140
v -0.372646 -1.711089 0.152751
v -0.388938 -1.660788 0.205869
v -0.350016 -1.765534 0.157052
v -0.344237 -1.635447 0.223277
v -0.350233 -1.631772 0.170957
v -0.313929 -1.751369 0.181099
v -0.318440 -1.747371 0.132367
v -0.462384 -1.763322 0.201705
v -0.454365 -1.781116 0.161007
v -0.445018 -1.727966 0.196368
v -0.422412 -1.778061 0.165057
v -0.415910 -1.707653 0.216813
v -0.418202 -1.705144 0.179535
v -0.391416 -1.762077 0.183985
v -0.393709 -1.759310 0.149331
v -0.462985 -1.761693 0.172619
v -0.454068 -1.783339 0.188970
v -0.472335 -1.783868 0.181488
v -0.443532 -1.736464 0.175799
v -0.434809 -1.751152 0.161355
v -0.432063 -1.753473 0.201371
v -0.001419 1.003119 0.450562
v -0.436590 0.699862 0.344762
v -0.001419 0.712524 0.485049
v -0.147214 1.548692 0.142027
v -0.378892 1.059729 0.015574
v -0.319732 1.303681 0.094691
v -0.208084 -2.028212 -0.129815
v -0.001420 -3.113580 -0.134726
v -0.029408 -3.106648 -0.130641
v -0.057904 -2.612082 -0.112394
v -0.131850 -2.312188 -0.095127
v -0.293996 -1.633830 -0.150416
v -0.390632 1.251853 0.035463
v -0.017736 -3.114951 -0.106755
v -0.034144 -3.086518 -0.104763
v -0.361611 -1.329684 -0.196101
v -0.249882 -1.855470 -0.120697
v -0.457976 -0.453181 -0.268350
v -0.470771 0.818212 0.309188
v -0.313934 1.532491 0.049696
v -0.156753 1.664818 0.039635
v -0.359064 1.416866 0.047644
v -0.315878 1.603981 0.038748
v -0.396147 1.493281 0.041450
v -0.001419 -0.411008 -0.532034
v -0.048079 0.508625 -0.632594
v -0.022019 0.096525 -1.080668
v -0.032784 -0.282886 -0.566226
v -0.079643 0.122677 -0.607382
v -0.100458 0.472498 -0.562363
v -0.071047 -0.270691 -0.528426
v -0.036343 0.351410 -0.803557
v -0.001419 -0.133612 -0.912722
v -0.026695 -0.224350 -0.727092
v -0.062488 0.071622 -0.763204
v -0.045637 -0.255432 -0.659214
v -0.059685 -0.146395 -0.662109
v -0.066681 0.342230 -0.714743
v -0.001419 0.417823 -0.723268
v -0.001419 -0.166777 -1.072070
v -0.022306 -0.144921 -0.950795
v -0.042905 -0.025011 -1.002737
v -0.042876 -0.092954 -0.915099
v -0.058016 0.264819 -0.821357
v -0.001419 0.322437 -0.834756
v -0.012661 -0.118961 -1.235615
v -0.001419 -0.167644 -1.257289
v -0.012335 -0.179103 -1.209727
v -0.021180 -0.149307 -1.222055
v -0.028823 -0.148448 -1.083318
v -0.028468 -0.037097 -1.156237
v -0.001419 -0.018097 -1.168968
v -0.026373 -0.281170 -0.606956
v -0.001419 -0.265540 -0.582988
v -0.048987 -0.260888 -0.596230
v -0.001419 -0.258004 -0.667053
v -0.001419 0.594475 -0.577098
v -0.115943 0.688061 -0.527438
v -0.308433 0.595214 -0.464744
v -0.161069 0.113951 -0.493264
v -0.001419 -0.794471 -0.464633
v -0.213176 -2.031670 -0.059255
v -0.001420 -3.117852 -0.047578
v -0.031262 -3.110458 -0.052908
v -0.062045 -2.615747 -0.037603
v -0.223703 0.813228 0.422766
v -0.001419 0.912942 0.459560
v -0.344141 -1.502553 -0.099213
v -0.573276 0.594771 -0.114733
v -0.281739 -1.747191 -0.077529
v -0.395509 1.084242 -0.003696
v -0.532794 0.685775 0.236328
v -0.227779 0.918377 0.404715
v -0.562262 0.014718 0.301817
v -0.634510 -0.275332 0.379892
v -0.545334 0.374291 0.415625
v -0.644697 0.290176 0.400690
v -0.626684 -0.275159 0.427584
v -0.529896 0.015210 0.432361
v -0.569368 -0.127335 0.432011
v -0.595819 0.177508 0.343551
v -0.578458 0.195195 0.440754
v -0.575085 -0.255853 0.381472
v -0.591638 -0.124884 0.335829
v -0.588775 0.373474 0.398152
v -0.543959 -0.237595 0.326452
v -0.557842 0.346762 0.338641
v -0.522741 -0.238026 0.402605
v -0.522078 0.015896 0.270679
v -0.500947 0.388574 0.397359
v -0.481674 0.015847 0.417723
v -0.527508 0.438812 0.365736
v -0.531178 -0.145479 0.285535
v -0.502525 -0.296505 0.351628
v -0.509953 0.226352 0.425266
v -0.539262 0.213348 0.293453
v -0.493285 -0.149290 0.418192
v -0.768379 0.241392 0.513160
v -0.914295 0.119757 0.553166
v -0.756362 -0.268101 0.483295
v -0.881576 -0.054986 0.573710
v -0.773523 -0.019203 0.456224
v -0.898095 -0.196541 0.523458
v -0.843910 0.074083 0.502184
v -0.826846 -0.226199 0.503172
v -0.826426 0.091443 0.549525
v -0.838498 -0.136887 0.487330
v -0.839081 0.212499 0.534736
v -0.820639 -0.132811 0.532985
v -1.102661 -0.204479 0.740175
v -1.151005 -0.347909 0.719098
v -1.136820 -0.317825 0.735043
v -0.034894 -3.103260 -0.174879
v -0.039302 -2.865274 0.025082
v -0.045008 -3.228806 -0.435157
v -0.046706 -3.373928 -0.703182
v -0.041045 -3.579157 -1.114115
v -0.001420 -3.610715 -1.177998
v -0.039499 -3.104314 0.140889
v -0.039764 -3.175659 0.318904
v -0.034971 -3.260479 0.499769
v -0.001420 -3.272990 0.526119
v -0.034699 -2.851381 -0.093238
v -0.033480 -3.012322 -0.125269
v -0.036150 -3.016039 -0.049418
v -0.020592 -3.260927 0.527151
v -0.039764 -3.200970 0.428650
v -0.039112 -3.029500 0.079625
v -0.039764 -3.090379 0.236606
v -0.024063 -3.575479 -1.162398
v -0.046706 -3.446419 -0.924354
v -0.039913 -3.088382 -0.289769
v -0.046706 -3.241152 -0.565167
v -0.467582 1.024281 -0.013360
v -0.418950 1.149150 0.065959
v -0.001419 1.736983 0.025954
v -0.001419 1.616971 0.163910
v -0.466121 1.159404 0.010510
v -0.541439 0.933755 0.031018
v -0.211754 1.204669 -0.424652
v -0.614270 1.189984 -0.406399
v -0.486649 1.024264 0.177752
v -0.001419 1.089647 -0.473501
v -0.163693 1.498377 0.244752
v -0.001419 1.596059 0.237143
v -0.001419 1.393801 0.334040
v -0.348913 1.336760 0.214479
v -0.219605 1.253073 0.338945
v -0.001419 1.074529 0.459552
v -0.432820 1.182466 0.175654
v -0.410646 1.124596 0.264801
v -0.001419 0.815472 -0.505000
v -0.549886 1.106817 -0.454653
v -0.260658 0.971097 -0.470300
v -0.622309 0.769800 0.082231
v -0.468712 1.053342 0.054835
v -0.485766 1.165945 -0.304023
v -0.462030 1.085754 -0.320761
v -0.506563 1.136938 -0.138095
v -0.462513 1.037248 -0.337113
v -0.499091 1.346032 -0.110936
v -0.571878 0.976525 -0.420167
v -0.461357 0.955218 0.293095
v -0.571074 0.856135 0.173929
v -0.482104 1.254430 0.015730
v -0.598168 1.079562 -0.385547
v -0.528691 1.279304 -0.388402
v -0.204787 1.679201 -0.334776
v -0.001419 1.542077 -0.412029
v -0.159163 1.928767 -0.290480
v -0.313634 1.789473 -0.249802
v -0.001419 1.845589 -0.348929
v -0.285368 1.871369 -0.215969
v -0.386499 1.285175 -0.347576
v -0.404256 1.112856 -0.411565
v -0.386839 1.581707 0.008150
v -0.182927 1.732074 -0.004523
v -0.572357 1.275281 -0.305387
v -0.444455 1.437060 0.020724
v -0.397803 1.514817 -0.265152
v -0.510207 1.376893 -0.253343
v -0.235320 1.404621 -0.394154
v -0.001419 1.296848 -0.459614
v -0.486783 1.198506 -0.412516
v -0.413734 1.642519 -0.216031
v -0.516487 1.310402 -0.213824
v -0.163633 1.910327 -0.185898
v -0.468159 1.481106 -0.159305
v -0.371852 1.730136 -0.156638
v -0.514568 1.003239 -0.061015
v -0.417424 1.567574 -0.060419
v -0.001419 1.864474 -0.099918
v -0.314095 1.737313 -0.076106
v -0.507455 1.071436 -0.178043
v -0.448886 1.139106 -0.254336
v -0.441675 1.062180 -0.282320
v -0.472220 1.246478 -0.262679
v -0.441472 1.176376 -0.214381
v -0.581067 0.878053 -0.019768
v -0.536189 0.994384 -0.241488
v -0.509864 1.289634 -0.165337
v -0.490626 1.076411 -0.020691
v -0.461789 1.274574 -0.232498
v -0.509168 1.200109 -0.101335
v -0.455116 1.231170 -0.213695
v -0.606368 0.727028 0.189730
v -0.270884 0.970127 0.412589
v -0.617846 0.775354 -0.151425
v -0.495138 1.166662 -0.021875
v -0.481226 1.347378 -0.007023
v -0.461344 1.464848 -0.079726
v -0.498436 1.252876 -0.045609
v -0.505554 1.106807 -0.076657
v -0.580866 0.896802 -0.210893
v -0.548191 0.951002 -0.126750
v -0.622105 0.786482 -0.013802
v -0.609727 0.666408 -0.128948
v -0.569602 0.807126 -0.365121
v -0.470268 0.838921 -0.460957
v -0.001419 1.094008 0.023906
v -0.001419 1.301738 0.091751
v -0.001419 1.271273 0.032020
v -0.001419 1.528173 0.052345
v -0.001419 1.414497 0.049497
v -0.001419 1.123099 0.006124
v -0.151146 1.438142 0.121632
v -0.201476 1.160240 0.052269
v -0.221219 1.076772 0.003922
v -0.187804 1.477506 0.052019
v -0.156364 1.577352 0.050066
v -0.221692 1.196513 0.018679
v -0.215362 1.344102 0.043318
v -0.001419 1.536349 0.136591
v -0.001419 1.651707 0.043077
v -0.001419 1.985593 -0.274019
v -0.300074 1.460488 0.136582
v -0.155634 1.582799 0.182487
v -0.395211 1.305331 0.123558
v -0.047242 -0.058096 -0.861035
v -0.045199 0.149617 -0.977280
v -0.001419 0.185878 -0.996621
v -0.030155 0.249373 -0.930788
v -0.025445 -0.134559 -0.887401
v -0.052575 0.039822 -0.878735
v -0.052984 0.229745 -0.889201
v -0.001419 0.271341 -0.903400
v -0.050347 -0.037679 -0.807979
v -0.055758 0.250133 -0.852500
v -0.001419 0.299258 -0.865896
v -0.050859 -0.073883 -0.770040
v -0.001419 1.187452 0.421736
v -0.247467 1.092523 0.390734
v -0.566043 1.173396 -0.338456
v -0.537888 1.002786 -0.342543
v -0.478667 1.317904 -0.245067
v -0.437205 1.098789 -0.215216
v -0.504701 1.223453 -0.178599
v -0.477539 1.296330 -0.217562
v -0.505162 1.262417 -0.277022
v -0.503905 1.082319 -0.344479
v -0.465386 1.040180 -0.272448
v -0.456692 1.156481 -0.189755
v -0.418079 0.006916 0.427858
v -0.430802 0.069461 -0.400585
v -0.205307 -2.002064 0.114122
v -0.217710 -2.027744 -0.000188
v -0.186954 -2.023321 -0.144960
v -0.291739 -1.554147 0.245017
v -0.357356 -1.507133 -0.008051
v -0.271614 -1.493118 -0.233900
v -0.057169 -2.612445 0.038257
v -0.331820 -1.549054 0.159199
v -0.045123 -2.638316 -0.145709
v -0.032728 -3.113121 0.011921
v -0.283438 -1.769791 0.108736
v -0.030706 -3.125281 -0.176599
v -0.039559 -2.923395 -0.434548
v -0.039559 -3.253902 -0.434425
v -0.041045 -3.171729 -0.761713
v -0.041045 -3.391801 -0.698252
v -0.036642 -3.395462 -1.033235
v -0.036642 -3.565179 -1.065746
v -0.443024 0.579472 0.362334
v -0.576134 0.601137 0.100353
v -0.471189 0.627835 -0.416895
v -0.035168 -2.833166 0.189007
v -0.034708 -3.123767 0.137682
v -0.034971 -3.017166 0.380133
v -0.034971 -3.187609 0.314288
v -0.031243 -3.175890 0.498869
v -0.031243 -3.255681 0.477858
v -0.392709 1.038546 -0.009996
v -0.112120 -0.449213 -0.470882
v -0.289108 -1.756710 -0.008042
v -0.252450 -1.774912 0.182817
v -0.236590 -1.739985 -0.182791
v -0.066315 -1.952308 -0.213470
v -0.072531 -1.757782 -0.260683
v -0.031744 -1.803015 -0.337431
v -0.031743 -1.900052 -0.320593
v -0.026016 -1.857377 -0.391570
v -0.026016 -1.892373 -0.378977
v -0.518751 0.040776 0.241766
v -0.446288 -0.315931 0.372071
v -0.480135 0.395224 0.387891
v -0.688283 -0.325686 0.449284
v -0.703240 -0.000008 0.480487
v -0.704694 0.285043 0.479406
v -0.708401 -0.002793 0.417282
v -0.707447 0.262788 0.440275
v -0.691887 -0.327203 0.412583
v -0.514611 0.366615 0.283135
v -0.490674 -0.304966 0.265117
v -0.940655 -0.088889 0.611073
v -0.972002 -0.097575 0.568556
v -0.934449 -0.208189 0.589917
v -0.956961 0.082410 0.625680
v -0.980893 0.064347 0.594177
v -0.959261 -0.213861 0.559978
v -1.117393 -0.358546 0.741977
v -1.142069 -0.363641 0.710576
v -1.039466 -0.299362 0.679380
v -1.067416 -0.075822 0.717458
v -1.091442 -0.090693 0.684949
v -1.064222 -0.303600 0.648098
v -1.077048 -0.211788 0.655872
v -1.053273 -0.213245 0.706166
v -0.354317 -1.754137 0.184629
v -0.383323 -1.675440 0.222822
v -0.385395 -1.672417 0.176953
v -0.356019 -1.750717 0.141927
v -0.424806 -1.772669 0.183866
v -0.442197 -1.735832 0.208639
v -0.436747 -1.721484 0.183903
v -0.425530 -1.770533 0.154403
v -0.465279 -1.777446 0.170884
v -0.464947 -1.778890 0.192006
v -0.448437 -1.749193 0.169815
v -0.354439 1.152288 0.057744
v -0.256686 1.447324 0.125711
v -0.209701 -2.029310 -0.107409
v -0.324570 -1.498974 -0.171460
v -0.029996 -3.107858 -0.105958
v -0.556076 0.637338 -0.294819
v -0.271584 -1.741605 -0.135081
v -0.059219 -2.613245 -0.088645
v -0.427754 0.798843 0.327990
v -0.381656 1.337198 0.045707
v -0.333082 1.481505 0.049322
v -0.266774 1.587962 0.046812
v -0.165166 0.530374 -0.512728
v -0.079299 0.412733 -0.625688
v -0.060472 -0.195096 -0.584817
v -0.060341 0.284941 -0.792356
v -0.050284 -0.164925 -0.735006
v -0.037540 0.066495 -1.060932
v -0.037899 -0.114363 -0.969690
v -0.020984 -0.104722 -1.212271
v -0.020966 -0.164431 -1.179138
v -0.041580 -0.268655 -0.618129
v -0.392935 1.166755 0.017503
v -0.596060 0.014198 0.333804
v -0.584120 -0.221562 0.351174
v -0.583960 0.339175 0.428286
v -0.592771 0.314212 0.365018
v -0.569155 -0.221716 0.413169
v -0.573262 0.015153 0.440385
v -0.517667 -0.257395 0.308937
v -0.534307 0.368544 0.320889
v -0.492235 -0.258044 0.394585
v -0.539604 0.013941 0.280187
v -0.519316 0.397787 0.407074
v -0.500811 0.014121 0.426807
v -0.831635 0.190160 0.549252
v -0.844571 0.169970 0.515780
v -0.821278 -0.200048 0.520675
v -0.822935 -0.033074 0.541966
v -0.840688 -0.039943 0.493012
v -0.834591 -0.203939 0.489296
v -1.122226 -0.292458 0.743685
v -1.141223 -0.300076 0.720932
v -0.034908 -3.031086 -0.171517
v -0.038045 -3.021013 0.015645
v -0.045008 -3.164855 -0.435746
v -0.046706 -3.330573 -0.715535
v -0.041045 -3.543214 -1.102887
v -0.039601 -3.049843 0.150589
v -0.039764 -3.143344 0.331388
v -0.034971 -3.245938 0.502526
v -0.034328 -3.013503 -0.101184
v -0.581278 0.869449 0.066307
v -0.500089 0.995090 -0.023119
v -0.433572 1.045056 0.277891
v -0.373743 1.201954 -0.374312
v -0.610389 1.180540 -0.369291
v -0.554046 1.198249 -0.445153
v -0.304020 1.463362 0.169519
v -0.384965 1.214833 0.246203
v -0.437687 1.151758 0.093384
v -0.478716 1.007327 -0.454140
v -0.650317 0.667158 0.052232
v -0.468697 1.158507 -0.288235
v -0.454821 1.057545 -0.317806
v -0.509166 1.216884 -0.150010
v -0.514177 1.036981 -0.131850
v -0.574376 0.953134 -0.351057
v -0.488302 1.344563 -0.051296
v -0.513340 1.360237 -0.198148
v -0.514185 0.842600 0.293351
v -0.485453 1.163378 -0.002009
v -0.471473 1.345212 0.025120
v -0.443824 1.371253 -0.308356
v -0.358708 1.657552 -0.268067
v -0.259367 1.868406 -0.250562
v -0.296795 1.828130 -0.163264
v -0.412445 1.519695 0.010388
v -0.324658 1.646677 0.004801
v -0.420744 1.587792 -0.110094
v -0.471430 1.287684 -0.246975
v -0.435567 1.111514 -0.228109
v -0.452080 1.228743 -0.219414
v -0.582443 0.876216 -0.098472
v -0.501076 1.175885 -0.053715
v -0.040828 -0.095409 -0.881442
v -0.050622 0.206093 -0.916347
v -0.513684 1.168536 -0.315998
v -0.484811 1.030591 -0.338088
v -0.489420 1.319751 -0.240045
v -0.453417 1.089379 -0.204143
v -0.467351 1.229469 -0.202993
v -0.001419 -0.036621 0.530621
v -0.001419 -0.601142 -0.492908
v -0.001420 -2.043641 0.184980
v -0.001420 -2.041755 -0.213807
v -0.001420 -1.525538 0.350900
v -0.001419 -1.484049 -0.323491
v -0.001420 -2.586461 0.085744
v -0.001420 -2.580768 -0.172142
v -0.001420 -3.120689 0.021522
v -0.001420 -3.132435 -0.180966
v -0.001420 -2.884516 -0.434906
v -0.001420 -3.262239 -0.434765
v -0.001420 -3.146248 -0.769136
v -0.001420 -3.397759 -0.696609
v -0.001420 -3.404118 -1.061506
v -0.001420 -3.592874 -1.117667
v -0.001419 0.560142 0.505625
v -0.001420 -2.798215 0.196883
v -0.001420 -3.130330 0.138226
v -0.001420 -2.996800 0.388001
v -0.001420 -3.191592 0.312749
v -0.001420 -3.187599 0.514377
v -0.001420 -3.266161 0.498537
v -0.001419 0.692006 -0.539517
v -0.001419 0.967249 0.442419
v -0.001420 -1.762297 0.269665
v -0.001420 -1.713074 -0.293037
v -0.001420 -1.917324 -0.319374
v -0.001420 -1.787852 -0.342245
v -0.001420 -1.897539 -0.382671
v -0.001420 -1.859730 -0.400971
v -0.001419 1.585272 0.146147
v -0.001420 -3.114937 -0.107054
v -0.001419 0.822000 0.466174
v -0.001419 1.704641 0.035398
v -0.001419 0.508030 -0.633196
v -0.001419 -0.283102 -0.567183
v -0.001419 0.347932 -0.804670
v -0.001419 -0.224425 -0.727203
v -0.001419 0.096171 -1.080922
v -0.001419 -0.144924 -0.951057
v -0.001419 -0.118757 -1.236008
v -0.001419 -0.178927 -1.210184
v -0.001419 -0.281269 -0.607012
v -0.001420 -3.575479 -1.162398
v -0.001420 -3.260926 0.527151
v -0.001419 1.034298 0.463202
v -0.001419 1.196351 -0.463505
v -0.001419 0.966200 -0.487900
v -0.001419 1.513457 0.278978
v -0.001419 1.623287 0.193151
v -0.001419 1.273122 0.386802
v -0.001419 1.691872 -0.372880
v -0.001419 1.406852 -0.447299
v -0.001419 1.958429 -0.322025
v -0.001419 1.779879 -0.010678
v -0.001419 1.947476 -0.201216
v -0.001419 1.078762 0.004550
v -0.001419 1.160287 0.052280
v -0.001419 1.441737 0.121973
v -0.001419 1.344102 0.043318
v -0.001419 1.477507 0.052019
v -0.001419 1.581304 0.049642
v -0.001419 1.197207 0.018617
v -0.001419 -0.134559 -0.887401
v -0.001419 0.245958 -0.932102
v -0.001419 1.125138 0.444200
v -0.546590 0.519048 -0.298926
v -0.569815 0.462818 0.011345
v -0.563706 0.494439 -0.162297
v -0.559647 0.451112 -0.166754
v -0.568094 0.424930 0.005077
v -0.551107 0.339020 -0.140053
v -0.546708 0.284868 -0.143160
v -0.561390 0.255427 0.020125
v -0.563885 0.309172 0.025872
v -0.531642 0.346551 -0.268260
v -0.526673 0.306103 -0.269224
v -0.529976 0.074365 -0.145628
v -0.533729 0.114150 -0.143069
v -0.550477 0.052158 0.008999
v -0.552808 0.093671 0.013146
v -0.502305 0.119353 -0.270034
v -0.536658 0.285775 0.013275
v -0.524949 0.075940 0.002851
v -0.544891 0.447059 0.001390
v -0.538898 0.473552 -0.156949
v -0.508624 0.328041 -0.265704
v -0.525352 0.312949 -0.137611
v -0.508653 0.095143 -0.139634
v -0.001419 -0.058096 -0.861035
v -0.001419 -0.037679 -0.807979
v -0.001419 -0.073883 -0.770040
v -0.001419 -0.164925 -0.735006
v -0.001419 -0.095409 -0.881442
v -0.495346 1.005384 0.047757
v 0.219421 -0.871302 0.409748
v 0.193275 -1.128798 0.375667
v 0.445657 -0.865176 0.190992
v 0.416173 -1.120644 0.141894
v 0.193578 -1.105445 -0.353172
v 0.235570 -0.848063 -0.374824
v 0.026577 -0.846904 -0.448073
v 0.102009 -1.104091 -0.383550
v 0.409016 -0.849645 -0.294411
v 0.378076 -1.107001 -0.269104
v 0.460603 -0.854779 -0.135412
v 0.424689 -1.111424 -0.129147
v 0.347265 -1.125355 0.277431
v 0.374003 -0.867936 0.309143
v 0.451133 -1.115338 0.006724
v 0.489881 -0.859517 0.027972
v 0.361962 -0.849005 -0.325204
v 0.329296 -1.106121 -0.299320
v 0.425395 -0.851421 -0.243947
v 0.392872 -1.108475 -0.224680
v -0.196114 -1.128798 0.375667
v -0.222259 -0.871302 0.409748
v -0.419012 -1.120644 0.141894
v -0.448496 -0.865176 0.190992
v -0.196417 -1.105445 -0.353172
v -0.238409 -0.848063 -0.374824
v -0.027626 -0.846393 -0.448538
v -0.104848 -1.104091 -0.383550
v -0.380915 -1.107001 -0.269104
v -0.411855 -0.849645 -0.294411
v -0.427528 -1.111424 -0.129147
v -0.463442 -0.854779 -0.135412
v -0.376841 -0.867936 0.309143
v -0.350104 -1.125355 0.277431
v -0.492720 -0.859517 0.027972
v -0.453972 -1.115338 0.006724
v -0.332135 -1.106121 -0.299320
v -0.364801 -0.849005 -0.325204
v -0.395711 -1.108475 -0.224680
v -0.428234 -0.851421 -0.243947
v -0.001419 -0.873008 0.459545
v -0.001419 -1.130328 0.420883
v -0.001419 -1.103666 -0.404649
v -0.001419 -0.846811 -0.453545
vn 0.3335 -0.1158 0.9356
vn -0.0000 -0.0295 0.9996
vn -0.0000 -0.0874 0.9962
vn 0.6336 -0.1472 0.7595
vn 0.3783 -0.1443 0.9144
vn 0.3465 -0.1821 0.9202
vn -0.0000 -0.1439 0.9896
vn -0.0000 -0.1800 0.9837
vn 0.6134 -0.2715 0.7416
vn 0.2981 -0.1437 0.9437
vn 0.2496 -0.0344 0.9677
vn 0.5973 0.3809 -0.7058
vn 0.6691 0.2514 -0.6993
vn 0.6816 0.4029 -0.6108
vn -0.0724 0.6148 0.7854
vn 0.0702 0.6393 0.7657
vn -0.2322 0.3505 0.9073
vn -0.1238 0.5440 0.8299
vn 0.6021 0.3277 -0.7281
vn 0.6055 0.2402 -0.7587
vn 0.4592 -0.2173 -0.8613
vn 0.5190 -0.1744 -0.8368
vn 0.5227 -0.2263 -0.8219
vn 0.9299 -0.2079 -0.3034
vn 0.9349 -0.1621 -0.3156
vn 0.9290 -0.2137 -0.3022
vn 0.5803 -0.1046 -0.8076
vn 0.4488 -0.0872 -0.8893
vn 0.5690 -0.0903 -0.8174
vn 0.3427 -0.0820 -0.9359
vn 0.4767 -0.1033 -0.8730
vn 0.3628 -0.1075 -0.9256
vn 0.2995 -0.2074 -0.9313
vn 0.2546 -0.1582 -0.9540
vn 0.3432 -0.1450 -0.9280
vn 0.4556 -0.1298 -0.8807
vn 0.3484 -0.1323 -0.9280
vn 0.4591 -0.1175 -0.8806
vn 0.5886 -0.3628 0.7224
vn 0.2905 -0.3383 0.8951
vn 0.3288 -0.3019 0.8948
vn -0.0000 -0.2974 0.9548
vn -0.0000 -0.2441 0.9697
vn 0.3636 -0.2476 0.8981
vn 0.7552 -0.2822 0.5917
vn 0.3055 -0.0565 -0.9505
vn 0.4779 -0.0617 -0.8762
vn 0.4422 0.0127 -0.8968
vn 0.3013 -0.0013 -0.9535
vn 0.4261 -0.0601 -0.9027
vn 0.6532 -0.1947 -0.7317
vn 0.4341 -0.2224 -0.8730
vn 0.4227 -0.2059 -0.8826
vn 0.4768 -0.2264 -0.8494
vn 0.4743 -0.2013 -0.8570
vn 0.4560 -0.1757 -0.8725
vn 0.3933 -0.1731 -0.9029
vn 0.5943 -0.2452 -0.7660
vn 0.8177 -0.4184 0.3953
vn 0.9577 -0.2876 0.0129
vn 0.9344 -0.3520 -0.0554
vn 0.4142 -0.4785 0.7743
vn 0.9106 -0.3380 0.2380
vn 0.8949 -0.1341 0.4256
vn 0.7087 -0.1547 0.6883
vn 0.9139 -0.1494 0.3776
vn 0.9536 -0.2224 0.2027
vn 0.9846 -0.1737 0.0183
vn 0.9284 -0.1643 0.3334
vn 0.9174 -0.1446 0.3709
vn 0.9670 -0.2327 0.1034
vn 0.9641 -0.2633 -0.0333
vn 0.9704 -0.2410 -0.0164
vn 0.3058 -0.1981 -0.9312
vn 0.3576 -0.1395 -0.9234
vn 0.2544 -0.1839 -0.9494
vn -0.0000 -0.2167 -0.9762
vn 0.3038 -0.2403 -0.9219
vn 0.9648 -0.2214 -0.1423
vn 0.9589 -0.2335 -0.1611
vn 0.9639 -0.2385 -0.1180
vn 0.9676 -0.2474 -0.0509
vn 0.9675 -0.2498 -0.0390
vn 0.9628 -0.2608 -0.0709
vn 0.9638 -0.2527 -0.0845
vn 0.3805 -0.1350 0.9149
vn 0.3188 -0.2446 0.9157
vn 0.5223 -0.2270 0.8220
vn 0.3878 -0.2014 0.8995
vn -0.0000 -0.1791 0.9838
vn 0.5884 -0.0247 0.8082
vn 0.9513 -0.1081 0.2887
vn 0.2837 -0.1163 -0.9518
vn -0.0000 -0.3462 -0.9382
vn 0.3575 -0.2827 -0.8901
vn 0.4975 -0.1174 -0.8595
vn 0.3454 0.0734 -0.9356
vn -0.0000 -0.0565 -0.9984
vn 0.9338 -0.2939 0.2041
vn 0.9643 -0.2632 -0.0304
vn 0.9539 -0.2576 0.1541
vn 0.9212 -0.2934 0.2555
vn 0.9565 -0.2848 0.0639
vn 0.9727 -0.0925 0.2130
vn 0.9969 -0.0731 -0.0278
vn 0.9852 -0.0694 0.1569
vn 0.8283 0.0676 0.5562
vn 0.4975 -0.1270 0.8581
vn 0.9021 -0.0035 0.4314
vn 0.9703 -0.0750 -0.2301
vn 0.9918 -0.1215 0.0387
vn 0.9630 -0.1098 -0.2460
vn 0.9531 -0.1631 -0.2551
vn 0.9466 -0.2246 -0.2315
vn 0.9427 -0.2625 -0.2059
vn 0.9316 -0.2488 -0.2650
vn 0.4016 -0.8142 0.4193
vn 0.1805 -0.8937 0.4108
vn 0.1927 -0.8731 0.4479
vn -0.0000 -0.9105 0.4136
vn -0.0000 -0.8912 0.4537
vn 0.2061 -0.8650 0.4575
vn 0.4088 -0.8058 0.4284
vn 1.0000 0.0009 0.0063
vn 0.9918 -0.1023 0.0764
vn 0.9914 -0.1128 0.0669
vn 0.9695 -0.2077 0.1299
vn 0.9656 -0.2272 0.1266
vn 0.9886 -0.1344 0.0687
vn 1.0000 -0.0000 -0.0000
vn 0.9992 -0.0015 0.0392
vn 0.9923 -0.0967 0.0771
vn 0.9913 -0.0997 0.0859
vn 0.9730 -0.1949 0.1232
vn 0.9709 -0.1991 0.1334
vn 0.9997 0.0002 0.0237
vn 0.0366 0.6538 -0.7558
vn -0.0000 0.3106 -0.9506
vn 0.8924 0.2717 -0.3603
vn 0.9547 -0.0260 -0.2965
vn 0.9814 0.1424 -0.1287
vn 0.8932 0.3685 -0.2577
vn 0.0083 0.7905 -0.6124
vn -0.0000 0.6617 -0.7497
vn 0.9999 -0.0001 -0.0172
vn 0.9824 -0.1742 0.0669
vn 0.9542 -0.2666 0.1355
vn 0.9296 -0.3405 0.1410
vn 0.6071 -0.7271 0.3205
vn 0.9216 -0.3881 -0.0004
vn 0.9777 0.0717 -0.1975
vn 0.3872 -0.8163 0.4286
vn 0.1961 -0.8697 0.4530
vn -0.0000 -0.8853 0.4650
vn -0.0000 -0.8876 0.4606
vn -0.0000 -0.8977 0.4406
vn 0.1697 -0.8842 0.4352
vn 0.3384 -0.8433 0.4176
vn 0.0002 0.7874 -0.6165
vn -0.0000 0.7905 -0.6125
vn 0.8578 0.4102 -0.3097
vn 0.9661 0.2150 -0.1432
vn 0.9538 0.2406 -0.1800
vn 0.8245 0.4438 -0.3511
vn -0.0000 0.7776 -0.6287
vn -0.0000 0.7873 -0.6165
vn -0.0000 0.4048 -0.9144
vn 0.9354 0.1369 -0.3260
vn 0.9372 0.1412 -0.3189
vn 0.2893 -0.9033 0.3167
vn 0.5817 -0.7800 0.2307
vn -0.0000 -0.9589 0.2836
vn 0.2679 -0.8747 0.4040
vn 0.1347 -0.8998 0.4149
vn -0.0000 -0.9076 0.4197
vn -0.0000 -0.9376 0.3476
vn -0.0000 0.7481 -0.6636
vn 0.7370 0.5180 -0.4343
vn 0.9417 0.2637 -0.2089
vn 0.9058 0.3156 -0.2826
vn 0.8900 0.3189 -0.3260
vn 0.7997 0.3700 -0.4728
vn -0.0000 0.6501 -0.7598
vn -0.0000 0.0428 0.9991
vn 0.2709 0.0646 0.9604
vn 0.2272 0.0590 0.9721
vn 0.2373 0.2943 0.9258
vn 0.5492 0.2134 0.8080
vn 0.3069 0.1173 0.9445
vn 0.9936 -0.1082 -0.0335
vn 1.0000 0.0001 -0.0011
vn 0.9908 -0.1258 -0.0492
vn 0.9845 -0.1608 -0.0694
vn 0.9601 -0.2609 -0.1007
vn 0.9708 -0.2309 -0.0646
vn 0.1248 0.4769 0.8701
vn -0.0000 0.0631 0.9980
vn -0.0000 0.5087 0.8610
vn 0.0279 0.7097 0.7040
vn 0.9079 0.3067 0.2858
vn 0.9736 0.0917 0.2092
vn 0.8563 0.1782 0.4848
vn 0.9938 -0.1088 -0.0247
vn 0.9997 -0.0058 -0.0232
vn 0.9999 -0.0041 -0.0119
vn 1.0000 -0.0013 -0.0052
vn 0.9744 -0.2222 -0.0354
vn 0.9759 -0.2163 -0.0285
vn 0.9934 -0.1118 -0.0269
vn 0.9996 -0.0094 0.0275
vn 0.9681 -0.2404 -0.0710
vn 0.9603 -0.0462 0.2753
vn 0.9534 -0.0504 0.2974
vn 0.4768 -0.8199 -0.3169
vn 0.8744 -0.4575 -0.1616
vn 0.9350 -0.3257 -0.1400
vn 0.2068 -0.9539 -0.2176
vn 0.3632 -0.8783 -0.3109
vn 0.1822 -0.9279 -0.3254
vn 0.2883 -0.8884 -0.3572
vn 0.1421 -0.9198 -0.3656
vn -0.0000 -0.9445 -0.3284
vn -0.0000 -0.9753 -0.2211
vn 0.0011 0.6939 0.7200
vn -0.0000 0.7095 0.7047
vn -0.0000 0.6938 0.7202
vn -0.0000 0.6350 0.7725
vn 0.8070 0.3899 0.4435
vn 0.9556 0.2080 0.2089
vn 0.8704 0.3516 0.3448
vn 0.9690 0.1799 0.1695
vn -0.0000 -0.0853 0.9964
vn -0.0000 -0.9707 -0.2403
vn 0.1767 -0.9421 -0.2851
vn 0.0913 -0.9666 -0.2393
vn 0.4168 -0.8746 -0.2478
vn 0.8806 -0.0476 0.4715
vn 0.8849 -0.0397 0.4641
vn 0.2001 -0.9092 -0.3651
vn 0.0986 -0.9237 -0.3702
vn -0.0000 -0.9282 -0.3720
vn -0.0000 0.5462 0.8376
vn -0.0000 0.3974 0.9177
vn 0.6533 0.4421 0.6146
vn 0.8246 0.2648 0.4999
vn 0.6355 0.4279 0.6427
vn 0.9306 0.2357 0.2801
vn 0.5343 -0.0496 -0.8438
vn 0.5518 -0.2857 -0.7835
vn 0.6056 -0.0905 -0.7906
vn 0.5960 0.0212 -0.8027
vn 0.5454 0.0360 -0.8374
vn 0.5132 -0.0267 -0.8579
vn 0.4632 -0.0631 -0.8840
vn 0.2422 -0.9696 -0.0340
vn 0.4437 -0.8934 -0.0699
vn 0.2249 -0.9710 -0.0815
vn 0.4103 -0.8895 -0.2011
vn -0.0000 -0.9964 -0.0844
vn -0.0000 -0.9996 -0.0293
vn 0.5488 -0.0596 -0.8339
vn 0.3801 -0.1033 -0.9192
vn 0.5227 -0.1550 -0.8383
vn 0.9568 -0.0837 -0.2785
vn 0.9739 -0.0959 -0.2058
vn 0.9558 -0.0805 -0.2828
vn 0.4797 -0.8694 0.1183
vn 0.2603 -0.9641 -0.0527
vn 0.2359 -0.9554 0.1777
vn -0.0000 -0.9988 -0.0490
vn -0.0000 -0.9835 0.1808
vn 0.4000 -0.8356 0.3766
vn 0.7959 0.1693 0.5813
vn 0.6121 0.1382 0.7786
vn 0.8986 0.0192 0.4384
vn 0.8704 0.1230 0.4767
vn 0.6006 0.1706 0.7811
vn 0.9077 0.3578 -0.2193
vn 0.9972 -0.0620 0.0423
vn 0.6477 0.3197 0.6916
vn 0.6152 0.4010 0.6788
vn 0.5778 0.4977 0.6469
vn 0.7254 0.5998 -0.3377
vn 0.8582 0.4293 -0.2815
vn 0.3508 -0.1876 -0.9175
vn -0.0000 -0.2312 -0.9729
vn 0.4590 -0.2405 -0.8553
vn 0.4168 0.0454 -0.9079
vn -0.0000 -0.0949 -0.9955
vn 0.9941 -0.1032 -0.0326
vn 0.9994 -0.0009 -0.0349
vn 0.9994 -0.0041 -0.0332
vn 0.9784 -0.2039 -0.0337
vn 0.9813 -0.1889 -0.0364
vn 0.9949 -0.0949 -0.0346
vn 0.2816 -0.3019 0.9108
vn -0.0000 -0.3213 0.9470
vn -0.0000 -0.3367 0.9416
vn 0.2528 -0.3130 0.9155
vn 0.9131 -0.0949 -0.3966
vn 0.6230 -0.1335 -0.7708
vn 0.8274 -0.3401 -0.4470
vn 0.9079 -0.3684 -0.1998
vn 0.9896 -0.0164 -0.1428
vn 0.8809 0.2985 -0.3673
vn 0.8231 0.1078 -0.5575
vn 0.9834 0.0773 -0.1641
vn 0.9915 -0.0253 -0.1279
vn 0.9855 -0.1344 -0.1035
vn 0.9749 -0.1982 -0.1017
vn 0.9908 -0.0686 -0.1165
vn 0.9644 0.1053 -0.2425
vn 0.7230 -0.4456 -0.5279
vn 0.1178 -0.4833 -0.8675
vn -0.0000 -0.4826 -0.8758
vn -0.0000 -0.9002 -0.4354
vn 0.0154 -0.9281 -0.3720
vn 0.0434 -0.9001 -0.4335
vn 0.7629 -0.5865 -0.2722
vn 0.1465 0.5403 -0.8286
vn -0.0000 0.2430 -0.9700
vn 0.7126 0.2404 -0.6591
vn 0.7363 0.4675 -0.4893
vn 0.0424 0.7026 -0.7103
vn -0.0000 0.5799 -0.8147
vn 0.0001 -0.0317 -0.9995
vn -0.0000 -0.0317 -0.9995
vn 0.6525 0.2091 -0.7284
vn 0.6295 0.0187 -0.7768
vn 0.5855 -0.0257 -0.8103
vn 0.6001 -0.6157 -0.5106
vn 0.5984 -0.7052 -0.3802
vn 0.6064 -0.6160 -0.5028
vn 0.0006 -0.8799 -0.4752
vn -0.0000 -0.7747 -0.6324
vn 0.0007 -0.7746 -0.6324
vn 0.0026 0.6294 -0.7771
vn -0.0000 0.6987 -0.7154
vn 0.5978 0.5289 -0.6024
vn 0.5620 0.5184 -0.6446
vn 0.6423 0.3284 -0.6925
vn -0.0007 0.5688 -0.8224
vn -0.0000 0.6279 -0.7783
vn 0.6595 -0.7268 -0.1918
vn 0.0017 -0.9545 -0.2983
vn -0.0000 -0.9300 -0.3676
vn -0.0000 -0.9543 -0.2987
vn -0.0000 -0.8799 -0.4751
vn 0.6235 -0.7587 -0.1887
vn 0.9036 0.0647 0.4236
vn 0.9931 0.0397 0.1105
vn 0.9787 -0.0433 0.2009
vn 0.6965 0.3401 0.6318
vn 0.9933 -0.0031 0.1157
vn 0.9839 -0.0352 0.1755
vn 0.9770 -0.0169 0.2124
vn 0.9596 -0.1167 -0.2559
vn 0.9713 -0.0921 -0.2195
vn 0.9745 -0.1181 -0.1909
vn 0.9728 -0.1144 -0.2013
vn 0.9756 -0.1050 -0.1927
vn 0.9680 -0.0975 -0.2314
vn 0.9002 -0.1993 0.3872
vn 0.6556 -0.1520 0.7397
vn 0.9732 -0.1348 0.1864
vn -0.6556 -0.1520 0.7397
vn -0.3805 -0.1350 0.9149
vn -0.3335 -0.1158 0.9356
vn 0.9990 -0.0437 0.0079
vn 0.9981 -0.0608 0.0108
vn 0.9931 -0.0876 0.0785
vn -0.5263 -0.0570 0.8484
vn -0.4925 -0.1128 0.8630
vn -0.5320 -0.1163 0.8387
vn -0.4977 -0.4252 0.7559
vn -0.6233 -0.1120 0.7739
vn -0.6086 -0.0505 0.7919
vn 0.6805 0.4257 -0.5964
vn 0.5989 0.2536 -0.7596
vn 0.6475 0.3681 -0.6672
vn 0.0025 0.5738 0.8190
vn -0.0191 0.5523 0.8334
vn 0.0076 0.5783 0.8158
vn 0.0304 0.5987 0.8004
vn 0.7520 0.4648 -0.4674
vn 0.6418 0.2897 -0.7101
vn -0.5385 -0.3064 0.7849
vn -0.6653 -0.5352 0.5204
vn -0.6401 -0.4488 0.6235
vn -0.2106 -0.5786 -0.7880
vn -0.1305 -0.5134 -0.8481
vn -0.0165 -0.4805 -0.8769
vn 0.0630 -0.4196 -0.9055
vn 0.0705 -0.3936 -0.9166
vn -0.3591 -0.3540 0.8636
vn -0.2478 0.0437 0.9678
vn -0.3251 0.0297 0.9452
vn -0.2231 -0.0258 0.9744
vn -0.2970 -0.0361 0.9542
vn -0.3993 0.0133 0.9167
vn -0.2535 0.3194 0.9131
vn 0.6057 0.0793 -0.7917
vn 0.6565 0.0082 -0.7543
vn 0.6613 0.0824 -0.7456
vn 0.5904 0.2193 -0.7767
vn 0.5580 0.0775 -0.8262
vn -0.1971 -0.1147 0.9737
vn -0.3004 -0.0998 0.9486
vn -0.2351 -0.1673 0.9575
vn -0.3806 -0.0814 0.9211
vn -0.3876 -0.0461 0.9207
vn -0.7166 -0.6718 0.1874
vn -0.6139 -0.7073 0.3506
vn -0.7228 -0.6704 0.1674
vn 0.0830 -0.7530 -0.6528
vn -0.0310 -0.7267 -0.6862
vn -0.0432 -0.7265 -0.6859
vn -0.1156 -0.7237 -0.6804
vn -0.1307 -0.7302 -0.6706
vn -0.7336 -0.6712 0.1060
vn -0.6710 -0.0411 0.7403
vn -0.6995 -0.1053 0.7068
vn -0.6486 -0.1836 0.7387
vn -0.7317 -0.1773 0.6581
vn -0.7102 -0.1124 0.6949
vn -0.6662 -0.0412 0.7447
vn 0.4829 -0.0675 -0.8731
vn 0.4838 -0.0032 -0.8752
vn 0.4958 -0.0052 -0.8684
vn 0.5152 0.0527 -0.8555
vn 0.5950 0.0504 -0.8022
vn 0.5687 -0.0103 -0.8225
vn -0.4935 0.0255 0.8694
vn -0.4879 -0.0050 0.8729
vn -0.5159 -0.0087 0.8566
vn -0.4953 -0.0553 0.8670
vn -0.5876 -0.0043 0.8091
vn -0.5532 0.0298 0.8325
vn -0.4059 -0.6814 0.6090
vn -0.3527 -0.3356 0.8735
vn -0.0561 -0.5552 0.8298
vn 0.3183 -0.7282 -0.6069
vn 0.5556 -0.2871 -0.7803
vn 0.2859 -0.7504 -0.5960
vn -0.5907 -0.7058 0.3909
vn 0.5413 0.0947 -0.8355
vn 0.4898 0.0483 -0.8705
vn 0.5102 0.0878 -0.8555
vn 0.7280 0.3092 -0.6120
vn 0.6238 0.0934 -0.7760
vn -0.6313 -0.7570 0.1687
vn -0.6478 -0.7140 0.2657
vn -0.6373 -0.7619 0.1156
vn -0.7256 -0.6813 0.0960
vn -0.1293 -0.8158 -0.5637
vn -0.0831 -0.8148 -0.5737
vn 0.0270 -0.7623 -0.6467
vn 0.0396 -0.7247 -0.6879
vn 0.8023 0.2729 0.5309
vn 0.7007 0.1692 0.6931
vn 0.7809 0.1666 0.6020
vn 0.9010 0.2225 0.3725
vn 0.9453 0.3219 0.0535
vn 0.9171 0.3902 -0.0816
vn 0.4544 0.3733 0.8088
vn 0.6516 0.2275 0.7236
vn 0.7009 0.0857 -0.7081
vn 0.8305 0.2988 -0.4701
vn 0.7605 0.1217 -0.6378
vn 0.7375 0.0848 -0.6700
vn 0.6650 0.0419 -0.7457
vn -0.6053 0.0412 0.7949
vn -0.6326 0.0050 0.7745
vn -0.5723 0.0069 0.8200
vn -0.5762 0.0498 0.8158
vn 0.6309 -0.0252 -0.7755
vn 0.5428 -0.0848 -0.8356
vn 0.6696 0.0413 -0.7415
vn 0.6241 -0.0326 -0.7807
vn 0.5887 -0.1005 -0.8021
vn 0.8385 0.4515 -0.3052
vn 0.1240 0.5788 0.8060
vn 0.0353 0.6022 0.7975
vn 0.1699 0.5542 0.8149
vn 0.3771 0.4447 0.8124
vn 0.6217 -0.0848 -0.7787
vn 0.5480 -0.1185 -0.8280
vn 0.6830 0.0054 -0.7304
vn 0.6034 -0.0930 -0.7920
vn 0.8238 0.0862 -0.5602
vn 0.8376 0.1494 -0.5254
vn 0.9652 0.1925 -0.1772
vn 0.7468 0.0186 -0.6648
vn -0.5819 -0.0916 0.8081
vn -0.6551 -0.1870 0.7320
vn -0.7512 -0.2035 0.6280
vn -0.6674 -0.2112 0.7141
vn -0.3441 0.0797 0.9356
vn -0.3284 0.0079 0.9445
vn -0.4271 -0.1880 0.8844
vn 0.2011 0.1342 0.9703
vn 0.9450 -0.2407 -0.2215
vn 0.9493 -0.2539 -0.1856
vn 0.9650 -0.2566 -0.0539
vn 0.9583 -0.2176 -0.1854
vn 0.9667 -0.2555 0.0180
vn 0.9621 -0.2649 0.0653
vn 0.9724 -0.2330 0.0155
vn 0.9783 -0.2060 -0.0208
vn 0.6971 0.6627 -0.2737
vn 0.7182 0.6164 -0.3230
vn 0.6601 0.4905 0.5689
vn 0.5937 0.5078 0.6242
vn 0.6687 0.4975 0.5526
vn 0.7541 0.4525 0.4760
vn 0.6785 0.5912 -0.4360
vn 0.6802 0.6789 -0.2765
vn 0.0365 -0.1974 0.9796
vn -0.0319 -0.3441 0.9384
vn 0.0407 -0.4346 0.8997
vn -0.1540 -0.7329 0.6627
vn -0.1611 -0.3776 0.9118
vn -0.1214 -0.2163 0.9687
vn 0.4998 -0.0179 -0.8660
vn 0.7270 0.0232 -0.6862
vn 0.5783 0.1254 -0.8062
vn 0.6894 0.1518 -0.7083
vn 0.4460 0.3387 -0.8285
vn 0.3597 0.2742 -0.8919
vn 0.2564 0.1360 -0.9570
vn 0.1359 -0.8744 0.4659
vn 0.5722 -0.6043 0.5545
vn 0.2616 -0.8537 0.4504
vn 0.4735 -0.6859 -0.5525
vn 0.6144 -0.6847 -0.3919
vn 0.4115 -0.6755 -0.6118
vn 0.0717 -0.7109 -0.6996
vn -0.0965 -0.9023 0.4201
vn 0.6175 0.5569 -0.5554
vn 0.7719 0.5877 -0.2425
vn 0.7993 0.5331 -0.2775
vn 0.8916 0.3231 0.3173
vn 0.7620 0.4673 0.4483
vn 0.9258 0.3028 0.2262
vn 0.9020 0.1388 0.4089
vn 0.8415 0.1562 0.5172
vn 0.9116 0.2557 -0.3217
vn 0.7706 0.4277 -0.4725
vn 0.5620 0.5251 -0.6391
vn 0.0227 -0.3584 0.9333
vn -0.1815 -0.4542 0.8722
vn -0.1152 -0.4535 0.8838
vn -0.3070 -0.7897 0.5311
vn -0.1691 -0.6196 0.7665
vn 0.0748 -0.5786 0.8122
vn -0.2076 -0.9107 0.3571
vn -0.0526 -0.7216 -0.6904
vn 0.0453 -0.7259 -0.6863
vn -0.0721 -0.7317 -0.6778
vn -0.1507 -0.7887 -0.5961
vn -0.2957 -0.9040 0.3087
vn -0.2016 -0.7856 0.5850
vn 0.2525 0.2056 -0.9455
vn 0.3672 0.3645 -0.8557
vn 0.4636 0.4147 -0.7830
vn 0.3271 0.3634 -0.8723
vn 0.2324 0.2141 -0.9488
vn 0.5268 -0.6887 -0.4982
vn 0.4942 -0.6659 -0.5589
vn 0.4299 -0.6167 -0.6595
vn 0.1216 -0.9241 0.3622
vn -0.1025 -0.9511 0.2914
vn -0.1889 -0.9536 0.2344
vn -0.1431 -0.8691 -0.4734
vn -0.1403 -0.8887 -0.4365
vn 0.4629 0.2471 -0.8513
vn 0.7810 0.1650 -0.6023
vn 0.4766 0.1051 -0.8728
vn -0.0625 -0.3024 0.9511
vn -0.1199 -0.4475 0.8862
vn -0.0770 -0.3339 0.9395
vn 0.9654 -0.2520 -0.0673
vn 0.9643 -0.2586 -0.0569
vn 0.9858 -0.1677 0.0052
vn 0.9837 -0.1684 -0.0626
vn 0.2321 0.1943 0.9531
vn -0.0000 0.1181 0.9930
vn 0.3159 0.1564 0.9358
vn 0.3424 0.1858 0.9210
vn -0.0000 0.3095 0.9509
vn -0.0000 0.1944 0.9809
vn 0.3174 0.1720 0.9326
vn 0.5395 0.1842 0.8216
vn -0.0000 0.1533 0.9882
vn -0.0000 0.0995 0.9950
vn 0.5436 -0.1883 -0.8179
vn 0.8426 -0.2293 -0.4873
vn 0.9731 -0.1642 -0.1616
vn 0.5184 -0.2475 -0.8185
vn 0.4517 -0.2481 -0.8570
vn 0.5134 -0.2516 -0.8204
vn 0.9468 -0.2341 -0.2206
vn 0.9604 -0.2119 -0.1807
vn 0.5461 -0.2247 -0.8070
vn 0.2496 -0.9672 -0.0478
vn 0.4694 -0.8822 -0.0375
vn -0.0000 -0.9990 -0.0446
vn 0.4861 -0.8725 -0.0484
vn 0.9965 -0.0828 0.0129
vn 0.9993 -0.0021 0.0376
vn 1.0000 -0.0008 -0.0016
vn 0.9809 -0.1890 0.0466
vn 0.9440 -0.1152 -0.3091
vn 0.9332 -0.2420 -0.2657
vn 0.5532 -0.2068 -0.8070
vn 0.9669 -0.2124 -0.1417
vn 0.9653 -0.2473 -0.0843
vn 0.9904 -0.0907 -0.1046
vn 0.9987 -0.0396 0.0315
vn 0.9971 -0.0179 0.0733
vn 0.9868 -0.1049 -0.1234
vn 0.9984 -0.0520 -0.0229
vn 0.7523 0.0797 -0.6540
vn 0.8256 -0.0602 -0.5611
vn 0.7165 -0.1609 -0.6788
vn 0.9792 -0.1202 -0.1634
vn 0.9786 -0.0339 -0.2030
vn 0.9379 0.1205 -0.3252
vn 0.8376 -0.5240 0.1544
vn 0.6164 -0.7557 -0.2212
vn 0.0199 -0.9567 -0.2902
vn 0.0188 -0.6788 -0.7341
vn -0.0000 -0.4856 -0.8742
vn -0.0000 -0.6689 -0.7433
vn -0.0000 -0.8362 0.5485
vn 0.0030 -0.8362 0.5484
vn 0.0039 -0.8358 0.5491
vn 0.5773 -0.7768 0.2517
vn 0.3485 0.3227 -0.8800
vn -0.0000 0.3250 -0.9457
vn 0.2495 0.1976 -0.9480
vn 0.8551 0.2391 -0.4601
vn 0.0097 0.6293 -0.7771
vn -0.0000 0.4629 -0.8864
vn 0.3523 -0.2001 -0.9143
vn 0.3006 -0.1496 -0.9419
vn -0.0000 -0.1786 -0.9839
vn -0.0000 -0.2396 -0.9709
vn 0.0355 -0.4748 -0.8794
vn 0.7195 -0.2536 -0.6465
vn 0.9666 0.1382 -0.2157
vn 0.9967 -0.0426 -0.0698
vn 0.9981 -0.0292 -0.0546
vn 0.9777 -0.2102 -0.0037
vn 0.9771 -0.2116 0.0201
vn 0.9967 -0.0372 -0.0717
vn 0.9660 0.1256 -0.2259
vn -0.0292 0.7343 -0.6782
vn -0.0000 0.6329 -0.7743
vn 0.9058 0.2738 -0.3234
vn 0.9673 0.1379 -0.2130
vn 0.9164 0.2829 -0.2831
vn -0.0529 0.7622 -0.6452
vn -0.0000 0.7358 -0.6772
vn 0.9947 -0.0237 -0.0998
vn 0.9931 -0.0780 -0.0880
vn 0.9967 -0.0312 -0.0746
vn 0.9727 0.1438 -0.1820
vn 0.9540 0.1385 -0.2657
vn 0.9958 -0.0479 -0.0780
vn 0.9472 -0.3208 -0.0017
vn 0.9396 -0.3412 -0.0261
vn 0.9766 -0.0955 -0.1925
vn 0.9375 0.1445 -0.3165
vn 0.9183 -0.3947 0.0320
vn 0.9320 -0.3607 -0.0360
vn -0.0020 -0.9930 0.1182
vn -0.0000 -0.9993 -0.0375
vn -0.0000 -0.9921 0.1257
vn -0.0029 -0.9724 0.2332
vn 0.9651 -0.2619 0.0002
vn -0.0339 0.7081 -0.7053
vn -0.0000 0.7381 -0.6747
vn -0.0583 0.7375 -0.6728
vn 0.8989 0.2790 -0.3378
vn 0.9639 0.1528 -0.2182
vn 0.9062 0.2460 -0.3439
vn -0.0035 0.6487 -0.7610
vn -0.0000 0.7061 -0.7081
vn 0.9146 0.1273 -0.3838
vn 0.9682 -0.1157 -0.2217
vn 0.9303 -0.3557 -0.0893
vn -0.0093 -0.9725 -0.2328
vn -0.0000 -0.9970 -0.0777
vn -0.0000 -0.9725 -0.2330
vn 0.0515 0.3983 -0.9158
vn -0.0000 0.4776 -0.8786
vn 0.0386 0.4787 -0.8771
vn 0.8624 -0.5035 0.0524
vn 0.9026 -0.4269 0.0544
vn -0.0083 -0.9908 0.1350
vn -0.0000 -0.9730 0.2307
vn -0.0000 -0.9912 0.1326
vn -0.0129 -0.9978 -0.0657
vn 0.0179 0.5824 -0.8127
vn -0.0000 0.6471 -0.7624
vn 0.8750 0.2682 -0.4031
vn -0.0000 0.5820 -0.8132
vn 0.6756 -0.6556 -0.3373
vn 0.9351 -0.3292 -0.1310
vn 0.6382 -0.7563 -0.1437
vn 0.1474 -0.8979 -0.4148
vn -0.0000 -0.8733 -0.4871
vn 0.0047 -0.8734 -0.4870
vn 0.7854 -0.4498 -0.4252
vn 0.1645 -0.9193 -0.3574
vn -0.0000 -0.9323 -0.3616
vn -0.0000 -0.9049 -0.4255
vn -0.0000 -0.1789 -0.9839
vn 0.5437 -0.1301 -0.8292
vn 0.3181 -0.1966 0.9275
vn 0.0598 -0.1931 0.9794
vn 0.2756 -0.1455 0.9502
vn 0.0521 -0.1148 0.9920
vn 0.2135 -0.0337 0.9764
vn 0.4512 -0.1153 0.8850
vn 0.8042 -0.5851 -0.1049
vn 0.7348 -0.6042 0.3082
vn 0.8315 -0.5332 -0.1561
vn 0.8599 -0.4694 -0.2005
vn 0.6919 -0.7215 -0.0266
vn 0.7275 -0.6347 0.2606
vn 0.3490 0.7542 -0.5562
vn 0.1626 0.8145 -0.5569
vn 0.1358 0.5873 -0.7979
vn 0.1283 0.3709 -0.9198
vn 0.7477 0.3927 -0.5355
vn 0.6922 0.5701 -0.4425
vn 0.4353 0.8091 -0.3949
vn -0.0000 0.5018 0.8650
vn 0.0780 0.2774 0.9576
vn 0.1711 0.4536 0.8746
vn 0.0970 0.2011 0.9748
vn 0.2722 0.3690 0.8887
vn 0.3628 0.5365 0.7619
vn 0.2107 0.6064 0.7667
vn 0.9831 -0.0927 -0.1577
vn 0.9442 -0.1144 -0.3089
vn 0.9766 -0.0669 -0.2045
vn 0.1659 0.4362 -0.8844
vn 0.1484 0.3120 -0.9384
vn 0.1645 0.4493 -0.8781
vn -0.0000 0.4896 -0.8719
vn -0.0000 0.9747 -0.2233
vn 0.3710 0.8928 -0.2555
vn 0.5018 0.8429 -0.1945
vn 0.7257 0.6726 -0.1447
vn 0.7435 0.6483 -0.1641
vn 0.1119 0.1033 0.9883
vn 0.4227 0.2629 0.8673
vn 0.1197 0.0329 0.9923
vn 0.1021 0.0394 0.9940
vn 0.7033 0.3207 0.6345
vn 0.5580 0.4442 0.7009
vn -0.0000 -0.3085 0.9512
vn 0.1349 -0.2462 0.9598
vn 0.1793 -0.2727 0.9453
vn 0.4239 -0.1074 0.8993
vn 0.4492 -0.1786 0.8754
vn 0.1801 -0.2705 0.9457
vn -0.1474 -0.1202 0.9817
vn -0.3099 -0.0090 0.9507
vn -0.2892 -0.1352 0.9477
vn -0.1275 -0.2080 0.9698
vn -0.1846 -0.0200 0.9826
vn 0.6881 0.0876 -0.7203
vn 0.5861 -0.0043 -0.8102
vn 0.5536 0.1071 -0.8259
vn 0.7222 0.2666 -0.6382
vn 0.6867 0.0005 -0.7270
vn -0.2143 0.1119 0.9703
vn -0.3312 0.0779 0.9403
vn -0.1975 0.0566 0.9787
vn -0.2532 0.1011 0.9621
vn 0.1738 -0.7068 0.6857
vn 0.2606 -0.6822 0.6832
vn 0.2538 -0.6896 0.6782
vn 0.6064 -0.6734 -0.4228
vn 0.6111 -0.4375 -0.6596
vn 0.6430 -0.4402 -0.6267
vn 0.5301 -0.6684 -0.5217
vn 0.0471 -0.7030 0.7097
vn 0.1340 -0.6973 0.7042
vn 0.5422 -0.1629 -0.8243
vn 0.6572 -0.1234 -0.7435
vn 0.7324 0.4072 -0.5456
vn 0.5104 0.3874 -0.7677
vn 0.7295 0.4167 -0.5423
vn 0.3127 0.6355 0.7060
vn 0.3238 0.6297 0.7062
vn 0.3114 0.6211 0.7192
vn 0.1975 0.6401 0.7425
vn 0.9911 0.1212 -0.0549
vn 0.9945 0.0999 0.0306
vn 0.9553 0.2251 -0.1915
vn -0.5415 0.7266 0.4229
vn -0.1550 0.7523 0.6403
vn -0.3701 0.7061 0.6037
vn -0.5926 0.6354 0.4952
vn -0.6186 0.6155 0.4883
vn 0.1461 0.5437 -0.8265
vn 0.3426 0.3135 -0.8856
vn 0.9853 -0.1678 0.0308
vn 0.9915 -0.0825 -0.1005
vn 0.9976 -0.0252 0.0643
vn 0.9881 -0.0404 -0.1484
vn 0.4132 -0.1326 -0.9009
vn 0.3153 -0.2317 -0.9203
vn 0.8615 -0.3296 0.3862
vn -0.1049 -0.7168 -0.6893
vn -0.0860 -0.7284 -0.6798
vn -0.1115 -0.7128 -0.6925
vn -0.5813 -0.6731 0.4572
vn -0.5595 -0.6884 0.4616
vn -0.5499 -0.6949 0.4634
vn -0.3772 0.1926 0.9059
vn -0.1683 0.0612 0.9838
vn 0.2355 -0.0320 0.9713
vn -0.1414 -0.0121 0.9899
vn 0.9979 0.0228 -0.0602
vn 0.4247 0.1416 -0.8942
vn 0.4740 0.0028 -0.8805
vn -0.1352 -0.1067 0.9851
vn 0.2373 -0.2582 0.9365
vn -0.4632 -0.1841 0.8669
vn 0.5209 0.0810 -0.8498
vn 0.5903 0.2232 -0.7757
vn 0.5062 0.0451 -0.8612
vn -0.0340 -0.4620 0.8862
vn -0.0489 -0.4691 0.8818
vn 0.6748 -0.3532 -0.6480
vn 0.5787 -0.1914 -0.7927
vn 0.6228 -0.2170 -0.7517
vn 0.6484 -0.5374 -0.5392
vn -0.1996 -0.2931 0.9350
vn -0.4510 0.0377 0.8917
vn -0.4636 0.0019 0.8860
vn -0.4691 -0.0525 0.8816
vn -0.4755 0.0295 0.8792
vn 0.4998 -0.0073 -0.8661
vn 0.6267 0.3223 -0.7095
vn -0.0752 0.5259 0.8472
vn -0.0573 0.5266 0.8481
vn -0.0265 0.5477 0.8362
vn -0.4483 -0.0880 0.8895
vn -0.1987 -0.4897 0.8489
vn -0.3679 -0.2932 0.8824
vn -0.2291 -0.5380 0.8112
vn 0.8238 -0.4690 -0.3185
vn 0.8666 -0.4000 -0.2982
vn 0.8917 -0.3528 -0.2837
vn 0.8790 0.1806 0.4413
vn 0.7949 0.1817 0.5789
vn 0.6576 0.1626 0.7356
vn 0.9990 -0.0428 -0.0109
vn 0.9975 -0.0519 -0.0482
vn 0.9996 -0.0104 0.0250
vn 0.9981 -0.0477 -0.0387
vn 0.9998 -0.0199 -0.0070
vn -0.0000 0.1042 0.9946
vn 0.8409 -0.0007 0.5412
vn 0.9120 0.0751 0.4032
vn 0.6925 0.2543 0.6751
vn 0.9991 0.0304 0.0304
vn 0.9921 0.0698 0.1044
vn 0.9961 0.0345 0.0815
vn 0.9999 0.0146 0.0054
vn 0.9997 0.0194 0.0150
vn 0.9995 0.0247 0.0209
vn -0.0000 0.4891 -0.8722
vn 0.9433 0.1751 -0.2820
vn 0.9055 0.1684 -0.3896
vn 0.9993 0.0311 -0.0227
vn 0.9977 0.0417 -0.0525
vn 0.9995 0.0179 0.0245
vn 0.9997 0.0242 0.0052
vn 0.9995 0.0281 -0.0142
vn 0.6532 -0.2708 0.7071
vn 0.6252 -0.4127 0.6624
vn 0.6017 -0.4730 0.6436
vn 0.4581 -0.2542 0.8518
vn -0.0000 0.1937 -0.9811
vn 0.1561 0.0402 -0.9869
vn -0.0000 0.1106 -0.9939
vn 0.0780 0.1313 -0.9883
vn 0.2244 -0.0813 -0.9711
vn 0.0546 -0.0666 0.9963
vn 0.0628 -0.1601 0.9851
vn 0.3592 -0.1334 0.9237
vn 0.0684 -0.2252 0.9719
vn 0.5641 -0.1481 0.8123
vn 0.6209 -0.0769 0.7801
vn 0.6451 0.0853 0.7593
vn 0.0785 0.0196 0.9967
vn 0.0599 0.0202 0.9980
vn 0.0537 -0.0508 0.9973
vn 0.6602 0.2550 0.7065
vn 0.6541 0.1050 0.7491
vn 0.6655 0.2780 0.6927
vn 0.6879 0.3221 0.6505
vn -0.0618 0.3148 -0.9471
vn 0.1538 0.2339 -0.9600
vn -0.0000 0.1249 -0.9922
vn 0.2232 0.1646 -0.9608
vn 0.0403 0.3148 -0.9483
vn 0.9754 -0.2096 0.0687
vn 0.9788 -0.1888 -0.0798
vn 0.9760 -0.1932 0.1002
vn 0.3623 -0.0785 -0.9288
vn 0.4962 -0.0639 -0.8659
vn 0.5547 -0.0557 -0.8302
vn 0.5580 0.0487 -0.8284
vn 0.9855 0.1139 0.1260
vn 0.3878 0.3378 0.8576
vn 0.6986 0.3406 0.6293
vn 0.3762 0.3742 0.8476
vn -0.0000 0.3572 0.9340
vn -0.0000 0.3137 0.9495
vn 0.3953 0.3019 0.8675
vn 0.7252 0.3148 0.6123
vn 0.3726 0.4091 0.8329
vn 0.5005 0.4616 0.7324
vn 0.3858 0.4638 0.7975
vn -0.0000 0.4080 0.9130
vn -0.0000 0.3887 0.9214
vn 0.6938 0.4301 0.5777
vn 0.4562 0.6422 0.6160
vn 0.3204 0.6555 0.6839
vn -0.0000 0.8610 0.5086
vn -0.0000 0.8503 0.5263
vn -0.0000 0.4293 0.9031
vn 0.9602 -0.0828 -0.2667
vn 0.9912 0.1149 -0.0654
vn 0.9537 -0.0940 -0.2856
vn 0.9523 -0.1310 -0.2755
vn 0.3908 -0.0965 -0.9154
vn 0.9319 0.3143 0.1810
vn 0.8931 0.3692 0.2570
vn 0.9135 0.3237 0.2463
vn 0.8716 0.3754 0.3152
vn 0.8989 0.3202 0.2990
vn 0.9549 0.1912 0.2274
vn 0.9686 0.1847 0.1667
vn 0.8956 0.3989 0.1970
vn 0.9053 0.4239 -0.0276
vn 0.9310 0.3223 0.1716
vn 0.9529 0.2993 -0.0488
vn 0.9319 0.3031 0.1991
vn 0.7297 0.3210 0.6037
vn 0.0089 0.2433 -0.9699
vn 0.0194 0.2070 -0.9781
vn 0.0263 0.2428 -0.9697
vn 0.0211 0.3297 -0.9439
vn -0.0000 0.3319 -0.9433
vn -0.0000 0.2407 -0.9706
vn 0.0134 0.1957 -0.9806
vn 0.8946 0.4293 0.1240
vn 0.8709 0.4310 0.2361
vn 0.9296 0.3652 0.0504
vn 0.8828 0.4620 0.0851
vn 0.9467 0.2904 0.1393
vn 0.9541 0.2995 -0.0079
vn 0.8771 0.4796 0.0269
vn 0.8604 0.4489 0.2411
vn 0.7764 0.3359 0.5332
vn 0.8811 0.3687 0.2962
vn 0.8348 0.5493 0.0382
vn 0.8625 0.5061 -0.0045
vn 0.6955 0.3242 0.6412
vn 0.8381 -0.0945 -0.5372
vn 0.5647 -0.2399 -0.7897
vn 0.5736 -0.0411 -0.8181
vn 0.6205 0.1316 -0.7731
vn 0.9966 -0.0553 0.0608
vn 0.9851 -0.1714 -0.0151
vn 0.7836 -0.2617 -0.5634
vn -0.3305 0.4356 -0.8373
vn -0.3326 0.3186 -0.8876
vn -0.2733 0.4235 -0.8637
vn -0.2045 0.4188 -0.8848
vn -0.2111 0.4843 -0.8491
vn 0.5939 0.3569 -0.7211
vn 0.3140 0.2384 -0.9190
vn 0.3450 0.2306 -0.9098
vn -0.0000 0.2097 -0.9778
vn -0.0000 0.1981 -0.9802
vn 0.3200 0.2502 -0.9138
vn 0.5690 0.4975 -0.6548
vn 0.9180 -0.2068 0.3384
vn 0.9073 -0.0499 0.4174
vn 0.7858 -0.2266 0.5756
vn 0.8145 -0.2453 0.5257
vn 0.9204 -0.1859 0.3439
vn 0.9729 0.1489 0.1772
vn 0.2452 0.7048 0.6657
vn -0.0000 0.7160 0.6981
vn 0.2703 0.6742 0.6873
vn 0.5181 0.6313 0.5771
vn 0.5581 0.6674 0.4930
vn 0.2499 0.7829 0.5698
vn -0.0000 0.7457 0.6663
vn 0.2198 0.8397 0.4966
vn -0.0000 0.8352 0.5500
vn 0.4886 0.7312 0.4760
vn 0.4159 0.7983 -0.4357
vn 0.4266 0.7980 -0.4258
vn -0.0000 0.8714 -0.4905
vn 0.9915 0.0174 -0.1291
vn 0.9969 0.0084 0.0788
vn 0.9979 -0.0647 0.0016
vn 0.9836 0.0096 0.1801
vn 0.9921 0.0079 0.1255
vn 0.6046 0.2606 -0.7527
vn 0.3335 0.1799 -0.9254
vn 0.3547 0.2191 -0.9089
vn -0.0000 0.1747 -0.9846
vn -0.0000 0.2540 -0.9672
vn 0.5847 0.2468 -0.7728
vn 0.4749 0.7160 -0.5118
vn 0.4712 0.4840 -0.7374
vn 0.4660 0.6248 -0.6264
vn 0.9026 0.4249 0.0695
vn 0.8963 0.4366 0.0782
vn 0.9184 0.3872 0.0815
vn 0.9892 0.0793 0.1236
vn 0.5104 0.6110 -0.6051
vn 0.4857 0.7013 -0.5218
vn 0.8288 0.4879 0.2740
vn 0.7827 0.4924 0.3807
vn 0.5311 0.6093 0.5888
vn 0.8049 0.4515 0.3850
vn 0.9200 0.3579 0.1596
vn 0.7024 0.2328 -0.6727
vn 0.6727 0.3327 -0.6610
vn 0.9279 0.3719 0.0255
vn 0.9304 0.3596 0.0719
vn 0.6511 0.5395 -0.5338
vn 0.6985 0.3646 -0.6158
vn 0.8134 0.5273 0.2456
vn 0.9315 0.3455 0.1135
vn 0.3794 0.1745 -0.9086
vn 0.2778 0.1219 -0.9529
vn -0.0000 0.0858 -0.9963
vn 0.5135 0.8165 -0.2637
vn 0.4987 0.7623 -0.4125
vn 0.3401 0.8918 -0.2984
vn 0.3166 0.9468 -0.0570
vn 0.9312 0.3501 0.1012
vn 0.9943 0.0700 -0.0799
vn 0.8024 -0.1952 0.5640
vn 0.9635 -0.2240 0.1467
vn 0.9245 -0.1553 0.3481
vn 0.9740 -0.2107 -0.0834
vn -0.3139 0.1873 -0.9308
vn -0.4093 0.2630 -0.8737
vn -0.3589 0.1800 -0.9158
vn 0.0948 0.0888 -0.9915
vn 0.8625 0.4944 0.1085
vn 0.8967 0.4400 0.0475
vn 0.9059 0.4078 0.1143
vn 0.9266 0.2771 0.2541
vn 0.8893 0.4118 0.1989
vn 0.4805 -0.2116 0.8511
vn 0.1225 0.0250 0.9921
vn 0.2789 -0.1292 0.9516
vn 0.3750 -0.3323 0.8654
vn 0.5563 -0.3170 0.7681
vn 0.7747 -0.2563 0.5780
vn 0.2143 -0.5135 0.8309
vn 0.4856 -0.3268 0.8108
vn -0.4762 -0.5097 0.7165
vn -0.3204 -0.4298 0.8442
vn 0.8428 -0.2353 0.4840
vn 0.9991 -0.0176 0.0388
vn 0.9723 0.1627 0.1680
vn 0.9920 0.0663 0.1078
vn 0.9833 0.0645 0.1701
vn 0.9956 -0.0381 -0.0851
vn 0.8450 -0.4588 -0.2748
vn 0.3812 -0.7174 -0.5831
vn 0.5307 -0.5231 -0.6668
vn 0.8717 -0.2359 0.4296
vn 0.9179 0.2297 0.3237
vn 0.9309 0.2601 0.2563
vn 0.9887 0.0671 -0.1341
vn 0.9636 -0.1173 -0.2401
vn 0.9649 -0.1447 -0.2190
vn 0.9624 -0.1342 -0.2364
vn 0.9424 0.2894 0.1676
vn 0.9592 0.2559 0.1205
vn 0.9494 -0.0230 0.3131
vn 0.9570 0.0436 0.2866
vn 0.9243 0.0383 0.3798
vn 0.9058 -0.0479 0.4210
vn 0.9647 0.0355 0.2610
vn 0.9691 0.2363 0.0705
vn 0.9239 0.0370 0.3808
vn 0.9152 0.4028 0.0116
vn 0.9237 0.3760 0.0737
vn 0.9012 0.4317 0.0385
vn 0.9541 0.2980 -0.0280
vn 0.0220 0.1835 -0.9828
vn -0.0000 0.1960 -0.9806
vn 0.0314 0.1913 -0.9810
vn -0.0000 0.1833 -0.9831
vn -0.0000 0.1739 -0.9848
vn 0.0408 0.5931 -0.8041
vn 0.0461 0.3479 -0.9364
vn 0.1020 0.6858 -0.7206
vn 0.0821 0.7776 -0.6233
vn -0.0000 0.7840 -0.6208
vn -0.0000 0.6081 -0.7939
vn 0.0096 -0.0211 0.9997
vn 0.0182 0.0209 0.9996
vn 0.0111 0.0246 0.9996
vn 0.0185 0.0775 0.9968
vn 0.0128 0.0791 0.9968
vn -0.0000 0.0218 0.9998
vn -0.0000 -0.0232 0.9997
vn 0.0235 0.1296 0.9913
vn 0.0133 0.1215 0.9925
vn -0.0000 0.1464 0.9892
vn -0.0000 0.1205 0.9927
vn -0.0000 0.0717 0.9974
vn 0.1352 0.2682 -0.9538
vn 0.1439 0.2959 -0.9443
vn 0.1335 0.2669 -0.9544
vn 0.7275 0.3936 -0.5620
vn 0.7126 0.4048 -0.5731
vn 0.7449 0.3791 -0.5489
vn 0.1350 0.3405 -0.9305
vn 0.0248 -0.0494 0.9985
vn 0.0277 -0.1795 0.9834
vn 0.0058 -0.1159 0.9932
vn -0.0158 -0.2195 0.9755
vn -0.0156 -0.1748 0.9845
vn -0.0000 -0.1021 0.9948
vn -0.0034 -0.1151 0.9933
vn -0.0003 -0.0341 0.9994
vn 0.0079 -0.0610 0.9981
vn 0.0157 -0.0150 0.9998
vn -0.0000 -0.0637 0.9980
vn -0.0000 -0.1204 0.9927
vn -0.0330 -0.1654 0.9857
vn -0.0162 -0.1622 0.9866
vn -0.0243 -0.0878 0.9958
vn -0.0000 -0.1657 0.9862
vn -0.0000 -0.1719 0.9851
vn 0.9754 0.1488 -0.1629
vn 0.9136 0.3105 -0.2625
vn 0.9176 0.2884 -0.2737
vn -0.0694 0.7761 -0.6268
vn -0.0000 0.8025 -0.5966
vn -0.0717 0.8008 -0.5946
vn 0.9626 0.1774 -0.2049
vn 0.8877 0.3126 -0.3380
vn 0.8972 0.3272 -0.2966
vn -0.0000 0.7734 -0.6339
vn 0.9704 0.1744 -0.1669
vn 0.9966 -0.0368 -0.0735
vn 0.9903 -0.0770 -0.1154
vn 0.9961 -0.0365 -0.0801
vn 0.9964 -0.0448 -0.0718
vn 0.9947 -0.0773 -0.0681
vn -0.0000 0.7845 -0.6201
vn -0.0647 0.7811 -0.6211
vn -0.0000 0.7623 -0.6473
vn 0.9863 -0.0732 -0.1475
vn 0.3929 0.2261 0.8913
vn -0.0000 0.1991 0.9800
vn -0.0000 0.0966 0.9953
vn 0.4214 0.1745 0.8899
vn 0.9913 -0.0885 0.0975
vn 0.9012 -0.4192 -0.1104
vn 0.9860 -0.0659 -0.1535
vn 0.5346 -0.2461 -0.8085
vn 0.3288 -0.7616 -0.5585
vn 0.3329 -0.7812 -0.5281
vn 0.4953 -0.2786 0.8229
vn 0.5944 -0.3613 0.7184
vn 0.4705 -0.4754 0.7433
vn 0.8068 -0.1821 0.5621
vn -0.4459 -0.6726 0.5906
vn 0.2590 -0.7910 0.5542
vn 0.3595 0.1386 0.9228
vn 0.4981 -0.0793 0.8635
vn 0.4174 -0.0764 0.9055
vn 0.9789 0.2017 -0.0334
vn 0.9140 0.4057 0.0028
vn 0.8328 0.5504 0.0598
vn 0.2978 0.9038 -0.3072
vn 0.3195 0.9382 -0.1329
vn 0.4359 0.8390 -0.3257
vn 0.9677 0.0257 -0.2506
vn 0.5101 0.0318 -0.8595
vn 0.5564 0.1719 -0.8130
vn 0.4993 -0.2188 -0.8384
vn 0.8582 -0.4752 -0.1943
vn 0.9951 -0.0873 0.0470
vn 0.9967 -0.0528 -0.0622
vn 0.9818 -0.0750 0.1747
vn 0.9941 -0.0623 -0.0883
vn 0.5595 -0.8230 -0.0979
vn 0.5461 -0.8366 -0.0428
vn 0.5659 -0.8165 -0.1141
vn 0.7030 0.7092 0.0532
vn 0.6808 0.7323 0.0163
vn 0.6794 0.7336 0.0166
vn 0.7773 0.6273 0.0476
vn 0.7754 0.6146 0.1452
vn 0.7757 0.6279 0.0641
vn 0.5635 -0.8179 -0.1163
vn 0.5545 -0.8290 -0.0728
vn 0.5673 -0.8125 -0.1341
vn 0.6793 0.7337 0.0176
vn 0.6062 -0.7727 -0.1884
vn 0.6114 -0.7714 -0.1768
vn 0.7949 0.6066 0.0132
vn 0.7682 0.6366 0.0670
vn 0.7645 0.6402 0.0761
vn 0.9820 -0.0674 -0.1762
vn 0.6812 0.7277 0.0806
vn 0.6814 0.7276 0.0791
vn 0.6855 0.7238 0.0791
vn 0.6808 -0.7200 -0.1342
vn 0.6742 -0.7321 -0.0975
vn 0.6829 -0.7159 -0.1451
vn 0.6861 -0.7067 -0.1729
vn 0.6921 -0.7001 -0.1756
vn 0.7546 0.6364 0.1600
vn 0.7627 0.6028 0.2345
vn 0.7579 0.6344 0.1520
vn 0.6018 -0.7695 -0.2140
vn 0.5790 -0.7963 -0.1749
vn 0.5795 -0.7961 -0.1747
vn 0.5953 -0.7714 -0.2248
vn 0.6039 -0.7761 -0.1816
vn 0.6126 -0.7694 -0.1810
vn 0.7954 0.6059 0.0115
vn 0.7083 0.6994 0.0954
vn 0.7047 0.7073 0.0550
vn 0.7605 0.6419 0.0983
vn 0.5792 -0.7960 -0.1760
vn -0.0000 -0.7235 -0.6904
vn -0.0000 -0.5548 -0.8320
vn -0.0000 -0.1505 0.9886
vn -0.0000 -0.3200 0.9474
vn 0.0028 -0.1308 -0.9914
vn -0.0000 -0.2470 -0.9690
vn -0.0000 -0.2629 -0.9648
vn -0.0000 -0.9333 0.3592
vn -0.0000 -0.3496 0.9369
vn -0.0000 -0.4798 0.8774
vn -0.0000 -0.5545 -0.8322
vn -0.2496 -0.0344 0.9677
vn -0.9174 -0.1446 0.3709
vn -0.9284 -0.1643 0.3334
vn -0.9536 -0.2224 0.2027
vn -0.3465 -0.1821 0.9202
vn -0.3783 -0.1443 0.9144
vn -0.6134 -0.2715 0.7416
vn -0.2981 -0.1437 0.9437
vn -0.5973 0.3809 -0.7058
vn -0.6691 0.2514 -0.6993
vn -0.6055 0.2402 -0.7587
vn 0.0724 0.6148 0.7854
vn -0.0702 0.6393 0.7657
vn -0.1975 0.6401 0.7425
vn 0.1238 0.5440 0.8299
vn 0.2322 0.3505 0.9073
vn -0.6021 0.3277 -0.7281
vn -0.9466 -0.2246 -0.2315
vn -0.9846 -0.1737 0.0183
vn -0.9531 -0.1631 -0.2551
vn -0.9299 -0.2079 -0.3034
vn -0.9349 -0.1621 -0.3156
vn -0.9350 -0.1608 -0.3162
vn -0.5803 -0.1046 -0.8076
vn -0.4488 -0.0872 -0.8893
vn -0.4767 -0.1033 -0.8730
vn -0.3427 -0.0820 -0.9359
vn -0.3628 -0.1075 -0.9256
vn -0.3086 -0.2020 -0.9295
vn -0.2530 -0.1849 -0.9496
vn -0.3574 -0.1402 -0.9234
vn -0.4592 -0.2173 -0.8613
vn -0.3432 -0.1450 -0.9280
vn -0.2995 -0.2074 -0.9313
vn -0.4591 -0.1175 -0.8806
vn -0.2905 -0.3383 0.8951
vn -0.5886 -0.3628 0.7224
vn -0.3288 -0.3019 0.8948
vn -0.7552 -0.2822 0.5917
vn -0.3636 -0.2476 0.8981
vn -0.3055 -0.0565 -0.9505
vn -0.4261 -0.0601 -0.9027
vn -0.4779 -0.0617 -0.8762
vn -0.4422 0.0127 -0.8968
vn -0.3013 -0.0013 -0.9535
vn -0.4341 -0.2224 -0.8730
vn -0.6532 -0.1947 -0.7317
vn -0.4227 -0.2059 -0.8826
vn -0.4768 -0.2264 -0.8494
vn -0.4560 -0.1757 -0.8725
vn -0.4743 -0.2013 -0.8570
vn -0.5943 -0.2452 -0.7660
vn -0.3933 -0.1731 -0.9029
vn -0.8177 -0.4184 0.3953
vn -0.9577 -0.2876 0.0129
vn -0.9106 -0.3380 0.2380
vn -0.4142 -0.4785 0.7743
vn -0.5722 -0.6043 0.5545
vn -0.8949 -0.1341 0.4256
vn -0.7087 -0.1547 0.6883
vn -0.9918 -0.1215 0.0387
vn -0.9139 -0.1494 0.3776
vn -0.9670 -0.2327 0.1034
vn -0.9641 -0.2633 -0.0333
vn -0.5437 -0.1301 -0.8292
vn -0.3482 -0.1324 -0.9280
vn -0.4556 -0.1298 -0.8807
vn -0.3038 -0.2403 -0.9219
vn -0.9589 -0.2335 -0.1611
vn -0.9648 -0.2214 -0.1423
vn -0.9639 -0.2385 -0.1180
vn -0.9676 -0.2474 -0.0509
vn -0.9628 -0.2608 -0.0709
vn -0.9675 -0.2498 -0.0390
vn -0.9638 -0.2527 -0.0845
vn -0.6336 -0.1472 0.7595
vn -0.3188 -0.2446 0.9157
vn -0.5223 -0.2270 0.8220
vn -0.3878 -0.2014 0.8995
vn -0.5884 -0.0247 0.8082
vn -0.9513 -0.1081 0.2887
vn -0.2837 -0.1163 -0.9518
vn -0.3575 -0.2827 -0.8901
vn -0.3454 0.0734 -0.9356
vn -0.4975 -0.1174 -0.8595
vn -0.9338 -0.2939 0.2041
vn -0.9643 -0.2632 -0.0303
vn -0.9565 -0.2848 0.0639
vn -0.9539 -0.2576 0.1541
vn -0.9212 -0.2934 0.2555
vn -0.9969 -0.0731 -0.0278
vn -0.9727 -0.0925 0.2130
vn -0.9852 -0.0694 0.1569
vn -0.8283 0.0676 0.5562
vn -0.4975 -0.1270 0.8581
vn -0.9021 -0.0035 0.4314
vn -0.9703 -0.0750 -0.2301
vn -0.9442 -0.1144 -0.3089
vn -0.9630 -0.1098 -0.2460
vn -0.9427 -0.2625 -0.2059
vn -0.9704 -0.2410 -0.0164
vn -0.9316 -0.2488 -0.2650
vn -0.1805 -0.8937 0.4108
vn -0.4016 -0.8142 0.4193
vn -0.1927 -0.8731 0.4479
vn -0.2061 -0.8650 0.4575
vn -0.4088 -0.8058 0.4284
vn -0.9918 -0.1023 0.0764
vn -1.0000 0.0009 0.0063
vn -0.9914 -0.1128 0.0669
vn -0.9695 -0.2077 0.1299
vn -0.9886 -0.1344 0.0687
vn -0.9656 -0.2272 0.1266
vn -1.0000 -0.0000 -0.0000
vn -0.9923 -0.0967 0.0771
vn -0.9992 -0.0015 0.0392
vn -0.9913 -0.0997 0.0859
vn -0.9730 -0.1949 0.1232
vn -0.9709 -0.1991 0.1334
vn -0.9997 0.0002 0.0237
vn -0.0366 0.6538 -0.7558
vn -0.8924 0.2717 -0.3603
vn -0.9547 -0.0260 -0.2965
vn -0.9500 0.1171 -0.2894
vn -0.8932 0.3685 -0.2577
vn -0.9814 0.1424 -0.1287
vn -0.0083 0.7905 -0.6124
vn -0.9999 -0.0001 -0.0172
vn -0.9824 -0.1742 0.0669
vn -0.9542 -0.2666 0.1355
vn -0.6071 -0.7271 0.3205
vn -0.9296 -0.3405 0.1410
vn -0.9777 0.0717 -0.1975
vn -0.9216 -0.3881 -0.0004
vn -0.3872 -0.8163 0.4286
vn -0.1961 -0.8697 0.4530
vn -0.3384 -0.8433 0.4176
vn -0.1697 -0.8842 0.4352
vn -0.0002 0.7874 -0.6165
vn -0.8578 0.4102 -0.3097
vn -0.9661 0.2150 -0.1432
vn -0.8245 0.4438 -0.3511
vn -0.9538 0.2406 -0.1800
vn -0.9354 0.1369 -0.3260
vn -0.9372 0.1412 -0.3189
vn -0.2893 -0.9033 0.3167
vn -0.5817 -0.7800 0.2307
vn -0.2679 -0.8747 0.4040
vn -0.1347 -0.8998 0.4149
vn -0.7370 0.5180 -0.4343
vn -0.9417 0.2637 -0.2089
vn -0.8900 0.3189 -0.3260
vn -0.9058 0.3156 -0.2826
vn -0.2709 0.0646 0.9604
vn -0.2272 0.0590 0.9721
vn -0.2373 0.2943 0.9258
vn -0.3069 0.1173 0.9445
vn -0.5492 0.2134 0.8080
vn -1.0000 0.0001 -0.0011
vn -0.9936 -0.1082 -0.0335
vn -0.9908 -0.1258 -0.0492
vn -0.9601 -0.2609 -0.1007
vn -0.9845 -0.1608 -0.0694
vn -0.9708 -0.2309 -0.0646
vn -0.1248 0.4769 0.8701
vn -0.0279 0.7097 0.7040
vn -0.9736 0.0917 0.2092
vn -0.9079 0.3067 0.2858
vn -0.8563 0.1782 0.4848
vn -0.9938 -0.1088 -0.0247
vn -0.9997 -0.0058 -0.0232
vn -0.9934 -0.1118 -0.0269
vn -1.0000 -0.0013 -0.0052
vn -0.9999 -0.0041 -0.0119
vn -0.9744 -0.2222 -0.0354
vn -0.9759 -0.2163 -0.0285
vn -0.9996 -0.0094 0.0275
vn -0.9681 -0.2404 -0.0710
vn -0.9603 -0.0462 0.2753
vn -0.4768 -0.8199 -0.3169
vn -0.4168 -0.8746 -0.2478
vn -0.9350 -0.3257 -0.1400
vn -0.8744 -0.4575 -0.1616
vn -0.3633 -0.8783 -0.3109
vn -0.2068 -0.9539 -0.2176
vn -0.1822 -0.9279 -0.3254
vn -0.2883 -0.8884 -0.3572
vn -0.1421 -0.9198 -0.3656
vn -0.0011 0.6939 0.7200
vn -0.9556 0.2080 0.2089
vn -0.8070 0.3899 0.4435
vn -0.8704 0.3516 0.3448
vn -0.9690 0.1799 0.1695
vn -0.1767 -0.9421 -0.2851
vn -0.0913 -0.9666 -0.2393
vn -0.8806 -0.0476 0.4715
vn -0.9534 -0.0504 0.2974
vn -0.8849 -0.0397 0.4641
vn -0.2001 -0.9092 -0.3651
vn -0.0986 -0.9237 -0.3702
vn -0.6533 0.4421 0.6146
vn -0.8246 0.2648 0.4999
vn -0.6925 0.2543 0.6751
vn -0.9306 0.2357 0.2801
vn -0.6355 0.4279 0.6427
vn -0.5343 -0.0496 -0.8438
vn -0.5518 -0.2857 -0.7835
vn -0.4632 -0.0631 -0.8840
vn -0.5960 0.0212 -0.8027
vn -0.6056 -0.0905 -0.7906
vn -0.5454 0.0360 -0.8374
vn -0.5132 -0.0267 -0.8579
vn -0.4437 -0.8934 -0.0699
vn -0.2422 -0.9696 -0.0340
vn -0.2249 -0.9710 -0.0815
vn -0.4103 -0.8895 -0.2011
vn -0.5690 -0.0903 -0.8174
vn -0.5488 -0.0596 -0.8339
vn -0.3801 -0.1033 -0.9192
vn -0.9568 -0.0837 -0.2785
vn -0.9739 -0.0959 -0.2058
vn -0.9756 -0.1050 -0.1927
vn -0.2603 -0.9641 -0.0527
vn -0.4797 -0.8694 0.1183
vn -0.2359 -0.9554 0.1777
vn -0.4000 -0.8356 0.3766
vn -0.7959 0.1693 0.5813
vn -0.6121 0.1382 0.7786
vn -0.6006 0.1706 0.7811
vn -0.8704 0.1230 0.4767
vn -0.8986 0.0192 0.4384
vn -0.9077 0.3578 -0.2193
vn -0.9972 -0.0620 0.0423
vn -0.8582 0.4293 -0.2815
vn -0.6477 0.3197 0.6916
vn -0.5778 0.4977 0.6469
vn -0.6152 0.4010 0.6787
vn -0.7254 0.5998 -0.3377
vn -0.3508 -0.1876 -0.9175
vn -0.4590 -0.2405 -0.8553
vn -0.4168 0.0454 -0.9078
vn -0.9941 -0.1032 -0.0326
vn -0.9994 -0.0009 -0.0349
vn -0.9949 -0.0949 -0.0346
vn -0.9994 -0.0041 -0.0332
vn -0.9784 -0.2039 -0.0337
vn -0.9813 -0.1889 -0.0364
vn -0.2816 -0.3019 0.9108
vn -0.2528 -0.3130 0.9155
vn -0.9131 -0.0949 -0.3966
vn -0.6230 -0.1335 -0.7708
vn -0.8232 0.1078 -0.5575
vn -0.8274 -0.3401 -0.4470
vn -0.9079 -0.3684 -0.1998
vn -0.8809 0.2985 -0.3673
vn -0.9896 -0.0164 -0.1428
vn -0.9834 0.0773 -0.1641
vn -0.9915 -0.0253 -0.1279
vn -0.9855 -0.1344 -0.1035
vn -0.9749 -0.1982 -0.1017
vn -0.9644 0.1053 -0.2425
vn -0.9908 -0.0686 -0.1165
vn -0.7230 -0.4456 -0.5279
vn -0.1178 -0.4833 -0.8675
vn -0.0154 -0.9281 -0.3720
vn -0.0434 -0.9001 -0.4335
vn -0.7629 -0.5865 -0.2722
vn -0.1465 0.5403 -0.8286
vn -0.7126 0.2404 -0.6591
vn -0.7363 0.4675 -0.4893
vn -0.0424 0.7026 -0.7103
vn -0.0001 -0.0317 -0.9995
vn -0.6295 0.0187 -0.7768
vn -0.6525 0.2091 -0.7284
vn -0.5855 -0.0257 -0.8103
vn -0.5984 -0.7052 -0.3802
vn -0.6001 -0.6157 -0.5106
vn -0.6064 -0.6160 -0.5028
vn -0.0006 -0.8799 -0.4752
vn -0.0007 -0.7746 -0.6324
vn -0.0026 0.6294 -0.7771
vn -0.5978 0.5289 -0.6024
vn -0.6423 0.3284 -0.6925
vn -0.5620 0.5184 -0.6446
vn 0.0007 0.5688 -0.8224
vn -0.6595 -0.7268 -0.1918
vn -0.6235 -0.7587 -0.1887
vn -0.0017 -0.9545 -0.2983
vn -0.9036 0.0647 0.4236
vn -0.9931 0.0397 0.1105
vn -0.9945 0.0999 0.0306
vn -0.9787 -0.0433 0.2009
vn -0.6965 0.3401 0.6318
vn -0.9839 -0.0352 0.1755
vn -0.9933 -0.0031 0.1157
vn -0.9770 -0.0169 0.2124
vn -0.9596 -0.1167 -0.2559
vn -0.9713 -0.0921 -0.2195
vn -0.9523 -0.1310 -0.2755
vn -0.9728 -0.1144 -0.2013
vn -0.9680 -0.0975 -0.2314
vn -0.9002 -0.1993 0.3872
vn -0.2546 -0.1581 -0.9540
vn -0.9732 -0.1348 0.1864
vn -0.9931 -0.0876 0.0785
vn -0.9990 -0.0437 0.0079
vn 0.4925 -0.1128 0.8630
vn 0.5263 -0.0570 0.8484
vn 0.5320 -0.1163 0.8387
vn 0.4977 -0.4252 0.7559
vn 0.6233 -0.1120 0.7739
vn 0.6086 -0.0505 0.7919
vn -0.6805 0.4257 -0.5964
vn -0.5989 0.2536 -0.7596
vn -0.6418 0.2897 -0.7101
vn -0.0025 0.5738 0.8190
vn 0.0191 0.5523 0.8334
vn 0.0265 0.5477 0.8362
vn -0.0304 0.5987 0.8004
vn -0.0076 0.5783 0.8158
vn -0.7520 0.4648 -0.4674
vn 0.6653 -0.5352 0.5204
vn 0.5385 -0.3064 0.7849
vn 0.6401 -0.4488 0.6235
vn 0.1305 -0.5134 -0.8481
vn 0.2106 -0.5786 -0.7880
vn 0.0165 -0.4805 -0.8769
vn -0.0630 -0.4196 -0.9055
vn 0.3591 -0.3540 0.8636
vn 0.6256 -0.3966 0.6718
vn 0.2478 0.0437 0.9678
vn 0.3251 0.0297 0.9452
vn 0.2231 -0.0258 0.9744
vn 0.3993 0.0133 0.9167
vn 0.2970 -0.0361 0.9542
vn 0.2535 0.3194 0.9131
vn -0.6057 0.0793 -0.7917
vn -0.6565 0.0082 -0.7543
vn -0.6613 0.0824 -0.7456
vn -0.5904 0.2193 -0.7767
vn -0.5580 0.0775 -0.8262
vn 0.1971 -0.1147 0.9737
vn 0.3004 -0.0998 0.9486
vn 0.2351 -0.1673 0.9575
vn 0.3806 -0.0814 0.9211
vn 0.3876 -0.0461 0.9207
vn 0.6139 -0.7073 0.3506
vn 0.7166 -0.6718 0.1874
vn 0.7228 -0.6704 0.1674
vn 0.0310 -0.7267 -0.6862
vn -0.0830 -0.7530 -0.6528
vn 0.0432 -0.7265 -0.6859
vn 0.1156 -0.7237 -0.6804
vn 0.7336 -0.6712 0.1060
vn 0.7256 -0.6813 0.0960
vn 0.6710 -0.0411 0.7403
vn 0.6995 -0.1053 0.7068
vn 0.6486 -0.1836 0.7387
vn 0.7102 -0.1124 0.6949
vn 0.7317 -0.1773 0.6581
vn 0.6662 -0.0412 0.7447
vn -0.4838 -0.0032 -0.8752
vn -0.4829 -0.0675 -0.8731
vn -0.4958 -0.0052 -0.8684
vn -0.5152 0.0527 -0.8555
vn -0.5950 0.0504 -0.8022
vn -0.5687 -0.0103 -0.8225
vn 0.4879 -0.0050 0.8729
vn 0.4935 0.0255 0.8694
vn 0.5159 -0.0087 0.8566
vn 0.4953 -0.0553 0.8670
vn 0.5876 -0.0043 0.8091
vn 0.5532 0.0298 0.8325
vn 0.4059 -0.6814 0.6090
vn 0.3527 -0.3356 0.8735
vn -0.3183 -0.7282 -0.6069
vn -0.5556 -0.2871 -0.7803
vn -0.6484 -0.5374 -0.5392
vn -0.2859 -0.7504 -0.5960
vn 0.5907 -0.7058 0.3909
vn -0.5413 0.0947 -0.8355
vn -0.4898 0.0483 -0.8705
vn -0.5102 0.0878 -0.8555
vn -0.7280 0.3092 -0.6120
vn -0.6238 0.0934 -0.7760
vn 0.6313 -0.7570 0.1687
vn 0.6478 -0.7140 0.2657
vn 0.6829 -0.6747 0.2802
vn 0.6373 -0.7619 0.1156
vn 0.1293 -0.8158 -0.5637
vn 0.1307 -0.7302 -0.6706
vn 0.0831 -0.8148 -0.5737
vn -0.0270 -0.7623 -0.6467
vn -0.8023 0.2729 0.5309
vn -0.7007 0.1692 0.6931
vn -0.6516 0.2275 0.7237
vn -0.9010 0.2225 0.3725
vn -0.7809 0.1666 0.6020
vn -0.9453 0.3219 0.0535
vn -0.4544 0.3733 0.8088
vn -0.3771 0.4447 0.8124
vn -0.7009 0.0857 -0.7081
vn -0.6650 0.0419 -0.7457
vn -0.8305 0.2988 -0.4701
vn -0.7605 0.1217 -0.6378
vn -0.7375 0.0848 -0.6700
vn 0.6053 0.0412 0.7949
vn 0.6326 0.0050 0.7745
vn 0.5723 0.0069 0.8200
vn 0.5762 0.0498 0.8158
vn -0.6309 -0.0252 -0.7755
vn -0.5428 -0.0848 -0.8356
vn -0.5887 -0.1005 -0.8021
vn -0.6696 0.0413 -0.7415
vn -0.6241 -0.0326 -0.7807
vn -0.8385 0.4515 -0.3052
vn -0.1240 0.5788 0.8060
vn -0.0353 0.6022 0.7975
vn -0.1699 0.5542 0.8149
vn -0.9171 0.3902 -0.0816
vn -0.6217 -0.0848 -0.7787
vn -0.5480 -0.1185 -0.8280
vn -0.6034 -0.0930 -0.7920
vn -0.6830 0.0054 -0.7304
vn -0.8238 0.0862 -0.5602
vn -0.8376 0.1494 -0.5254
vn -0.9652 0.1925 -0.1772
vn -0.7468 0.0186 -0.6648
vn 0.5819 -0.0916 0.8081
vn 0.6551 -0.1870 0.7320
vn 0.7512 -0.2035 0.6280
vn 0.6674 -0.2112 0.7141
vn 0.3440 0.0797 0.9356
vn 0.3284 0.0079 0.9445
vn 0.4271 -0.1880 0.8844
vn -0.2011 0.1342 0.9703
vn -0.2169 0.1426 0.9657
vn -0.9450 -0.2407 -0.2215
vn -0.9493 -0.2539 -0.1856
vn -0.9650 -0.2566 -0.0539
vn -0.9583 -0.2176 -0.1854
vn -0.9667 -0.2555 0.0180
vn -0.9621 -0.2649 0.0653
vn -0.9724 -0.2330 0.0155
vn -0.9783 -0.2060 -0.0208
vn -0.6971 0.6627 -0.2737
vn -0.7182 0.6164 -0.3230
vn -0.6802 0.6789 -0.2765
vn -0.6601 0.4905 0.5689
vn -0.5937 0.5078 0.6242
vn -0.7541 0.4525 0.4760
vn -0.6687 0.4975 0.5526
vn -0.6785 0.5912 -0.4360
vn -0.7719 0.5877 -0.2425
vn -0.0365 -0.1974 0.9796
vn 0.0319 -0.3441 0.9384
vn -0.0407 -0.4346 0.8997
vn 0.1540 -0.7329 0.6627
vn 0.1214 -0.2163 0.9687
vn 0.1611 -0.3776 0.9118
vn -0.7270 0.0232 -0.6862
vn -0.4998 -0.0179 -0.8660
vn -0.5783 0.1254 -0.8062
vn -0.6894 0.1518 -0.7083
vn -0.4460 0.3387 -0.8285
vn -0.2564 0.1360 -0.9570
vn -0.3597 0.2742 -0.8919
vn -0.1359 -0.8744 0.4659
vn -0.2616 -0.8537 0.4504
vn -0.4735 -0.6859 -0.5525
vn -0.6144 -0.6847 -0.3919
vn -0.5710 -0.7371 -0.3614
vn -0.0717 -0.7109 -0.6996
vn -0.4115 -0.6755 -0.6118
vn 0.0965 -0.9023 0.4201
vn -0.6175 0.5569 -0.5554
vn -0.7993 0.5331 -0.2775
vn -0.8916 0.3231 0.3173
vn -0.7620 0.4673 0.4483
vn -0.9020 0.1388 0.4089
vn -0.9258 0.3028 0.2262
vn -0.7706 0.4277 -0.4725
vn -0.9116 0.2557 -0.3217
vn -0.5620 0.5251 -0.6391
vn 0.1815 -0.4542 0.8722
vn -0.0227 -0.3584 0.9333
vn 0.1152 -0.4535 0.8838
vn 0.3070 -0.7897 0.5311
vn -0.0748 -0.5786 0.8122
vn 0.1691 -0.6196 0.7665
vn 0.2076 -0.9107 0.3571
vn 0.2016 -0.7856 0.5850
vn 0.0526 -0.7216 -0.6904
vn -0.0453 -0.7259 -0.6863
vn 0.1507 -0.7887 -0.5961
vn 0.0722 -0.7317 -0.6778
vn 0.2957 -0.9040 0.3087
vn -0.2525 0.2056 -0.9455
vn -0.3672 0.3645 -0.8557
vn -0.4636 0.4147 -0.7830
vn -0.3271 0.3634 -0.8723
vn -0.2324 0.2141 -0.9488
vn -0.5268 -0.6887 -0.4982
vn -0.4942 -0.6659 -0.5589
vn -0.5815 -0.7223 -0.3742
vn 0.1025 -0.9511 0.2914
vn -0.1216 -0.9241 0.3622
vn 0.1890 -0.9536 0.2344
vn 0.1431 -0.8691 -0.4734
vn 0.1403 -0.8887 -0.4365
vn -0.4629 0.2471 -0.8513
vn -0.4766 0.1051 -0.8728
vn -0.7810 0.1650 -0.6023
vn 0.0625 -0.3024 0.9511
vn 0.1199 -0.4475 0.8862
vn 0.0770 -0.3339 0.9395
vn -0.9654 -0.2520 -0.0673
vn -0.9643 -0.2586 -0.0569
vn -0.9837 -0.1684 -0.0626
vn -0.9858 -0.1677 0.0052
vn -0.2321 0.1943 0.9531
vn -0.3424 0.1858 0.9210
vn -0.3159 0.1564 0.9358
vn -0.3174 0.1720 0.9326
vn -0.5395 0.1842 0.8216
vn -0.5436 -0.1883 -0.8179
vn -0.8426 -0.2293 -0.4873
vn -0.9653 -0.2473 -0.0843
vn -0.9731 -0.1642 -0.1616
vn -0.5184 -0.2475 -0.8185
vn -0.4517 -0.2481 -0.8570
vn -0.9468 -0.2341 -0.2206
vn -0.9332 -0.2420 -0.2657
vn -0.9604 -0.2119 -0.1807
vn -0.5461 -0.2247 -0.8070
vn -0.2496 -0.9672 -0.0478
vn -0.4694 -0.8822 -0.0375
vn -0.4861 -0.8725 -0.0484
vn -0.9965 -0.0828 0.0129
vn -0.9993 -0.0021 0.0376
vn -1.0000 -0.0008 -0.0016
vn -0.9809 -0.1890 0.0466
vn -0.9440 -0.1152 -0.3091
vn -0.9558 -0.0805 -0.2828
vn -0.5190 -0.1744 -0.8368
vn -0.5227 -0.2263 -0.8219
vn -0.9290 -0.2137 -0.3022
vn -0.5134 -0.2516 -0.8204
vn -0.5532 -0.2068 -0.8070
vn -0.9669 -0.2124 -0.1417
vn -0.9904 -0.0907 -0.1046
vn -0.9987 -0.0396 0.0315
vn -0.9868 -0.1049 -0.1234
vn -0.9745 -0.1181 -0.1909
vn -0.9984 -0.0520 -0.0229
vn -0.9971 -0.0179 0.0733
vn -0.7523 0.0797 -0.6540
vn -0.8256 -0.0602 -0.5611
vn -0.7165 -0.1609 -0.6788
vn -0.9792 -0.1202 -0.1634
vn -0.9379 0.1205 -0.3252
vn -0.9786 -0.0339 -0.2030
vn -0.6164 -0.7557 -0.2212
vn -0.8376 -0.5240 0.1544
vn -0.0199 -0.9567 -0.2902
vn -0.0188 -0.6788 -0.7341
vn -0.0355 -0.4748 -0.8794
vn -0.0030 -0.8362 0.5484
vn -0.0039 -0.8358 0.5491
vn -0.5773 -0.7768 0.2517
vn -0.3485 0.3227 -0.8800
vn -0.2495 0.1976 -0.9480
vn -0.8551 0.2391 -0.4601
vn -0.0097 0.6293 -0.7771
vn -0.3523 -0.2001 -0.9143
vn -0.3006 -0.1496 -0.9419
vn -0.7195 -0.2536 -0.6465
vn -0.9967 -0.0426 -0.0698
vn -0.9666 0.1382 -0.2157
vn -0.9981 -0.0292 -0.0546
vn -0.9777 -0.2102 -0.0037
vn -0.9967 -0.0372 -0.0717
vn -0.9771 -0.2116 0.0201
vn -0.9660 0.1256 -0.2259
vn 0.0292 0.7343 -0.6782
vn -0.9058 0.2738 -0.3234
vn -0.9164 0.2829 -0.2831
vn -0.9673 0.1379 -0.2130
vn 0.0529 0.7622 -0.6452
vn -0.9947 -0.0237 -0.0998
vn -0.9931 -0.0780 -0.0880
vn -0.9967 -0.0312 -0.0746
vn -0.9727 0.1438 -0.1820
vn -0.9540 0.1385 -0.2657
vn -0.9958 -0.0479 -0.0780
vn -0.9472 -0.3208 -0.0017
vn -0.9396 -0.3412 -0.0261
vn -0.9375 0.1445 -0.3165
vn -0.9766 -0.0955 -0.1925
vn -0.9183 -0.3947 0.0320
vn 0.0020 -0.9930 0.1182
vn -0.0000 -0.9993 -0.0376
vn 0.0029 -0.9724 0.2332
vn -0.9651 -0.2619 0.0002
vn -0.9026 -0.4269 0.0544
vn 0.0339 0.7081 -0.7053
vn -0.8989 0.2790 -0.3378
vn -0.9639 0.1528 -0.2182
vn -0.8877 0.3126 -0.3380
vn -0.9062 0.2460 -0.3439
vn 0.0035 0.6487 -0.7610
vn -0.9146 0.1273 -0.3838
vn -0.9682 -0.1157 -0.2217
vn -0.9303 -0.3557 -0.0893
vn 0.0093 -0.9725 -0.2328
vn 0.0129 -0.9978 -0.0657
vn -0.0515 0.3983 -0.9158
vn -0.0000 0.3991 -0.9169
vn -0.8624 -0.5035 0.0524
vn 0.0083 -0.9908 0.1350
vn -0.0179 0.5824 -0.8127
vn -0.8750 0.2682 -0.4031
vn -0.0386 0.4787 -0.8771
vn -0.6756 -0.6556 -0.3373
vn -0.9351 -0.3292 -0.1310
vn -0.6382 -0.7563 -0.1437
vn -0.1474 -0.8979 -0.4148
vn -0.7854 -0.4498 -0.4252
vn -0.1645 -0.9193 -0.3574
vn -0.0598 -0.1931 0.9794
vn -0.3181 -0.1966 0.9275
vn -0.2756 -0.1455 0.9502
vn -0.0521 -0.1148 0.9920
vn -0.4512 -0.1153 0.8850
vn -0.2135 -0.0337 0.9764
vn -0.8042 -0.5851 -0.1049
vn -0.7348 -0.6042 0.3082
vn -0.7275 -0.6347 0.2606
vn -0.8599 -0.4694 -0.2005
vn -0.8315 -0.5332 -0.1561
vn -0.6919 -0.7215 -0.0266
vn -0.3489 0.7542 -0.5562
vn -0.1626 0.8145 -0.5569
vn -0.4353 0.8091 -0.3949
vn -0.1283 0.3709 -0.9198
vn -0.1358 0.5873 -0.7979
vn -0.6922 0.5701 -0.4425
vn -0.7477 0.3927 -0.5355
vn -0.0780 0.2774 0.9576
vn -0.1711 0.4536 0.8746
vn -0.0970 0.2011 0.9748
vn -0.3628 0.5365 0.7619
vn -0.2722 0.3690 0.8887
vn -0.2107 0.6064 0.7667
vn -0.9831 -0.0927 -0.1577
vn -0.9820 -0.0674 -0.1762
vn -0.9766 -0.0669 -0.2045
vn -0.1659 0.4362 -0.8844
vn -0.1484 0.3120 -0.9384
vn -0.1439 0.2959 -0.9443
vn -0.1645 0.4493 -0.8781
vn -0.3710 0.8928 -0.2555
vn -0.5018 0.8429 -0.1945
vn -0.7257 0.6726 -0.1447
vn -0.1119 0.1033 0.9883
vn -0.4227 0.2629 0.8673
vn -0.1197 0.0329 0.9923
vn -0.7033 0.3207 0.6345
vn -0.6879 0.3221 0.6505
vn -0.5580 0.4442 0.7009
vn -0.1349 -0.2462 0.9598
vn -0.1793 -0.2727 0.9453
vn -0.4239 -0.1074 0.8993
vn -0.1801 -0.2705 0.9457
vn -0.4492 -0.1786 0.8754
vn 0.1474 -0.1202 0.9817
vn 0.3099 -0.0090 0.9507
vn 0.1846 -0.0200 0.9826
vn 0.1275 -0.2080 0.9698
vn 0.2892 -0.1352 0.9477
vn -0.6881 0.0876 -0.7203
vn -0.5861 -0.0043 -0.8102
vn -0.6867 0.0005 -0.7270
vn -0.7222 0.2666 -0.6382
vn -0.5536 0.1071 -0.8259
vn 0.3312 0.0779 0.9403
vn 0.2143 0.1119 0.9703
vn 0.1975 0.0566 0.9787
vn 0.2532 0.1011 0.9621
vn -0.1738 -0.7068 0.6857
vn -0.2606 -0.6822 0.6832
vn -0.1340 -0.6973 0.7042
vn -0.6064 -0.6734 -0.4228
vn -0.6111 -0.4375 -0.6596
vn -0.6739 -0.6481 -0.3547
vn -0.5301 -0.6684 -0.5217
vn -0.6430 -0.4402 -0.6267
vn -0.0471 -0.7030 0.7097
vn -0.5422 -0.1629 -0.8243
vn -0.6572 -0.1234 -0.7435
vn -0.7324 0.4072 -0.5456
vn -0.5104 0.3874 -0.7677
vn -0.3127 0.6355 0.7060
vn -0.3238 0.6297 0.7062
vn -0.3123 0.6426 0.6996
vn -0.3114 0.6211 0.7192
vn -0.6816 0.4029 -0.6108
vn -0.9911 0.1212 -0.0549
vn -0.9553 0.2251 -0.1916
vn 0.5415 0.7266 0.4229
vn 0.1550 0.7523 0.6403
vn 0.5533 0.7770 0.3003
vn 0.5926 0.6354 0.4952
vn 0.3701 0.7061 0.6037
vn -0.1461 0.5437 -0.8265
vn -0.1399 0.5423 -0.8285
vn -0.9853 -0.1678 0.0308
vn -0.9915 -0.0825 -0.1005
vn -0.9976 -0.0252 0.0643
vn -0.4132 -0.1326 -0.9009
vn -0.4740 0.0028 -0.8805
vn -0.3153 -0.2317 -0.9203
vn -0.8615 -0.3296 0.3862
vn -0.7445 -0.4021 0.5330
vn 0.1049 -0.7168 -0.6893
vn 0.0860 -0.7284 -0.6798
vn 0.0792 -0.7324 -0.6763
vn 0.5813 -0.6731 0.4572
vn 0.5595 -0.6884 0.4616
vn 0.5905 -0.6664 0.4552
vn 0.3772 0.1926 0.9059
vn 0.1683 0.0612 0.9838
vn -0.2355 -0.0320 0.9713
vn 0.1414 -0.0121 0.9899
vn -0.9979 0.0228 -0.0602
vn -0.9881 -0.0404 -0.1484
vn -0.4247 0.1416 -0.8942
vn -0.3426 0.3135 -0.8856
vn 0.1352 -0.1067 0.9851
vn -0.2373 -0.2582 0.9365
vn 0.4632 -0.1841 0.8669
vn -0.5209 0.0810 -0.8498
vn -0.5062 0.0451 -0.8612
vn -0.5903 0.2232 -0.7757
vn 0.0340 -0.4620 0.8862
vn 0.1996 -0.2931 0.9350
vn -0.6748 -0.3532 -0.6480
vn -0.5787 -0.1914 -0.7927
vn -0.6499 -0.3133 -0.6925
vn -0.6228 -0.2170 -0.7517
vn 0.0561 -0.5552 0.8298
vn 0.4510 0.0377 0.8917
vn 0.4636 0.0019 0.8860
vn 0.4691 -0.0525 0.8816
vn 0.4755 0.0295 0.8792
vn -0.4998 -0.0073 -0.8661
vn -0.6267 0.3223 -0.7095
vn 0.0752 0.5259 0.8472
vn 0.0573 0.5266 0.8482
vn -0.6475 0.3681 -0.6672
vn 0.4483 -0.0880 0.8895
vn 0.1987 -0.4897 0.8489
vn 0.3679 -0.2932 0.8824
vn -0.8238 -0.4690 -0.3185
vn -0.8666 -0.4000 -0.2982
vn -0.7816 -0.5266 -0.3343
vn -0.8790 0.1806 0.4413
vn -0.7949 0.1817 0.5789
vn -0.6576 0.1626 0.7356
vn -0.9990 -0.0428 -0.0109
vn -0.9996 -0.0104 0.0250
vn -0.9975 -0.0519 -0.0482
vn -0.9981 -0.0477 -0.0387
vn -0.9998 -0.0199 -0.0070
vn -0.8409 -0.0007 0.5412
vn -0.9120 0.0751 0.4032
vn -0.9921 0.0698 0.1044
vn -0.9991 0.0304 0.0304
vn -0.9961 0.0345 0.0815
vn -0.9999 0.0146 0.0054
vn -0.9997 0.0194 0.0150
vn -0.9995 0.0247 0.0209
vn -0.9433 0.1751 -0.2820
vn -0.7997 0.3700 -0.4728
vn -0.9055 0.1684 -0.3896
vn -0.9993 0.0311 -0.0227
vn -0.9977 0.0417 -0.0525
vn -0.9995 0.0179 0.0245
vn -0.9997 0.0242 0.0052
vn -0.9995 0.0281 -0.0142
vn -0.6532 -0.2708 0.7071
vn -0.6252 -0.4127 0.6624
vn -0.6017 -0.4730 0.6436
vn -0.4581 -0.2542 0.8518
vn -0.1561 0.0402 -0.9869
vn -0.2244 -0.0813 -0.9711
vn -0.0780 0.1313 -0.9883
vn -0.0628 -0.1601 0.9851
vn -0.0546 -0.0666 0.9963
vn -0.3592 -0.1334 0.9237
vn -0.0684 -0.2252 0.9719
vn -0.5641 -0.1481 0.8123
vn -0.6451 0.0853 0.7593
vn -0.6209 -0.0769 0.7801
vn -0.0785 0.0196 0.9967
vn -0.1021 0.0394 0.9940
vn -0.0599 0.0202 0.9980
vn -0.0537 -0.0508 0.9973
vn -0.6602 0.2550 0.7065
vn -0.6541 0.1050 0.7491
vn -0.6655 0.2780 0.6927
vn 0.0618 0.3148 -0.9471
vn -0.1538 0.2339 -0.9600
vn -0.2232 0.1646 -0.9608
vn -0.0403 0.3148 -0.9483
vn -0.9788 -0.1888 -0.0798
vn -0.9754 -0.2096 0.0687
vn -0.9760 -0.1932 0.1002
vn -0.4962 -0.0639 -0.8659
vn -0.3623 -0.0785 -0.9288
vn -0.5547 -0.0557 -0.8302
vn -0.5580 0.0487 -0.8284
vn -0.9855 0.1139 0.1260
vn -0.9892 0.0793 0.1236
vn -0.3878 0.3378 0.8576
vn -0.6986 0.3406 0.6293
vn -0.7252 0.3148 0.6123
vn -0.3762 0.3742 0.8476
vn -0.3953 0.3019 0.8675
vn -0.3726 0.4091 0.8329
vn -0.5005 0.4616 0.7324
vn -0.6938 0.4301 0.5777
vn -0.3858 0.4638 0.7975
vn -0.4562 0.6422 0.6160
vn -0.3204 0.6555 0.6839
vn -0.0000 0.4518 0.8921
vn -0.9602 -0.0828 -0.2667
vn -0.9912 0.1149 -0.0654
vn -0.9537 -0.0940 -0.2856
vn -0.3908 -0.0965 -0.9154
vn -0.5227 -0.1550 -0.8383
vn -0.8931 0.3692 0.2570
vn -0.9319 0.3143 0.1810
vn -0.9135 0.3237 0.2463
vn -0.8716 0.3754 0.3152
vn -0.9549 0.1912 0.2274
vn -0.8989 0.3202 0.2990
vn -0.9686 0.1847 0.1667
vn -0.9053 0.4239 -0.0276
vn -0.8956 0.3989 0.1970
vn -0.9310 0.3223 0.1716
vn -0.9529 0.2993 -0.0488
vn -0.9319 0.3031 0.1991
vn -0.7297 0.3210 0.6037
vn -0.0089 0.2433 -0.9699
vn -0.0194 0.2070 -0.9781
vn -0.0134 0.1957 -0.9806
vn -0.0211 0.3297 -0.9439
vn -0.0263 0.2428 -0.9697
vn -0.8946 0.4293 0.1240
vn -0.8709 0.4310 0.2361
vn -0.9296 0.3652 0.0504
vn -0.8828 0.4620 0.0851
vn -0.8771 0.4796 0.0269
vn -0.9541 0.2995 -0.0079
vn -0.9467 0.2904 0.1393
vn -0.8604 0.4489 0.2411
vn -0.7764 0.3359 0.5332
vn -0.6955 0.3242 0.6412
vn -0.8811 0.3687 0.2962
vn -0.8625 0.5061 -0.0045
vn -0.8348 0.5493 0.0382
vn -0.8381 -0.0945 -0.5372
vn -0.5647 -0.2399 -0.7897
vn -0.7836 -0.2617 -0.5634
vn -0.6205 0.1316 -0.7731
vn -0.5736 -0.0411 -0.8181
vn -0.9966 -0.0553 0.0608
vn -0.9943 0.0700 -0.0799
vn -0.9851 -0.1714 -0.0151
vn 0.3326 0.3186 -0.8876
vn 0.3305 0.4356 -0.8373
vn 0.2733 0.4235 -0.8637
vn 0.2111 0.4843 -0.8491
vn 0.2045 0.4188 -0.8848
vn -0.3140 0.2384 -0.9190
vn -0.5939 0.3569 -0.7211
vn -0.3450 0.2306 -0.9098
vn -0.3200 0.2502 -0.9138
vn -0.5690 0.4975 -0.6548
vn -0.9180 -0.2068 0.3384
vn -0.9073 -0.0499 0.4174
vn -0.9729 0.1489 0.1772
vn -0.8145 -0.2453 0.5257
vn -0.7858 -0.2266 0.5756
vn -0.9204 -0.1859 0.3439
vn -0.2452 0.7048 0.6657
vn -0.5181 0.6313 0.5771
vn -0.2703 0.6742 0.6873
vn -0.5581 0.6674 0.4930
vn -0.2499 0.7829 0.5698
vn -0.2198 0.8397 0.4966
vn -0.0000 0.8859 0.4638
vn -0.4886 0.7312 0.4760
vn -0.4159 0.7983 -0.4357
vn -0.6511 0.5395 -0.5338
vn -0.4266 0.7980 -0.4258
vn -0.9969 0.0084 0.0788
vn -0.9915 0.0174 -0.1291
vn -0.9979 -0.0647 0.0016
vn -0.9836 0.0096 0.1801
vn -0.9921 0.0079 0.1255
vn -0.3335 0.1799 -0.9254
vn -0.6046 0.2606 -0.7527
vn -0.3547 0.2191 -0.9089
vn -0.5847 0.2468 -0.7728
vn -0.4749 0.7160 -0.5118
vn -0.4712 0.4840 -0.7374
vn -0.4857 0.7013 -0.5218
vn -0.8963 0.4366 0.0782
vn -0.9026 0.4249 0.0695
vn -0.9184 0.3872 0.0815
vn -0.5104 0.6110 -0.6051
vn -0.8288 0.4879 0.2740
vn -0.7827 0.4924 0.3807
vn -0.5311 0.6093 0.5888
vn -0.8049 0.4515 0.3850
vn -0.9200 0.3579 0.1596
vn -0.7024 0.2328 -0.6727
vn -0.6727 0.3327 -0.6610
vn -0.9279 0.3719 0.0255
vn -0.9315 0.3455 0.1135
vn -0.9304 0.3596 0.0719
vn -0.4660 0.6248 -0.6264
vn -0.6985 0.3646 -0.6158
vn -0.8134 0.5273 0.2456
vn -0.3794 0.1745 -0.9086
vn -0.2778 0.1219 -0.9529
vn -0.5135 0.8165 -0.2637
vn -0.4987 0.7623 -0.4125
vn -0.6495 0.6446 -0.4033
vn -0.3166 0.9468 -0.0570
vn -0.3401 0.8918 -0.2984
vn -0.9312 0.3501 0.1012
vn -0.9621 0.1444 0.2315
vn -0.9635 -0.2240 0.1467
vn -0.8024 -0.1952 0.5640
vn -0.9245 -0.1553 0.3481
vn -0.9740 -0.2107 -0.0834
vn 0.3139 0.1873 -0.9308
vn 0.4093 0.2630 -0.8737
vn -0.0948 0.0888 -0.9915
vn 0.3589 0.1800 -0.9158
vn -0.8625 0.4944 0.1085
vn -0.8967 0.4400 0.0475
vn -0.9266 0.2771 0.2541
vn -0.9059 0.4078 0.1143
vn -0.8893 0.4118 0.1989
vn -0.4805 -0.2116 0.8511
vn -0.1225 0.0250 0.9921
vn -0.0311 -0.0420 0.9986
vn -0.3750 -0.3323 0.8654
vn -0.2789 -0.1292 0.9516
vn -0.5563 -0.3170 0.7681
vn -0.2143 -0.5135 0.8309
vn -0.4856 -0.3268 0.8108
vn 0.4763 -0.5097 0.7165
vn -0.8428 -0.2353 0.4840
vn -0.8717 -0.2359 0.4296
vn -0.9723 0.1627 0.1680
vn -0.9991 -0.0176 0.0388
vn -0.9920 0.0663 0.1078
vn -0.9833 0.0645 0.1701
vn -0.9956 -0.0381 -0.0851
vn -0.8450 -0.4588 -0.2748
vn -0.3812 -0.7174 -0.5831
vn -0.3999 -0.6910 -0.6021
vn -0.5307 -0.5231 -0.6668
vn -0.9179 0.2297 0.3237
vn -0.9309 0.2601 0.2563
vn -0.9887 0.0671 -0.1341
vn -0.9636 -0.1173 -0.2401
vn -0.9649 -0.1447 -0.2190
vn -0.9624 -0.1342 -0.2364
vn -0.9424 0.2894 0.1676
vn -0.9592 0.2559 0.1205
vn -0.9494 -0.0230 0.3131
vn -0.9570 0.0436 0.2866
vn -0.9243 0.0383 0.3798
vn -0.9058 -0.0479 0.4210
vn -0.9647 0.0355 0.2610
vn -0.9691 0.2363 0.0705
vn -0.9239 0.0370 0.3808
vn -0.9152 0.4028 0.0116
vn -0.9012 0.4317 0.0385
vn -0.9237 0.3760 0.0737
vn -0.9541 0.2980 -0.0280
vn -0.0220 0.1835 -0.9828
vn -0.0314 0.1913 -0.9810
vn -0.0408 0.5931 -0.8041
vn -0.0461 0.3479 -0.9364
vn -0.0821 0.7776 -0.6233
vn -0.1020 0.6858 -0.7206
vn -0.0182 0.0209 0.9996
vn -0.0096 -0.0211 0.9997
vn -0.0111 0.0246 0.9996
vn -0.0185 0.0775 0.9968
vn -0.0128 0.0791 0.9968
vn -0.0235 0.1296 0.9913
vn -0.0133 0.1215 0.9925
vn -0.1352 0.2682 -0.9538
vn -0.1335 0.2669 -0.9544
vn -0.7275 0.3936 -0.5620
vn -0.7435 0.6483 -0.1641
vn -0.7126 0.4048 -0.5731
vn -0.7449 0.3791 -0.5489
vn -0.1350 0.3405 -0.9305
vn -0.0277 -0.1795 0.9834
vn -0.0248 -0.0494 0.9985
vn -0.0058 -0.1159 0.9932
vn 0.0158 -0.2195 0.9755
vn 0.0156 -0.1748 0.9845
vn 0.0003 -0.0341 0.9994
vn 0.0034 -0.1151 0.9933
vn -0.0079 -0.0610 0.9981
vn -0.0157 -0.0150 0.9998
vn 0.0330 -0.1654 0.9857
vn 0.0162 -0.1622 0.9866
vn 0.0243 -0.0878 0.9958
vn -0.9136 0.3105 -0.2625
vn -0.9754 0.1488 -0.1629
vn -0.9176 0.2884 -0.2737
vn 0.0694 0.7761 -0.6268
vn 0.0717 0.8008 -0.5946
vn -0.9626 0.1774 -0.2049
vn -0.8972 0.3272 -0.2966
vn 0.0583 0.7375 -0.6728
vn -0.9704 0.1744 -0.1669
vn -0.9966 -0.0368 -0.0735
vn -0.9961 -0.0365 -0.0801
vn -0.9903 -0.0770 -0.1154
vn -0.9964 -0.0448 -0.0718
vn -0.9947 -0.0773 -0.0681
vn -0.9863 -0.0732 -0.1475
vn 0.0647 0.7811 -0.6211
vn -0.3929 0.2261 0.8913
vn -0.4214 0.1745 0.8899
vn -0.9913 -0.0885 0.0975
vn -0.9012 -0.4192 -0.1104
vn -0.9860 -0.0659 -0.1535
vn -0.5346 -0.2461 -0.8085
vn -0.4993 -0.2188 -0.8384
vn -0.3288 -0.7616 -0.5585
vn -0.3329 -0.7812 -0.5281
vn -0.5944 -0.3613 0.7184
vn -0.4953 -0.2786 0.8229
vn -0.4705 -0.4754 0.7433
vn -0.8068 -0.1821 0.5621
vn 0.4459 -0.6726 0.5906
vn -0.2590 -0.7910 0.5542
vn -0.4981 -0.0793 0.8635
vn -0.3595 0.1386 0.9228
vn -0.4174 -0.0764 0.9055
vn -0.9789 0.2017 -0.0334
vn -0.9140 0.4057 0.0028
vn -0.8328 0.5504 0.0598
vn -0.2978 0.9038 -0.3072
vn -0.3195 0.9382 -0.1329
vn -0.4377 0.8712 -0.2223
vn -0.9677 0.0257 -0.2506
vn -0.5101 0.0318 -0.8595
vn -0.5564 0.1719 -0.8130
vn -0.4841 0.2295 -0.8444
vn -0.8582 -0.4752 -0.1943
vn -0.9951 -0.0873 0.0470
vn -0.9967 -0.0528 -0.0622
vn -0.9941 -0.0623 -0.0883
vn -0.9818 -0.0750 0.1747
vn -0.5595 -0.8230 -0.0979
vn -0.5659 -0.8165 -0.1141
vn -0.5461 -0.8366 -0.0428
vn -0.6808 0.7323 0.0163
vn -0.7030 0.7092 0.0532
vn -0.6794 0.7336 0.0166
vn -0.7773 0.6273 0.0476
vn -0.7757 0.6279 0.0641
vn -0.7754 0.6146 0.1452
vn -0.5635 -0.8179 -0.1163
vn -0.5673 -0.8125 -0.1341
vn -0.5545 -0.8290 -0.0728
vn -0.6793 0.7337 0.0176
vn -0.6062 -0.7727 -0.1884
vn -0.7682 0.6367 0.0670
vn -0.7949 0.6066 0.0132
vn -0.7645 0.6402 0.0761
vn -0.9981 -0.0608 0.0108
vn -0.6812 0.7277 0.0806
vn -0.6855 0.7238 0.0791
vn -0.6814 0.7276 0.0791
vn -0.6808 -0.7200 -0.1342
vn -0.6829 -0.7159 -0.1451
vn -0.6742 -0.7321 -0.0975
vn -0.6861 -0.7067 -0.1729
vn -0.7546 0.6364 0.1600
vn -0.7579 0.6344 0.1520
vn -0.7627 0.6028 0.2345
vn -0.6018 -0.7695 -0.2140
vn -0.6114 -0.7714 -0.1768
vn -0.5790 -0.7963 -0.1749
vn -0.5953 -0.7714 -0.2248
vn -0.6126 -0.7694 -0.1810
vn -0.6039 -0.7761 -0.1816
vn -0.7954 0.6059 0.0115
vn -0.7047 0.7073 0.0550
vn -0.7083 0.6994 0.0954
vn -0.7605 0.6419 0.0983
vn -0.5792 -0.7960 -0.1760
vn -0.5795 -0.7961 -0.1747
vn -0.0028 -0.1308 -0.9914
vn 0.7344 -0.1492 0.6621
vn -0.0000 -0.1209 0.9927
vn 0.4412 -0.1687 -0.8814
vn -0.0000 -0.1871 -0.9823
vn 0.0002 -0.1973 -0.9803
vn 0.9350 -0.1608 -0.3162
vn -0.7344 -0.1492 0.6621
vn -0.4412 -0.1687 -0.8814
vn -0.0000 -0.2636 0.9646
vn 0.9500 0.1171 -0.2894
vn -0.0000 -0.9303 -0.3668
vn -0.0000 -0.9523 -0.3050
vn 0.5027 -0.8628 -0.0543
vn 0.5805 -0.7280 -0.3647
vn -0.0000 0.5689 -0.8224
vn -0.6551 -0.5721 0.4935
vn -0.2209 -0.6124 -0.7590
vn -0.6256 -0.3966 0.6718
vn 0.0813 -0.7571 -0.6483
vn -0.6829 -0.6747 0.2802
vn 0.8367 0.1983 0.5106
vn 0.6595 -0.0333 -0.7510
vn 0.2169 0.1426 0.9657
vn 0.5970 -0.0919 -0.7970
vn 0.7736 0.0829 -0.6283
vn 0.5710 -0.7371 -0.3614
vn -0.1658 -0.7818 -0.6010
vn 0.5815 -0.7223 -0.3742
vn 0.1917 -0.8282 0.5267
vn -0.0000 -0.8366 0.5478
vn 0.9747 -0.1478 -0.1675
vn 0.2920 0.0054 0.9564
vn 0.5744 0.7496 -0.3290
vn -0.0000 0.2803 0.9599
vn -0.0000 0.6494 0.7604
vn -0.0000 0.4888 -0.8724
vn -0.0000 0.9775 -0.2111
vn -0.0000 -0.2214 0.9752
vn -0.0000 -0.3757 0.9267
vn -0.3187 -0.1981 0.9269
vn -0.3870 0.1182 0.9145
vn 0.6739 -0.6481 -0.3547
vn 0.0685 -0.6724 0.7370
vn 0.3123 0.6426 0.6996
vn -0.5533 0.7770 0.3003
vn 0.1399 0.5423 -0.8285
vn 0.7445 -0.4021 0.5330
vn -0.0792 -0.7324 -0.6763
vn -0.5905 -0.6664 0.4552
vn 0.6498 -0.3133 -0.6925
vn 0.7816 -0.5266 -0.3343
vn 0.7430 -0.4934 0.4523
vn -0.0000 0.0669 -0.9978
vn 0.5461 0.0619 -0.8354
vn 0.9370 0.1842 0.2967
vn 0.8619 0.4111 0.2968
vn 0.9866 0.1600 0.0321
vn -0.0000 0.2319 -0.9727
vn -0.0000 0.8703 -0.4925
vn 0.4903 0.5976 -0.6344
vn 0.6495 0.6446 -0.4033
vn 0.9621 0.1444 0.2315
vn 0.0311 -0.0420 0.9986
vn 0.3999 -0.6911 -0.6021
vn 0.1297 0.7969 -0.5901
vn 0.0492 -0.1394 0.9890
vn -0.0000 -0.0355 0.9994
vn 0.5801 -0.2353 0.7798
vn 0.8261 -0.1210 0.5505
vn 0.4280 0.1620 0.8892
vn 0.4377 0.8712 -0.2223
vn 0.4841 0.2295 -0.8444
vn -0.0000 -0.1300 -0.9915
vn -0.9344 -0.3520 -0.0554
vn -0.5027 -0.8628 -0.0543
vn -0.5805 -0.7280 -0.3647
vn 0.6551 -0.5721 0.4935
vn 0.2209 -0.6124 -0.7590
vn -0.0705 -0.3936 -0.9166
vn -0.0813 -0.7571 -0.6483
vn -0.0396 -0.7247 -0.6879
vn -0.8367 0.1983 0.5106
vn -0.6595 -0.0333 -0.7510
vn -0.5970 -0.0919 -0.7970
vn -0.7736 0.0829 -0.6283
vn -0.8415 0.1562 0.5172
vn 0.1658 -0.7818 -0.6010
vn -0.4299 -0.6167 -0.6595
vn -0.1917 -0.8282 0.5267
vn -0.9747 -0.1478 -0.1675
vn -0.9320 -0.3607 -0.0360
vn -0.0047 -0.8734 -0.4870
vn -0.2920 0.0054 0.9564
vn -0.5744 0.7496 -0.3290
vn 0.3187 -0.1981 0.9269
vn 0.3870 0.1182 0.9145
vn -0.2538 -0.6896 0.6782
vn -0.0685 -0.6724 0.7370
vn -0.7295 0.4167 -0.5423
vn 0.6186 0.6155 0.4883
vn 0.1115 -0.7128 -0.6925
vn 0.5499 -0.6949 0.4634
vn 0.0489 -0.4691 0.8818
vn 0.2291 -0.5380 0.8112
vn -0.8917 -0.3528 -0.2837
vn -0.7430 -0.4934 0.4523
vn -0.5461 0.0619 -0.8354
vn -0.9370 0.1842 0.2967
vn -0.8619 0.4111 0.2968
vn -0.9866 0.1600 0.0321
vn -0.4903 0.5976 -0.6344
vn -0.7747 -0.2563 0.5780
vn 0.3204 -0.4298 0.8442
vn -0.1297 0.7969 -0.5901
vn -0.0492 -0.1394 0.9890
vn -0.5801 -0.2353 0.7798
vn -0.8261 -0.1210 0.5504
vn -0.4280 0.1620 0.8892
vn -0.4359 0.8390 -0.3257
vn -0.6921 -0.7001 -0.1756
vt 0.041064 0.736235
vt 0.006613 0.736235
vt 0.006613 0.736235
vt 0.006613 0.736235
vt 0.041064 0.736235
vt 0.041064 0.736235
vt 0.076745 0.728853
vt 0.006613 0.736235
vt 0.006613 0.736235
vt 0.041064 0.736235
s 1
usemtl AtlasMaterial
f 1/1/1 1641/1/2 1018/1/3
f 230/1/4 1738/1/5 12/1/6
f 12/1/6 1778/1/7 1026/1/8
f 1/1/1 647/1/9 221/1/10
f 221/1/10 220/1/11 1/1/1
f 2/2/12 708/2/13 454/2/14
f 2/2/15 707/2/16 329/2/17
f 329/2/17 319/2/18 2/2/15
f 319/2/19 446/2/20 2/2/12
f 232/2/21 1746/2/22 101/2/23
f 101/2/24 1756/3/25 398/2/26
f 3/2/27 607/2/28 224/2/29
f 290/2/30 225/2/31 4/2/32
f 10/2/33 1744/2/34 1741/2/35
f 4/2/32 1753/2/36 1742/2/37
f 4/2/32 636/2/38 290/2/30
f 293/1/39 299/1/40 5/1/41
f 299/1/40 1030/1/42 5/1/41
f 5/1/41 1643/1/43 227/1/44
f 5/1/41 608/1/45 293/1/39
f 6/2/46 607/2/28 290/2/30
f 290/2/30 432/2/47 6/2/46
f 6/2/46 694/2/48 431/2/49
f 431/2/49 285/2/50 6/2/46
f 302/2/51 301/2/52 7/2/53
f 7/2/53 639/2/54 294/2/55
f 7/2/53 610/2/56 229/2/57
f 7/2/53 640/2/58 302/2/51
f 8/1/59 618/1/60 363/1/61
f 8/1/59 638/1/62 293/1/39
f 293/1/39 242/1/63 8/1/59
f 56/1/64 1750/1/65 1739/1/66
f 9/1/67 1751/1/68 1740/1/69
f 241/1/70 236/1/71 9/1/67
f 9/1/67 612/1/72 234/1/73
f 118/2/74 291/2/75 1743/4/76
f 1741/2/35 232/2/21 10/2/33
f 1034/2/77 1744/2/34 10/2/33
f 232/2/21 237/2/78 10/2/33
f 237/2/78 1034/2/77 10/2/33
f 399/2/79 439/2/80 11/2/81
f 11/2/81 637/2/82 231/2/83
f 231/2/83 433/2/84 11/2/81
f 11/2/81 684/2/85 399/2/79
f 1740/1/69 241/1/70 9/1/67
f 1018/1/3 1737/5/86 1/1/1
f 1026/1/8 239/1/87 12/1/6
f 239/1/87 230/1/4 12/1/6
f 246/1/88 227/1/44 13/1/89
f 13/1/89 1643/1/43 1049/1/90
f 1049/1/90 240/1/91 13/1/89
f 13/1/89 614/1/92 246/1/88
f 14/2/93 1644/2/94 300/2/95
f 300/2/95 229/2/57 14/2/93
f 14/2/93 610/2/56 245/2/96
f 245/2/96 243/2/97 14/2/93
f 243/2/97 1051/2/98 14/2/93
f 15/1/99 609/1/100 228/1/101
f 15/1/99 608/1/45 246/1/102
f 246/1/102 289/1/103 15/1/99
f 316/2/104 223/2/105 57/2/106
f 16/1/107 611/1/108 249/1/109
f 249/1/109 241/1/70 16/1/107
f 123/2/110 1752/2/111 1747/2/112
f 398/2/26 1748/2/113 17/2/114
f 234/2/73 437/2/115 17/2/114
f 17/2/114 685/2/116 398/2/26
f 258/2/117 250/2/118 18/2/119
f 18/2/119 1650/2/120 1063/2/121
f 1063/2/121 256/2/122 18/2/119
f 18/2/119 621/2/123 258/2/117
f 500/2/124 484/2/125 19/2/126
f 19/2/126 621/2/127 257/2/128
f 257/2/128 485/2/129 19/2/126
f 19/2/126 728/2/130 500/2/124
f 499/2/131 482/2/132 20/2/133
f 20/2/133 619/2/134 258/2/135
f 258/2/135 484/2/125 20/2/133
f 20/2/133 727/2/136 499/2/131
f 21/2/137 1648/2/138 243/2/97
f 21/2/139 616/2/140 253/2/141
f 253/2/141 254/2/142 21/2/139
f 254/2/143 1065/2/144 21/2/137
f 498/2/145 485/2/129 22/2/146
f 22/2/146 623/2/147 262/2/148
f 22/2/146 625/2/149 486/2/150
f 22/2/146 729/2/151 498/2/145
f 257/2/152 256/2/122 23/2/153
f 23/2/153 1652/2/154 1071/2/155
f 23/2/153 1654/2/156 261/2/157
f 23/2/153 623/2/158 257/2/152
f 24/2/159 1651/2/160 254/2/143
f 24/2/161 620/2/162 263/2/163
f 263/2/163 259/2/164 24/2/161
f 24/2/159 1653/2/165 1072/2/166
f 1328/2/167 497/2/167 25/2/167
f 497/2/168 486/2/150 25/2/169
f 486/2/150 266/2/170 25/2/171
f 266/2/170 1328/2/172 25/2/172
f 262/2/173 261/2/157 26/2/174
f 261/2/157 1078/2/175 26/2/174
f 26/2/174 1656/2/176 266/2/170
f 26/2/174 625/2/149 262/2/173
f 1079/2/177 259/2/165 27/2/177
f 27/2/178 622/2/179 267/2/180
f 27/2/178 624/2/181 264/2/182
f 27/2/177 1655/2/183 1079/2/177
f 1025/1/184 220/1/11 28/1/185
f 220/1/11 286/1/186 28/1/185
f 28/1/185 648/1/187 314/1/188
f 314/1/188 252/1/189 28/1/185
f 252/1/189 1025/1/184 28/1/185
f 487/2/190 496/2/191 29/2/192
f 29/2/192 731/2/130 488/2/193
f 488/2/193 272/2/194 29/2/192
f 29/2/192 630/2/195 487/2/190
f 30/2/196 1647/2/197 1086/2/198
f 1086/2/198 269/2/199 30/2/196
f 269/2/200 274/2/201 30/2/202
f 30/2/202 614/2/92 240/2/91
f 31/2/203 726/2/204 495/2/205
f 31/2/203 730/2/206 487/2/190
f 487/2/190 268/2/207 31/2/203
f 31/2/203 617/2/208 251/2/209
f 488/2/193 494/2/210 32/2/211
f 32/2/211 732/2/212 489/2/213
f 32/2/211 634/2/214 278/2/215
f 32/2/211 632/2/216 488/2/193
f 271/2/217 272/2/218 33/2/219
f 33/2/219 632/2/220 277/2/221
f 277/2/221 1093/2/222 33/2/219
f 33/2/219 1659/2/223 271/2/217
f 34/2/224 1658/2/225 1094/2/226
f 1094/2/226 275/2/227 34/2/224
f 275/2/228 279/2/229 34/2/230
f 34/2/230 629/2/231 269/2/200
f 493/2/232 1332/2/232 35/2/232
f 1332/2/233 282/2/234 35/2/235
f 282/2/234 489/2/236 35/2/235
f 489/2/213 493/2/237 35/2/238
f 277/2/221 278/2/239 36/2/240
f 36/2/240 634/2/214 282/2/234
f 282/2/234 1100/2/241 36/2/240
f 1100/2/241 277/2/221 36/2/240
f 275/2/227 1101/2/242 37/2/242
f 1101/2/242 280/2/243 37/2/242
f 37/2/244 633/2/245 283/2/246
f 37/2/244 631/2/247 275/2/228
f 38/2/248 706/2/249 453/2/250
f 453/2/250 303/2/251 38/2/248
f 38/2/248 652/2/252 326/2/253
f 326/2/253 444/2/254 38/2/248
f 247/2/255 268/2/256 39/2/257
f 39/2/257 630/2/258 271/2/217
f 271/2/217 1103/2/259 39/2/257
f 39/2/257 1649/2/260 247/2/255
f 224/2/29 285/2/50 40/2/261
f 40/2/261 628/2/262 273/2/263
f 3/2/264 789/2/265 400/2/266
f 391/2/267 396/2/268 41/2/269
f 41/2/269 1673/2/270 1218/2/271
f 1218/2/271 250/2/118 41/2/269
f 41/2/269 619/2/272 391/2/267
f 42/1/273 626/1/274 284/1/275
f 284/1/275 441/1/276 42/1/273
f 441/1/276 386/1/277 42/1/273
f 43/1/278 615/1/279 249/1/109
f 43/1/280 611/1/108 368/1/281
f 368/1/281 366/1/282 43/1/280
f 366/1/283 369/1/284 43/1/278
f 44/2/285 1646/2/286 237/2/78
f 237/2/78 235/2/287 44/2/285
f 235/2/287 301/2/52 44/2/285
f 301/2/52 297/2/288 44/2/285
f 297/2/288 1038/2/289 44/2/285
f 45/2/290 733/2/291 492/2/292
f 45/2/290 726/2/204 251/2/209
f 251/2/209 434/2/293 45/2/290
f 45/2/290 686/2/294 397/2/295
f 46/1/296 611/1/108 239/1/87
f 239/1/87 1111/1/297 46/1/296
f 46/1/296 1666/1/298 299/1/40
f 299/1/40 233/1/299 46/1/296
f 47/2/300 641/2/301 302/2/51
f 302/2/51 295/2/302 47/2/300
f 47/2/300 643/2/303 306/2/304
f 47/2/300 642/2/305 307/2/306
f 312/2/307 306/2/304 48/2/308
f 306/2/304 311/2/309 48/2/308
f 48/2/308 645/2/310 310/2/311
f 48/2/308 644/2/312 312/2/307
f 49/2/313 640/2/58 300/2/95
f 49/2/314 1644/2/94 1128/2/315
f 1128/2/316 305/2/317 49/2/318
f 305/2/319 295/2/302 49/2/313
f 50/2/320 1667/2/321 297/2/288
f 297/2/288 307/2/306 50/2/322
f 307/2/306 304/2/323 50/2/322
f 304/2/324 1129/2/325 50/2/320
f 51/2/326 1671/2/327 308/2/326
f 308/2/328 310/2/329 51/2/330
f 310/2/331 309/2/332 51/2/333
f 309/2/334 1130/2/335 51/2/336
f 52/2/337 1669/2/338 304/2/324
f 52/2/339 642/2/305 312/2/340
f 52/2/339 644/2/341 308/2/328
f 308/2/342 1136/2/343 52/2/337
f 53/2/344 643/2/303 305/2/319
f 53/2/345 1668/2/346 1137/2/347
f 53/2/345 1670/2/348 309/2/334
f 309/2/332 311/2/349 53/2/344
f 54/1/350 655/1/351 320/1/352
f 320/1/352 284/1/275 54/1/350
f 54/1/350 626/1/274 314/1/188
f 314/1/188 321/1/353 54/1/350
f 322/2/354 222/2/355 55/2/356
f 40/2/357 774/2/358 783/2/359
f 784/2/360 224/2/361 40/2/362
f 55/2/356 655/2/351 322/2/354
f 324/1/363 313/1/364 56/1/64
f 56/1/64 1752/6/111 316/1/104
f 1742/2/37 291/2/75 4/2/32
f 316/1/104 324/1/363 56/1/64
f 57/2/106 656/2/365 316/2/104
f 1138/1/366 1758/5/367 798/1/368
f 55/2/356 788/2/369 781/2/370
f 222/2/355 323/2/371 57/2/106
f 470/2/372 478/2/373 58/2/374
f 478/2/373 341/2/375 58/2/374
f 341/2/375 334/2/376 58/2/374
f 58/2/374 657/2/377 470/2/372
f 59/2/378 718/2/379 477/2/380
f 59/2/381 717/2/382 315/2/383
f 315/2/383 336/2/384 59/2/381
f 336/2/385 468/2/386 59/2/378
f 447/1/387 452/1/388 60/1/389
f 452/1/390 444/1/391 60/1/392
f 60/1/392 654/1/393 327/1/394
f 60/1/389 649/1/395 447/1/387
f 329/2/17 451/2/396 61/2/397
f 61/2/397 710/2/398 332/2/399
f 332/2/399 318/2/400 61/2/397
f 61/2/397 651/2/401 329/2/17
f 62/2/402 705/2/403 450/2/404
f 450/2/404 446/2/20 62/2/402
f 62/2/402 653/2/405 325/2/406
f 325/2/406 303/2/251 62/2/402
f 332/2/399 449/2/407 63/2/408
f 63/2/408 709/2/409 447/2/387
f 447/2/387 317/2/410 63/2/408
f 63/2/408 650/2/411 332/2/399
f 333/1/412 339/1/413 64/1/414
f 339/1/415 353/1/416 64/1/417
f 64/1/417 668/1/418 351/1/419
f 64/1/414 665/1/420 333/1/412
f 352/2/421 334/2/376 65/2/422
f 65/2/422 659/2/423 333/2/424
f 333/2/424 361/2/425 65/2/422
f 65/2/422 670/2/426 352/2/421
f 472/2/427 476/2/428 66/2/429
f 476/2/428 343/2/430 66/2/429
f 66/2/429 658/2/431 338/2/432
f 338/2/432 472/2/427 66/2/429
f 315/2/433 475/2/434 67/2/435
f 67/2/435 720/2/436 470/2/372
f 470/2/372 335/2/437 67/2/435
f 67/2/435 660/2/438 315/2/433
f 68/1/439 719/1/440 474/1/441
f 68/1/442 722/1/443 472/1/444
f 472/1/444 339/1/415 68/1/442
f 68/1/439 659/1/445 341/1/375
f 69/2/446 721/2/447 473/2/448
f 473/2/448 468/2/386 69/2/446
f 69/2/446 661/2/449 337/2/450
f 337/2/450 343/2/430 69/2/446
f 70/1/451 663/1/452 346/1/453
f 346/1/453 351/1/454 70/1/451
f 351/1/419 350/1/455 70/1/456
f 70/1/456 664/1/457 345/1/458
f 71/2/459 723/2/460 481/2/461
f 481/2/461 349/2/462 71/2/459
f 71/2/459 667/2/463 348/2/464
f 71/2/459 666/2/465 479/2/466
f 72/2/467 658/2/431 337/2/450
f 337/2/450 354/2/468 72/2/467
f 72/2/467 667/2/469 359/2/470
f 359/2/470 355/2/471 72/2/467
f 356/2/472 335/2/437 73/2/473
f 73/2/473 657/2/377 352/2/421
f 352/2/421 362/2/474 73/2/473
f 73/2/473 666/2/475 356/2/472
f 74/2/476 662/2/477 338/2/432
f 338/2/432 355/2/471 74/2/476
f 74/2/476 669/2/478 358/2/479
f 358/2/479 353/2/480 74/2/476
f 75/2/481 661/2/449 336/2/385
f 75/2/482 660/2/483 356/2/484
f 356/2/484 348/2/485 75/2/482
f 348/2/464 354/2/468 75/2/481
f 76/2/486 668/2/487 358/2/479
f 358/2/479 357/2/488 76/2/486
f 357/2/488 350/2/489 76/2/486
f 77/2/490 669/2/478 359/2/470
f 359/2/470 349/2/491 77/2/490
f 77/2/490 724/2/492 480/2/493
f 480/2/493 357/2/488 77/2/490
f 360/2/494 361/2/425 78/2/495
f 78/2/495 665/2/496 346/2/497
f 346/2/497 360/2/494 78/2/495
f 479/2/498 362/2/474 79/2/499
f 79/2/499 670/2/426 360/2/494
f 360/2/494 347/2/500 79/2/499
f 79/2/499 723/2/501 479/2/498
f 394/2/502 437/2/115 80/2/503
f 80/2/503 612/2/72 292/2/504
f 292/2/504 439/2/80 80/2/503
f 80/2/503 688/2/505 394/2/502
f 231/1/83 296/1/506 81/1/507
f 296/1/506 242/1/63 81/1/507
f 81/1/507 608/1/45 228/1/101
f 228/1/101 231/1/83 81/1/507
f 292/1/504 236/1/71 82/1/508
f 82/1/508 615/1/279 248/1/509
f 248/1/509 296/1/506 82/1/508
f 82/1/508 637/1/82 292/1/504
f 83/1/510 673/1/511 366/1/283
f 83/1/512 672/1/513 376/1/514
f 376/1/514 374/1/515 83/1/512
f 83/1/510 677/1/516 377/1/517
f 368/1/518 233/1/299 84/1/519
f 233/1/299 370/1/520 84/1/519
f 84/1/519 671/1/521 364/1/522
f 84/1/519 672/1/523 368/1/518
f 371/1/524 248/1/525 85/1/526
f 248/1/525 369/1/527 85/1/526
f 85/1/526 673/1/528 365/1/529
f 85/1/526 674/1/530 371/1/524
f 370/1/531 363/1/532 86/1/533
f 86/1/534 618/1/535 371/1/536
f 371/1/536 367/1/537 86/1/534
f 367/1/538 370/1/531 86/1/533
f 383/1/539 374/1/540 87/1/541
f 87/1/542 676/1/543 372/1/544
f 87/1/542 680/1/545 382/1/546
f 382/1/547 380/1/548 87/1/541
f 87/1/541 681/1/549 383/1/539
f 372/1/550 385/1/551 88/1/552
f 88/1/552 675/1/553 381/1/554
f 88/1/552 680/1/555 372/1/550
f 89/1/556 671/1/521 367/1/538
f 89/1/557 674/1/558 379/1/559
f 379/1/559 375/1/560 89/1/557
f 375/1/561 378/1/562 89/1/556
f 379/1/563 365/1/529 90/1/564
f 365/1/529 377/1/565 90/1/564
f 90/1/564 677/1/516 383/1/539
f 383/1/539 384/1/566 90/1/564
f 90/1/564 678/1/567 379/1/563
f 91/1/568 679/1/569 382/1/570
f 382/1/571 381/1/572 91/1/573
f 91/1/573 675/1/553 375/1/561
f 375/1/560 373/1/574 91/1/575
f 92/1/576 678/1/567 384/1/566
f 92/1/576 681/1/549 380/1/548
f 92/1/576 679/1/577 373/1/578
f 376/1/579 364/1/522 93/1/580
f 93/1/580 671/1/521 378/1/562
f 378/1/562 385/1/551 93/1/580
f 93/1/580 676/1/581 376/1/579
f 393/2/582 433/2/84 94/2/583
f 433/2/84 289/2/103 94/2/583
f 94/2/583 614/2/92 435/2/584
f 94/2/583 689/2/585 393/2/582
f 95/1/586 1674/1/587 436/1/588
f 436/1/588 442/1/589 95/1/586
f 95/1/586 1665/1/590 1277/1/591
f 96/1/592 626/1/274 386/1/277
f 96/1/592 690/1/593 436/1/588
f 436/1/588 1213/1/594 96/1/592
f 96/1/592 1657/1/595 252/1/189
f 245/2/96 390/2/596 97/2/597
f 97/2/597 684/2/85 393/2/582
f 393/2/582 392/2/598 97/2/597
f 392/2/598 245/2/96 97/2/597
f 98/2/599 613/2/600 238/2/601
f 98/2/602 685/2/116 394/2/502
f 394/2/502 298/2/603 98/2/602
f 298/2/604 235/2/287 98/2/599
f 99/2/605 617/2/606 247/2/255
f 247/2/255 1273/2/607 99/2/605
f 99/2/605 1673/2/270 396/2/268
f 396/2/268 434/2/608 99/2/605
f 100/2/609 725/2/610 491/2/611
f 491/2/611 397/2/295 100/2/609
f 100/2/609 686/2/294 391/2/612
f 391/2/612 482/2/132 100/2/609
f 17/2/114 1751/2/68 234/2/73
f 400/2/266 1745/2/613 3/2/264
f 398/2/26 238/2/614 101/2/24
f 101/2/23 613/2/600 232/2/21
f 294/2/55 298/2/604 102/2/615
f 102/2/616 688/2/505 399/2/79
f 399/2/79 390/2/617 102/2/616
f 390/2/596 294/2/55 102/2/615
f 779/2/618 778/2/619 782/2/620
f 783/2/359 777/2/621 779/2/618
f 57/2/106 787/2/622 222/2/355
f 782/2/620 320/2/352 55/2/356
f 411/2/623 432/2/47 103/2/624
f 432/2/47 412/2/625 103/2/624
f 103/2/624 696/2/626 410/2/627
f 103/2/624 695/2/628 411/2/623
f 429/2/629 409/2/630 104/2/631
f 104/2/632 1677/2/633 1264/2/634
f 1264/2/635 428/2/636 104/2/637
f 428/2/638 429/2/629 104/2/631
f 105/2/639 1664/2/640 430/2/641
f 105/2/639 694/2/48 411/2/623
f 411/2/623 407/2/642 105/2/639
f 407/2/643 1267/2/644 105/2/639
f 106/2/645 636/2/38 226/2/646
f 106/2/645 1642/2/647 1235/2/648
f 1235/2/648 409/2/649 106/2/645
f 409/2/650 412/2/625 106/2/645
f 587/2/651 590/2/652 107/2/653
f 107/2/653 767/2/654 421/2/655
f 421/2/655 420/2/656 107/2/653
f 107/2/653 699/2/657 587/2/651
f 108/2/658 1676/2/659 407/2/643
f 108/2/660 695/2/628 418/2/661
f 418/2/661 413/2/662 108/2/660
f 413/2/663 1249/2/664 108/2/658
f 418/2/661 410/2/627 109/2/665
f 410/2/627 417/2/666 109/2/665
f 417/2/666 415/2/667 109/2/665
f 109/2/665 697/2/668 418/2/661
f 427/2/669 420/2/656 110/2/670
f 420/2/656 426/2/671 110/2/670
f 110/2/670 702/2/672 425/2/673
f 110/2/670 701/2/674 427/2/669
f 111/2/675 767/2/654 589/2/676
f 111/2/677 1705/2/678 1243/2/679
f 1243/2/679 419/2/680 111/2/677
f 111/2/675 700/2/681 421/2/655
f 112/2/682 1706/2/683 588/2/684
f 112/2/685 768/2/686 587/2/651
f 587/2/651 408/2/687 112/2/685
f 408/2/688 1451/2/689 112/2/682
f 423/2/690 425/2/673 113/2/691
f 425/2/673 424/2/692 113/2/691
f 113/2/693 1683/2/694 1257/2/695
f 113/2/696 1682/2/697 423/2/698
f 114/2/699 700/2/681 419/2/700
f 114/2/701 1681/2/702 1250/2/703
f 1250/2/703 424/2/704 114/2/701
f 114/2/699 702/2/672 426/2/671
f 115/2/705 1680/2/706 408/2/688
f 115/2/707 699/2/657 427/2/669
f 115/2/707 701/2/674 423/2/690
f 423/2/698 1262/2/708 115/2/705
f 416/2/709 417/2/666 116/2/710
f 116/2/710 696/2/626 429/2/629
f 116/2/710 703/2/711 416/2/709
f 117/2/712 1679/2/713 414/2/714
f 414/2/715 416/2/709 117/2/712
f 117/2/712 703/2/711 428/2/716
f 117/2/712 1684/2/717 1266/2/718
f 226/2/646 291/2/75 118/2/74
f 1743/4/76 1271/2/719 118/2/74
f 1745/2/720 225/2/31 3/2/27
f 1271/2/719 226/2/646 118/2/74
f 503/1/721 440/1/722 119/1/723
f 119/1/723 635/1/724 501/1/725
f 501/1/725 558/1/726 119/1/723
f 558/1/726 503/1/721 119/1/723
f 120/2/727 627/2/728 438/2/729
f 120/2/727 438/2/729 573/2/730
f 120/2/727 744/2/731 288/2/732
f 121/1/733 635/1/734 388/1/735
f 388/1/735 502/1/736 121/1/733
f 502/1/737 516/1/738 121/1/733
f 516/1/738 501/1/739 121/1/733
f 1346/1/740 403/1/741 122/1/742
f 122/1/742 693/1/743 405/1/744
f 122/1/742 760/1/745 535/1/746
f 535/1/746 1346/1/740 122/1/742
f 780/2/747 789/2/265 784/2/360
f 123/2/110 1755/2/748 400/2/266
f 241/1/70 230/1/4 16/1/107
f 785/2/749 223/2/105 123/2/110
f 124/1/750 683/1/751 387/1/752
f 387/1/752 1347/1/753 124/1/750
f 1347/1/754 584/1/755 124/1/756
f 124/1/756 740/1/757 583/1/758
f 405/1/744 402/1/759 125/1/760
f 125/1/760 692/1/761 406/1/762
f 125/1/760 759/1/763 534/1/764
f 534/1/764 405/1/744 125/1/760
f 1211/1/765 442/1/766 126/1/767
f 126/1/767 690/1/768 401/1/769
f 401/1/769 563/1/770 126/1/767
f 563/1/770 1211/1/765 126/1/767
f 127/2/771 716/2/772 466/2/773
f 466/2/773 457/2/774 127/2/771
f 127/2/771 709/2/409 449/2/407
f 449/2/407 448/2/775 127/2/771
f 128/2/776 714/2/777 465/2/778
f 465/2/778 456/2/779 128/2/776
f 128/2/776 708/2/13 450/2/404
f 450/2/404 443/2/780 128/2/776
f 445/2/781 464/2/782 129/2/783
f 129/2/783 716/2/772 448/2/775
f 448/2/775 451/2/396 129/2/783
f 129/2/783 707/2/784 445/2/781
f 130/1/785 713/1/786 463/1/787
f 130/1/788 711/1/789 455/1/790
f 455/1/790 452/1/791 130/1/788
f 452/1/792 457/1/793 130/1/785
f 455/2/790 462/2/794 131/2/795
f 131/2/795 714/2/777 443/2/780
f 443/2/780 453/2/250 131/2/795
f 131/2/795 706/2/249 455/2/790
f 132/2/796 712/2/797 461/2/798
f 132/2/799 715/2/800 445/2/801
f 445/2/801 454/2/802 132/2/799
f 454/2/14 456/2/779 132/2/796
f 330/2/803 321/2/804 133/2/805
f 133/2/806 648/2/807 459/2/808
f 133/2/806 715/2/809 461/2/810
f 133/2/811 712/2/797 330/2/812
f 328/2/813 323/2/371 134/2/814
f 134/2/814 646/2/815 458/2/816
f 134/2/817 714/2/777 462/2/794
f 462/2/794 328/2/818 134/2/817
f 135/2/819 647/2/9 324/2/363
f 135/2/819 656/2/365 328/2/813
f 135/2/820 711/2/821 463/2/822
f 135/2/823 713/2/824 331/2/825
f 459/2/826 286/2/186 136/2/827
f 136/2/827 606/2/828 460/2/829
f 136/2/827 716/2/772 464/2/782
f 464/2/782 459/2/826 136/2/827
f 137/2/830 646/2/815 322/2/354
f 322/2/354 330/2/803 137/2/830
f 137/2/831 712/2/797 465/2/778
f 465/2/778 458/2/832 137/2/831
f 138/2/833 606/2/828 221/2/10
f 221/2/10 331/2/834 138/2/833
f 331/2/835 466/2/773 138/2/833
f 138/2/833 716/2/772 460/2/829
f 139/2/836 652/2/252 325/2/406
f 325/2/406 340/2/837 139/2/836
f 139/2/836 718/2/379 473/2/448
f 473/2/448 471/2/838 139/2/836
f 140/1/839 649/1/395 327/1/840
f 140/1/841 654/1/842 344/1/843
f 344/1/843 474/1/844 140/1/841
f 474/1/441 469/1/845 140/1/839
f 467/2/846 318/2/400 141/2/847
f 141/2/847 650/2/411 342/2/848
f 342/2/848 475/2/434 141/2/847
f 141/2/847 717/2/849 467/2/846
f 344/2/843 326/2/253 142/2/850
f 142/2/850 652/2/252 471/2/838
f 142/2/850 721/2/447 476/2/428
f 142/2/850 722/2/443 344/2/843
f 143/2/851 653/2/405 319/2/19
f 143/2/852 651/2/401 467/2/853
f 467/2/853 477/2/854 143/2/852
f 477/2/380 340/2/837 143/2/851
f 144/2/855 650/2/411 317/2/410
f 317/2/410 469/2/845 144/2/855
f 144/2/855 719/2/440 478/2/373
f 144/2/855 720/2/436 342/2/848
f 145/2/856 663/2/857 345/2/858
f 145/2/859 664/2/860 480/2/861
f 480/2/862 481/2/461 145/2/863
f 481/2/461 347/2/864 145/2/863
f 146/2/865 616/2/140 392/2/598
f 146/2/865 689/2/585 490/2/866
f 146/2/865 733/2/291 491/2/611
f 491/2/611 244/2/867 146/2/865
f 490/2/866 435/2/584 147/2/868
f 147/2/868 614/2/92 483/2/869
f 483/2/869 492/2/292 147/2/868
f 492/2/292 490/2/866 147/2/868
f 280/2/243 1098/2/870 148/2/870
f 148/2/870 1686/2/232 493/2/232
f 148/2/871 732/2/212 281/2/872
f 281/2/872 280/2/873 148/2/871
f 276/2/874 283/2/875 149/2/876
f 149/2/876 633/2/245 281/2/872
f 281/2/872 494/2/210 149/2/876
f 149/2/876 731/2/130 276/2/874
f 483/2/869 274/2/201 150/2/877
f 150/2/877 629/2/231 270/2/878
f 270/2/878 495/2/205 150/2/877
f 150/2/877 726/2/204 483/2/869
f 270/2/878 279/2/229 151/2/879
f 151/2/879 631/2/247 276/2/874
f 276/2/874 496/2/191 151/2/879
f 151/2/879 730/2/206 270/2/878
f 1076/2/880 264/2/183 152/2/880
f 264/2/182 265/2/881 152/2/882
f 152/2/882 729/2/151 497/2/168
f 497/2/167 1076/2/880 152/2/880
f 267/2/180 260/2/883 153/2/884
f 153/2/884 728/2/130 498/2/145
f 498/2/145 265/2/881 153/2/884
f 153/2/884 624/2/181 267/2/180
f 253/2/141 244/2/867 154/2/885
f 154/2/885 725/2/610 499/2/131
f 499/2/131 255/2/886 154/2/885
f 154/2/885 620/2/162 253/2/141
f 263/2/163 255/2/886 155/2/887
f 155/2/887 727/2/136 500/2/124
f 500/2/124 260/2/883 155/2/887
f 155/2/887 622/2/179 263/2/163
f 401/1/769 441/1/888 156/1/889
f 156/1/889 627/1/728 288/1/732
f 288/1/732 562/1/890 156/1/889
f 156/1/889 752/1/891 401/1/769
f 430/2/641 1362/2/892 157/2/893
f 157/2/893 1689/2/894 514/2/895
f 514/2/895 575/2/896 157/2/893
f 157/2/893 628/2/262 431/2/49
f 431/2/49 430/2/641 157/2/893
f 287/1/897 395/1/898 158/1/899
f 158/1/899 704/1/900 503/1/721
f 158/1/899 753/1/901 525/1/902
f 525/1/902 287/1/903 158/1/899
f 406/1/762 404/1/904 159/1/905
f 159/1/905 691/1/906 287/1/897
f 159/1/907 754/1/908 537/1/909
f 537/1/909 406/1/910 159/1/907
f 533/2/911 514/2/895 160/2/912
f 160/2/912 1689/2/894 1353/2/913
f 1353/2/913 505/2/914 160/2/912
f 160/2/912 737/2/915 533/2/911
f 526/2/916 522/2/917 161/2/918
f 522/2/919 513/2/920 161/2/921
f 513/2/920 506/2/922 161/2/921
f 161/2/918 738/2/923 526/2/916
f 162/1/924 741/1/925 510/1/926
f 510/1/926 1461/1/927 162/1/924
f 162/1/924 1707/1/928 595/1/929
f 595/1/929 512/1/930 162/1/924
f 163/1/931 740/1/932 508/1/933
f 508/1/933 1356/1/934 163/1/931
f 163/1/931 1692/1/935 510/1/926
f 510/1/926 509/1/936 163/1/931
f 508/1/933 584/1/937 164/1/938
f 164/1/938 1691/1/939 1355/1/940
f 164/1/938 1690/1/941 508/1/933
f 165/2/942 749/2/943 574/2/944
f 574/2/944 273/2/945 165/2/942
f 165/2/946 628/2/262 575/2/896
f 575/2/896 522/2/919 165/2/946
f 567/1/947 548/1/948 166/1/949
f 166/1/949 759/1/950 537/1/951
f 537/1/951 566/1/952 166/1/949
f 166/1/949 750/1/953 567/1/947
f 507/1/954 516/1/955 167/1/956
f 167/1/956 742/1/957 511/1/958
f 511/1/958 512/1/930 167/1/956
f 167/1/956 736/1/959 507/1/954
f 168/7/960 683/7/961 389/7/962
f 389/7/962 577/7/963 168/7/960
f 168/7/960 1699/7/964 1431/7/965
f 1431/7/965 576/7/966 168/7/960
f 511/1/958 585/1/967 169/1/968
f 585/1/967 509/1/936 169/1/968
f 169/1/968 741/1/925 511/1/958
f 170/1/969 734/1/970 515/1/971
f 515/1/971 572/1/972 170/1/969
f 572/1/972 555/1/973 170/1/969
f 171/1/974 752/1/975 524/1/976
f 171/1/974 734/1/970 504/1/977
f 171/1/974 797/1/978 507/1/954
f 507/1/954 523/1/979 171/1/974
f 172/2/980 773/2/981 605/2/982
f 605/2/982 599/2/983 172/2/980
f 172/2/980 763/2/984 554/2/985
f 554/2/985 561/2/986 172/2/980
f 527/2/987 541/2/988 173/2/989
f 173/2/989 737/2/915 532/2/990
f 173/2/989 755/2/991 527/2/987
f 530/2/992 528/2/993 174/2/994
f 174/2/994 1693/2/995 1382/2/996
f 1382/2/996 529/2/997 174/2/994
f 174/2/994 757/2/998 530/2/992
f 175/2/999 746/2/1000 518/2/1001
f 175/2/999 745/2/1002 551/2/1003
f 175/2/999 763/2/984 552/2/1004
f 176/1/1005 1696/1/1006 535/1/1007
f 535/1/1007 549/1/1008 176/1/1005
f 176/1/1005 758/1/1009 544/1/1010
f 544/1/1010 1402/1/1011 176/1/1005
f 177/2/1012 1697/2/1013 544/2/1010
f 544/2/1010 531/2/1014 177/2/1012
f 177/2/1015 757/2/998 529/2/1016
f 529/2/1016 1445/2/1017 177/2/1015
f 519/2/1018 560/2/1019 178/2/1020
f 178/2/1020 766/2/1021 569/2/1022
f 569/2/1022 519/2/1018 178/2/1020
f 538/2/1023 540/2/1024 179/2/1025
f 179/2/1025 1694/2/1026 1379/2/1027
f 1379/2/1027 528/2/993 179/2/1025
f 179/2/1025 756/2/1028 538/2/1023
f 180/2/1029 755/2/1030 539/2/1031
f 539/2/1032 536/2/1033 180/2/1034
f 180/2/1034 738/2/923 506/2/1035
f 506/2/1036 527/2/1037 180/2/1029
f 546/1/1038 549/1/1008 181/1/1039
f 181/1/1039 760/1/1040 534/1/1041
f 534/1/1041 548/1/948 181/1/1039
f 181/1/1039 761/1/1042 546/1/1038
f 538/2/1023 542/2/1043 182/2/1044
f 182/2/1045 761/2/1042 545/2/1046
f 545/2/1046 539/2/1032 182/2/1045
f 182/2/1044 755/2/1030 538/2/1023
f 530/2/992 531/2/1047 183/2/1048
f 183/2/1049 758/2/1009 546/2/1038
f 546/2/1038 542/2/1050 183/2/1049
f 183/2/1048 756/2/1028 530/2/992
f 540/2/1024 532/2/1051 184/2/1052
f 184/2/1052 737/2/915 505/2/914
f 505/2/914 1393/2/1053 184/2/1052
f 184/2/1052 1694/2/1026 540/2/1024
f 185/2/1054 772/2/1055 604/2/1056
f 604/2/1056 520/2/1057 185/2/1054
f 185/2/1058 746/2/1000 552/2/1004
f 552/2/1004 599/2/1059 185/2/1058
f 553/2/1060 559/2/1061 186/2/1062
f 186/2/1062 764/2/1063 554/2/985
f 554/2/985 551/2/1003 186/2/1062
f 186/2/1062 745/2/1002 553/2/1060
f 533/2/911 541/2/988 187/2/1064
f 187/2/1064 739/2/1065 513/2/1066
f 187/2/1064 743/2/1067 533/2/911
f 504/1/977 555/1/973 188/1/1068
f 188/1/1068 765/1/1069 571/1/1070
f 571/1/1070 547/1/1071 188/1/1068
f 188/1/1068 735/1/1072 504/1/977
f 189/2/1073 770/2/1074 603/2/1075
f 189/2/1073 769/2/1076 517/2/1077
f 517/2/1077 518/2/1001 189/2/1073
f 189/2/1073 746/2/1000 520/2/1078
f 517/2/1077 602/2/1079 190/2/1080
f 190/2/1080 771/2/1081 598/2/1082
f 190/2/1080 762/2/1083 553/2/1060
f 553/2/1060 517/2/1077 190/2/1080
f 557/2/1084 521/2/1085 191/2/1086
f 191/2/1086 750/2/953 568/2/1087
f 568/2/1087 560/2/1019 191/2/1086
f 191/2/1086 747/2/1088 557/2/1084
f 192/2/1089 771/2/1090 601/2/1091
f 601/2/1091 561/2/986 192/2/1089
f 561/2/986 559/2/1061 192/2/1089
f 192/2/1089 762/2/1083 598/2/1092
f 524/1/976 562/1/1093 193/1/1094
f 562/1/1093 515/1/971 193/1/1094
f 193/1/1094 734/1/970 524/1/976
f 574/2/944 564/2/1095 194/2/1096
f 564/2/1095 573/2/1097 194/2/1096
f 194/2/1096 687/2/1098 574/2/944
f 195/2/1099 750/2/953 521/2/1085
f 195/2/1099 751/2/1100 545/2/1046
f 545/2/1046 567/2/947 195/2/1099
f 565/1/1101 568/1/1087 196/1/1102
f 196/1/1102 750/1/953 566/1/952
f 566/1/952 525/1/1103 196/1/1102
f 196/1/1102 753/1/1104 565/1/1101
f 197/1/1105 748/1/1106 569/1/1022
f 569/1/1022 565/1/1101 197/1/1105
f 197/1/1105 753/1/1104 558/1/1107
f 558/1/1107 547/1/1071 197/1/1105
f 198/2/1108 748/2/1106 571/2/1070
f 571/2/1070 570/2/1109 198/2/1108
f 570/2/1109 556/2/1110 198/2/1108
f 199/2/1111 765/2/1069 572/2/972
f 572/2/972 564/2/1095 199/2/1111
f 564/2/1095 570/2/1109 199/2/1111
f 200/7/1112 1672/7/1113 387/7/1114
f 387/7/1114 576/7/966 200/7/1112
f 200/7/1112 1700/7/1115 1443/7/1116
f 201/7/1117 682/7/1118 388/7/1119
f 388/7/1119 578/7/1120 201/7/1117
f 201/7/1117 1698/7/1121 1430/7/1122
f 1430/7/1122 577/7/963 201/7/1117
f 579/7/1123 402/7/1124 202/7/1125
f 202/7/1125 693/7/1126 580/7/1127
f 580/7/1127 1433/7/1128 202/7/1125
f 202/7/1125 1702/7/1129 579/7/1123
f 580/7/1127 403/7/1130 203/7/1131
f 203/7/1131 1675/7/1132 1444/7/1133
f 203/7/1131 1703/7/1134 580/7/1127
f 389/1/1135 583/1/1136 204/1/1137
f 583/1/758 585/1/1138 204/1/1139
f 204/1/1139 742/1/1140 502/1/737
f 204/1/1137 682/1/1141 389/1/1135
f 578/7/1142 440/7/1143 205/7/1144
f 205/7/1144 704/7/1145 581/7/1146
f 581/7/1146 1435/7/1147 205/7/1144
f 1435/7/1147 578/7/1142 205/7/1144
f 582/7/1148 404/7/1149 206/7/1150
f 206/7/1150 692/7/1151 579/7/1123
f 579/7/1123 1434/7/1152 206/7/1150
f 206/7/1150 1701/7/1153 582/7/1148
f 581/7/1146 395/7/1154 207/7/1155
f 207/7/1155 691/7/1156 582/7/1148
f 582/7/1148 1432/7/1157 207/7/1155
f 207/7/1155 1704/7/1158 581/7/1146
f 422/2/1159 211/2/1160 212/2/1161
f 208/2/1162 1459/2/1163 211/2/1164
f 591/2/1165 588/2/1166 208/2/1167
f 588/2/684 1456/2/1168 208/2/1162
f 593/2/1169 208/2/1167 211/2/1160
f 210/2/1170 591/2/1165 593/2/1169
f 586/2/1171 590/2/652 209/2/1172
f 209/2/1172 768/2/686 591/2/1165
f 213/2/1173 593/2/1169 422/2/1159
f 213/2/1173 592/2/1174 210/2/1170
f 211/2/1164 1255/2/1175 212/2/1176
f 212/2/1176 1678/2/1177 413/2/663
f 212/2/1161 697/2/668 422/2/1159
f 422/2/1159 415/2/667 213/2/1173
f 415/2/667 594/2/1178 213/2/1173
f 214/1/1179 736/1/959 595/1/929
f 595/1/929 1359/1/1180 214/1/1179
f 214/1/1179 1687/1/1181 563/1/1182
f 563/1/1182 523/1/979 214/1/1179
f 543/2/1183 557/2/1084 215/2/1184
f 557/2/1084 600/2/1185 215/2/1184
f 215/2/1186 773/2/981 601/2/1091
f 601/2/1091 543/2/1187 215/2/1188
f 596/2/1189 536/2/1190 216/2/1191
f 536/2/1190 543/2/1192 216/2/1191
f 543/2/1193 602/2/1079 216/2/1194
f 216/2/1191 769/2/1076 596/2/1189
f 597/2/1195 526/2/1196 217/2/1197
f 526/2/1196 596/2/1189 217/2/1197
f 217/2/1197 769/2/1076 603/2/1075
f 603/2/1075 597/2/1195 217/2/1197
f 550/2/1198 556/2/1110 218/2/1199
f 556/2/1110 597/2/1200 218/2/1199
f 218/2/1201 770/2/1202 604/2/1056
f 218/2/1201 772/2/1055 550/2/1203
f 219/2/1204 747/2/1088 519/2/1018
f 519/2/1018 550/2/1198 219/2/1204
f 219/2/1205 772/2/1206 605/2/982
f 605/2/982 600/2/1207 219/2/1205
f 573/2/730 438/2/729 687/2/1208
f 775/2/1209 438/2/1210 627/2/1211
f 320/2/352 775/2/1209 627/2/1211
f 776/2/1212 687/2/1098 438/2/1210
f 774/2/358 273/2/945 687/2/1098
f 775/2/1213 320/2/1214 792/2/1215
f 785/2/1216 791/2/1217 787/2/1218
f 784/2/1219 40/2/1220 794/2/1221
f 788/2/1222 222/2/1223 791/2/1224
f 222/2/1225 787/2/1218 791/2/1217
f 776/2/1226 792/2/1215 793/2/1227
f 780/2/1228 790/2/1229 781/2/1230
f 781/2/370 786/2/1231 780/2/747
f 320/2/1232 778/2/1233 792/2/1234
f 782/2/1235 55/2/1236 790/2/1237
f 779/2/1238 790/2/1237 795/2/1239
f 777/2/1240 774/2/1241 793/2/1242
f 400/2/266 785/2/749 123/2/110
f 774/2/1243 776/2/1226 793/2/1227
f 786/2/1244 791/2/1224 796/2/1245
f 40/2/1246 783/2/1247 794/2/1248
f 784/2/1219 795/2/1249 780/2/1228
f 785/2/1216 789/2/1250 796/2/1251
f 55/2/1252 781/2/1230 790/2/1229
f 779/2/1238 794/2/1248 783/2/1247
f 789/2/1253 786/2/1244 796/2/1245
f 777/2/1240 792/2/1234 778/2/1233
f 592/2/1174 209/2/1172 210/2/1170
f 592/2/1254 1733/2/1255 1732/2/1254
f 589/2/1256 1735/2/1257 1705/2/1256
f 414/2/1258 1734/2/1259 698/2/1260
f 586/2/1261 1732/2/1261 1731/2/1261
f 767/2/1262 1731/2/1263 1735/2/1257
f 698/2/1260 1733/2/1255 594/2/1264
f 735/1/1072 188/1/1068 547/1/1071
f 797/1/978 504/1/977 735/1/1072
f 516/1/955 797/1/978 735/1/1072
f 798/1/368 1641/1/2 1017/1/1265
f 1044/1/1266 1759/1/1267 806/1/1268
f 809/1/1269 1778/1/7 1757/1/1270
f 798/1/368 1514/1/1271 1138/1/366
f 1017/1/1265 1019/1/1272 798/1/368
f 799/2/1273 1575/2/1274 1287/2/1275
f 799/2/1276 1574/2/1277 1295/2/1278
f 1144/2/1279 1154/2/1280 799/2/1276
f 1287/2/1275 1144/2/1281 799/2/1273
f 814/2/1282 1772/2/1283 1767/8/1284
f 898/2/1285 1775/2/1286 1765/2/1287
f 800/2/1288 1474/2/1289 1023/2/1290
f 1023/2/1290 1109/2/1291 801/2/1292
f 915/2/1293 1763/9/1294 1110/2/1295
f 1033/2/1296 1761/2/1297 807/2/1298
f 801/2/1292 1503/2/1299 1110/2/1295
f 1119/1/1300 1113/1/1301 802/1/1302
f 1030/1/42 1119/1/1300 802/1/1302
f 802/1/1302 1643/1/43 1030/1/42
f 802/1/1302 1475/1/1303 1027/1/1304
f 803/2/1305 1474/2/1289 1104/2/1306
f 1270/2/1307 1109/2/1291 803/2/1305
f 803/2/1305 1561/2/1308 1270/2/1307
f 1104/2/1306 1269/2/1309 803/2/1305
f 1121/2/1310 1122/2/1311 804/2/1312
f 804/2/1312 1506/2/1313 1121/2/1310
f 804/2/1312 1477/2/1314 1114/2/1315
f 804/2/1312 1507/2/1316 1029/2/1317
f 805/1/1318 1485/1/1319 1045/1/1320
f 805/1/1318 1505/1/1321 1188/1/1322
f 1045/1/1320 1113/1/1301 805/1/1318
f 853/1/1323 1769/1/1324 1138/1/366
f 853/1/1323 1771/6/1325 1760/6/1326
f 1039/1/1327 1044/1/1266 806/1/1268
f 806/1/1268 1479/1/1328 1039/1/1327
f 1023/2/1290 1766/2/1329 800/2/1288
f 1110/2/1295 1762/2/1330 801/2/1292
f 801/2/1292 1774/2/1331 1023/2/1290
f 1040/2/1332 1033/2/1296 807/2/1298
f 1034/2/77 1040/2/1332 807/2/1298
f 1280/2/1333 1227/2/1334 808/2/1335
f 808/2/1335 1504/2/1336 1280/2/1333
f 1272/2/1337 1032/2/1338 808/2/1335
f 808/2/1335 1551/2/1339 1272/2/1337
f 1758/5/367 1018/1/3 798/1/368
f 1757/1/1270 1031/1/1340 809/1/1269
f 1042/1/1341 1026/1/8 809/1/1269
f 1031/1/1340 1042/1/1341 809/1/1269
f 1027/1/1304 1050/1/1342 810/1/1343
f 810/1/1343 1643/1/43 1027/1/1304
f 1043/1/1344 1049/1/90 810/1/1343
f 810/1/1343 1481/1/1345 1043/1/1344
f 811/2/1346 1644/2/94 1051/2/98
f 1029/2/1317 1120/2/1347 811/2/1346
f 811/2/1346 1477/2/1314 1029/2/1317
f 1046/2/1348 1048/2/1349 811/2/1346
f 1051/2/98 1046/2/1348 811/2/1346
f 812/1/1350 1476/1/1351 1108/1/1352
f 812/1/1350 1475/1/1303 1028/1/1353
f 1108/1/1352 1050/1/1354 812/1/1350
f 1021/2/1355 1141/2/1356 854/2/1357
f 813/1/1358 1478/1/1359 1031/1/1340
f 1044/1/1266 1054/1/1360 813/1/1358
f 920/2/1361 1771/2/1325 1021/2/1355
f 920/2/1361 1776/2/1362 1768/2/1363
f 1278/2/1364 1036/2/1365 814/2/1282
f 814/2/1282 1552/2/1366 1278/2/1364
f 1055/2/1367 1064/2/1368 815/2/1369
f 815/2/1369 1650/2/120 1055/2/1367
f 1061/2/1370 1063/2/121 815/2/1369
f 815/2/1369 1488/2/1371 1061/2/1370
f 1325/2/1372 1343/2/1373 816/2/1374
f 816/2/1374 1488/2/1375 1325/2/1372
f 1326/2/1376 1062/2/1377 816/2/1374
f 816/2/1374 1595/2/1378 1326/2/1376
f 1323/2/1379 1342/2/1380 817/2/1381
f 817/2/1381 1486/2/1382 1323/2/1379
f 1325/2/1372 1064/2/1383 817/2/1381
f 817/2/1381 1594/2/1384 1325/2/1372
f 818/2/1385 1648/2/138 1065/2/144
f 818/2/1386 1483/2/1387 1046/2/1388
f 1059/2/1389 1058/2/1390 818/2/1386
f 1065/2/144 1059/2/1391 818/2/1385
f 1326/2/1376 1341/2/1392 819/2/1393
f 819/2/1393 1490/2/1394 1326/2/1376
f 819/2/1393 1492/2/1395 1069/2/1396
f 819/2/1393 1596/2/1397 1327/2/1398
f 1061/2/1370 1062/2/1399 820/2/1400
f 820/2/1400 1652/2/154 1061/2/1370
f 820/2/1400 1654/2/156 1071/2/155
f 820/2/1400 1490/2/1401 1068/2/1402
f 821/2/1403 1651/2/160 1072/2/166
f 821/2/1404 1487/2/1405 1059/2/1389
f 1066/2/1406 1070/2/1407 821/2/1404
f 821/2/1403 1653/2/165 1066/2/165
f 1340/2/167 1328/2/167 822/2/167
f 1327/2/1398 1340/2/1408 822/2/1409
f 1075/2/1410 1327/2/1398 822/2/1411
f 1328/2/172 1075/2/1410 822/2/172
f 1068/2/1402 1069/2/1412 823/2/1413
f 1078/2/175 1068/2/1402 823/2/1413
f 823/2/1413 1656/2/176 1078/2/175
f 823/2/1413 1492/2/1395 1075/2/1410
f 1066/2/165 1079/2/177 824/2/177
f 824/2/1414 1489/2/1415 1066/2/1406
f 824/2/1414 1491/2/1416 1077/2/1417
f 824/2/177 1655/2/183 1073/2/183
f 1017/1/1265 1025/1/184 825/1/1418
f 1105/1/1419 1017/1/1265 825/1/1418
f 825/1/1418 1515/1/1420 1105/1/1419
f 1057/1/1421 1139/1/1422 825/1/1418
f 1025/1/184 1057/1/1421 825/1/1418
f 1339/2/1423 1329/2/1424 826/2/1425
f 826/2/1425 1598/2/1378 1339/2/1423
f 1084/2/1426 1330/2/1427 826/2/1425
f 826/2/1425 1497/2/1428 1084/2/1426
f 827/2/1429 1647/2/197 1043/2/1344
f 1081/2/1430 1086/2/198 827/2/1429
f 1087/2/1431 1081/2/1432 827/2/1433
f 827/2/1433 1481/2/1345 1087/2/1431
f 828/2/1434 1593/2/1435 1056/2/1436
f 828/2/1434 1597/2/1437 1338/2/1438
f 1080/2/1439 1329/2/1424 828/2/1434
f 828/2/1434 1484/2/1440 1080/2/1439
f 1337/2/1441 1330/2/1427 829/2/1442
f 829/2/1442 1599/2/1443 1337/2/1441
f 829/2/1442 1501/2/1444 1331/2/1445
f 829/2/1442 1499/2/1446 1091/2/1447
f 1084/2/1448 1083/2/1449 830/2/1450
f 830/2/1450 1499/2/1451 1084/2/1448
f 1093/2/222 1090/2/1452 830/2/1450
f 830/2/1450 1659/2/223 1093/2/222
f 831/2/1453 1658/2/225 1081/2/1430
f 1088/2/227 1094/2/226 831/2/1453
f 1092/2/1454 1088/2/1455 831/2/1456
f 831/2/1456 1496/2/1457 1092/2/1454
f 1332/2/232 1336/2/232 832/2/232
f 1097/2/1458 1332/2/233 832/2/1459
f 1331/2/1445 1097/2/1458 832/2/1459
f 1336/2/1460 1331/2/1461 832/2/1462
f 1091/2/1463 1090/2/1452 833/2/1464
f 833/2/1464 1501/2/1444 1091/2/1463
f 1100/2/241 1097/2/1458 833/2/1464
f 1090/2/1452 1100/2/241 833/2/1464
f 1101/2/242 1088/2/227 834/2/242
f 1095/2/243 1101/2/242 834/2/242
f 834/2/1465 1500/2/1466 1095/2/1467
f 834/2/1465 1498/2/1468 1099/2/1469
f 835/2/1470 1573/2/1471 1285/2/1472
f 1123/2/1473 1294/2/1474 835/2/1470
f 835/2/1470 1519/2/1475 1123/2/1473
f 1285/2/1472 1151/2/1476 835/2/1470
f 1080/2/1477 1052/2/1478 836/2/1479
f 836/2/1479 1497/2/1480 1080/2/1477
f 1103/2/259 1083/2/1449 836/2/1479
f 836/2/1479 1649/2/260 1103/2/259
f 1104/2/1306 1022/2/1481 837/2/1482
f 837/2/1482 1495/2/1483 1104/2/1306
f 800/2/1484 1723/2/1485 1022/2/1486
f 1224/2/1487 1219/2/1488 838/2/1489
f 838/2/1489 1673/2/270 1224/2/1487
f 1055/2/1367 1218/2/271 838/2/1489
f 838/2/1489 1486/2/1490 1055/2/1367
f 839/1/1491 1493/1/1492 1212/1/1493
f 1282/1/1494 1102/1/1495 839/1/1491
f 1212/1/1493 1282/1/1494 839/1/1491
f 840/1/1496 1482/1/1497 1194/1/1498
f 840/1/1499 1478/1/1359 1054/1/1360
f 1191/1/1500 1193/1/1501 840/1/1499
f 1194/1/1498 1191/1/1502 840/1/1496
f 841/2/1503 1646/2/286 1038/2/289
f 1037/2/1504 1040/2/1332 841/2/1503
f 1121/2/1310 1037/2/1504 841/2/1503
f 1117/2/1505 1121/2/1310 841/2/1503
f 1038/2/289 1117/2/1505 841/2/1503
f 842/2/1506 1600/2/1507 1225/2/1508
f 842/2/1506 1593/2/1435 1335/2/1509
f 1274/2/1510 1056/2/1436 842/2/1506
f 842/2/1506 1553/2/1511 1274/2/1510
f 843/1/1512 1478/1/1359 1035/1/1513
f 1111/1/297 1042/1/1341 843/1/1512
f 843/1/1512 1666/1/298 1111/1/297
f 1035/1/1513 1119/1/1300 843/1/1512
f 844/2/1514 1508/2/1515 1127/2/1516
f 1115/2/1517 1122/2/1311 844/2/1514
f 844/2/1514 1510/2/1518 1115/2/1517
f 844/2/1514 1509/2/1519 1126/2/1520
f 1126/2/1520 1135/2/1521 845/2/1522
f 1134/2/1523 1126/2/1520 845/2/1522
f 845/2/1522 1512/2/1524 1134/2/1523
f 845/2/1522 1511/2/1525 1133/2/1526
f 846/2/1527 1507/2/1316 1115/2/1517
f 846/2/1528 1644/2/94 1120/2/1347
f 1125/2/1529 1128/2/316 846/2/1530
f 1115/2/1517 1125/2/1531 846/2/1527
f 847/2/1532 1667/2/321 1129/2/325
f 1127/2/1516 1117/2/1505 847/2/1533
f 1124/2/1534 1127/2/1516 847/2/1533
f 1129/2/325 1124/2/1535 847/2/1532
f 848/2/1536 1671/2/327 1130/2/327
f 1133/2/1537 1131/2/1538 848/2/1539
f 1132/2/1540 1133/2/1541 848/2/1542
f 1130/2/335 1132/2/1543 848/2/1544
f 849/2/1545 1669/2/338 1136/2/343
f 849/2/1546 1509/2/1519 1124/2/1534
f 849/2/1546 1511/2/1547 1135/2/1548
f 1136/2/343 1131/2/1549 849/2/1545
f 850/2/1550 1510/2/1518 1134/2/1551
f 850/2/1552 1668/2/346 1125/2/1529
f 850/2/1552 1670/2/348 1137/2/347
f 1134/2/1551 1132/2/1540 850/2/1550
f 851/1/1553 1522/1/1554 1146/1/1555
f 1102/1/1495 1145/1/1556 851/1/1553
f 851/1/1553 1493/1/1492 1102/1/1495
f 1146/1/1557 1139/1/1422 851/1/1553
f 1020/2/1558 1147/2/1559 852/2/1560
f 837/2/1561 1708/2/1562 1085/2/1563
f 1022/2/1486 1718/2/1564 837/2/1565
f 852/2/1560 1522/2/1554 1145/2/1556
f 1138/1/366 1149/1/1566 853/1/1323
f 807/2/1298 1761/2/1297 1764/2/1567
f 806/1/1268 1772/1/1283 1036/1/1365
f 1149/1/1566 1141/1/1356 853/1/1323
f 854/2/1357 1523/2/1568 1148/2/1569
f 852/2/1560 1722/2/1570 1020/2/1558
f 1148/2/1569 1020/2/1558 854/2/1357
f 1319/2/1571 1311/2/1572 855/2/1573
f 1166/2/1574 1319/2/1571 855/2/1573
f 1159/2/1575 1166/2/1574 855/2/1573
f 855/2/1573 1524/2/1576 1159/2/1575
f 856/2/1577 1585/2/1578 1309/2/1579
f 856/2/1580 1584/2/1581 1318/2/1582
f 1161/2/1583 1140/2/1584 856/2/1580
f 1309/2/1579 1161/2/1585 856/2/1577
f 1293/1/1586 1288/1/1587 857/1/1588
f 1285/1/1589 1293/1/1590 857/1/1591
f 857/1/1591 1521/1/1592 1285/1/1589
f 857/1/1588 1516/1/1593 1152/1/1594
f 1292/2/1595 1154/2/1280 858/2/1596
f 858/2/1596 1577/2/1597 1292/2/1595
f 1143/2/1598 1157/2/1599 858/2/1596
f 858/2/1596 1518/2/1600 1143/2/1598
f 859/2/1601 1572/2/1602 1123/2/1473
f 1287/2/1275 1291/2/1603 859/2/1601
f 859/2/1601 1520/2/1604 1287/2/1275
f 1123/2/1473 1150/2/1605 859/2/1601
f 1290/2/1606 1157/2/1599 860/2/1607
f 860/2/1607 1576/2/1608 1290/2/1606
f 1142/2/1609 1288/2/1587 860/2/1607
f 860/2/1607 1517/2/1610 1142/2/1609
f 1164/1/1611 1158/1/1612 861/1/1613
f 1178/1/1614 1164/1/1615 861/1/1616
f 861/1/1616 1535/1/1617 1178/1/1614
f 861/1/1613 1532/1/1618 1176/1/1619
f 1159/2/1575 1177/2/1620 862/2/1621
f 862/2/1621 1526/2/1622 1159/2/1575
f 1186/2/1623 1158/2/1624 862/2/1621
f 862/2/1621 1537/2/1625 1186/2/1623
f 1317/2/1626 1313/2/1627 863/2/1628
f 1168/2/1629 1317/2/1626 863/2/1628
f 863/2/1628 1525/2/1630 1168/2/1629
f 1313/2/1627 1163/2/1631 863/2/1628
f 1316/2/1632 1140/2/1633 864/2/1634
f 864/2/1634 1587/2/1635 1316/2/1632
f 1160/2/1636 1311/2/1572 864/2/1634
f 864/2/1634 1527/2/1637 1160/2/1636
f 865/1/1638 1586/1/1639 1166/1/1574
f 865/1/1640 1589/1/1641 1315/1/1642
f 1164/1/1615 1313/1/1643 865/1/1640
f 865/1/1638 1526/1/1644 1164/1/1611
f 866/2/1645 1588/2/1646 1168/2/1629
f 1309/2/1579 1314/2/1647 866/2/1645
f 866/2/1645 1528/2/1648 1309/2/1579
f 1168/2/1629 1162/2/1649 866/2/1645
f 867/1/1650 1530/1/1651 1170/1/1652
f 1176/1/1619 1171/1/1653 867/1/1650
f 1175/1/1654 1176/1/1655 867/1/1656
f 867/1/1656 1531/1/1657 1175/1/1654
f 868/2/1658 1590/2/1659 1320/2/1660
f 1174/2/1661 1322/2/1662 868/2/1658
f 868/2/1658 1534/2/1663 1174/2/1661
f 868/2/1658 1533/2/1664 1173/2/1665
f 869/2/1666 1525/2/1630 1180/2/1667
f 1179/2/1668 1162/2/1649 869/2/1666
f 869/2/1666 1534/2/1669 1179/2/1668
f 1180/2/1667 1184/2/1670 869/2/1666
f 1160/2/1636 1181/2/1671 870/2/1672
f 870/2/1672 1524/2/1576 1160/2/1636
f 1187/2/1673 1177/2/1620 870/2/1672
f 870/2/1672 1533/2/1674 1187/2/1673
f 871/2/1675 1529/2/1676 1178/2/1677
f 1180/2/1667 1163/2/1631 871/2/1675
f 871/2/1675 1536/2/1678 1180/2/1667
f 1178/2/1677 1183/2/1679 871/2/1675
f 872/2/1680 1528/2/1648 1179/2/1668
f 872/2/1681 1527/2/1682 1161/2/1583
f 1173/2/1665 1181/2/1683 872/2/1681
f 1179/2/1668 1173/2/1684 872/2/1680
f 873/2/1685 1535/2/1686 1175/2/1687
f 1182/2/1688 1183/2/1679 873/2/1685
f 1175/2/1687 1182/2/1688 873/2/1685
f 874/2/1689 1536/2/1678 1182/2/1688
f 1174/2/1690 1184/2/1670 874/2/1689
f 874/2/1689 1591/2/1691 1174/2/1690
f 1182/2/1688 1321/2/1692 874/2/1689
f 1186/2/1623 1185/2/1693 875/2/1694
f 875/2/1694 1532/2/1695 1186/2/1623
f 1185/2/1693 1171/2/1696 875/2/1694
f 1187/2/1673 1320/2/1697 876/2/1698
f 876/2/1698 1537/2/1625 1187/2/1673
f 1172/2/1699 1185/2/1693 876/2/1698
f 876/2/1698 1590/2/1700 1172/2/1701
f 1278/2/1364 1222/2/1702 877/2/1703
f 877/2/1703 1479/2/1328 1278/2/1364
f 1280/2/1333 1112/2/1704 877/2/1703
f 877/2/1703 1555/2/1705 1280/2/1333
f 1116/1/1706 1032/1/1338 878/1/1707
f 1045/1/1320 1116/1/1706 878/1/1707
f 878/1/1707 1475/1/1303 1045/1/1320
f 1032/1/1338 1028/1/1353 878/1/1707
f 1039/1/1327 1112/1/1704 879/1/1708
f 879/1/1708 1482/1/1497 1039/1/1327
f 1116/1/1706 1053/1/1709 879/1/1708
f 879/1/1708 1504/1/1336 1116/1/1706
f 880/1/1710 1540/1/1711 1202/1/1712
f 880/1/1713 1539/1/1714 1191/1/1500
f 1199/1/1715 1201/1/1716 880/1/1713
f 880/1/1710 1544/1/1717 1199/1/1718
f 1035/1/1513 1193/1/1719 881/1/1720
f 1195/1/1721 1035/1/1513 881/1/1720
f 881/1/1720 1538/1/1722 1195/1/1721
f 881/1/1720 1539/1/1723 1189/1/1724
f 1053/1/1725 1196/1/1726 882/1/1727
f 1194/1/1728 1053/1/1725 882/1/1727
f 882/1/1727 1540/1/1729 1194/1/1728
f 882/1/1727 1541/1/1730 1190/1/1731
f 1188/1/1322 1195/1/1732 883/1/1733
f 883/1/1734 1485/1/1735 1188/1/1736
f 1192/1/1737 1196/1/1738 883/1/1734
f 1195/1/1732 1192/1/1739 883/1/1733
f 1199/1/1718 1208/1/1740 884/1/1741
f 884/1/1742 1543/1/1743 1199/1/1715
f 884/1/1742 1547/1/1744 1197/1/1745
f 1205/1/1746 1207/1/1747 884/1/1741
f 884/1/1741 1548/1/1748 1205/1/1746
f 1210/1/1749 1197/1/1750 885/1/1751
f 885/1/1751 1542/1/1752 1210/1/1749
f 885/1/1751 1547/1/1753 1206/1/1754
f 886/1/1755 1538/1/1722 1203/1/1756
f 886/1/1757 1541/1/1758 1192/1/1737
f 1200/1/1759 1204/1/1760 886/1/1757
f 1203/1/1756 1200/1/1761 886/1/1755
f 1190/1/1731 1204/1/1762 887/1/1763
f 1202/1/1764 1190/1/1731 887/1/1763
f 887/1/1763 1544/1/1717 1202/1/1764
f 1209/1/1765 1208/1/1740 887/1/1763
f 887/1/1763 1545/1/1766 1209/1/1765
f 888/1/1767 1546/1/1768 1198/1/1769
f 1206/1/1770 1207/1/1771 888/1/1772
f 888/1/1772 1542/1/1752 1206/1/1770
f 1198/1/1773 1200/1/1759 888/1/1774
f 889/1/1775 1545/1/1766 1198/1/1776
f 889/1/1775 1548/1/1748 1209/1/1765
f 889/1/1775 1546/1/1777 1205/1/1746
f 1189/1/1724 1201/1/1778 890/1/1779
f 890/1/1779 1538/1/1722 1189/1/1724
f 1210/1/1749 1203/1/1756 890/1/1779
f 890/1/1779 1543/1/1780 1210/1/1749
f 1272/2/1337 1221/2/1781 891/2/1782
f 1108/2/1352 1272/2/1337 891/2/1782
f 891/2/1782 1481/2/1345 1108/2/1352
f 891/2/1782 1556/2/1783 1275/2/1784
f 892/1/1785 1674/1/587 1277/1/591
f 1283/1/1786 1276/1/1787 892/1/1785
f 892/1/1785 1665/1/590 1283/1/1786
f 893/1/1788 1493/1/1492 1057/1/1421
f 893/1/1788 1557/1/1789 1212/1/1493
f 1213/1/594 1276/1/1787 893/1/1788
f 893/1/1788 1657/1/595 1213/1/594
f 1217/2/1790 1048/2/1349 894/2/1791
f 894/2/1791 1551/2/1339 1217/2/1792
f 1220/2/1793 1221/2/1781 894/2/1791
f 1048/2/1349 1220/2/1793 894/2/1791
f 895/2/1794 1480/2/1795 1037/2/1504
f 895/2/1796 1552/2/1366 1041/2/1797
f 1118/2/1798 1222/2/1702 895/2/1796
f 1037/2/1504 1118/2/1799 895/2/1794
f 896/2/1800 1484/2/1801 1274/2/1802
f 1273/2/607 1052/2/1478 896/2/1800
f 896/2/1800 1673/2/270 1273/2/607
f 1274/2/1802 1224/2/1487 896/2/1800
f 897/2/1803 1592/2/1804 1323/2/1379
f 1225/2/1508 1334/2/1805 897/2/1803
f 897/2/1803 1553/2/1511 1225/2/1508
f 1323/2/1379 1219/2/1806 897/2/1803
f 1766/2/1807 1228/2/1808 800/2/1484
f 1765/2/1809 1033/2/1296 898/2/1810
f 1041/2/1797 1226/2/1811 898/2/1285
f 898/2/1810 1480/2/1795 1041/2/1812
f 1118/2/1799 1114/2/1315 899/2/1813
f 899/2/1814 1555/2/1705 1118/2/1798
f 1217/2/1792 1227/2/1334 899/2/1814
f 1114/2/1315 1217/2/1790 899/2/1813
f 1713/2/1815 1712/2/1816 1711/2/1817
f 1711/2/1817 1717/2/1818 1713/2/1815
f 854/2/1357 1721/2/1819 1021/2/1355
f 1145/2/1556 1716/2/1820 852/2/1560
f 1270/2/1307 1240/2/1821 900/2/1822
f 1241/2/1823 1270/2/1307 900/2/1822
f 900/2/1822 1563/2/1824 1241/2/1823
f 900/2/1822 1562/2/1825 1239/2/1826
f 1238/2/1827 1265/2/1828 901/2/1829
f 901/2/1830 1677/2/633 1238/2/1831
f 1263/2/1832 1264/2/635 901/2/1833
f 1265/2/1828 1263/2/1834 901/2/1829
f 902/2/1835 1664/2/640 1267/2/644
f 902/2/1835 1561/2/1308 1268/2/1836
f 1236/2/1837 1240/2/1821 902/2/1835
f 1267/2/644 1236/2/1838 902/2/1835
f 903/2/1839 1503/2/1299 1241/2/1823
f 903/2/1839 1642/2/647 1024/2/1840
f 1238/2/1831 1235/2/648 903/2/1839
f 1241/2/1823 1238/2/1841 903/2/1839
f 1454/2/1842 1450/2/1843 904/2/1844
f 904/2/1844 1634/2/1845 1454/2/1842
f 1252/2/1846 1253/2/1847 904/2/1844
f 904/2/1844 1566/2/1848 1252/2/1846
f 905/2/1849 1676/2/659 1249/2/664
f 905/2/1850 1562/2/1825 1236/2/1837
f 1242/2/1851 1248/2/1852 905/2/1850
f 1249/2/664 1242/2/1853 905/2/1849
f 1239/2/1826 1248/2/1852 906/2/1854
f 1247/2/1855 1239/2/1826 906/2/1854
f 1245/2/1856 1247/2/1855 906/2/1854
f 906/2/1854 1564/2/1857 1245/2/1856
f 1252/2/1846 1261/2/1858 907/2/1859
f 1260/2/1860 1252/2/1846 907/2/1859
f 907/2/1859 1569/2/1861 1260/2/1860
f 907/2/1859 1568/2/1862 1259/2/1863
f 908/2/1864 1634/2/1845 1253/2/1847
f 908/2/1865 1705/2/678 1453/2/1866
f 1251/2/1867 1243/2/679 908/2/1865
f 908/2/1864 1567/2/1868 1251/2/1869
f 909/2/1870 1706/2/683 1451/2/689
f 909/2/1871 1635/2/1872 1452/2/1873
f 1237/2/1874 1450/2/1843 909/2/1871
f 1451/2/689 1237/2/1875 909/2/1870
f 1259/2/1863 1256/2/1876 910/2/1877
f 1258/2/1878 1259/2/1863 910/2/1877
f 910/2/1879 1683/2/694 1258/2/1880
f 910/2/1881 1682/2/697 1257/2/1882
f 911/2/1883 1567/2/1868 1260/2/1860
f 911/2/1884 1681/2/702 1251/2/1867
f 1258/2/1880 1250/2/703 911/2/1884
f 911/2/1883 1569/2/1861 1258/2/1878
f 912/2/1885 1680/2/706 1262/2/708
f 912/2/1886 1566/2/1848 1237/2/1874
f 912/2/1886 1568/2/1862 1261/2/1858
f 1262/2/708 1256/2/1887 912/2/1885
f 1247/2/1855 1246/2/1888 913/2/1889
f 913/2/1889 1563/2/1824 1247/2/1855
f 913/2/1889 1570/2/1890 1265/2/1828
f 914/2/1891 1679/2/713 1266/2/718
f 1246/2/1888 1244/2/1892 914/2/1891
f 914/2/1891 1570/2/1890 1246/2/1888
f 914/2/1891 1684/2/717 1263/2/1893
f 1110/2/1295 1024/2/1840 915/2/1293
f 1271/2/719 1763/9/1294 915/2/1293
f 1764/2/1567 1034/2/77 807/2/1298
f 1024/2/1840 1271/2/719 915/2/1293
f 1281/1/1894 1348/1/1895 916/1/1896
f 916/1/1896 1502/1/1897 1281/1/1894
f 1412/1/1898 1344/1/1899 916/1/1896
f 1348/1/1895 1412/1/1898 916/1/1896
f 917/2/1900 1494/2/1901 1107/2/1902
f 917/2/1900 1427/2/1903 1279/2/1904
f 917/2/1900 1611/2/1905 1427/2/1903
f 918/1/1906 1502/1/1907 1344/1/1908
f 1345/1/1909 1215/1/1910 918/1/1906
f 1366/1/1911 1345/1/1912 918/1/1906
f 1344/1/1908 1366/1/1911 918/1/1906
f 1231/1/1913 1346/1/740 919/1/1914
f 919/1/1914 1560/1/1915 1231/1/1913
f 919/1/1914 1627/1/1916 1233/1/1917
f 1346/1/740 1387/1/1918 919/1/1914
f 1714/2/1919 1723/2/1485 1720/2/1920
f 1031/1/1340 1044/1/1266 813/1/1358
f 1767/8/1284 1226/2/1811 814/2/1282
f 1021/2/1355 1719/2/1921 920/2/1361
f 921/1/1922 1550/1/1923 1446/1/1924
f 1347/1/753 1214/1/1925 921/1/1922
f 1447/1/1926 1347/1/754 921/1/1927
f 921/1/1927 1607/1/1928 1447/1/1926
f 1230/1/1929 1233/1/1917 922/1/1930
f 922/1/1930 1559/1/1931 1230/1/1929
f 922/1/1930 1626/1/1932 1234/1/1933
f 1233/1/1917 1386/1/1934 922/1/1930
f 1283/1/1935 1211/1/765 923/1/1936
f 923/1/1936 1557/1/1937 1283/1/1935
f 1417/1/1938 1229/1/1939 923/1/1936
f 1211/1/765 1417/1/1938 923/1/1936
f 924/2/1940 1583/2/1941 1289/2/1942
f 1298/2/1943 1307/2/1944 924/2/1940
f 924/2/1940 1576/2/1608 1298/2/1943
f 1289/2/1942 1290/2/1606 924/2/1940
f 925/2/1945 1581/2/1946 1284/2/1947
f 1297/2/1948 1306/2/1949 925/2/1945
f 925/2/1945 1575/2/1274 1297/2/1948
f 1284/2/1947 1291/2/1603 925/2/1945
f 1305/2/1950 1286/2/1951 926/2/1952
f 926/2/1952 1583/2/1941 1305/2/1950
f 1292/2/1595 1289/2/1942 926/2/1952
f 926/2/1952 1574/2/1953 1292/2/1595
f 927/1/1954 1580/1/1955 1298/1/1956
f 927/1/1957 1578/1/1958 1304/1/1959
f 1293/1/1960 1296/1/1961 927/1/1957
f 1298/1/1956 1293/1/1962 927/1/1954
f 1303/2/1963 1296/2/1961 928/2/1964
f 928/2/1964 1581/2/1946 1303/2/1963
f 1294/2/1474 1284/2/1947 928/2/1964
f 928/2/1964 1573/2/1471 1294/2/1474
f 929/2/1965 1579/2/1966 1297/2/1948
f 929/2/1967 1582/2/1968 1302/2/1969
f 1295/2/1278 1286/2/1970 929/2/1967
f 1297/2/1948 1295/2/1971 929/2/1965
f 1146/2/1555 1155/2/1972 930/2/1973
f 930/2/1974 1515/2/1975 1146/2/1976
f 930/2/1974 1582/2/1977 1300/2/1978
f 930/2/1979 1579/2/1966 1302/2/1980
f 1148/2/1569 1153/2/1981 931/2/1982
f 931/2/1982 1513/2/1983 1148/2/1569
f 931/2/1984 1581/2/1946 1299/2/1985
f 1153/2/1986 1303/2/1963 931/2/1984
f 932/2/1987 1514/2/1271 1156/2/1988
f 932/2/1987 1523/2/1568 1149/2/1566
f 932/2/1989 1578/2/1990 1153/2/1991
f 932/2/1992 1580/2/1993 1304/2/1994
f 1105/2/1419 1300/2/1995 933/2/1996
f 933/2/1996 1473/2/1997 1105/2/1419
f 933/2/1996 1583/2/1941 1301/2/1998
f 1300/2/1995 1305/2/1950 933/2/1996
f 934/2/1999 1513/2/1983 1299/2/2000
f 1155/2/1972 1147/2/1559 934/2/1999
f 934/2/2001 1579/2/1966 1155/2/2002
f 1299/2/1985 1306/2/1949 934/2/2001
f 935/2/2003 1473/2/1997 1301/2/1998
f 1156/2/2004 1019/2/1272 935/2/2003
f 1307/2/1944 1156/2/2005 935/2/2003
f 935/2/2003 1583/2/1941 1307/2/1944
f 936/2/2006 1519/2/1475 1312/2/2007
f 1165/2/2008 1150/2/1605 936/2/2006
f 936/2/2006 1585/2/1578 1165/2/2008
f 1312/2/2007 1314/2/1647 936/2/2006
f 937/1/2009 1516/1/1593 1310/1/2010
f 937/1/2011 1521/1/2012 1152/1/2013
f 1315/1/1642 1169/1/2014 937/1/2011
f 1310/1/2010 1315/1/2015 937/1/2009
f 1143/2/1598 1308/2/2016 938/2/2017
f 938/2/2017 1517/2/1610 1143/2/1598
f 1316/2/1632 1167/2/2018 938/2/2017
f 938/2/2017 1584/2/2019 1316/2/1632
f 1151/2/1476 1169/2/2014 939/2/2020
f 939/2/2020 1519/2/1475 1151/2/1476
f 939/2/2020 1588/2/1646 1312/2/2007
f 939/2/2020 1589/2/1641 1317/2/1626
f 940/2/2021 1520/2/1604 1165/2/2008
f 940/2/2022 1518/2/1600 1144/2/1279
f 1318/2/1582 1308/2/2023 940/2/2022
f 1165/2/2008 1318/2/2024 940/2/2021
f 941/2/2025 1517/2/1610 1167/2/2018
f 1310/2/2010 1142/2/1609 941/2/2025
f 941/2/2025 1586/2/1639 1310/2/2010
f 941/2/2025 1587/2/1635 1319/2/1571
f 942/2/2026 1530/2/2027 1172/2/1699
f 942/2/2028 1531/2/2029 1170/2/2030
f 1322/2/1662 1321/2/2031 942/2/2032
f 1172/2/2033 1322/2/1662 942/2/2032
f 943/2/2034 1483/2/1387 1047/2/2035
f 943/2/2034 1556/2/1783 1220/2/1793
f 943/2/2034 1600/2/1507 1333/2/2036
f 1047/2/2035 1334/2/1805 943/2/2034
f 1275/2/1784 1333/2/2036 944/2/2037
f 944/2/2037 1481/2/1345 1275/2/1784
f 1335/2/1509 1324/2/2038 944/2/2037
f 1333/2/2036 1335/2/1509 944/2/2037
f 1098/2/870 1095/2/243 945/2/870
f 945/2/870 1686/2/232 1098/2/870
f 945/2/2039 1599/2/1443 1336/2/1460
f 1095/2/1467 1096/2/2040 945/2/2039
f 1099/2/2041 1089/2/2042 946/2/2043
f 946/2/2043 1500/2/1466 1099/2/2041
f 1337/2/1441 1096/2/2040 946/2/2043
f 946/2/2043 1598/2/1378 1337/2/1441
f 1087/2/1431 1324/2/2038 947/2/2044
f 947/2/2044 1496/2/1457 1087/2/1431
f 1338/2/1438 1082/2/2045 947/2/2044
f 947/2/2044 1593/2/1435 1338/2/1438
f 1092/2/1454 1082/2/2045 948/2/2046
f 948/2/2046 1498/2/1468 1092/2/1454
f 1339/2/1423 1089/2/2042 948/2/2046
f 948/2/2046 1597/2/1437 1339/2/1423
f 1073/2/183 1076/2/880 949/2/880
f 1074/2/2047 1073/2/2048 949/2/2049
f 949/2/2049 1596/2/1397 1074/2/2047
f 1076/2/880 1340/2/167 949/2/880
f 1067/2/2050 1077/2/1417 950/2/2051
f 950/2/2051 1595/2/1378 1067/2/2050
f 1074/2/2047 1341/2/1392 950/2/2051
f 950/2/2051 1491/2/1416 1074/2/2047
f 1047/2/2035 1058/2/1390 951/2/2052
f 951/2/2052 1592/2/1804 1047/2/2035
f 1060/2/2053 1342/2/1380 951/2/2052
f 951/2/2052 1487/2/1405 1060/2/2053
f 1060/2/2053 1070/2/1407 952/2/2054
f 952/2/2054 1594/2/1384 1060/2/2053
f 1067/2/2050 1343/2/1373 952/2/2054
f 952/2/2054 1489/2/1415 1067/2/2050
f 1282/1/2055 1229/1/1939 953/1/2056
f 953/1/2056 1494/1/1901 1282/1/2055
f 1416/1/2057 1107/1/1902 953/1/2056
f 953/1/2056 1619/1/2058 1416/1/2057
f 1362/2/892 1268/2/1836 954/2/2059
f 954/2/2059 1689/2/894 1362/2/892
f 1429/2/2060 1364/2/2061 954/2/2059
f 954/2/2059 1495/2/1483 1429/2/2060
f 1268/2/1836 1269/2/1309 954/2/2059
f 1223/1/2062 1106/1/2063 955/1/2064
f 955/1/2064 1571/1/2065 1223/1/2062
f 955/1/2064 1620/1/2066 1348/1/1895
f 1106/1/2067 1375/1/2068 955/1/2064
f 1232/1/2069 1234/1/2070 956/1/2071
f 956/1/2071 1558/1/2072 1232/1/2069
f 956/1/2073 1621/1/2074 1106/1/2067
f 1234/1/1933 1389/1/2075 956/1/2073
f 1364/2/2061 1385/2/2076 957/2/2077
f 957/2/2077 1689/2/894 1364/2/2061
f 1350/2/2078 1353/2/913 957/2/2077
f 957/2/2077 1604/2/2079 1350/2/2078
f 1372/2/2080 1376/2/2081 958/2/2082
f 1363/2/2083 1372/2/2084 958/2/2085
f 1351/2/2086 1363/2/2083 958/2/2085
f 958/2/2082 1605/2/2087 1351/2/2088
f 959/1/2089 1608/1/2090 1361/1/2091
f 1461/1/927 1358/1/2092 959/1/2089
f 959/1/2089 1707/1/928 1461/1/927
f 1361/1/2091 1462/1/2093 959/1/2089
f 960/1/2094 1607/1/2095 1357/1/2096
f 1356/1/934 1354/1/2097 960/1/2094
f 960/1/2094 1692/1/935 1356/1/934
f 1357/1/2096 1358/1/2092 960/1/2094
f 1447/1/2098 1354/1/2097 961/1/2099
f 961/1/2099 1691/1/939 1447/1/2098
f 961/1/2099 1690/1/941 1355/1/2100
f 962/2/2101 1616/2/2102 1372/2/2080
f 1085/2/1563 1428/2/2103 962/2/2101
f 962/2/2104 1495/2/1483 1085/2/2105
f 1372/2/2084 1429/2/2060 962/2/2104
f 1401/1/2106 1421/1/2107 963/1/2108
f 963/1/2108 1626/1/2109 1401/1/2106
f 1420/1/2110 1389/1/2111 963/1/2108
f 963/1/2108 1617/1/2112 1420/1/2110
f 1366/1/2113 1352/1/2114 964/1/2115
f 964/1/2115 1609/1/2116 1366/1/2113
f 1361/1/2091 1360/1/2117 964/1/2115
f 964/1/2115 1603/1/2118 1361/1/2091
f 965/7/2119 1550/7/2120 1436/7/2121
f 1437/7/2122 1216/7/2123 965/7/2119
f 965/7/2119 1699/7/964 1437/7/2122
f 1436/7/2121 1431/7/965 965/7/2119
f 1448/1/2124 1360/1/2117 966/1/2125
f 1357/1/2096 1448/1/2124 966/1/2125
f 966/1/2125 1608/1/2090 1357/1/2096
f 967/1/2126 1601/1/2127 1409/1/2128
f 1426/1/2129 1365/1/2130 967/1/2126
f 1409/1/2128 1426/1/2129 967/1/2126
f 968/1/2131 1619/1/2132 1373/1/2133
f 968/1/2131 1601/1/2127 1374/1/2134
f 968/1/2131 1736/1/2135 1349/1/2136
f 1373/1/2133 1352/1/2114 968/1/2131
f 969/2/2137 1640/2/2138 1415/2/2139
f 1466/2/2140 1472/2/2141 969/2/2137
f 969/2/2137 1630/2/2142 1466/2/2143
f 1415/2/2139 1408/2/2144 969/2/2137
f 1394/2/2145 1377/2/2146 970/2/2147
f 970/2/2147 1604/2/2079 1394/2/2145
f 970/2/2147 1622/2/2148 1384/2/2149
f 1378/2/2150 1381/2/2151 971/2/2152
f 971/2/2152 1693/2/995 1378/2/2150
f 1380/2/2153 1382/2/996 971/2/2152
f 971/2/2152 1624/2/2154 1380/2/2153
f 972/2/2155 1613/2/2156 1406/2/2157
f 972/2/2155 1612/2/2158 1368/2/2159
f 972/2/2155 1630/2/2142 1405/2/2160
f 973/1/2161 1696/1/1006 1402/1/1011
f 1403/1/2162 1387/1/2163 973/1/2161
f 973/1/2161 1625/1/2164 1403/1/2162
f 1402/1/1011 1397/1/2165 973/1/2161
f 974/2/2166 1697/2/1013 1445/2/2167
f 1383/2/2168 1397/2/2165 974/2/2166
f 974/2/2169 1624/2/2154 1383/2/2170
f 1445/2/1017 1380/2/2171 974/2/2169
f 1414/2/2172 1369/2/2173 975/2/2174
f 975/2/2174 1633/2/2175 1414/2/2172
f 1369/2/2173 1423/2/2176 975/2/2174
f 1392/2/2177 1390/2/2178 976/2/2179
f 976/2/2179 1694/2/1026 1392/2/2177
f 1378/2/2150 1379/2/1027 976/2/2179
f 976/2/2179 1623/2/2180 1378/2/2150
f 977/2/2181 1622/2/2182 1377/2/2183
f 1388/2/2184 1391/2/2185 977/2/2186
f 977/2/2186 1605/2/2087 1388/2/2184
f 1377/2/2183 1351/2/2187 977/2/2181
f 1403/1/2162 1399/1/2188 978/1/2189
f 978/1/2189 1627/1/2190 1403/1/2162
f 1401/1/2106 1386/1/2191 978/1/2189
f 978/1/2189 1628/1/2192 1401/1/2106
f 1395/2/2193 1390/2/2178 979/2/2194
f 979/2/2195 1628/2/2192 1395/2/2196
f 1391/2/2185 1398/2/2197 979/2/2195
f 979/2/2194 1622/2/2182 1391/2/2198
f 1383/2/2170 1381/2/2151 980/2/2199
f 980/2/2200 1625/2/2164 1383/2/2168
f 1395/2/2196 1399/2/2188 980/2/2200
f 980/2/2199 1623/2/2180 1395/2/2193
f 1384/2/2201 1392/2/2177 981/2/2202
f 981/2/2202 1604/2/2079 1384/2/2201
f 1393/2/1053 1350/2/2078 981/2/2202
f 981/2/2202 1694/2/1026 1393/2/1053
f 982/2/2203 1639/2/2204 1466/2/2205
f 1370/2/2206 1471/2/2207 982/2/2203
f 982/2/2208 1613/2/2156 1370/2/2209
f 1466/2/2143 1406/2/2157 982/2/2208
f 1413/2/2210 1407/2/2211 983/2/2212
f 983/2/2212 1631/2/2213 1413/2/2210
f 1405/2/2160 1408/2/2144 983/2/2212
f 983/2/2212 1612/2/2158 1405/2/2160
f 1394/2/2145 1385/2/2076 984/2/2214
f 984/2/2214 1606/2/2215 1394/2/2145
f 984/2/2214 1610/2/2216 1363/2/2217
f 1409/1/2128 1349/1/2136 985/1/2218
f 985/1/2218 1632/1/2219 1409/1/2128
f 1400/1/2220 1425/1/2221 985/1/2218
f 985/1/2218 1349/1/2136 1602/1/2222
f 986/2/2223 1637/2/2224 1370/2/2225
f 986/2/2223 1636/2/2226 1470/2/2227
f 1368/2/2159 1367/2/2228 986/2/2223
f 986/2/2223 1613/2/2156 1368/2/2159
f 1469/2/2229 1367/2/2228 987/2/2230
f 987/2/2230 1638/2/2231 1469/2/2229
f 987/2/2230 1629/2/2232 1465/2/2233
f 1367/2/2228 1407/2/2211 987/2/2230
f 1371/2/2234 1411/2/2235 988/2/2236
f 988/2/2236 1617/2/2112 1371/2/2234
f 1414/2/2172 1422/2/2237 988/2/2236
f 988/2/2236 1614/2/2238 1414/2/2172
f 989/2/2239 1638/2/2240 1465/2/2241
f 1415/2/2139 1468/2/2242 989/2/2239
f 1413/2/2210 1415/2/2139 989/2/2239
f 989/2/2239 1629/2/2232 1413/2/2210
f 1416/1/2243 1374/1/2134 990/1/2244
f 1365/1/2130 1416/1/2243 990/1/2244
f 990/1/2244 1601/1/2127 1365/1/2130
f 1418/2/2245 1428/2/2103 991/2/2246
f 1427/2/2247 1418/2/2245 991/2/2246
f 991/2/2246 1554/2/2248 1427/2/2247
f 992/2/2249 1617/2/2112 1421/2/2107
f 992/2/2249 1618/2/2250 1371/2/2234
f 1421/2/2107 1398/2/2197 992/2/2249
f 1422/1/2237 1419/1/2251 993/1/2252
f 993/1/2252 1617/1/2112 1422/1/2237
f 1375/1/2253 1420/1/2110 993/1/2252
f 993/1/2252 1620/1/2254 1375/1/2253
f 994/1/2255 1615/1/2256 1400/1/2220
f 1419/1/2251 1423/1/2176 994/1/2255
f 994/1/2255 1620/1/2254 1419/1/2251
f 1400/1/2220 1412/1/2257 994/1/2255
f 995/2/2258 1615/2/2256 1410/2/2259
f 1424/2/2260 1425/2/2221 995/2/2258
f 1410/2/2259 1424/2/2260 995/2/2258
f 996/2/2261 1632/2/2219 1424/2/2260
f 1418/2/2245 1426/2/2129 996/2/2261
f 1424/2/2260 1418/2/2245 996/2/2261
f 997/7/2262 1672/7/1113 1443/7/1116
f 1436/7/2121 1214/7/2263 997/7/2262
f 997/7/2262 1700/7/1115 1436/7/2121
f 998/7/2264 1549/7/2265 1437/7/2122
f 1438/7/2266 1215/7/2267 998/7/2264
f 998/7/2264 1698/7/1121 1438/7/2266
f 1437/7/2122 1430/7/1122 998/7/2264
f 1230/7/2268 1439/7/2269 999/7/2270
f 999/7/2270 1560/7/2271 1230/7/2268
f 1433/7/1128 1440/7/2272 999/7/2270
f 999/7/2270 1702/7/1129 1433/7/1128
f 1231/7/2273 1440/7/2272 1000/7/2274
f 1000/7/2274 1675/7/1132 1231/7/2273
f 1000/7/2274 1703/7/1134 1444/7/1133
f 1446/1/1924 1216/1/2275 1001/1/2276
f 1448/1/2277 1446/1/2278 1001/1/2279
f 1001/1/2279 1609/1/2280 1448/1/2277
f 1001/1/2276 1549/1/2281 1345/1/1909
f 1281/7/2282 1438/7/2283 1002/7/2284
f 1002/7/2284 1571/7/2285 1281/7/2282
f 1435/7/1147 1441/7/2286 1002/7/2284
f 1438/7/2283 1435/7/1147 1002/7/2284
f 1232/7/2287 1442/7/2288 1003/7/2289
f 1003/7/2289 1559/7/2290 1232/7/2287
f 1434/7/1152 1439/7/2269 1003/7/2289
f 1003/7/2289 1701/7/1153 1434/7/1152
f 1223/7/2291 1441/7/2286 1004/7/2292
f 1004/7/2292 1558/7/2293 1223/7/2291
f 1432/7/1157 1442/7/2288 1004/7/2292
f 1004/7/2292 1704/7/1158 1432/7/1157
f 1008/2/2294 1254/2/2295 1009/2/2296
f 1459/2/1163 1005/2/2297 1008/2/2298
f 1452/2/1873 1455/2/2299 1005/2/2300
f 1456/2/1168 1452/2/2301 1005/2/2297
f 1005/2/2300 1458/2/2302 1008/2/2294
f 1007/2/2303 1455/2/2299 1006/2/2304
f 1454/2/1842 1449/2/2305 1006/2/2304
f 1006/2/2304 1635/2/1872 1454/2/1842
f 1010/2/2306 1458/2/2302 1007/2/2303
f 1010/2/2306 1457/2/2307 1460/2/2308
f 1255/2/1175 1008/2/2298 1009/2/2309
f 1009/2/2309 1678/2/1177 1255/2/1175
f 1009/2/2296 1564/2/1857 1242/2/1851
f 1245/2/1856 1254/2/2295 1010/2/2306
f 1460/2/2308 1245/2/1856 1010/2/2306
f 1011/1/2310 1603/1/2118 1373/1/2133
f 1359/1/1180 1462/1/2093 1011/1/2310
f 1011/1/2310 1687/1/1181 1359/1/1180
f 1373/1/2133 1417/1/2311 1011/1/2310
f 1411/2/2235 1396/2/2312 1012/2/2313
f 1467/2/2314 1411/2/2235 1012/2/2313
f 1012/2/2315 1640/2/2138 1467/2/2316
f 1396/2/2317 1468/2/2242 1012/2/2318
f 1388/2/2319 1463/2/2320 1013/2/2321
f 1396/2/2322 1388/2/2319 1013/2/2321
f 1469/2/2229 1396/2/2323 1013/2/2324
f 1013/2/2321 1636/2/2226 1469/2/2229
f 1376/2/2325 1464/2/2326 1014/2/2327
f 1463/2/2320 1376/2/2325 1014/2/2327
f 1014/2/2327 1636/2/2226 1463/2/2320
f 1464/2/2326 1470/2/2227 1014/2/2327
f 1410/2/2259 1404/2/2328 1015/2/2329
f 1464/2/2330 1410/2/2259 1015/2/2329
f 1015/2/2331 1637/2/2332 1464/2/2333
f 1015/2/2331 1639/2/2204 1471/2/2207
f 1016/2/2334 1614/2/2238 1467/2/2314
f 1404/2/2328 1369/2/2173 1016/2/2334
f 1016/2/2335 1639/2/2336 1404/2/2337
f 1467/2/2316 1472/2/2141 1016/2/2335
f 1427/2/1903 1554/2/2338 1279/2/1904
f 1709/2/2339 1279/2/2340 1710/2/2341
f 1145/2/1556 1494/2/2342 1709/2/2339
f 1710/2/2341 1554/2/2248 1708/2/1562
f 1708/2/1562 1554/2/2248 1085/2/1563
f 1709/2/2343 1726/2/2344 1145/2/2345
f 1725/2/2346 1719/2/2347 1721/2/2348
f 1718/2/2349 1728/2/2350 837/2/2351
f 1722/2/2352 1725/2/2353 1020/2/2354
f 1020/2/2355 1725/2/2346 1721/2/2348
f 1710/2/2356 1726/2/2344 1709/2/2343
f 1724/2/2357 1714/2/2358 1715/2/2359
f 1720/2/1920 1715/2/2360 1714/2/1919
f 1145/2/2361 1726/2/2362 1712/2/2363
f 1716/2/2364 1724/2/2365 852/2/2366
f 1713/2/2367 1724/2/2365 1716/2/2364
f 1711/2/2368 1727/2/2369 1708/2/2370
f 1719/2/1921 1228/2/1808 920/2/1361
f 1708/2/2371 1727/2/2372 1710/2/2356
f 1720/2/2373 1725/2/2353 1722/2/2352
f 837/2/2374 1728/2/2375 1717/2/2376
f 1729/2/2377 1718/2/2349 1714/2/2358
f 1719/2/2347 1730/2/2378 1723/2/2379
f 852/2/2380 1724/2/2357 1715/2/2359
f 1728/2/2375 1713/2/2367 1717/2/2376
f 1723/2/2381 1730/2/2382 1720/2/2373
f 1726/2/2362 1711/2/2368 1712/2/2363
f 1006/2/2304 1457/2/2307 1007/2/2303
f 1457/2/1254 1733/2/1255 1460/2/1264
f 1453/2/1256 1735/2/1257 1634/2/1262
f 1734/2/1259 1244/2/2383 1565/2/1260
f 1449/2/1261 1732/2/1261 1457/2/1261
f 1634/2/1262 1731/2/1263 1449/2/1263
f 1733/2/1255 1565/2/1260 1460/2/1264
f 1602/1/2222 1400/1/2220 985/1/2218
f 1736/1/2135 1602/1/2222 1349/1/2136
f 1366/1/2113 1602/1/2222 1736/1/2135
f 1737/5/86 1749/10/2384 1750/1/65
f 1777/1/2385 1738/1/5 1737/5/86
f 1752/6/111 1740/1/69 1751/1/68
f 1739/1/66 1749/10/2384 1740/1/69
f 1742/2/37 1754/2/2386 1741/2/35
f 1743/4/76 1779/2/2387 1780/2/2388
f 1764/2/1567 1762/2/1330 1763/9/1294
f 1753/2/36 1746/2/22 1754/2/2386
f 1755/2/748 1746/2/2389 1745/2/613
f 1747/2/112 1756/3/25 1755/2/748
f 1747/2/112 1751/2/68 1748/2/113
f 1770/10/2390 1758/5/367 1769/1/1324
f 1757/1/1270 1777/1/2385 1758/5/367
f 1759/1/1267 1771/6/1325 1772/1/1283
f 1770/10/2390 1760/6/1326 1759/1/1267
f 1773/2/2391 1762/2/1330 1761/2/1297
f 1779/2/2387 1763/9/1294 1780/2/2388
f 1765/2/1809 1774/2/1331 1773/2/2391
f 1765/2/1287 1776/2/1362 1766/2/1807
f 1775/2/1286 1768/2/1363 1776/2/1362
f 1772/2/1283 1768/2/1363 1767/8/1284
f 1742/2/37 1744/2/34 1743/4/76
f 1737/5/86 313/1/364 1/1/1
f 1/1/1 220/1/11 1641/1/2
f 230/1/4 1749/10/2384 1738/1/5
f 12/1/6 1738/1/5 1778/1/7
f 1/1/1 313/1/364 647/1/9
f 221/1/10 606/1/828 220/1/11
f 2/2/12 446/2/20 708/2/13
f 2/2/15 454/2/802 707/2/16
f 329/2/17 651/2/401 319/2/18
f 319/2/19 653/2/405 446/2/20
f 232/2/21 1754/2/2386 1746/2/22
f 101/2/24 1746/2/2389 1756/3/25
f 3/2/27 225/2/31 607/2/28
f 290/2/30 607/2/28 225/2/31
f 4/2/32 225/2/31 1753/2/36
f 4/2/32 291/2/75 636/2/38
f 293/1/39 638/1/62 299/1/40
f 299/1/40 1666/1/298 1030/1/42
f 5/1/41 1030/1/42 1643/1/43
f 5/1/41 227/1/44 608/1/45
f 6/2/46 285/2/50 607/2/28
f 290/2/30 636/2/38 432/2/47
f 6/2/46 432/2/47 694/2/48
f 431/2/49 628/2/262 285/2/50
f 302/2/51 641/2/301 301/2/52
f 7/2/53 301/2/52 639/2/54
f 7/2/53 294/2/55 610/2/56
f 7/2/53 229/2/57 640/2/58
f 8/1/59 242/1/63 618/1/60
f 8/1/59 363/1/532 638/1/62
f 293/1/39 608/1/45 242/1/63
f 56/1/64 313/1/364 1750/1/65
f 9/1/67 234/1/73 1751/1/68
f 241/1/70 615/1/279 236/1/71
f 9/1/67 236/1/71 612/1/72
f 1741/2/35 1754/2/2386 232/2/21
f 1034/2/77 1779/2/2387 1744/2/34
f 232/2/21 613/2/600 237/2/78
f 237/2/78 1646/2/286 1034/2/77
f 399/2/79 688/2/505 439/2/80
f 11/2/81 439/2/80 637/2/82
f 231/2/83 609/2/100 433/2/84
f 11/2/81 433/2/84 684/2/85
f 1740/1/69 1749/10/2384 241/1/70
f 1018/1/3 1777/1/2385 1737/5/86
f 1026/1/8 1645/1/2392 239/1/87
f 239/1/87 611/1/108 230/1/4
f 246/1/88 608/1/45 227/1/44
f 13/1/89 227/1/44 1643/1/43
f 1049/1/90 1647/1/197 240/1/91
f 13/1/89 240/1/91 614/1/92
f 14/2/93 1051/2/98 1644/2/94
f 300/2/95 640/2/58 229/2/57
f 14/2/93 229/2/57 610/2/56
f 245/2/96 616/2/140 243/2/97
f 243/2/97 1648/2/138 1051/2/98
f 15/1/99 289/1/103 609/1/100
f 15/1/99 228/1/101 608/1/45
f 246/1/102 614/1/92 289/1/103
f 316/2/104 1752/2/111 223/2/105
f 16/1/107 230/1/4 611/1/108
f 249/1/109 615/1/279 241/1/70
f 123/2/110 223/2/105 1752/2/111
f 398/2/26 1756/3/25 1748/2/113
f 234/2/73 612/2/72 437/2/115
f 17/2/114 437/2/115 685/2/116
f 258/2/117 619/2/272 250/2/118
f 18/2/119 250/2/118 1650/2/120
f 1063/2/121 1652/2/154 256/2/122
f 18/2/119 256/2/122 621/2/123
f 500/2/124 727/2/136 484/2/125
f 19/2/126 484/2/125 621/2/127
f 257/2/128 623/2/147 485/2/129
f 19/2/126 485/2/129 728/2/130
f 499/2/131 725/2/610 482/2/132
f 20/2/133 482/2/132 619/2/134
f 258/2/135 621/2/127 484/2/125
f 20/2/133 484/2/125 727/2/136
f 21/2/137 1065/2/144 1648/2/138
f 21/2/139 243/2/2393 616/2/140
f 253/2/141 620/2/162 254/2/142
f 254/2/143 1651/2/160 1065/2/144
f 498/2/145 728/2/130 485/2/129
f 22/2/146 485/2/129 623/2/147
f 22/2/146 262/2/148 625/2/149
f 22/2/146 486/2/150 729/2/151
f 257/2/152 621/2/123 256/2/122
f 23/2/153 256/2/122 1652/2/154
f 23/2/153 1071/2/155 1654/2/156
f 23/2/153 261/2/157 623/2/158
f 24/2/159 1072/2/166 1651/2/160
f 24/2/161 254/2/142 620/2/162
f 263/2/163 622/2/179 259/2/164
f 24/2/159 259/2/165 1653/2/165
f 1328/2/167 1685/2/167 497/2/167
f 497/2/168 729/2/151 486/2/150
f 486/2/150 625/2/149 266/2/170
f 266/2/170 1656/2/176 1328/2/172
f 262/2/173 623/2/158 261/2/157
f 261/2/157 1654/2/156 1078/2/175
f 26/2/174 1078/2/175 1656/2/176
f 26/2/174 266/2/170 625/2/149
f 1079/2/177 1653/2/165 259/2/165
f 27/2/178 259/2/164 622/2/179
f 27/2/178 267/2/180 624/2/181
f 27/2/177 264/2/183 1655/2/183
f 1025/1/184 1641/1/2 220/1/11
f 220/1/11 606/1/828 286/1/186
f 28/1/185 286/1/186 648/1/187
f 314/1/188 626/1/274 252/1/189
f 252/1/189 1657/1/595 1025/1/184
f 487/2/190 730/2/206 496/2/191
f 29/2/192 496/2/191 731/2/130
f 488/2/193 632/2/216 272/2/194
f 29/2/192 272/2/194 630/2/195
f 30/2/196 240/2/91 1647/2/197
f 1086/2/198 1658/2/225 269/2/199
f 269/2/200 629/2/231 274/2/201
f 30/2/202 274/2/201 614/2/92
f 31/2/203 251/2/209 726/2/204
f 31/2/203 495/2/205 730/2/206
f 487/2/190 630/2/195 268/2/207
f 31/2/203 268/2/207 617/2/208
f 488/2/193 731/2/130 494/2/210
f 32/2/211 494/2/210 732/2/212
f 32/2/211 489/2/236 634/2/214
f 32/2/211 278/2/215 632/2/216
f 271/2/217 630/2/258 272/2/218
f 33/2/219 272/2/218 632/2/220
f 277/2/221 1661/2/2394 1093/2/222
f 33/2/219 1093/2/222 1659/2/223
f 34/2/224 269/2/199 1658/2/225
f 1094/2/226 1660/2/227 275/2/227
f 275/2/228 631/2/247 279/2/229
f 34/2/230 279/2/229 629/2/231
f 493/2/232 1686/2/232 1332/2/232
f 1332/2/233 1663/2/2395 282/2/234
f 282/2/234 634/2/214 489/2/236
f 489/2/213 732/2/212 493/2/237
f 277/2/221 632/2/220 278/2/239
f 36/2/240 278/2/239 634/2/214
f 282/2/234 1663/2/2395 1100/2/241
f 1100/2/241 1661/2/2394 277/2/221
f 275/2/227 1660/2/227 1101/2/242
f 1101/2/242 1662/2/243 280/2/243
f 37/2/244 280/2/873 633/2/245
f 37/2/244 283/2/246 631/2/247
f 38/2/248 444/2/254 706/2/249
f 453/2/250 705/2/403 303/2/251
f 38/2/248 303/2/251 652/2/252
f 326/2/253 654/2/842 444/2/254
f 247/2/255 617/2/606 268/2/256
f 39/2/257 268/2/256 630/2/258
f 271/2/217 1659/2/223 1103/2/259
f 39/2/257 1103/2/259 1649/2/260
f 224/2/29 607/2/28 285/2/50
f 40/2/261 285/2/50 628/2/262
f 3/2/264 224/2/361 789/2/265
f 391/2/267 686/2/2396 396/2/268
f 41/2/269 396/2/268 1673/2/270
f 1218/2/271 1650/2/120 250/2/118
f 41/2/269 250/2/118 619/2/272
f 42/1/273 386/1/277 626/1/274
f 284/1/275 627/1/1211 441/1/276
f 441/1/276 690/1/593 386/1/277
f 43/1/278 369/1/284 615/1/279
f 43/1/280 249/1/109 611/1/108
f 368/1/281 672/1/513 366/1/282
f 366/1/283 673/1/511 369/1/284
f 44/2/285 1038/2/289 1646/2/286
f 237/2/78 613/2/600 235/2/287
f 235/2/287 639/2/54 301/2/52
f 301/2/52 641/2/301 297/2/288
f 297/2/288 1667/2/321 1038/2/289
f 45/2/290 397/2/295 733/2/291
f 45/2/290 492/2/292 726/2/204
f 251/2/209 617/2/208 434/2/293
f 45/2/290 434/2/293 686/2/294
f 46/1/296 233/1/299 611/1/108
f 239/1/87 1645/1/2392 1111/1/297
f 46/1/296 1111/1/297 1666/1/298
f 299/1/40 638/1/62 233/1/299
f 47/2/300 307/2/306 641/2/301
f 302/2/51 640/2/58 295/2/302
f 47/2/300 295/2/302 643/2/303
f 47/2/300 306/2/304 642/2/305
f 312/2/307 642/2/305 306/2/304
f 306/2/304 643/2/303 311/2/309
f 48/2/308 311/2/309 645/2/310
f 48/2/308 310/2/311 644/2/312
f 49/2/313 295/2/302 640/2/58
f 49/2/314 300/2/95 1644/2/94
f 1128/2/316 1668/2/346 305/2/317
f 305/2/319 643/2/303 295/2/302
f 50/2/320 1129/2/325 1667/2/321
f 297/2/288 641/2/301 307/2/306
f 307/2/306 642/2/305 304/2/323
f 304/2/324 1669/2/338 1129/2/325
f 51/2/326 1130/2/327 1671/2/327
f 308/2/328 644/2/341 310/2/329
f 310/2/331 645/2/2397 309/2/332
f 309/2/334 1670/2/348 1130/2/335
f 52/2/337 1136/2/343 1669/2/338
f 52/2/339 304/2/323 642/2/305
f 52/2/339 312/2/340 644/2/341
f 308/2/342 1671/2/2398 1136/2/343
f 53/2/344 311/2/349 643/2/303
f 53/2/345 305/2/317 1668/2/346
f 53/2/345 1137/2/347 1670/2/348
f 309/2/332 645/2/2397 311/2/349
f 54/1/350 321/1/804 655/1/351
f 320/1/352 627/1/1211 284/1/275
f 54/1/350 284/1/275 626/1/274
f 314/1/188 648/1/187 321/1/353
f 322/2/354 646/2/815 222/2/355
f 40/2/357 273/2/945 774/2/358
f 784/2/360 789/2/265 224/2/361
f 55/2/356 320/2/352 655/2/351
f 324/1/363 647/1/9 313/1/364
f 56/1/64 1739/1/66 1752/6/111
f 1742/2/37 1743/4/76 291/2/75
f 316/1/104 656/1/365 324/1/363
f 57/2/106 323/2/371 656/2/365
f 1138/1/366 1769/1/1324 1758/5/367
f 55/2/356 222/2/355 788/2/369
f 222/2/355 646/2/815 323/2/371
f 470/2/372 720/2/436 478/2/373
f 478/2/373 719/2/440 341/2/375
f 341/2/375 659/2/423 334/2/376
f 58/2/374 334/2/376 657/2/377
f 59/2/378 468/2/386 718/2/379
f 59/2/381 477/2/854 717/2/382
f 315/2/383 660/2/483 336/2/384
f 336/2/385 661/2/449 468/2/386
f 447/1/387 709/1/2399 452/1/388
f 452/1/390 706/1/2400 444/1/391
f 60/1/392 444/1/391 654/1/393
f 60/1/389 327/1/2401 649/1/395
f 329/2/17 707/2/784 451/2/396
f 61/2/397 451/2/396 710/2/398
f 332/2/399 650/2/411 318/2/400
f 61/2/397 318/2/400 651/2/401
f 62/2/402 303/2/251 705/2/403
f 450/2/404 708/2/13 446/2/20
f 62/2/402 446/2/20 653/2/405
f 325/2/406 652/2/252 303/2/251
f 332/2/399 710/2/398 449/2/407
f 63/2/408 449/2/407 709/2/409
f 447/2/387 649/2/395 317/2/410
f 63/2/408 317/2/410 650/2/411
f 333/1/412 659/1/445 339/1/413
f 339/1/415 662/1/2402 353/1/416
f 64/1/417 353/1/416 668/1/418
f 64/1/414 351/1/454 665/1/420
f 352/2/421 657/2/377 334/2/376
f 65/2/422 334/2/376 659/2/423
f 333/2/424 665/2/496 361/2/425
f 65/2/422 361/2/425 670/2/426
f 472/2/427 722/2/443 476/2/428
f 476/2/428 721/2/447 343/2/430
f 66/2/429 343/2/430 658/2/431
f 338/2/432 662/2/477 472/2/427
f 315/2/433 717/2/849 475/2/434
f 67/2/435 475/2/434 720/2/436
f 470/2/372 657/2/377 335/2/437
f 67/2/435 335/2/437 660/2/438
f 68/1/439 341/1/375 719/1/440
f 68/1/442 474/1/844 722/1/443
f 472/1/444 662/1/2402 339/1/415
f 68/1/439 339/1/413 659/1/445
f 69/2/446 343/2/430 721/2/447
f 473/2/448 718/2/379 468/2/386
f 69/2/446 468/2/386 661/2/449
f 337/2/450 658/2/431 343/2/430
f 70/1/451 345/1/2403 663/1/452
f 346/1/453 665/1/420 351/1/454
f 351/1/419 668/1/418 350/1/455
f 70/1/456 350/1/455 664/1/457
f 71/2/459 479/2/466 723/2/460
f 481/2/461 724/2/2404 349/2/462
f 71/2/459 349/2/462 667/2/463
f 71/2/459 348/2/485 666/2/465
f 72/2/467 355/2/471 658/2/431
f 337/2/450 661/2/449 354/2/468
f 72/2/467 354/2/468 667/2/469
f 359/2/470 669/2/478 355/2/471
f 356/2/472 660/2/438 335/2/437
f 73/2/473 335/2/437 657/2/377
f 352/2/421 670/2/426 362/2/474
f 73/2/473 362/2/474 666/2/475
f 74/2/476 353/2/480 662/2/477
f 338/2/432 658/2/431 355/2/471
f 74/2/476 355/2/471 669/2/478
f 358/2/479 668/2/487 353/2/480
f 75/2/481 354/2/468 661/2/449
f 75/2/482 336/2/384 660/2/483
f 356/2/484 666/2/465 348/2/485
f 348/2/464 667/2/463 354/2/468
f 76/2/486 350/2/489 668/2/487
f 358/2/479 669/2/478 357/2/488
f 357/2/488 664/2/2405 350/2/489
f 77/2/490 357/2/488 669/2/478
f 359/2/470 667/2/469 349/2/491
f 77/2/490 349/2/491 724/2/492
f 480/2/493 664/2/2405 357/2/488
f 360/2/494 670/2/426 361/2/425
f 78/2/495 361/2/425 665/2/496
f 346/2/497 663/2/857 360/2/494
f 479/2/498 666/2/475 362/2/474
f 79/2/499 362/2/474 670/2/426
f 360/2/494 663/2/857 347/2/500
f 79/2/499 347/2/2406 723/2/501
f 394/2/502 685/2/116 437/2/115
f 80/2/503 437/2/115 612/2/72
f 292/2/504 637/2/82 439/2/80
f 80/2/503 439/2/80 688/2/505
f 231/1/83 637/1/82 296/1/506
f 296/1/506 618/1/60 242/1/63
f 81/1/507 242/1/63 608/1/45
f 228/1/101 609/1/100 231/1/83
f 292/1/504 612/1/72 236/1/71
f 82/1/508 236/1/71 615/1/279
f 248/1/509 618/1/60 296/1/506
f 82/1/508 296/1/506 637/1/82
f 83/1/510 377/1/517 673/1/511
f 83/1/512 366/1/282 672/1/513
f 376/1/514 676/1/543 374/1/515
f 83/1/510 374/1/540 677/1/516
f 368/1/518 611/1/108 233/1/299
f 233/1/299 638/1/62 370/1/520
f 84/1/519 370/1/520 671/1/521
f 84/1/519 364/1/522 672/1/523
f 371/1/524 618/1/2407 248/1/525
f 248/1/525 615/1/2408 369/1/527
f 85/1/526 369/1/527 673/1/528
f 85/1/526 365/1/529 674/1/530
f 370/1/531 638/1/62 363/1/532
f 86/1/534 363/1/2409 618/1/535
f 371/1/536 674/1/558 367/1/537
f 367/1/538 671/1/521 370/1/531
f 383/1/539 677/1/516 374/1/540
f 87/1/542 374/1/515 676/1/543
f 87/1/542 372/1/544 680/1/545
f 382/1/547 679/1/577 380/1/548
f 87/1/541 380/1/548 681/1/549
f 372/1/550 676/1/581 385/1/551
f 88/1/552 385/1/551 675/1/553
f 88/1/552 381/1/554 680/1/555
f 89/1/556 378/1/562 671/1/521
f 89/1/557 367/1/537 674/1/558
f 379/1/559 678/1/2410 375/1/560
f 375/1/561 675/1/553 378/1/562
f 379/1/563 674/1/530 365/1/529
f 365/1/529 673/1/528 377/1/565
f 90/1/564 377/1/565 677/1/516
f 383/1/539 681/1/549 384/1/566
f 90/1/564 384/1/566 678/1/567
f 91/1/568 373/1/2411 679/1/569
f 382/1/571 680/1/2412 381/1/572
f 91/1/573 381/1/572 675/1/553
f 375/1/560 678/1/2410 373/1/574
f 92/1/576 373/1/578 678/1/567
f 92/1/576 384/1/566 681/1/549
f 92/1/576 380/1/548 679/1/577
f 376/1/579 672/1/523 364/1/522
f 93/1/580 364/1/522 671/1/521
f 378/1/562 675/1/553 385/1/551
f 93/1/580 385/1/551 676/1/581
f 393/2/582 684/2/85 433/2/84
f 433/2/84 609/2/100 289/2/103
f 94/2/583 289/2/103 614/2/92
f 94/2/583 435/2/584 689/2/585
f 95/1/586 1277/1/591 1674/1/587
f 436/1/588 690/1/593 442/1/589
f 95/1/586 442/1/589 1665/1/590
f 96/1/592 252/1/189 626/1/274
f 96/1/592 386/1/277 690/1/593
f 436/1/588 1674/1/587 1213/1/594
f 96/1/592 1213/1/594 1657/1/595
f 245/2/96 610/2/56 390/2/596
f 97/2/597 390/2/617 684/2/85
f 393/2/582 689/2/585 392/2/598
f 392/2/598 616/2/140 245/2/96
f 98/2/599 235/2/287 613/2/600
f 98/2/602 238/2/614 685/2/116
f 394/2/502 688/2/505 298/2/603
f 298/2/604 639/2/54 235/2/287
f 99/2/605 434/2/608 617/2/606
f 247/2/255 1649/2/260 1273/2/607
f 99/2/605 1273/2/607 1673/2/270
f 396/2/268 686/2/2396 434/2/608
f 100/2/609 482/2/132 725/2/610
f 491/2/611 733/2/291 397/2/295
f 100/2/609 397/2/295 686/2/294
f 391/2/612 619/2/134 482/2/132
f 17/2/114 1748/2/113 1751/2/68
f 400/2/266 1755/2/748 1745/2/613
f 398/2/26 685/2/116 238/2/614
f 101/2/23 238/2/601 613/2/600
f 294/2/55 639/2/54 298/2/604
f 102/2/616 298/2/603 688/2/505
f 399/2/79 684/2/85 390/2/617
f 390/2/596 610/2/56 294/2/55
f 779/2/618 777/2/621 778/2/619
f 783/2/359 774/2/358 777/2/621
f 57/2/106 223/2/105 787/2/622
f 782/2/620 778/2/619 320/2/352
f 411/2/623 694/2/48 432/2/47
f 432/2/47 636/2/38 412/2/625
f 103/2/624 412/2/625 696/2/626
f 103/2/624 410/2/627 695/2/628
f 429/2/629 696/2/626 409/2/630
f 104/2/632 409/2/649 1677/2/633
f 1264/2/635 1684/2/2413 428/2/636
f 428/2/638 703/2/711 429/2/629
f 105/2/639 1267/2/644 1664/2/640
f 105/2/639 430/2/641 694/2/48
f 411/2/623 695/2/628 407/2/642
f 407/2/643 1676/2/659 1267/2/644
f 106/2/645 412/2/625 636/2/38
f 106/2/645 226/2/646 1642/2/647
f 1235/2/648 1677/2/633 409/2/649
f 409/2/650 696/2/626 412/2/625
f 587/2/651 768/2/686 590/2/652
f 107/2/653 590/2/652 767/2/654
f 421/2/655 700/2/681 420/2/656
f 107/2/653 420/2/656 699/2/657
f 108/2/658 1249/2/664 1676/2/659
f 108/2/660 407/2/642 695/2/628
f 418/2/661 697/2/668 413/2/662
f 413/2/663 1678/2/1177 1249/2/664
f 418/2/661 695/2/628 410/2/627
f 410/2/627 696/2/626 417/2/666
f 417/2/666 698/2/2414 415/2/667
f 109/2/665 415/2/667 697/2/668
f 427/2/669 699/2/657 420/2/656
f 420/2/656 700/2/681 426/2/671
f 110/2/670 426/2/671 702/2/672
f 110/2/670 425/2/673 701/2/674
f 111/2/675 421/2/655 767/2/654
f 111/2/677 589/2/1866 1705/2/678
f 1243/2/679 1681/2/702 419/2/680
f 111/2/675 419/2/700 700/2/681
f 112/2/682 1451/2/689 1706/2/683
f 112/2/685 588/2/1166 768/2/686
f 587/2/651 699/2/657 408/2/687
f 408/2/688 1680/2/706 1451/2/689
f 423/2/690 701/2/674 425/2/673
f 425/2/673 702/2/672 424/2/692
f 113/2/693 424/2/704 1683/2/694
f 113/2/696 1257/2/1882 1682/2/697
f 114/2/699 426/2/671 700/2/681
f 114/2/701 419/2/680 1681/2/702
f 1250/2/703 1683/2/694 424/2/704
f 114/2/699 424/2/692 702/2/672
f 115/2/705 1262/2/708 1680/2/706
f 115/2/707 408/2/687 699/2/657
f 115/2/707 427/2/669 701/2/674
f 423/2/698 1682/2/697 1262/2/708
f 416/2/709 698/2/2414 417/2/666
f 116/2/710 417/2/666 696/2/626
f 116/2/710 429/2/629 703/2/711
f 117/2/712 1266/2/718 1679/2/713
f 414/2/715 698/2/2414 416/2/709
f 117/2/712 416/2/709 703/2/711
f 117/2/712 428/2/716 1684/2/717
f 226/2/646 636/2/38 291/2/75
f 1743/4/76 1780/2/2388 1271/2/719
f 1745/2/720 1753/2/36 225/2/31
f 1271/2/719 1642/2/647 226/2/646
f 503/1/721 704/1/900 440/1/722
f 119/1/723 440/1/722 635/1/724
f 501/1/725 735/1/2415 558/1/726
f 558/1/726 753/1/901 503/1/721
f 120/2/727 288/2/732 627/2/728
f 120/2/727 573/2/730 744/2/731
f 121/1/733 501/1/739 635/1/734
f 388/1/735 682/1/1141 502/1/736
f 502/1/737 742/1/1140 516/1/738
f 516/1/738 735/1/2416 501/1/739
f 1346/1/740 1675/1/2417 403/1/741
f 122/1/742 403/1/741 693/1/743
f 122/1/742 405/1/744 760/1/745
f 535/1/746 1696/1/2418 1346/1/740
f 780/2/747 786/2/1231 789/2/265
f 123/2/110 1747/2/112 1755/2/748
f 241/1/70 1749/10/2384 230/1/4
f 785/2/749 787/2/622 223/2/105
f 124/1/750 583/1/1136 683/1/751
f 387/1/752 1672/1/2419 1347/1/753
f 1347/1/754 1691/1/2420 584/1/755
f 124/1/756 584/1/755 740/1/757
f 405/1/744 693/1/743 402/1/759
f 125/1/760 402/1/759 692/1/761
f 125/1/760 406/1/910 759/1/763
f 534/1/764 760/1/745 405/1/744
f 1211/1/765 1665/1/2421 442/1/766
f 126/1/767 442/1/766 690/1/768
f 401/1/769 752/1/891 563/1/770
f 563/1/770 1687/1/2422 1211/1/765
f 127/2/771 448/2/775 716/2/772
f 466/2/773 713/2/2423 457/2/774
f 127/2/771 457/2/774 709/2/409
f 449/2/407 710/2/398 448/2/775
f 128/2/776 443/2/780 714/2/777
f 465/2/778 712/2/797 456/2/779
f 128/2/776 456/2/779 708/2/13
f 450/2/404 705/2/403 443/2/780
f 445/2/781 715/2/2424 464/2/782
f 129/2/783 464/2/782 716/2/772
f 448/2/775 710/2/398 451/2/396
f 129/2/783 451/2/396 707/2/784
f 130/1/785 457/1/793 713/1/786
f 130/1/788 463/1/2425 711/1/789
f 455/1/790 706/1/249 452/1/791
f 452/1/792 709/1/2426 457/1/793
f 455/2/790 711/2/789 462/2/794
f 131/2/795 462/2/794 714/2/777
f 443/2/780 705/2/403 453/2/250
f 131/2/795 453/2/250 706/2/249
f 132/2/796 456/2/779 712/2/797
f 132/2/799 461/2/2427 715/2/800
f 445/2/801 707/2/16 454/2/802
f 454/2/14 708/2/13 456/2/779
f 330/2/803 655/2/351 321/2/804
f 133/2/806 321/2/2428 648/2/807
f 133/2/806 459/2/808 715/2/809
f 133/2/811 461/2/2429 712/2/797
f 328/2/813 656/2/365 323/2/371
f 134/2/814 323/2/371 646/2/815
f 134/2/817 458/2/832 714/2/777
f 462/2/794 711/2/789 328/2/818
f 135/2/819 331/2/2430 647/2/9
f 135/2/819 324/2/363 656/2/365
f 135/2/820 328/2/2431 711/2/821
f 135/2/823 463/2/2432 713/2/824
f 459/2/826 648/2/187 286/2/186
f 136/2/827 286/2/186 606/2/828
f 136/2/827 460/2/829 716/2/772
f 464/2/782 715/2/2424 459/2/826
f 137/2/830 458/2/816 646/2/815
f 322/2/354 655/2/351 330/2/803
f 137/2/831 330/2/812 712/2/797
f 465/2/778 714/2/777 458/2/832
f 138/2/833 460/2/829 606/2/828
f 221/2/10 647/2/9 331/2/834
f 331/2/835 713/2/2423 466/2/773
f 138/2/833 466/2/773 716/2/772
f 139/2/836 471/2/838 652/2/252
f 325/2/406 653/2/405 340/2/837
f 139/2/836 340/2/837 718/2/379
f 473/2/448 721/2/447 471/2/838
f 140/1/839 469/1/845 649/1/395
f 140/1/841 327/1/2433 654/1/842
f 344/1/843 722/1/443 474/1/844
f 474/1/441 719/1/440 469/1/845
f 467/2/846 651/2/401 318/2/400
f 141/2/847 318/2/400 650/2/411
f 342/2/848 720/2/436 475/2/434
f 141/2/847 475/2/434 717/2/849
f 344/2/843 654/2/842 326/2/253
f 142/2/850 326/2/253 652/2/252
f 142/2/850 471/2/838 721/2/447
f 142/2/850 476/2/428 722/2/443
f 143/2/851 340/2/837 653/2/405
f 143/2/852 319/2/18 651/2/401
f 467/2/853 717/2/382 477/2/854
f 477/2/380 718/2/379 340/2/837
f 144/2/855 342/2/848 650/2/411
f 317/2/410 649/2/395 469/2/845
f 144/2/855 469/2/845 719/2/440
f 144/2/855 478/2/373 720/2/436
f 145/2/856 347/2/500 663/2/857
f 145/2/859 345/2/2434 664/2/860
f 480/2/862 724/2/2404 481/2/461
f 481/2/461 723/2/460 347/2/864
f 146/2/865 244/2/867 616/2/140
f 146/2/865 392/2/598 689/2/585
f 146/2/865 490/2/866 733/2/291
f 491/2/611 725/2/610 244/2/867
f 490/2/866 689/2/585 435/2/584
f 147/2/868 435/2/584 614/2/92
f 483/2/869 726/2/204 492/2/292
f 492/2/292 733/2/291 490/2/866
f 280/2/243 1662/2/243 1098/2/870
f 148/2/870 1098/2/870 1686/2/232
f 148/2/871 493/2/237 732/2/212
f 281/2/872 633/2/245 280/2/873
f 276/2/874 631/2/247 283/2/875
f 149/2/876 283/2/875 633/2/245
f 281/2/872 732/2/212 494/2/210
f 149/2/876 494/2/210 731/2/130
f 483/2/869 614/2/92 274/2/201
f 150/2/877 274/2/201 629/2/231
f 270/2/878 730/2/206 495/2/205
f 150/2/877 495/2/205 726/2/204
f 270/2/878 629/2/231 279/2/229
f 151/2/879 279/2/229 631/2/247
f 276/2/874 731/2/130 496/2/191
f 151/2/879 496/2/191 730/2/206
f 1076/2/880 1655/2/183 264/2/183
f 264/2/182 624/2/181 265/2/881
f 152/2/882 265/2/881 729/2/151
f 497/2/167 1685/2/167 1076/2/880
f 267/2/180 622/2/179 260/2/883
f 153/2/884 260/2/883 728/2/130
f 498/2/145 729/2/151 265/2/881
f 153/2/884 265/2/881 624/2/181
f 253/2/141 616/2/140 244/2/867
f 154/2/885 244/2/867 725/2/610
f 499/2/131 727/2/136 255/2/886
f 154/2/885 255/2/886 620/2/162
f 263/2/163 620/2/162 255/2/886
f 155/2/887 255/2/886 727/2/136
f 500/2/124 728/2/130 260/2/883
f 155/2/887 260/2/883 622/2/179
f 401/1/769 690/1/768 441/1/888
f 156/1/889 441/1/888 627/1/728
f 288/1/732 744/1/2435 562/1/890
f 156/1/889 562/1/890 752/1/891
f 430/2/641 1664/2/640 1362/2/892
f 157/2/893 1362/2/892 1689/2/894
f 514/2/895 743/2/1067 575/2/896
f 157/2/893 575/2/896 628/2/262
f 431/2/49 694/2/48 430/2/641
f 287/1/897 691/1/906 395/1/898
f 158/1/899 395/1/898 704/1/900
f 158/1/899 503/1/721 753/1/901
f 525/1/902 754/1/908 287/1/903
f 406/1/762 692/1/761 404/1/904
f 159/1/905 404/1/904 691/1/906
f 159/1/907 287/1/903 754/1/908
f 537/1/909 759/1/763 406/1/910
f 533/2/911 743/2/1067 514/2/895
f 160/2/912 514/2/895 1689/2/894
f 1353/2/913 1688/2/2436 505/2/914
f 160/2/912 505/2/914 737/2/915
f 526/2/916 749/2/943 522/2/917
f 522/2/919 743/2/1067 513/2/920
f 513/2/920 739/2/2437 506/2/922
f 161/2/918 506/2/1035 738/2/923
f 162/1/924 512/1/930 741/1/925
f 510/1/926 1692/1/935 1461/1/927
f 162/1/924 1461/1/927 1707/1/928
f 595/1/929 736/1/959 512/1/930
f 163/1/931 509/1/936 740/1/932
f 508/1/933 1690/1/941 1356/1/934
f 163/1/931 1356/1/934 1692/1/935
f 510/1/926 741/1/925 509/1/936
f 508/1/933 740/1/932 584/1/937
f 164/1/938 584/1/937 1691/1/939
f 164/1/938 1355/1/2100 1690/1/941
f 165/2/942 522/2/917 749/2/943
f 574/2/944 687/2/1098 273/2/945
f 165/2/946 273/2/263 628/2/262
f 575/2/896 743/2/1067 522/2/919
f 567/1/947 761/1/1042 548/1/948
f 166/1/949 548/1/948 759/1/950
f 537/1/951 754/1/2438 566/1/952
f 166/1/949 566/1/952 750/1/953
f 507/1/954 797/1/978 516/1/955
f 167/1/956 516/1/955 742/1/957
f 511/1/958 741/1/925 512/1/930
f 167/1/956 512/1/930 736/1/959
f 168/7/960 576/7/966 683/7/961
f 389/7/962 682/7/1118 577/7/963
f 168/7/960 577/7/963 1699/7/964
f 1431/7/965 1700/7/1115 576/7/966
f 511/1/958 742/1/957 585/1/967
f 585/1/967 740/1/2439 509/1/936
f 169/1/968 509/1/936 741/1/925
f 170/1/969 555/1/973 734/1/970
f 515/1/971 744/1/2440 572/1/972
f 572/1/972 765/1/1069 555/1/973
f 171/1/974 523/1/979 752/1/975
f 171/1/974 524/1/976 734/1/970
f 171/1/974 504/1/977 797/1/978
f 507/1/954 736/1/959 523/1/979
f 172/2/980 561/2/986 773/2/981
f 605/2/982 772/2/1206 599/2/983
f 172/2/980 599/2/1059 763/2/984
f 554/2/985 764/2/1063 561/2/986
f 527/2/987 739/2/1065 541/2/988
f 173/2/989 541/2/988 737/2/915
f 173/2/989 532/2/990 755/2/991
f 530/2/992 756/2/1028 528/2/993
f 174/2/994 528/2/993 1693/2/995
f 1382/2/996 1695/2/2441 529/2/997
f 174/2/994 529/2/997 757/2/998
f 175/2/999 552/2/1004 746/2/1000
f 175/2/999 518/2/1001 745/2/1002
f 175/2/999 551/2/1003 763/2/984
f 176/1/1005 1402/1/1011 1696/1/1006
f 535/1/1007 760/1/1040 549/1/1008
f 176/1/1005 549/1/1008 758/1/1009
f 544/1/1010 1697/1/1013 1402/1/1011
f 177/2/1012 1445/2/2167 1697/2/1013
f 544/2/1010 758/2/1009 531/2/1014
f 177/2/1015 531/2/1047 757/2/998
f 529/2/1016 1695/2/2442 1445/2/1017
f 519/2/1018 747/2/1088 560/2/1019
f 178/2/1020 560/2/1019 766/2/1021
f 569/2/1022 748/2/1106 519/2/1018
f 538/2/1023 755/2/1030 540/2/1024
f 179/2/1025 540/2/1024 1694/2/1026
f 1379/2/1027 1693/2/995 528/2/993
f 179/2/1025 528/2/993 756/2/1028
f 180/2/1029 527/2/1037 755/2/1030
f 539/2/1032 751/2/1100 536/2/1033
f 180/2/1034 536/2/1033 738/2/923
f 506/2/1036 739/2/2443 527/2/1037
f 546/1/1038 758/1/1009 549/1/1008
f 181/1/1039 549/1/1008 760/1/1040
f 534/1/1041 759/1/950 548/1/948
f 181/1/1039 548/1/948 761/1/1042
f 538/2/1023 756/2/1028 542/2/1043
f 182/2/1045 542/2/1050 761/2/1042
f 545/2/1046 751/2/1100 539/2/1032
f 182/2/1044 539/2/1031 755/2/1030
f 530/2/992 757/2/998 531/2/1047
f 183/2/1049 531/2/1014 758/2/1009
f 546/2/1038 761/2/1042 542/2/1050
f 183/2/1048 542/2/1043 756/2/1028
f 540/2/1024 755/2/1030 532/2/1051
f 184/2/1052 532/2/1051 737/2/915
f 505/2/914 1688/2/2436 1393/2/1053
f 184/2/1052 1393/2/1053 1694/2/1026
f 185/2/1054 599/2/2444 772/2/1055
f 604/2/1056 770/2/1202 520/2/1057
f 185/2/1058 520/2/2445 746/2/1000
f 552/2/1004 763/2/984 599/2/1059
f 553/2/1060 762/2/1083 559/2/1061
f 186/2/1062 559/2/1061 764/2/1063
f 554/2/985 763/2/984 551/2/1003
f 186/2/1062 551/2/1003 745/2/1002
f 533/2/911 737/2/915 541/2/988
f 187/2/1064 541/2/988 739/2/1065
f 187/2/1064 513/2/1066 743/2/1067
f 504/1/977 734/1/970 555/1/973
f 188/1/1068 555/1/973 765/1/1069
f 571/1/1070 748/1/1106 547/1/1071
f 189/2/1073 520/2/2446 770/2/1074
f 189/2/1073 603/2/1075 769/2/1076
f 517/2/1077 745/2/1002 518/2/1001
f 189/2/1073 518/2/1001 746/2/1000
f 517/2/1077 769/2/1076 602/2/1079
f 190/2/1080 602/2/1079 771/2/1081
f 190/2/1080 598/2/1092 762/2/1083
f 553/2/1060 745/2/1002 517/2/1077
f 557/2/1084 751/2/1100 521/2/1085
f 191/2/1086 521/2/1085 750/2/953
f 568/2/1087 766/2/1021 560/2/1019
f 191/2/1086 560/2/1019 747/2/1088
f 192/2/1089 598/2/2447 771/2/1090
f 601/2/1091 773/2/981 561/2/986
f 561/2/986 764/2/1063 559/2/1061
f 192/2/1089 559/2/1061 762/2/1083
f 524/1/976 752/1/975 562/1/1093
f 562/1/1093 744/1/2440 515/1/971
f 193/1/1094 515/1/971 734/1/970
f 574/2/944 749/2/943 564/2/1095
f 564/2/1095 744/2/2440 573/2/1097
f 194/2/1096 573/2/1097 687/2/1098
f 195/2/1099 567/2/947 750/2/953
f 195/2/1099 521/2/1085 751/2/1100
f 545/2/1046 761/2/1042 567/2/947
f 565/1/1101 766/1/1021 568/1/1087
f 196/1/1102 568/1/1087 750/1/953
f 566/1/952 754/1/2438 525/1/1103
f 196/1/1102 525/1/1103 753/1/1104
f 197/1/1105 547/1/1071 748/1/1106
f 569/1/1022 766/1/1021 565/1/1101
f 197/1/1105 565/1/1101 753/1/1104
f 558/1/1107 735/1/1072 547/1/1071
f 198/2/1108 556/2/1110 748/2/1106
f 571/2/1070 765/2/1069 570/2/1109
f 570/2/1109 749/2/943 556/2/1110
f 199/2/1111 570/2/1109 765/2/1069
f 572/2/972 744/2/2440 564/2/1095
f 564/2/1095 749/2/943 570/2/1109
f 200/7/1112 1443/7/1116 1672/7/1113
f 387/7/1114 683/7/961 576/7/966
f 200/7/1112 576/7/966 1700/7/1115
f 201/7/1117 577/7/963 682/7/1118
f 388/7/1119 635/7/2448 578/7/1120
f 201/7/1117 578/7/1120 1698/7/1121
f 1430/7/1122 1699/7/964 577/7/963
f 579/7/1123 692/7/1151 402/7/1124
f 202/7/1125 402/7/1124 693/7/1126
f 580/7/1127 1703/7/1134 1433/7/1128
f 202/7/1125 1433/7/1128 1702/7/1129
f 580/7/1127 693/7/1126 403/7/1130
f 203/7/1131 403/7/1130 1675/7/1132
f 203/7/1131 1444/7/1133 1703/7/1134
f 389/1/1135 683/1/751 583/1/1136
f 583/1/758 740/1/757 585/1/1138
f 204/1/1139 585/1/1138 742/1/1140
f 204/1/1137 502/1/736 682/1/1141
f 578/7/1142 635/7/2449 440/7/1143
f 205/7/1144 440/7/1143 704/7/1145
f 581/7/1146 1704/7/1158 1435/7/1147
f 1435/7/1147 1698/7/2450 578/7/1142
f 582/7/1148 691/7/1156 404/7/1149
f 206/7/1150 404/7/1149 692/7/1151
f 579/7/1123 1702/7/1129 1434/7/1152
f 206/7/1150 1434/7/1152 1701/7/1153
f 581/7/1146 704/7/1145 395/7/1154
f 207/7/1155 395/7/1154 691/7/1156
f 582/7/1148 1701/7/1153 1432/7/1157
f 207/7/1155 1432/7/1157 1704/7/1158
f 422/2/1159 593/2/1169 211/2/1160
f 208/2/1162 1456/2/1168 1459/2/1163
f 591/2/1165 768/2/686 588/2/1166
f 588/2/684 1706/2/683 1456/2/1168
f 593/2/1169 591/2/1165 208/2/1167
f 210/2/1170 209/2/1172 591/2/1165
f 586/2/1171 767/2/654 590/2/652
f 209/2/1172 590/2/652 768/2/686
f 213/2/1173 210/2/1170 593/2/1169
f 213/2/1173 594/2/1178 592/2/1174
f 211/2/1164 1459/2/1163 1255/2/1175
f 212/2/1176 1255/2/1175 1678/2/1177
f 212/2/1161 413/2/662 697/2/668
f 422/2/1159 697/2/668 415/2/667
f 415/2/667 698/2/2414 594/2/1178
f 214/1/1179 523/1/979 736/1/959
f 595/1/929 1707/1/928 1359/1/1180
f 214/1/1179 1359/1/1180 1687/1/1181
f 563/1/1182 752/1/975 523/1/979
f 543/2/1183 751/2/1100 557/2/1084
f 557/2/1084 747/2/1088 600/2/1185
f 215/2/1186 600/2/1207 773/2/981
f 601/2/1091 771/2/1090 543/2/1187
f 596/2/1189 738/2/2451 536/2/1190
f 536/2/1190 751/2/2452 543/2/1192
f 543/2/1193 771/2/1081 602/2/1079
f 216/2/1191 602/2/1079 769/2/1076
f 597/2/1195 749/2/2453 526/2/1196
f 526/2/1196 738/2/2451 596/2/1189
f 217/2/1197 596/2/1189 769/2/1076
f 603/2/1075 770/2/1074 597/2/1195
f 550/2/1198 748/2/1106 556/2/1110
f 556/2/1110 749/2/943 597/2/1200
f 218/2/1201 597/2/2454 770/2/1202
f 218/2/1201 604/2/1056 772/2/1055
f 219/2/1204 600/2/1185 747/2/1088
f 519/2/1018 748/2/1106 550/2/1198
f 219/2/1205 550/2/2455 772/2/1206
f 605/2/982 773/2/981 600/2/1207
f 775/2/1209 776/2/1212 438/2/1210
f 776/2/1212 774/2/358 687/2/1098
f 785/2/1216 796/2/1251 791/2/1217
f 776/2/1226 775/2/1213 792/2/1215
f 780/2/1228 795/2/1249 790/2/1229
f 781/2/370 788/2/369 786/2/1231
f 779/2/1238 782/2/1235 790/2/1237
f 400/2/266 789/2/265 785/2/749
f 786/2/1244 788/2/1222 791/2/1224
f 784/2/1219 794/2/1221 795/2/1249
f 779/2/1238 795/2/1239 794/2/1248
f 777/2/1240 793/2/1242 792/2/1234
f 592/2/1174 586/2/1171 209/2/1172
f 592/2/1254 594/2/1264 1733/2/1255
f 589/2/1256 767/2/1262 1735/2/1257
f 414/2/1258 1679/2/2456 1734/2/1259
f 586/2/1261 592/2/1261 1732/2/1261
f 767/2/1262 586/2/1263 1731/2/1263
f 698/2/1260 1734/2/1259 1733/2/1255
f 798/1/368 1018/1/3 1641/1/2
f 1044/1/1266 1770/10/2390 1759/1/1267
f 809/1/1269 1026/1/8 1778/1/7
f 798/1/368 1019/1/1272 1514/1/1271
f 1017/1/1265 1473/1/1997 1019/1/1272
f 799/2/1273 1295/2/1971 1575/2/1274
f 799/2/1276 1154/2/1280 1574/2/1277
f 1144/2/1279 1518/2/1600 1154/2/1280
f 1287/2/1275 1520/2/1604 1144/2/1281
f 814/2/1282 1036/2/1365 1772/2/1283
f 898/2/1285 1226/2/1811 1775/2/1286
f 800/2/1288 1022/2/1481 1474/2/1289
f 1023/2/1290 1474/2/1289 1109/2/1291
f 1033/2/1296 1773/2/2391 1761/2/1297
f 801/2/1292 1109/2/1291 1503/2/1299
f 1119/1/1300 1505/1/1321 1113/1/1301
f 1030/1/42 1666/1/298 1119/1/1300
f 802/1/1302 1027/1/1304 1643/1/43
f 802/1/1302 1113/1/1301 1475/1/1303
f 803/2/1305 1109/2/1291 1474/2/1289
f 1270/2/1307 1503/2/1299 1109/2/1291
f 803/2/1305 1269/2/1309 1561/2/1308
f 1104/2/1306 1495/2/1483 1269/2/1309
f 1121/2/1310 1508/2/1515 1122/2/1311
f 804/2/1312 1114/2/1315 1506/2/1313
f 804/2/1312 1029/2/1317 1477/2/1314
f 804/2/1312 1122/2/1311 1507/2/1316
f 805/1/1318 1188/1/2457 1485/1/1319
f 805/1/1318 1113/1/1301 1505/1/1321
f 1045/1/1320 1475/1/1303 1113/1/1301
f 853/1/1323 1760/6/1326 1769/1/1324
f 853/1/1323 1141/1/1356 1771/6/1325
f 1039/1/1327 1482/1/1497 1044/1/1266
f 806/1/1268 1036/1/1365 1479/1/1328
f 1023/2/1290 1774/2/1331 1766/2/1329
f 1110/2/1295 1763/9/1294 1762/2/1330
f 801/2/1292 1762/2/1330 1774/2/1331
f 1040/2/1332 1480/2/1795 1033/2/1296
f 1034/2/77 1646/2/286 1040/2/1332
f 1280/2/1333 1555/2/1705 1227/2/1334
f 808/2/1335 1032/2/1338 1504/2/1336
f 1272/2/1337 1476/2/1351 1032/2/1338
f 808/2/1335 1227/2/1334 1551/2/1339
f 1758/5/367 1777/1/2385 1018/1/3
f 1757/1/1270 1770/10/2390 1031/1/1340
f 1042/1/1341 1645/1/2392 1026/1/8
f 1031/1/1340 1478/1/1359 1042/1/1341
f 1027/1/1304 1475/1/1303 1050/1/1342
f 810/1/1343 1049/1/90 1643/1/43
f 1043/1/1344 1647/1/197 1049/1/90
f 810/1/1343 1050/1/1342 1481/1/1345
f 811/2/1346 1120/2/1347 1644/2/94
f 1029/2/1317 1507/2/1316 1120/2/1347
f 811/2/1346 1048/2/1349 1477/2/1314
f 1046/2/1348 1483/2/1387 1048/2/1349
f 1051/2/98 1648/2/138 1046/2/1348
f 812/1/1350 1028/1/1353 1476/1/1351
f 812/1/1350 1050/1/1354 1475/1/1303
f 1108/1/1352 1481/1/1345 1050/1/1354
f 1021/2/1355 1771/2/1325 1141/2/1356
f 813/1/1358 1054/1/1360 1478/1/1359
f 1044/1/1266 1482/1/1497 1054/1/1360
f 920/2/1361 1768/2/1363 1771/2/1325
f 920/2/1361 1228/2/1808 1776/2/1362
f 1278/2/1364 1479/2/1328 1036/2/1365
f 814/2/1282 1226/2/1811 1552/2/1366
f 1055/2/1367 1486/2/1490 1064/2/1368
f 815/2/1369 1063/2/121 1650/2/120
f 1061/2/1370 1652/2/154 1063/2/121
f 815/2/1369 1064/2/1368 1488/2/1371
f 1325/2/1372 1594/2/1384 1343/2/1373
f 816/2/1374 1062/2/1377 1488/2/1375
f 1326/2/1376 1490/2/1394 1062/2/1377
f 816/2/1374 1343/2/1373 1595/2/1378
f 1323/2/1379 1592/2/1804 1342/2/1380
f 817/2/1381 1064/2/1383 1486/2/1382
f 1325/2/1372 1488/2/1375 1064/2/1383
f 817/2/1381 1342/2/1380 1594/2/1384
f 818/2/1385 1046/2/1348 1648/2/138
f 818/2/1386 1058/2/1390 1483/2/1387
f 1059/2/1389 1487/2/1405 1058/2/1390
f 1065/2/144 1651/2/160 1059/2/1391
f 1326/2/1376 1595/2/1378 1341/2/1392
f 819/2/1393 1069/2/1396 1490/2/1394
f 819/2/1393 1327/2/1398 1492/2/1395
f 819/2/1393 1341/2/1392 1596/2/1397
f 1061/2/1370 1488/2/1371 1062/2/1399
f 820/2/1400 1071/2/155 1652/2/154
f 820/2/1400 1068/2/1402 1654/2/156
f 820/2/1400 1062/2/1399 1490/2/1401
f 821/2/1403 1059/2/1391 1651/2/160
f 821/2/1404 1070/2/1407 1487/2/1405
f 1066/2/1406 1489/2/1415 1070/2/1407
f 821/2/1403 1072/2/166 1653/2/165
f 1340/2/167 1685/2/167 1328/2/167
f 1327/2/1398 1596/2/1397 1340/2/1408
f 1075/2/1410 1492/2/1395 1327/2/1398
f 1328/2/172 1656/2/176 1075/2/1410
f 1068/2/1402 1490/2/1401 1069/2/1412
f 1078/2/175 1654/2/156 1068/2/1402
f 823/2/1413 1075/2/1410 1656/2/176
f 823/2/1413 1069/2/1412 1492/2/1395
f 1066/2/165 1653/2/165 1079/2/177
f 824/2/1414 1077/2/1417 1489/2/1415
f 824/2/1414 1073/2/2048 1491/2/1416
f 824/2/177 1079/2/177 1655/2/183
f 1017/1/1265 1641/1/2 1025/1/184
f 1105/1/1419 1473/1/1997 1017/1/1265
f 825/1/1418 1139/1/1422 1515/1/1420
f 1057/1/1421 1493/1/1492 1139/1/1422
f 1025/1/184 1657/1/595 1057/1/1421
f 1339/2/1423 1597/2/1437 1329/2/1424
f 826/2/1425 1330/2/1427 1598/2/1378
f 1084/2/1426 1499/2/1446 1330/2/1427
f 826/2/1425 1329/2/1424 1497/2/1428
f 827/2/1429 1086/2/198 1647/2/197
f 1081/2/1430 1658/2/225 1086/2/198
f 1087/2/1431 1496/2/1457 1081/2/1432
f 827/2/1433 1043/2/1344 1481/2/1345
f 828/2/1434 1338/2/1438 1593/2/1435
f 828/2/1434 1329/2/1424 1597/2/1437
f 1080/2/1439 1497/2/1428 1329/2/1424
f 828/2/1434 1056/2/1436 1484/2/1440
f 1337/2/1441 1598/2/1378 1330/2/1427
f 829/2/1442 1331/2/1461 1599/2/1443
f 829/2/1442 1091/2/1447 1501/2/1444
f 829/2/1442 1330/2/1427 1499/2/1446
f 1084/2/1448 1497/2/1480 1083/2/1449
f 830/2/1450 1090/2/1452 1499/2/1451
f 1093/2/222 1661/2/2394 1090/2/1452
f 830/2/1450 1083/2/1449 1659/2/223
f 831/2/1453 1094/2/226 1658/2/225
f 1088/2/227 1660/2/227 1094/2/226
f 1092/2/1454 1498/2/1468 1088/2/1455
f 831/2/1456 1081/2/1432 1496/2/1457
f 1332/2/232 1686/2/232 1336/2/232
f 1097/2/1458 1663/2/2395 1332/2/233
f 1331/2/1445 1501/2/1444 1097/2/1458
f 1336/2/1460 1599/2/1443 1331/2/1461
f 1091/2/1463 1499/2/1451 1090/2/1452
f 833/2/1464 1097/2/1458 1501/2/1444
f 1100/2/241 1663/2/2395 1097/2/1458
f 1090/2/1452 1661/2/2394 1100/2/241
f 1101/2/242 1660/2/227 1088/2/227
f 1095/2/243 1662/2/243 1101/2/242
f 834/2/1465 1099/2/1469 1500/2/1466
f 834/2/1465 1088/2/1455 1498/2/1468
f 835/2/1470 1294/2/1474 1573/2/1471
f 1123/2/1473 1572/2/1602 1294/2/1474
f 835/2/1470 1151/2/1476 1519/2/1475
f 1285/2/1472 1521/2/2012 1151/2/1476
f 1080/2/1477 1484/2/1801 1052/2/1478
f 836/2/1479 1083/2/1449 1497/2/1480
f 1103/2/259 1659/2/223 1083/2/1449
f 836/2/1479 1052/2/1478 1649/2/260
f 1104/2/1306 1474/2/1289 1022/2/1481
f 837/2/1482 1085/2/2105 1495/2/1483
f 800/2/1484 1228/2/1808 1723/2/1485
f 1224/2/1487 1553/2/2458 1219/2/1488
f 838/2/1489 1218/2/271 1673/2/270
f 1055/2/1367 1650/2/120 1218/2/271
f 838/2/1489 1219/2/1488 1486/2/1490
f 839/1/1491 1102/1/1495 1493/1/1492
f 1282/1/1494 1494/1/2342 1102/1/1495
f 1212/1/1493 1557/1/1789 1282/1/1494
f 840/1/1496 1054/1/1360 1482/1/1497
f 840/1/1499 1193/1/1501 1478/1/1359
f 1191/1/1500 1539/1/1714 1193/1/1501
f 1194/1/1498 1540/1/1711 1191/1/1502
f 841/2/1503 1040/2/1332 1646/2/286
f 1037/2/1504 1480/2/1795 1040/2/1332
f 1121/2/1310 1506/2/1313 1037/2/1504
f 1117/2/1505 1508/2/1515 1121/2/1310
f 1038/2/289 1667/2/321 1117/2/1505
f 842/2/1506 1335/2/1509 1600/2/1507
f 842/2/1506 1056/2/1436 1593/2/1435
f 1274/2/1510 1484/2/1440 1056/2/1436
f 842/2/1506 1225/2/1508 1553/2/1511
f 843/1/1512 1042/1/1341 1478/1/1359
f 1111/1/297 1645/1/2392 1042/1/1341
f 843/1/1512 1119/1/1300 1666/1/298
f 1035/1/1513 1505/1/1321 1119/1/1300
f 844/2/1514 1122/2/1311 1508/2/1515
f 1115/2/1517 1507/2/1316 1122/2/1311
f 844/2/1514 1126/2/1520 1510/2/1518
f 844/2/1514 1127/2/1516 1509/2/1519
f 1126/2/1520 1509/2/1519 1135/2/1521
f 1134/2/1523 1510/2/1518 1126/2/1520
f 845/2/1522 1133/2/1526 1512/2/1524
f 845/2/1522 1135/2/1521 1511/2/1525
f 846/2/1527 1120/2/1347 1507/2/1316
f 846/2/1528 1128/2/315 1644/2/94
f 1125/2/1529 1668/2/346 1128/2/316
f 1115/2/1517 1510/2/1518 1125/2/1531
f 847/2/1532 1117/2/1505 1667/2/321
f 1127/2/1516 1508/2/1515 1117/2/1505
f 1124/2/1534 1509/2/1519 1127/2/1516
f 1129/2/325 1669/2/338 1124/2/1535
f 848/2/1536 1131/2/1536 1671/2/327
f 1133/2/1537 1511/2/1547 1131/2/1538
f 1132/2/1540 1512/2/2459 1133/2/1541
f 1130/2/335 1670/2/348 1132/2/1543
f 849/2/1545 1124/2/1535 1669/2/338
f 849/2/1546 1135/2/1548 1509/2/1519
f 849/2/1546 1131/2/1538 1511/2/1547
f 1136/2/343 1671/2/2398 1131/2/1549
f 850/2/1550 1125/2/1531 1510/2/1518
f 850/2/1552 1137/2/347 1668/2/346
f 850/2/1552 1132/2/1543 1670/2/348
f 1134/2/1551 1512/2/2459 1132/2/1540
f 851/1/1553 1145/1/1556 1522/1/1554
f 1102/1/1495 1494/1/2342 1145/1/1556
f 851/1/1553 1139/1/1422 1493/1/1492
f 1146/1/1557 1515/1/1420 1139/1/1422
f 1020/2/1558 1513/2/1983 1147/2/1559
f 837/2/1561 1717/2/1818 1708/2/1562
f 1022/2/1486 1723/2/1485 1718/2/1564
f 852/2/1560 1147/2/1559 1522/2/1554
f 1138/1/366 1514/1/1271 1149/1/1566
f 806/1/1268 1759/1/1267 1772/1/1283
f 1149/1/1566 1523/1/1568 1141/1/1356
f 854/2/1357 1141/2/1356 1523/2/1568
f 852/2/1560 1715/2/2360 1722/2/1570
f 1148/2/1569 1513/2/1983 1020/2/1558
f 1319/2/1571 1587/2/1635 1311/2/1572
f 1166/2/1574 1586/2/1639 1319/2/1571
f 1159/2/1575 1526/2/1622 1166/2/1574
f 855/2/1573 1311/2/1572 1524/2/1576
f 856/2/1577 1318/2/2024 1585/2/1578
f 856/2/1580 1140/2/1584 1584/2/1581
f 1161/2/1583 1527/2/1682 1140/2/1584
f 1309/2/1579 1528/2/1648 1161/2/1585
f 1293/1/1586 1576/1/2460 1288/1/1587
f 1285/1/1589 1573/1/2461 1293/1/1590
f 857/1/1591 1152/1/2462 1521/1/1592
f 857/1/1588 1288/1/1587 1516/1/1593
f 1292/2/1595 1574/2/1953 1154/2/1280
f 858/2/1596 1157/2/1599 1577/2/1597
f 1143/2/1598 1517/2/1610 1157/2/1599
f 858/2/1596 1154/2/1280 1518/2/1600
f 859/2/1601 1291/2/1603 1572/2/1602
f 1287/2/1275 1575/2/1274 1291/2/1603
f 859/2/1601 1150/2/1605 1520/2/1604
f 1123/2/1473 1519/2/1475 1150/2/1605
f 1290/2/1606 1577/2/1597 1157/2/1599
f 860/2/1607 1288/2/1587 1576/2/1608
f 1142/2/1609 1516/2/1593 1288/2/1587
f 860/2/1607 1157/2/1599 1517/2/1610
f 1164/1/1611 1526/1/1644 1158/1/1612
f 1178/1/1614 1529/1/2463 1164/1/1615
f 861/1/1616 1176/1/1655 1535/1/1617
f 861/1/1613 1158/1/1612 1532/1/1618
f 1159/2/1575 1524/2/1576 1177/2/1620
f 862/2/1621 1158/2/1624 1526/2/1622
f 1186/2/1623 1532/2/1695 1158/2/1624
f 862/2/1621 1177/2/1620 1537/2/1625
f 1317/2/1626 1589/2/1641 1313/2/1627
f 1168/2/1629 1588/2/1646 1317/2/1626
f 863/2/1628 1163/2/1631 1525/2/1630
f 1313/2/1627 1529/2/1676 1163/2/1631
f 1316/2/1632 1584/2/2019 1140/2/1633
f 864/2/1634 1311/2/1572 1587/2/1635
f 1160/2/1636 1524/2/1576 1311/2/1572
f 864/2/1634 1140/2/1633 1527/2/1637
f 865/1/1638 1315/1/2015 1586/1/1639
f 865/1/1640 1313/1/1643 1589/1/1641
f 1164/1/1615 1529/1/2463 1313/1/1643
f 865/1/1638 1166/1/1574 1526/1/1644
f 866/2/1645 1314/2/1647 1588/2/1646
f 1309/2/1579 1585/2/1578 1314/2/1647
f 866/2/1645 1162/2/1649 1528/2/1648
f 1168/2/1629 1525/2/1630 1162/2/1649
f 867/1/1650 1171/1/1653 1530/1/1651
f 1176/1/1619 1532/1/1618 1171/1/1653
f 1175/1/1654 1535/1/1617 1176/1/1655
f 867/1/1656 1170/1/2464 1531/1/1657
f 868/2/1658 1322/2/1662 1590/2/1659
f 1174/2/1661 1591/2/2465 1322/2/1662
f 868/2/1658 1173/2/1684 1534/2/1663
f 868/2/1658 1320/2/1660 1533/2/1664
f 869/2/1666 1162/2/1649 1525/2/1630
f 1179/2/1668 1528/2/1648 1162/2/1649
f 869/2/1666 1184/2/1670 1534/2/1669
f 1180/2/1667 1536/2/1678 1184/2/1670
f 1160/2/1636 1527/2/1637 1181/2/1671
f 870/2/1672 1177/2/1620 1524/2/1576
f 1187/2/1673 1537/2/1625 1177/2/1620
f 870/2/1672 1181/2/1671 1533/2/1674
f 871/2/1675 1163/2/1631 1529/2/1676
f 1180/2/1667 1525/2/1630 1163/2/1631
f 871/2/1675 1183/2/1679 1536/2/1678
f 1178/2/1677 1535/2/1686 1183/2/1679
f 872/2/1680 1161/2/1585 1528/2/1648
f 872/2/1681 1181/2/1683 1527/2/1682
f 1173/2/1665 1533/2/1664 1181/2/1683
f 1179/2/1668 1534/2/1663 1173/2/1684
f 873/2/1685 1183/2/1679 1535/2/1686
f 1182/2/1688 1536/2/1678 1183/2/1679
f 1175/2/1687 1531/2/2466 1182/2/1688
f 874/2/1689 1184/2/1670 1536/2/1678
f 1174/2/1690 1534/2/1669 1184/2/1670
f 874/2/1689 1321/2/1692 1591/2/1691
f 1182/2/1688 1531/2/2466 1321/2/1692
f 1186/2/1623 1537/2/1625 1185/2/1693
f 875/2/1694 1171/2/1696 1532/2/1695
f 1185/2/1693 1530/2/2027 1171/2/1696
f 1187/2/1673 1533/2/1674 1320/2/1697
f 876/2/1698 1185/2/1693 1537/2/1625
f 1172/2/1699 1530/2/2027 1185/2/1693
f 876/2/1698 1320/2/1697 1590/2/1700
f 1278/2/1364 1552/2/1366 1222/2/1702
f 877/2/1703 1112/2/1704 1479/2/1328
f 1280/2/1333 1504/2/1336 1112/2/1704
f 877/2/1703 1222/2/1702 1555/2/1705
f 1116/1/1706 1504/1/1336 1032/1/1338
f 1045/1/1320 1485/1/1319 1116/1/1706
f 878/1/1707 1028/1/1353 1475/1/1303
f 1032/1/1338 1476/1/1351 1028/1/1353
f 1039/1/1327 1479/1/1328 1112/1/1704
f 879/1/1708 1053/1/1709 1482/1/1497
f 1116/1/1706 1485/1/1319 1053/1/1709
f 879/1/1708 1112/1/1704 1504/1/1336
f 880/1/1710 1191/1/1502 1540/1/1711
f 880/1/1713 1201/1/1716 1539/1/1714
f 1199/1/1715 1543/1/1743 1201/1/1716
f 880/1/1710 1202/1/1712 1544/1/1717
f 1035/1/1513 1478/1/1359 1193/1/1719
f 1195/1/1721 1505/1/1321 1035/1/1513
f 881/1/1720 1189/1/1724 1538/1/1722
f 881/1/1720 1193/1/1719 1539/1/1723
f 1053/1/1725 1485/1/2467 1196/1/1726
f 1194/1/1728 1482/1/2468 1053/1/1725
f 882/1/1727 1190/1/1731 1540/1/1729
f 882/1/1727 1196/1/1726 1541/1/1730
f 1188/1/1322 1505/1/1321 1195/1/1732
f 883/1/1734 1196/1/1738 1485/1/1735
f 1192/1/1737 1541/1/1758 1196/1/1738
f 1195/1/1732 1538/1/1722 1192/1/1739
f 1199/1/1718 1544/1/1717 1208/1/1740
f 884/1/1742 1197/1/1745 1543/1/1743
f 884/1/1742 1207/1/2469 1547/1/1744
f 1205/1/1746 1546/1/1777 1207/1/1747
f 884/1/1741 1208/1/1740 1548/1/1748
f 1210/1/1749 1543/1/1780 1197/1/1750
f 885/1/1751 1206/1/1754 1542/1/1752
f 885/1/1751 1197/1/1750 1547/1/1753
f 886/1/1755 1192/1/1739 1538/1/1722
f 886/1/1757 1204/1/1760 1541/1/1758
f 1200/1/1759 1545/1/2470 1204/1/1760
f 1203/1/1756 1542/1/1752 1200/1/1761
f 1190/1/1731 1541/1/1730 1204/1/1762
f 1202/1/1764 1540/1/1729 1190/1/1731
f 887/1/1763 1208/1/1740 1544/1/1717
f 1209/1/1765 1548/1/1748 1208/1/1740
f 887/1/1763 1204/1/1762 1545/1/1766
f 888/1/1767 1207/1/2471 1546/1/1768
f 1206/1/1770 1547/1/2472 1207/1/1771
f 888/1/1772 1200/1/1761 1542/1/1752
f 1198/1/1773 1545/1/2470 1200/1/1759
f 889/1/1775 1209/1/1765 1545/1/1766
f 889/1/1775 1205/1/1746 1548/1/1748
f 889/1/1775 1198/1/1776 1546/1/1777
f 1189/1/1724 1539/1/1723 1201/1/1778
f 890/1/1779 1203/1/1756 1538/1/1722
f 1210/1/1749 1542/1/1752 1203/1/1756
f 890/1/1779 1201/1/1778 1543/1/1780
f 1272/2/1337 1551/2/1339 1221/2/1781
f 1108/2/1352 1476/2/1351 1272/2/1337
f 891/2/1782 1275/2/1784 1481/2/1345
f 891/2/1782 1221/2/1781 1556/2/1783
f 892/1/1785 1276/1/1787 1674/1/587
f 1283/1/1786 1557/1/1789 1276/1/1787
f 892/1/1785 1277/1/591 1665/1/590
f 893/1/1788 1212/1/1493 1493/1/1492
f 893/1/1788 1276/1/1787 1557/1/1789
f 1213/1/594 1674/1/587 1276/1/1787
f 893/1/1788 1057/1/1421 1657/1/595
f 1217/2/1790 1477/2/1314 1048/2/1349
f 894/2/1791 1221/2/1781 1551/2/1339
f 1220/2/1793 1556/2/1783 1221/2/1781
f 1048/2/1349 1483/2/1387 1220/2/1793
f 895/2/1794 1041/2/1812 1480/2/1795
f 895/2/1796 1222/2/1702 1552/2/1366
f 1118/2/1798 1555/2/1705 1222/2/1702
f 1037/2/1504 1506/2/1313 1118/2/1799
f 896/2/1800 1052/2/1478 1484/2/1801
f 1273/2/607 1649/2/260 1052/2/1478
f 896/2/1800 1224/2/1487 1673/2/270
f 1274/2/1802 1553/2/2458 1224/2/1487
f 897/2/1803 1334/2/1805 1592/2/1804
f 1225/2/1508 1600/2/1507 1334/2/1805
f 897/2/1803 1219/2/1806 1553/2/1511
f 1323/2/1379 1486/2/1382 1219/2/1806
f 1766/2/1807 1776/2/1362 1228/2/1808
f 1765/2/1809 1773/2/2391 1033/2/1296
f 1041/2/1797 1552/2/1366 1226/2/1811
f 898/2/1810 1033/2/1296 1480/2/1795
f 1118/2/1799 1506/2/1313 1114/2/1315
f 899/2/1814 1227/2/1334 1555/2/1705
f 1217/2/1792 1551/2/1339 1227/2/1334
f 1114/2/1315 1477/2/1314 1217/2/1790
f 1713/2/1815 1716/2/1820 1712/2/1816
f 1711/2/1817 1708/2/1562 1717/2/1818
f 854/2/1357 1020/2/1558 1721/2/1819
f 1145/2/1556 1712/2/1816 1716/2/1820
f 1270/2/1307 1561/2/1308 1240/2/1821
f 1241/2/1823 1503/2/1299 1270/2/1307
f 900/2/1822 1239/2/1826 1563/2/1824
f 900/2/1822 1240/2/1821 1562/2/1825
f 1238/2/1827 1563/2/1824 1265/2/1828
f 901/2/1830 1264/2/634 1677/2/633
f 1263/2/1832 1684/2/2413 1264/2/635
f 1265/2/1828 1570/2/1890 1263/2/1834
f 902/2/1835 1268/2/1836 1664/2/640
f 902/2/1835 1240/2/1821 1561/2/1308
f 1236/2/1837 1562/2/1825 1240/2/1821
f 1267/2/644 1676/2/659 1236/2/1838
f 903/2/1839 1024/2/1840 1503/2/1299
f 903/2/1839 1235/2/648 1642/2/647
f 1238/2/1831 1677/2/633 1235/2/648
f 1241/2/1823 1563/2/1824 1238/2/1841
f 1454/2/1842 1635/2/1872 1450/2/1843
f 904/2/1844 1253/2/1847 1634/2/1845
f 1252/2/1846 1567/2/1868 1253/2/1847
f 904/2/1844 1450/2/1843 1566/2/1848
f 905/2/1849 1236/2/1838 1676/2/659
f 905/2/1850 1248/2/1852 1562/2/1825
f 1242/2/1851 1564/2/1857 1248/2/1852
f 1249/2/664 1678/2/1177 1242/2/1853
f 1239/2/1826 1562/2/1825 1248/2/1852
f 1247/2/1855 1563/2/1824 1239/2/1826
f 1245/2/1856 1565/2/2473 1247/2/1855
f 906/2/1854 1248/2/1852 1564/2/1857
f 1252/2/1846 1566/2/1848 1261/2/1858
f 1260/2/1860 1567/2/1868 1252/2/1846
f 907/2/1859 1259/2/1863 1569/2/1861
f 907/2/1859 1261/2/1858 1568/2/1862
f 908/2/1864 1453/2/2474 1634/2/1845
f 908/2/1865 1243/2/679 1705/2/678
f 1251/2/1867 1681/2/702 1243/2/679
f 908/2/1864 1253/2/1847 1567/2/1868
f 909/2/1870 1452/2/2301 1706/2/683
f 909/2/1871 1450/2/1843 1635/2/1872
f 1237/2/1874 1566/2/1848 1450/2/1843
f 1451/2/689 1680/2/706 1237/2/1875
f 1259/2/1863 1568/2/1862 1256/2/1876
f 1258/2/1878 1569/2/1861 1259/2/1863
f 910/2/1879 1257/2/695 1683/2/694
f 910/2/1881 1256/2/1887 1682/2/697
f 911/2/1883 1251/2/1869 1567/2/1868
f 911/2/1884 1250/2/703 1681/2/702
f 1258/2/1880 1683/2/694 1250/2/703
f 911/2/1883 1260/2/1860 1569/2/1861
f 912/2/1885 1237/2/1875 1680/2/706
f 912/2/1886 1261/2/1858 1566/2/1848
f 912/2/1886 1256/2/1876 1568/2/1862
f 1262/2/708 1682/2/697 1256/2/1887
f 1247/2/1855 1565/2/2473 1246/2/1888
f 913/2/1889 1265/2/1828 1563/2/1824
f 913/2/1889 1246/2/1888 1570/2/1890
f 914/2/1891 1244/2/2475 1679/2/713
f 1246/2/1888 1565/2/2473 1244/2/1892
f 914/2/1891 1263/2/1893 1570/2/1890
f 914/2/1891 1266/2/718 1684/2/717
f 1110/2/1295 1503/2/1299 1024/2/1840
f 1271/2/719 1780/2/2388 1763/9/1294
f 1764/2/1567 1779/2/2387 1034/2/77
f 1024/2/1840 1642/2/647 1271/2/719
f 1281/1/1894 1571/1/2065 1348/1/1895
f 916/1/1896 1344/1/1899 1502/1/1897
f 1412/1/1898 1602/1/2476 1344/1/1899
f 1348/1/1895 1620/1/2066 1412/1/1898
f 917/2/1900 1279/2/1904 1494/2/1901
f 917/2/1900 1107/2/1902 1611/2/1905
f 918/1/1906 1215/1/1910 1502/1/1907
f 1345/1/1909 1549/1/2281 1215/1/1910
f 1366/1/1911 1609/1/2280 1345/1/1912
f 1344/1/1908 1602/1/2477 1366/1/1911
f 1231/1/1913 1675/1/2417 1346/1/740
f 919/1/1914 1233/1/1917 1560/1/1915
f 919/1/1914 1387/1/1918 1627/1/1916
f 1346/1/740 1696/1/2418 1387/1/1918
f 1714/2/1919 1718/2/1564 1723/2/1485
f 1031/1/1340 1770/10/2390 1044/1/1266
f 1767/8/1284 1775/2/1286 1226/2/1811
f 1021/2/1355 1721/2/1819 1719/2/1921
f 921/1/1922 1214/1/1925 1550/1/1923
f 1347/1/753 1672/1/2419 1214/1/1925
f 1447/1/1926 1691/1/2420 1347/1/754
f 921/1/1927 1446/1/2278 1607/1/1928
f 1230/1/1929 1560/1/1915 1233/1/1917
f 922/1/1930 1234/1/2070 1559/1/1931
f 922/1/1930 1386/1/1934 1626/1/1932
f 1233/1/1917 1627/1/1916 1386/1/1934
f 1283/1/1935 1665/1/2421 1211/1/765
f 923/1/1936 1229/1/1939 1557/1/1937
f 1417/1/1938 1619/1/2058 1229/1/1939
f 1211/1/765 1687/1/2422 1417/1/1938
f 924/2/1940 1307/2/1944 1583/2/1941
f 1298/2/1943 1580/2/2478 1307/2/1944
f 924/2/1940 1290/2/1606 1576/2/1608
f 1289/2/1942 1577/2/1597 1290/2/1606
f 925/2/1945 1306/2/1949 1581/2/1946
f 1297/2/1948 1579/2/1966 1306/2/1949
f 925/2/1945 1291/2/1603 1575/2/1274
f 1284/2/1947 1572/2/1602 1291/2/1603
f 1305/2/1950 1582/2/2479 1286/2/1951
f 926/2/1952 1289/2/1942 1583/2/1941
f 1292/2/1595 1577/2/1597 1289/2/1942
f 926/2/1952 1286/2/1951 1574/2/1953
f 927/1/1954 1304/1/2480 1580/1/1955
f 927/1/1957 1296/1/1961 1578/1/1958
f 1293/1/1960 1573/1/1471 1296/1/1961
f 1298/1/1956 1576/1/2481 1293/1/1962
f 1303/2/1963 1578/2/1958 1296/2/1961
f 928/2/1964 1284/2/1947 1581/2/1946
f 1294/2/1474 1572/2/1602 1284/2/1947
f 928/2/1964 1296/2/1961 1573/2/1471
f 929/2/1965 1302/2/2482 1579/2/1966
f 929/2/1967 1286/2/1970 1582/2/1968
f 1295/2/1278 1574/2/1277 1286/2/1970
f 1297/2/1948 1575/2/1274 1295/2/1971
f 1146/2/1555 1522/2/1554 1155/2/1972
f 930/2/1974 1300/2/1978 1515/2/1975
f 930/2/1974 1302/2/2483 1582/2/1977
f 930/2/1979 1155/2/2002 1579/2/1966
f 1148/2/1569 1523/2/1568 1153/2/1981
f 931/2/1982 1299/2/2000 1513/2/1983
f 931/2/1984 1303/2/1963 1581/2/1946
f 1153/2/1986 1578/2/1958 1303/2/1963
f 932/2/1987 1149/2/1566 1514/2/1271
f 932/2/1987 1153/2/1981 1523/2/1568
f 932/2/1989 1304/2/2484 1578/2/1990
f 932/2/1992 1156/2/2485 1580/2/1993
f 1105/2/1419 1515/2/1420 1300/2/1995
f 933/2/1996 1301/2/1998 1473/2/1997
f 933/2/1996 1305/2/1950 1583/2/1941
f 1300/2/1995 1582/2/2479 1305/2/1950
f 934/2/1999 1147/2/1559 1513/2/1983
f 1155/2/1972 1522/2/1554 1147/2/1559
f 934/2/2001 1306/2/1949 1579/2/1966
f 1299/2/1985 1581/2/1946 1306/2/1949
f 935/2/2003 1019/2/1272 1473/2/1997
f 1156/2/2004 1514/2/1271 1019/2/1272
f 1307/2/1944 1580/2/2478 1156/2/2005
f 935/2/2003 1301/2/1998 1583/2/1941
f 936/2/2006 1150/2/1605 1519/2/1475
f 1165/2/2008 1520/2/1604 1150/2/1605
f 936/2/2006 1314/2/1647 1585/2/1578
f 1312/2/2007 1588/2/1646 1314/2/1647
f 937/1/2009 1152/1/2486 1516/1/1593
f 937/1/2011 1169/1/2014 1521/1/2012
f 1315/1/1642 1589/1/1641 1169/1/2014
f 1310/1/2010 1586/1/1639 1315/1/2015
f 1143/2/1598 1518/2/1600 1308/2/2016
f 938/2/2017 1167/2/2018 1517/2/1610
f 1316/2/1632 1587/2/1635 1167/2/2018
f 938/2/2017 1308/2/2016 1584/2/2019
f 1151/2/1476 1521/2/2012 1169/2/2014
f 939/2/2020 1312/2/2007 1519/2/1475
f 939/2/2020 1317/2/1626 1588/2/1646
f 939/2/2020 1169/2/2014 1589/2/1641
f 940/2/2021 1144/2/1281 1520/2/1604
f 940/2/2022 1308/2/2023 1518/2/1600
f 1318/2/1582 1584/2/1581 1308/2/2023
f 1165/2/2008 1585/2/1578 1318/2/2024
f 941/2/2025 1142/2/1609 1517/2/1610
f 1310/2/2010 1516/2/1593 1142/2/1609
f 941/2/2025 1319/2/1571 1586/2/1639
f 941/2/2025 1167/2/2018 1587/2/1635
f 942/2/2026 1170/2/2487 1530/2/2027
f 942/2/2028 1321/2/2488 1531/2/2029
f 1322/2/1662 1591/2/2465 1321/2/2031
f 1172/2/2033 1590/2/1659 1322/2/1662
f 943/2/2034 1220/2/1793 1483/2/1387
f 943/2/2034 1333/2/2036 1556/2/1783
f 943/2/2034 1334/2/1805 1600/2/1507
f 1047/2/2035 1592/2/1804 1334/2/1805
f 1275/2/1784 1556/2/1783 1333/2/2036
f 944/2/2037 1324/2/2038 1481/2/1345
f 1335/2/1509 1593/2/1435 1324/2/2038
f 1333/2/2036 1600/2/1507 1335/2/1509
f 1098/2/870 1662/2/243 1095/2/243
f 945/2/870 1336/2/232 1686/2/232
f 945/2/2039 1096/2/2040 1599/2/1443
f 1095/2/1467 1500/2/1466 1096/2/2040
f 1099/2/2041 1498/2/1468 1089/2/2042
f 946/2/2043 1096/2/2040 1500/2/1466
f 1337/2/1441 1599/2/1443 1096/2/2040
f 946/2/2043 1089/2/2042 1598/2/1378
f 1087/2/1431 1481/2/1345 1324/2/2038
f 947/2/2044 1082/2/2045 1496/2/1457
f 1338/2/1438 1597/2/1437 1082/2/2045
f 947/2/2044 1324/2/2038 1593/2/1435
f 1092/2/1454 1496/2/1457 1082/2/2045
f 948/2/2046 1089/2/2042 1498/2/1468
f 1339/2/1423 1598/2/1378 1089/2/2042
f 948/2/2046 1082/2/2045 1597/2/1437
f 1073/2/183 1655/2/183 1076/2/880
f 1074/2/2047 1491/2/1416 1073/2/2048
f 949/2/2049 1340/2/1408 1596/2/1397
f 1076/2/880 1685/2/167 1340/2/167
f 1067/2/2050 1489/2/1415 1077/2/1417
f 950/2/2051 1341/2/1392 1595/2/1378
f 1074/2/2047 1596/2/1397 1341/2/1392
f 950/2/2051 1077/2/1417 1491/2/1416
f 1047/2/2035 1483/2/1387 1058/2/1390
f 951/2/2052 1342/2/1380 1592/2/1804
f 1060/2/2053 1594/2/1384 1342/2/1380
f 951/2/2052 1058/2/1390 1487/2/1405
f 1060/2/2053 1487/2/1405 1070/2/1407
f 952/2/2054 1343/2/1373 1594/2/1384
f 1067/2/2050 1595/2/1378 1343/2/1373
f 952/2/2054 1070/2/1407 1489/2/1415
f 1282/1/2055 1557/1/1937 1229/1/1939
f 953/1/2056 1107/1/1902 1494/1/1901
f 1416/1/2057 1611/1/2489 1107/1/1902
f 953/1/2056 1229/1/1939 1619/1/2058
f 1362/2/892 1664/2/640 1268/2/1836
f 954/2/2059 1364/2/2061 1689/2/894
f 1429/2/2060 1610/2/2216 1364/2/2061
f 954/2/2059 1269/2/1309 1495/2/1483
f 1268/2/1836 1561/2/1308 1269/2/1309
f 1223/1/2062 1558/1/2072 1106/1/2063
f 955/1/2064 1348/1/1895 1571/1/2065
f 955/1/2064 1375/1/2068 1620/1/2066
f 1106/1/2067 1621/1/2074 1375/1/2068
f 1232/1/2069 1559/1/1931 1234/1/2070
f 956/1/2071 1106/1/2063 1558/1/2072
f 956/1/2073 1389/1/2075 1621/1/2074
f 1234/1/1933 1626/1/1932 1389/1/2075
f 1364/2/2061 1610/2/2216 1385/2/2076
f 957/2/2077 1353/2/913 1689/2/894
f 1350/2/2078 1688/2/2436 1353/2/913
f 957/2/2077 1385/2/2076 1604/2/2079
f 1372/2/2080 1616/2/2102 1376/2/2081
f 1363/2/2083 1610/2/2216 1372/2/2084
f 1351/2/2086 1606/2/2490 1363/2/2083
f 958/2/2082 1376/2/2081 1605/2/2087
f 959/1/2089 1358/1/2092 1608/1/2090
f 1461/1/927 1692/1/935 1358/1/2092
f 959/1/2089 1462/1/2093 1707/1/928
f 1361/1/2091 1603/1/2118 1462/1/2093
f 960/1/2094 1354/1/2097 1607/1/2095
f 1356/1/934 1690/1/941 1354/1/2097
f 960/1/2094 1358/1/2092 1692/1/935
f 1357/1/2096 1608/1/2090 1358/1/2092
f 1447/1/2098 1607/1/2095 1354/1/2097
f 961/1/2099 1355/1/940 1691/1/939
f 961/1/2099 1354/1/2097 1690/1/941
f 962/2/2101 1428/2/2103 1616/2/2102
f 1085/2/1563 1554/2/2248 1428/2/2103
f 962/2/2104 1429/2/2060 1495/2/1483
f 1372/2/2084 1610/2/2216 1429/2/2060
f 1401/1/2106 1628/1/2192 1421/1/2107
f 963/1/2108 1389/1/2111 1626/1/2109
f 1420/1/2110 1621/1/2491 1389/1/2111
f 963/1/2108 1421/1/2107 1617/1/2112
f 1366/1/2113 1736/1/2135 1352/1/2114
f 964/1/2115 1360/1/2117 1609/1/2116
f 1361/1/2091 1608/1/2090 1360/1/2117
f 964/1/2115 1352/1/2114 1603/1/2118
f 965/7/2119 1216/7/2123 1550/7/2120
f 1437/7/2122 1549/7/2265 1216/7/2123
f 965/7/2119 1431/7/965 1699/7/964
f 1436/7/2121 1700/7/1115 1431/7/965
f 1448/1/2124 1609/1/2116 1360/1/2117
f 1357/1/2096 1607/1/2492 1448/1/2124
f 966/1/2125 1360/1/2117 1608/1/2090
f 967/1/2126 1365/1/2130 1601/1/2127
f 1426/1/2129 1611/1/2493 1365/1/2130
f 1409/1/2128 1632/1/2219 1426/1/2129
f 968/1/2131 1374/1/2134 1619/1/2132
f 968/1/2131 1349/1/2136 1601/1/2127
f 968/1/2131 1352/1/2114 1736/1/2135
f 1373/1/2133 1603/1/2118 1352/1/2114
f 969/2/2137 1472/2/2141 1640/2/2138
f 1466/2/2140 1639/2/2336 1472/2/2141
f 969/2/2137 1408/2/2144 1630/2/2142
f 1415/2/2139 1631/2/2213 1408/2/2144
f 1394/2/2145 1606/2/2215 1377/2/2146
f 970/2/2147 1384/2/2149 1604/2/2079
f 970/2/2147 1377/2/2146 1622/2/2148
f 1378/2/2150 1623/2/2180 1381/2/2151
f 971/2/2152 1382/2/996 1693/2/995
f 1380/2/2153 1695/2/2441 1382/2/996
f 971/2/2152 1381/2/2151 1624/2/2154
f 972/2/2155 1368/2/2159 1613/2/2156
f 972/2/2155 1405/2/2160 1612/2/2158
f 972/2/2155 1406/2/2157 1630/2/2142
f 973/1/2161 1387/1/2163 1696/1/1006
f 1403/1/2162 1627/1/2190 1387/1/2163
f 973/1/2161 1397/1/2165 1625/1/2164
f 1402/1/1011 1697/1/1013 1397/1/2165
f 974/2/2166 1397/2/2165 1697/2/1013
f 1383/2/2168 1625/2/2164 1397/2/2165
f 974/2/2169 1380/2/2171 1624/2/2154
f 1445/2/1017 1695/2/2442 1380/2/2171
f 1414/2/2172 1614/2/2238 1369/2/2173
f 975/2/2174 1423/2/2176 1633/2/2175
f 1369/2/2173 1615/2/2256 1423/2/2176
f 1392/2/2177 1622/2/2182 1390/2/2178
f 976/2/2179 1379/2/1027 1694/2/1026
f 1378/2/2150 1693/2/995 1379/2/1027
f 976/2/2179 1390/2/2178 1623/2/2180
f 977/2/2181 1391/2/2198 1622/2/2182
f 1388/2/2184 1618/2/2250 1391/2/2185
f 977/2/2186 1351/2/2088 1605/2/2087
f 1377/2/2183 1606/2/2494 1351/2/2187
f 1403/1/2162 1625/1/2164 1399/1/2188
f 978/1/2189 1386/1/2191 1627/1/2190
f 1401/1/2106 1626/1/2109 1386/1/2191
f 978/1/2189 1399/1/2188 1628/1/2192
f 1395/2/2193 1623/2/2180 1390/2/2178
f 979/2/2195 1398/2/2197 1628/2/2192
f 1391/2/2185 1618/2/2250 1398/2/2197
f 979/2/2194 1390/2/2178 1622/2/2182
f 1383/2/2170 1624/2/2154 1381/2/2151
f 980/2/2200 1399/2/2188 1625/2/2164
f 1395/2/2196 1628/2/2192 1399/2/2188
f 980/2/2199 1381/2/2151 1623/2/2180
f 1384/2/2201 1622/2/2182 1392/2/2177
f 981/2/2202 1350/2/2078 1604/2/2079
f 1393/2/1053 1688/2/2436 1350/2/2078
f 981/2/2202 1392/2/2177 1694/2/1026
f 982/2/2203 1471/2/2207 1639/2/2204
f 1370/2/2206 1637/2/2332 1471/2/2207
f 982/2/2208 1406/2/2157 1613/2/2156
f 1466/2/2143 1630/2/2142 1406/2/2157
f 1413/2/2210 1629/2/2232 1407/2/2211
f 983/2/2212 1408/2/2144 1631/2/2213
f 1405/2/2160 1630/2/2142 1408/2/2144
f 983/2/2212 1407/2/2211 1612/2/2158
f 1394/2/2145 1604/2/2079 1385/2/2076
f 984/2/2214 1363/2/2217 1606/2/2215
f 984/2/2214 1385/2/2076 1610/2/2216
f 1409/1/2128 1601/1/2127 1349/1/2136
f 985/1/2218 1425/1/2221 1632/1/2219
f 1400/1/2220 1615/1/2256 1425/1/2221
f 986/2/2223 1470/2/2227 1637/2/2224
f 986/2/2223 1367/2/2228 1636/2/2226
f 1368/2/2159 1612/2/2158 1367/2/2228
f 986/2/2223 1370/2/2495 1613/2/2156
f 1469/2/2229 1636/2/2226 1367/2/2228
f 987/2/2230 1465/2/2496 1638/2/2231
f 987/2/2230 1407/2/2211 1629/2/2232
f 1367/2/2228 1612/2/2158 1407/2/2211
f 1371/2/2234 1618/2/2250 1411/2/2235
f 988/2/2236 1422/2/2237 1617/2/2112
f 1414/2/2172 1633/2/2175 1422/2/2237
f 988/2/2236 1411/2/2235 1614/2/2238
f 989/2/2239 1468/2/2242 1638/2/2240
f 1415/2/2139 1640/2/2138 1468/2/2242
f 1413/2/2210 1631/2/2213 1415/2/2139
f 989/2/2239 1465/2/2233 1629/2/2232
f 1416/1/2243 1619/1/2132 1374/1/2134
f 1365/1/2130 1611/1/2493 1416/1/2243
f 990/1/2244 1374/1/2134 1601/1/2127
f 1418/2/2245 1616/2/2102 1428/2/2103
f 1427/2/2247 1611/2/2493 1418/2/2245
f 991/2/2246 1428/2/2103 1554/2/2248
f 992/2/2249 1371/2/2234 1617/2/2112
f 992/2/2249 1398/2/2197 1618/2/2250
f 1421/2/2107 1628/2/2192 1398/2/2197
f 1422/1/2237 1633/1/2175 1419/1/2251
f 993/1/2252 1420/1/2110 1617/1/2112
f 1375/1/2253 1621/1/2491 1420/1/2110
f 993/1/2252 1419/1/2251 1620/1/2254
f 994/1/2255 1423/1/2176 1615/1/2256
f 1419/1/2251 1633/1/2175 1423/1/2176
f 994/1/2255 1412/1/2257 1620/1/2254
f 1400/1/2220 1602/1/2222 1412/1/2257
f 995/2/2258 1425/2/2221 1615/2/2256
f 1424/2/2260 1632/2/2219 1425/2/2221
f 1410/2/2259 1616/2/2102 1424/2/2260
f 996/2/2261 1426/2/2129 1632/2/2219
f 1418/2/2245 1611/2/2493 1426/2/2129
f 1424/2/2260 1616/2/2102 1418/2/2245
f 997/7/2262 1214/7/2263 1672/7/1113
f 1436/7/2121 1550/7/2120 1214/7/2263
f 997/7/2262 1443/7/1116 1700/7/1115
f 998/7/2264 1215/7/2267 1549/7/2265
f 1438/7/2266 1502/7/2497 1215/7/2267
f 998/7/2264 1430/7/1122 1698/7/1121
f 1437/7/2122 1699/7/964 1430/7/1122
f 1230/7/2268 1559/7/2290 1439/7/2269
f 999/7/2270 1440/7/2272 1560/7/2271
f 1433/7/1128 1703/7/1134 1440/7/2272
f 999/7/2270 1439/7/2269 1702/7/1129
f 1231/7/2273 1560/7/2271 1440/7/2272
f 1000/7/2274 1444/7/1133 1675/7/1132
f 1000/7/2274 1440/7/2272 1703/7/1134
f 1446/1/1924 1550/1/1923 1216/1/2275
f 1448/1/2277 1607/1/1928 1446/1/2278
f 1001/1/2279 1345/1/1912 1609/1/2280
f 1001/1/2276 1216/1/2275 1549/1/2281
f 1281/7/2282 1502/7/2498 1438/7/2283
f 1002/7/2284 1441/7/2286 1571/7/2285
f 1435/7/1147 1704/7/1158 1441/7/2286
f 1438/7/2283 1698/7/2450 1435/7/1147
f 1232/7/2287 1558/7/2293 1442/7/2288
f 1003/7/2289 1439/7/2269 1559/7/2290
f 1434/7/1152 1702/7/1129 1439/7/2269
f 1003/7/2289 1442/7/2288 1701/7/1153
f 1223/7/2291 1571/7/2285 1441/7/2286
f 1004/7/2292 1442/7/2288 1558/7/2293
f 1432/7/1157 1701/7/1153 1442/7/2288
f 1004/7/2292 1441/7/2286 1704/7/1158
f 1008/2/2294 1458/2/2302 1254/2/2295
f 1459/2/1163 1456/2/1168 1005/2/2297
f 1452/2/1873 1635/2/1872 1455/2/2299
f 1456/2/1168 1706/2/683 1452/2/2301
f 1005/2/2300 1455/2/2299 1458/2/2302
f 1007/2/2303 1458/2/2302 1455/2/2299
f 1454/2/1842 1634/2/1845 1449/2/2305
f 1006/2/2304 1455/2/2299 1635/2/1872
f 1010/2/2306 1254/2/2295 1458/2/2302
f 1010/2/2306 1007/2/2303 1457/2/2307
f 1255/2/1175 1459/2/1163 1008/2/2298
f 1009/2/2309 1242/2/1853 1678/2/1177
f 1009/2/2296 1254/2/2295 1564/2/1857
f 1245/2/1856 1564/2/1857 1254/2/2295
f 1460/2/2308 1565/2/2473 1245/2/1856
f 1011/1/2310 1462/1/2093 1603/1/2118
f 1359/1/1180 1707/1/928 1462/1/2093
f 1011/1/2310 1417/1/2311 1687/1/1181
f 1373/1/2133 1619/1/2132 1417/1/2311
f 1411/2/2235 1618/2/2250 1396/2/2312
f 1467/2/2314 1614/2/2238 1411/2/2235
f 1012/2/2315 1468/2/2242 1640/2/2138
f 1396/2/2317 1638/2/2240 1468/2/2242
f 1388/2/2319 1605/2/2499 1463/2/2320
f 1396/2/2322 1618/2/2500 1388/2/2319
f 1469/2/2229 1638/2/2231 1396/2/2323
f 1013/2/2321 1463/2/2320 1636/2/2226
f 1376/2/2325 1616/2/2501 1464/2/2326
f 1463/2/2320 1605/2/2499 1376/2/2325
f 1014/2/2327 1470/2/2227 1636/2/2226
f 1464/2/2326 1637/2/2224 1470/2/2227
f 1410/2/2259 1615/2/2256 1404/2/2328
f 1464/2/2330 1616/2/2102 1410/2/2259
f 1015/2/2331 1471/2/2207 1637/2/2332
f 1015/2/2331 1404/2/2502 1639/2/2204
f 1016/2/2334 1369/2/2173 1614/2/2238
f 1404/2/2328 1615/2/2256 1369/2/2173
f 1016/2/2335 1472/2/2141 1639/2/2336
f 1467/2/2316 1640/2/2138 1472/2/2141
f 1709/2/2339 1494/2/2342 1279/2/2340
f 1710/2/2341 1279/2/2340 1554/2/2248
f 1725/2/2346 1730/2/2378 1719/2/2347
f 1710/2/2356 1727/2/2372 1726/2/2344
f 1724/2/2357 1729/2/2377 1714/2/2358
f 1720/2/1920 1722/2/1570 1715/2/2360
f 1713/2/2367 1729/2/2503 1724/2/2365
f 1719/2/1921 1723/2/1485 1228/2/1808
f 1720/2/2373 1730/2/2382 1725/2/2353
f 1729/2/2377 1728/2/2350 1718/2/2349
f 1728/2/2375 1729/2/2503 1713/2/2367
f 1726/2/2362 1727/2/2369 1711/2/2368
f 1006/2/2304 1449/2/2305 1457/2/2307
f 1457/2/1254 1732/2/1254 1733/2/1255
f 1453/2/1256 1705/2/1256 1735/2/1257
f 1734/2/1259 1679/2/2456 1244/2/2383
f 1449/2/1261 1731/2/1261 1732/2/1261
f 1634/2/1262 1735/2/1257 1731/2/1263
f 1733/2/1255 1734/2/1259 1565/2/1260
f 1737/5/86 1738/1/5 1749/10/2384
f 1777/1/2385 1778/1/7 1738/1/5
f 1752/6/111 1739/1/66 1740/1/69
f 1739/1/66 1750/1/65 1749/10/2384
f 1742/2/37 1753/2/36 1754/2/2386
f 1743/4/76 1744/2/34 1779/2/2387
f 1764/2/1567 1761/2/1297 1762/2/1330
f 1753/2/36 1745/2/720 1746/2/22
f 1755/2/748 1756/3/25 1746/2/2389
f 1747/2/112 1748/2/113 1756/3/25
f 1747/2/112 1752/2/111 1751/2/68
f 1770/10/2390 1757/1/1270 1758/5/367
f 1757/1/1270 1778/1/7 1777/1/2385
f 1759/1/1267 1760/6/1326 1771/6/1325
f 1770/10/2390 1769/1/1324 1760/6/1326
f 1773/2/2391 1774/2/1331 1762/2/1330
f 1779/2/2387 1764/2/1567 1763/9/1294
f 1765/2/1809 1766/2/1329 1774/2/1331
f 1765/2/1287 1775/2/1286 1776/2/1362
f 1775/2/1286 1767/8/1284 1768/2/1363
f 1772/2/1283 1771/2/1325 1768/2/1363
f 1742/2/37 1741/2/35 1744/2/34
f 1737/5/86 1750/1/65 313/1/364
