# Blender 4.1.1
# www.blender.org
mtllib squid.mtl
o 球
v 0.000000 3.675937 -1.219013
v 0.000000 1.764540 -1.485671
v 0.000000 0.610355 -1.582886
v 0.000000 -1.189019 -1.613896
v 0.000000 -1.356842 -1.582886
v 0.000000 -1.666935 -1.341906
v 0.000000 6.465402 -0.000000
v 0.000000 5.649520 0.610355
v 0.000000 4.509323 1.197256
v 0.000000 3.675937 1.219012
v 0.000000 2.601619 1.551509
v 0.000000 1.764541 1.485668
v 0.000000 1.197256 1.491046
v 0.000000 0.610356 1.582886
v 0.000000 -1.189019 1.613896
v 0.000000 -1.356842 1.582886
v 0.000000 -1.518214 1.491046
v 0.000000 -1.666935 1.341907
v 0.000000 -1.797290 1.141195
v 0.000000 -1.904269 0.992694
v 0.000000 -1.983764 0.617611
v 0.000000 -2.032713 0.386637
v -0.274355 5.649520 0.598629
v -0.373199 4.509323 1.174251
v -0.464298 3.675937 1.195588
v -0.544142 2.601619 1.521696
v -0.609674 1.764541 1.457123
v -0.658364 1.197256 1.462394
v -0.688348 0.610356 1.552469
v -0.698475 -1.189019 1.582886
v -0.688348 -1.356842 1.552470
v -0.658364 -1.518214 1.462394
v -0.609674 -1.666935 1.316121
v -0.544142 -1.797290 1.119270
v -0.464298 -1.904269 0.879405
v -0.373199 -1.983764 0.605744
v -0.274355 -2.032713 0.308804
v 0.000000 5.649520 0.563896
v -0.567094 4.509323 1.106120
v -0.745786 3.675937 1.126218
v -0.902412 2.601619 1.433408
v -1.030950 1.764541 1.372579
v -1.126463 1.197256 1.377547
v -1.185280 0.610356 1.462394
v -1.205140 -1.189019 1.491043
v -1.185280 -1.356842 1.462394
v -1.126463 -1.518214 1.377547
v -1.030950 -1.666935 1.239758
v -0.902412 -1.797290 1.054327
v -0.745786 -1.904269 0.828381
v -0.567094 -1.983764 0.570598
v -0.373199 -2.032713 0.290890
v -0.007931 0.364352 0.507494
v -0.745786 4.509323 0.995484
v -1.005208 3.675937 1.013571
v -1.232594 2.601619 1.290031
v -1.419204 1.764541 1.235287
v -1.557866 1.197256 1.239758
v -1.643255 0.610356 1.316121
v -1.672088 -1.189019 1.341903
v -1.643255 -1.356842 1.316121
v -1.557866 -1.518214 1.239758
v -1.419204 -1.666935 1.115754
v -1.232594 -1.797290 0.948872
v -1.005208 -1.904270 0.745523
v -0.745786 -1.983764 0.513526
v -0.464298 -2.032713 0.261794
v -0.177760 5.649520 0.431588
v -0.902412 4.509323 0.846588
v -1.232594 3.675937 0.861972
v -1.522000 2.601619 1.097082
v -1.759510 1.764541 1.050526
v -1.935993 1.197256 1.054327
v -2.044674 0.610356 1.119267
v -2.081369 -1.189019 1.141195
v -2.044674 -1.356842 1.119267
v -1.935993 -1.518214 1.054327
v -1.759510 -1.666935 0.948869
v -1.522000 -1.797290 0.806947
v -1.232594 -1.904270 0.634014
v -0.902412 -1.983764 0.436716
v -0.544142 -2.032713 0.222637
v 0.000000 -2.049245 0.000000
v -0.317132 5.649520 0.339094
v -1.213146 4.509323 0.665159
v -1.419204 3.675937 0.677248
v -1.759510 2.601619 0.861972
v -2.038792 1.764541 0.825393
v -2.246318 1.197256 0.828380
v -2.374111 0.610356 0.879404
v -2.417260 -1.189019 0.896631
v -2.374111 -1.356842 0.879405
v -2.246318 -1.518214 0.828381
v -2.038792 -1.666935 0.745523
v -1.759510 -1.797291 0.634014
v -1.419204 -1.904270 0.498143
v -1.030950 -1.983764 0.343128
v -0.609674 -2.032713 0.174926
v -0.420695 5.649520 0.233573
v -1.416295 4.509323 0.458172
v -2.333843 3.675937 0.466494
v -1.935996 2.601619 0.593736
v -2.246315 1.764541 0.568542
v -2.476907 1.197256 0.570597
v -2.618901 0.610356 0.605744
v -2.666847 -1.189019 0.617611
v -2.618901 -1.356842 0.605744
v -2.476907 -1.518215 0.570598
v -2.246315 -1.666935 0.513526
v -1.935996 -1.797291 0.436716
v -1.557866 -1.904270 0.343125
v -1.126463 -1.983764 0.236349
v -0.658364 -2.032713 0.120491
v -0.484468 5.649520 0.119074
v -1.541391 4.509323 0.233574
v -2.515457 3.675937 0.237816
v -2.044674 2.601619 0.302684
v -2.374108 1.764541 0.289838
v -2.618901 1.197256 0.290889
v -2.769645 0.610356 0.308804
v -2.820544 -1.189019 0.314855
v -2.769645 -1.356842 0.308804
v -2.618901 -1.518215 0.290890
v -2.374108 -1.666935 0.261794
v -2.044674 -1.797291 0.222636
v -1.643255 -1.904270 0.174926
v -1.185280 -1.983764 0.120491
v -0.688348 -2.032713 0.061427
v -0.506002 5.649520 -0.000000
v -1.583633 4.509323 -0.000000
v -2.576778 3.675937 -0.000000
v -2.081369 2.601619 -0.000000
v -2.417260 1.764541 -0.000000
v -2.666850 1.197256 -0.000000
v -2.820544 0.610356 -0.000000
v -2.872438 -1.189019 0.000000
v -2.820544 -1.356842 0.000000
v -2.666850 -1.518215 0.000000
v -2.417260 -1.666935 0.000000
v -2.081369 -1.797291 0.000000
v -1.672088 -1.904270 0.000000
v -1.205140 -1.983764 0.000000
v -0.698472 -2.032713 0.000000
v -0.484468 5.649520 -0.119074
v -1.541391 4.509323 -0.233574
v -2.515457 3.675937 -0.237817
v -2.044674 2.601619 -0.302685
v -2.374108 1.764541 -0.289842
v -2.618901 1.197256 -0.290890
v -2.769645 0.610356 -0.308807
v -2.820541 -1.189019 -0.314854
v -2.769645 -1.356842 -0.308807
v -2.618901 -1.518215 -0.290889
v -2.374108 -1.666935 -0.261794
v -2.044674 -1.797291 -0.222636
v -1.643255 -1.904270 -0.174925
v -1.185280 -1.983764 -0.120491
v -0.688348 -2.032713 -0.061426
v -0.420695 5.649520 -0.233574
v -1.416295 4.509323 -0.458172
v -2.333843 3.675937 -0.466497
v -1.935996 2.601619 -0.593737
v -2.246315 1.764541 -0.568542
v -2.476907 1.197256 -0.570598
v -2.618901 0.610356 -0.605744
v -2.666847 -1.189019 -0.617611
v -2.618901 -1.356842 -0.605744
v -2.476907 -1.518215 -0.570597
v -2.246315 -1.666935 -0.513526
v -1.935996 -1.797291 -0.436716
v -1.557866 -1.904270 -0.343127
v -1.126463 -1.983764 -0.236349
v -0.658364 -2.032713 -0.120491
v -0.317132 5.649520 -0.339095
v -1.213146 4.509323 -0.665159
v -1.419201 3.675937 -0.677248
v -1.759510 2.601619 -0.861972
v -2.038789 1.764540 -0.825393
v -2.246315 1.197256 -0.828381
v -2.374108 0.610356 -0.879405
v -2.417257 -1.189019 -0.896634
v -2.374108 -1.356842 -0.879404
v -2.246315 -1.518215 -0.828380
v -2.038789 -1.666935 -0.745523
v -1.759510 -1.797291 -0.634014
v -1.419201 -1.904270 -0.498143
v -1.030950 -1.983764 -0.343127
v -0.609670 -2.032713 -0.174925
v -0.177757 5.649520 -0.431589
v -0.902412 4.509323 -0.846589
v -1.232590 3.675937 -0.861972
v -1.522000 2.601619 -1.097082
v -1.759507 1.764540 -1.050526
v -1.935993 1.197256 -1.054327
v -2.044674 0.610356 -1.119270
v -2.081369 -1.189019 -1.141195
v -2.044674 -1.356842 -1.119270
v -1.935993 -1.518215 -1.054327
v -1.759507 -1.666935 -0.948871
v -1.522000 -1.797291 -0.806946
v -1.232590 -1.904270 -0.634014
v -0.902412 -1.983764 -0.436716
v -0.544142 -2.032713 -0.222636
v -0.007931 0.364352 -0.507494
v -0.745786 4.509323 -0.995485
v -1.005205 3.675940 -1.013571
v -1.232594 2.601619 -1.290032
v -1.419201 1.764540 -1.235291
v -1.557866 1.197256 -1.239758
v -1.643255 0.610355 -1.316121
v -1.672085 -1.189019 -1.341903
v -1.643255 -1.356842 -1.316120
v -1.557866 -1.518215 -1.239758
v -1.419201 -1.666935 -1.115753
v -1.232594 -1.797291 -0.948871
v -1.005205 -1.904270 -0.745523
v -0.745786 -1.983764 -0.513526
v -0.464298 -2.032713 -0.261794
v 0.000000 0.364352 -0.563896
v -0.567094 4.509323 -1.106121
v -0.745786 3.675940 -1.126219
v -0.902412 2.601619 -1.433408
v -1.030950 1.764540 -1.372579
v -1.126463 1.197256 -1.377547
v -1.185280 0.610355 -1.462394
v -1.205140 -1.189019 -1.491043
v -1.185280 -1.356842 -1.462394
v -1.126463 -1.518215 -1.377547
v -1.030950 -1.666935 -1.239758
v -0.902412 -1.797291 -1.054327
v -0.745786 -1.904270 -0.828380
v -0.567094 -1.983764 -0.570597
v -0.373199 -2.032713 -0.290889
v -0.274355 5.649520 -0.598630
v -0.373199 4.509323 -1.174252
v -0.464295 3.675940 -1.195589
v -0.544142 2.601619 -1.521697
v -0.609670 1.764540 -1.457123
v -0.658364 1.197256 -1.462394
v -0.688348 0.610355 -1.552469
v -0.698472 -1.189019 -1.582882
v -0.688348 -1.356842 -1.552469
v -0.658364 -1.518215 -1.462394
v -0.609670 -1.666935 -1.316120
v -0.544142 -1.797291 -1.119270
v -0.464295 -1.904270 -0.879404
v -0.373199 -1.983764 -0.605744
v -0.274355 -2.032713 -0.308804
v 0.000000 5.649520 -0.610356
v 0.000000 4.509323 -1.197257
v 0.000000 2.601619 -1.551509
v 0.000000 1.197256 -1.491046
v 0.000000 -1.518215 -1.491046
v 0.000000 -1.797291 -1.141198
v 0.000000 -1.904270 -0.992691
v 0.000000 -1.983764 -0.617611
v 0.000000 -2.032713 -0.386637
v 0.274355 5.649520 0.598629
v 0.373199 4.509323 1.174251
v 0.464298 3.675937 1.195588
v 0.544142 2.601619 1.521696
v 0.609674 1.764541 1.457123
v 0.658364 1.197256 1.462394
v 0.688348 0.610356 1.552469
v 0.698475 -1.189019 1.582886
v 0.688348 -1.356842 1.552470
v 0.658364 -1.518214 1.462394
v 0.609674 -1.666935 1.316121
v 0.544142 -1.797290 1.119270
v 0.464298 -1.904269 0.879405
v 0.373199 -1.983764 0.605744
v 0.274355 -2.032713 0.308804
v 0.567094 4.509323 1.106120
v 0.745786 3.675937 1.126218
v 0.902412 2.601619 1.433408
v 1.030950 1.764541 1.372579
v 1.126463 1.197256 1.377547
v 1.185280 0.610356 1.462394
v 1.205140 -1.189019 1.491043
v 1.185280 -1.356842 1.462394
v 1.126463 -1.518214 1.377547
v 1.030950 -1.666935 1.239758
v 0.902412 -1.797290 1.054327
v 0.745786 -1.904269 0.828381
v 0.567094 -1.983764 0.570598
v 0.373199 -2.032713 0.290890
v 0.007931 0.364352 0.507494
v 0.745786 4.509323 0.995484
v 1.005208 3.675937 1.013571
v 1.232594 2.601619 1.290031
v 1.419204 1.764541 1.235287
v 1.557866 1.197256 1.239758
v 1.643255 0.610356 1.316121
v 1.672088 -1.189019 1.341903
v 1.643255 -1.356842 1.316121
v 1.557866 -1.518214 1.239758
v 1.419204 -1.666935 1.115754
v 1.232594 -1.797290 0.948872
v 1.005208 -1.904270 0.745523
v 0.745786 -1.983764 0.513526
v 0.464298 -2.032713 0.261794
v 0.177760 5.649520 0.431588
v 0.902412 4.509323 0.846588
v 1.232594 3.675937 0.861972
v 1.522000 2.601619 1.097082
v 1.759510 1.764541 1.050526
v 1.935993 1.197256 1.054327
v 2.044674 0.610356 1.119267
v 2.081369 -1.189019 1.141195
v 2.044674 -1.356842 1.119267
v 1.935993 -1.518214 1.054327
v 1.759510 -1.666935 0.948869
v 1.522000 -1.797290 0.806947
v 1.232594 -1.904270 0.634014
v 0.902412 -1.983764 0.436716
v 0.544142 -2.032713 0.222637
v 0.317132 5.649520 0.339094
v 1.213146 4.509323 0.665159
v 1.419204 3.675937 0.677248
v 1.759510 2.601619 0.861972
v 2.038792 1.764541 0.825393
v 2.246318 1.197256 0.828380
v 2.374111 0.610356 0.879404
v 2.417260 -1.189019 0.896631
v 2.374111 -1.356842 0.879405
v 2.246318 -1.518214 0.828381
v 2.038792 -1.666935 0.745523
v 1.759510 -1.797291 0.634014
v 1.419204 -1.904270 0.498143
v 1.030950 -1.983764 0.343128
v 0.609674 -2.032713 0.174926
v 0.420695 5.649520 0.233573
v 1.416295 4.509323 0.458172
v 2.333843 3.675937 0.466494
v 1.935996 2.601619 0.593736
v 2.246315 1.764541 0.568542
v 2.476907 1.197256 0.570597
v 2.618901 0.610356 0.605744
v 2.666847 -1.189019 0.617611
v 2.618901 -1.356842 0.605744
v 2.476907 -1.518215 0.570598
v 2.246315 -1.666935 0.513526
v 1.935996 -1.797291 0.436716
v 1.557866 -1.904270 0.343125
v 1.126463 -1.983764 0.236349
v 0.658364 -2.032713 0.120491
v 0.484468 5.649520 0.119074
v 1.541391 4.509323 0.233574
v 2.515457 3.675937 0.237816
v 2.044674 2.601619 0.302684
v 2.374108 1.764541 0.289838
v 2.618901 1.197256 0.290889
v 2.769645 0.610356 0.308804
v 2.820544 -1.189019 0.314855
v 2.769645 -1.356842 0.308804
v 2.618901 -1.518215 0.290890
v 2.374108 -1.666935 0.261794
v 2.044674 -1.797291 0.222636
v 1.643255 -1.904270 0.174926
v 1.185280 -1.983764 0.120491
v 0.688348 -2.032713 0.061427
v 0.506002 5.649520 -0.000000
v 1.583633 4.509323 -0.000000
v 2.576778 3.675937 -0.000000
v 2.081369 2.601619 -0.000000
v 2.417260 1.764541 -0.000000
v 2.666850 1.197256 -0.000000
v 2.820544 0.610356 -0.000000
v 2.872438 -1.189019 0.000000
v 2.820544 -1.356842 0.000000
v 2.666850 -1.518215 0.000000
v 2.417260 -1.666935 0.000000
v 2.081369 -1.797291 0.000000
v 1.672088 -1.904270 0.000000
v 1.205140 -1.983764 0.000000
v 0.698472 -2.032713 0.000000
v 0.484468 5.649520 -0.119074
v 1.541391 4.509323 -0.233574
v 2.515457 3.675937 -0.237817
v 2.044674 2.601619 -0.302685
v 2.374108 1.764541 -0.289842
v 2.618901 1.197256 -0.290890
v 2.769645 0.610356 -0.308807
v 2.820541 -1.189019 -0.314854
v 2.769645 -1.356842 -0.308807
v 2.618901 -1.518215 -0.290889
v 2.374108 -1.666935 -0.261794
v 2.044674 -1.797291 -0.222636
v 1.643255 -1.904270 -0.174925
v 1.185280 -1.983764 -0.120491
v 0.688348 -2.032713 -0.061426
v 0.420695 5.649520 -0.233574
v 1.416295 4.509323 -0.458172
v 2.333843 3.675937 -0.466497
v 1.935996 2.601619 -0.593737
v 2.246315 1.764541 -0.568542
v 2.476907 1.197256 -0.570598
v 2.618901 0.610356 -0.605744
v 2.666847 -1.189019 -0.617611
v 2.618901 -1.356842 -0.605744
v 2.476907 -1.518215 -0.570597
v 2.246315 -1.666935 -0.513526
v 1.935996 -1.797291 -0.436716
v 1.557866 -1.904270 -0.343127
v 1.126463 -1.983764 -0.236349
v 0.658364 -2.032713 -0.120491
v 0.317132 5.649520 -0.339095
v 1.213146 4.509323 -0.665159
v 1.419201 3.675937 -0.677248
v 1.759510 2.601619 -0.861972
v 2.038789 1.764540 -0.825393
v 2.246315 1.197256 -0.828381
v 2.374108 0.610356 -0.879405
v 2.417257 -1.189019 -0.896634
v 2.374108 -1.356842 -0.879404
v 2.246315 -1.518215 -0.828380
v 2.038789 -1.666935 -0.745523
v 1.759510 -1.797291 -0.634014
v 1.419201 -1.904270 -0.498143
v 1.030950 -1.983764 -0.343127
v 0.609670 -2.032713 -0.174925
v 0.177757 5.649520 -0.431589
v 0.902412 4.509323 -0.846589
v 1.232590 3.675937 -0.861972
v 1.522000 2.601619 -1.097082
v 1.759507 1.764540 -1.050526
v 1.935993 1.197256 -1.054327
v 2.044674 0.610356 -1.119270
v 2.081369 -1.189019 -1.141195
v 2.044674 -1.356842 -1.119270
v 1.935993 -1.518215 -1.054327
v 1.759507 -1.666935 -0.948871
v 1.522000 -1.797291 -0.806946
v 1.232590 -1.904270 -0.634014
v 0.902412 -1.983764 -0.436716
v 0.544142 -2.032713 -0.222636
v 0.007931 0.364352 -0.507494
v 0.745786 4.509323 -0.995485
v 1.005205 3.675940 -1.013571
v 1.232594 2.601619 -1.290032
v 1.419201 1.764540 -1.235291
v 1.557866 1.197256 -1.239758
v 1.643255 0.610355 -1.316121
v 1.672085 -1.189019 -1.341903
v 1.643255 -1.356842 -1.316120
v 1.557866 -1.518215 -1.239758
v 1.419201 -1.666935 -1.115753
v 1.232594 -1.797291 -0.948871
v 1.005205 -1.904270 -0.745523
v 0.745786 -1.983764 -0.513526
v 0.464298 -2.032713 -0.261794
v 0.567094 4.509323 -1.106121
v 0.745786 3.675940 -1.126219
v 0.902412 2.601619 -1.433408
v 1.030950 1.764540 -1.372579
v 1.126463 1.197256 -1.377547
v 1.185280 0.610355 -1.462394
v 1.205140 -1.189019 -1.491043
v 1.185280 -1.356842 -1.462394
v 1.126463 -1.518215 -1.377547
v 1.030950 -1.666935 -1.239758
v 0.902412 -1.797291 -1.054327
v 0.745786 -1.904270 -0.828380
v 0.567094 -1.983764 -0.570597
v 0.373199 -2.032713 -0.290889
v 0.274355 5.649520 -0.598630
v 0.373199 4.509323 -1.174252
v 0.464295 3.675940 -1.195589
v 0.544142 2.601619 -1.521697
v 0.609670 1.764540 -1.457123
v 0.658364 1.197256 -1.462394
v 0.688348 0.610355 -1.552469
v 0.698472 -1.189019 -1.582882
v 0.688348 -1.356842 -1.552469
v 0.658364 -1.518215 -1.462394
v 0.609670 -1.666935 -1.316120
v 0.544142 -1.797291 -1.119270
v 0.464295 -1.904270 -0.879404
v 0.373199 -1.983764 -0.605744
v 0.274355 -2.032713 -0.308804
v 1.953585 -1.288642 -0.571198
v 1.874951 -1.367601 -0.560220
v 1.799340 -1.443523 -0.527717
v 1.729654 -1.513497 -0.474932
v 1.668574 -1.574826 -0.403897
v 1.618448 -1.625159 -0.317338
v 1.581199 -1.662558 -0.218588
v 1.558264 -1.685591 -0.111434
v 1.550517 -1.693365 0.000000
v 1.558264 -1.685591 0.111434
v 1.581199 -1.662558 0.218588
v 1.618448 -1.625159 0.317339
v 1.668574 -1.574826 0.403897
v 1.729654 -1.513497 0.474932
v 1.799340 -1.443523 0.527717
v 1.874951 -1.367601 0.560220
v 1.953585 -1.288642 0.571198
v 2.032222 -1.209686 0.560220
v 2.107834 -1.133762 0.527717
v 2.177520 -1.063791 0.474932
v 2.238600 -1.002461 0.403897
v 2.288726 -0.952128 0.317339
v 2.325974 -0.914726 0.218588
v 2.348910 -0.891697 0.111434
v 2.356657 -0.883919 0.000000
v 2.348910 -0.891697 -0.111434
v 2.325974 -0.914726 -0.218588
v 2.288726 -0.952128 -0.317339
v 2.238600 -1.002461 -0.403897
v 2.177520 -1.063791 -0.474932
v 2.107834 -1.133762 -0.527717
v 2.032222 -1.209686 -0.560220
v 4.737632 -4.090393 0.000000
v 0.820306 -1.267093 -0.571198
v 0.714284 -1.301404 -0.560220
v 0.612336 -1.334395 -0.527717
v 0.518381 -1.364798 -0.474932
v 0.436028 -1.391447 -0.403897
v 0.368444 -1.413316 -0.317338
v 0.318224 -1.429569 -0.218588
v 0.287298 -1.439578 -0.111434
v 0.276855 -1.442956 0.000000
v 0.287298 -1.439578 0.111434
v 0.318224 -1.429569 0.218588
v 0.368444 -1.413316 0.317339
v 0.436028 -1.391447 0.403897
v 0.518381 -1.364798 0.474932
v 0.612336 -1.334395 0.527717
v 0.714284 -1.301404 0.560220
v 0.820306 -1.267093 0.571198
v 0.926327 -1.232785 0.560220
v 1.028275 -1.199793 0.527717
v 1.122230 -1.169390 0.474932
v 1.204583 -1.142741 0.403897
v 1.272167 -1.120869 0.317339
v 1.322387 -1.104619 0.218588
v 1.353313 -1.094610 0.111434
v 1.363756 -1.091232 0.000000
v 1.353313 -1.094610 -0.111434
v 1.322387 -1.104619 -0.218588
v 1.272167 -1.120869 -0.317339
v 1.204583 -1.142741 -0.403897
v 1.122230 -1.169390 -0.474932
v 1.028275 -1.199793 -0.527717
v 0.926327 -1.232785 -0.560220
v 2.016755 -5.031296 0.000000
v -1.971384 -1.295409 -0.571198
v -2.067194 -1.238503 -0.560220
v -2.159321 -1.183788 -0.527717
v -2.244228 -1.133358 -0.474932
v -2.318650 -1.089161 -0.403897
v -2.379724 -1.052885 -0.317339
v -2.425110 -1.025932 -0.218588
v -2.453055 -1.009332 -0.111434
v -2.462493 -1.003728 0.000000
v -2.453055 -1.009332 0.111434
v -2.425110 -1.025932 0.218588
v -2.379724 -1.052885 0.317339
v -2.318650 -1.089161 0.403897
v -2.244228 -1.133358 0.474932
v -2.159321 -1.183788 0.527717
v -2.067194 -1.238503 0.560220
v -1.971384 -1.295409 0.571198
v -1.875571 -1.352312 0.560220
v -1.783443 -1.407028 0.527717
v -1.698537 -1.457458 0.474932
v -1.624114 -1.501658 0.403897
v -1.563041 -1.537931 0.317339
v -1.517655 -1.564884 0.218588
v -1.489710 -1.581484 0.111434
v -1.480271 -1.587087 0.000000
v -1.489710 -1.581484 -0.111434
v -1.517655 -1.564884 -0.218588
v -1.563041 -1.537931 -0.317338
v -1.624114 -1.501658 -0.403897
v -1.698537 -1.457458 -0.474932
v -1.783443 -1.407028 -0.527717
v -1.875571 -1.352312 -0.560220
v -4.006012 -4.680817 0.000000
v -0.569143 -1.243150 -0.571198
v -0.676988 -1.215092 -0.560220
v -0.780691 -1.188115 -0.527717
v -0.876260 -1.163252 -0.474932
v -0.960031 -1.141461 -0.403897
v -1.028779 -1.123575 -0.317339
v -1.079862 -1.110288 -0.218588
v -1.111320 -1.102103 -0.111434
v -1.121942 -1.099341 0.000000
v -1.111320 -1.102103 0.111434
v -1.079862 -1.110288 0.218588
v -1.028779 -1.123575 0.317339
v -0.960031 -1.141461 0.403897
v -0.876260 -1.163252 0.474932
v -0.780691 -1.188115 0.527717
v -0.676988 -1.215092 0.560220
v -0.569143 -1.243150 0.571198
v -0.461297 -1.271203 0.560220
v -0.357597 -1.298181 0.527717
v -0.262025 -1.323044 0.474932
v -0.178257 -1.344835 0.403897
v -0.109510 -1.362721 0.317339
v -0.058426 -1.376008 0.218588
v -0.026968 -1.384192 0.111434
v -0.016347 -1.386955 0.000000
v -0.026968 -1.384192 -0.111434
v -0.058426 -1.376008 -0.218588
v -0.109510 -1.362721 -0.317339
v -0.178257 -1.344835 -0.403897
v -0.262025 -1.323044 -0.474932
v -0.357597 -1.298181 -0.527717
v -0.461297 -1.271203 -0.560220
v -1.583493 -5.060452 0.000000
vn -0.0342 0.5987 0.8003
vn -0.0121 -0.9990 0.0427
vn -0.0434 -0.1815 0.9824
vn -0.0548 0.4538 0.8894
vn -0.0378 -0.4943 0.8685
vn -0.0504 0.0311 0.9982
vn -0.0299 -0.7078 0.7058
vn -0.0523 0.2936 0.9545
vn -0.0219 -0.8384 0.5445
vn -0.0466 -0.0732 0.9962
vn -0.1412 -0.8033 0.5787
vn -0.0435 0.0130 0.9990
vn -0.0088 -0.9610 0.2762
vn -0.0436 0.1537 0.9871
vn -0.0587 -0.9766 0.2070
vn -0.0443 0.0171 0.9989
vn -0.1966 -0.0410 0.9796
vn -0.0701 -0.9195 0.3868
vn -0.1782 0.0386 0.9832
vn -0.0478 -0.9634 0.2639
vn -0.1761 0.1581 0.9716
vn -0.0278 -0.9877 0.1536
vn -0.1783 0.0176 0.9838
vn -0.1036 -0.5655 -0.8182
vn -0.0083 -0.9989 0.0461
vn -0.1753 -0.1858 0.9668
vn -0.2959 0.4508 0.8421
vn -0.1541 -0.5033 0.8503
vn -0.2386 0.0745 0.9683
vn -0.1245 -0.7162 0.6867
vn -0.2284 0.2983 0.9268
vn -0.0956 -0.8443 0.5273
vn -0.2984 -0.1948 0.9343
vn -0.4381 0.5544 0.7076
vn -0.2595 -0.5218 0.8126
vn -0.3942 0.1424 0.9079
vn -0.2069 -0.7331 0.6479
vn -0.3793 0.3051 0.8735
vn -0.1573 -0.8559 0.4926
vn -0.3334 0.0127 0.9427
vn -0.1147 -0.9262 0.3591
vn -0.3032 0.0816 0.9494
vn -0.0779 -0.9666 0.2441
vn -0.3000 0.1659 0.9394
vn -0.0453 -0.9889 0.1417
vn -0.3042 0.0185 0.9524
vn -1.0000 0.0015 0.0021
vn -0.0129 -0.9991 0.0403
vn -0.1558 -0.9353 0.3178
vn -0.4359 0.1416 0.8888
vn -0.1054 -0.9709 0.2149
vn -0.4333 0.1780 0.8835
vn -0.0610 -0.9904 0.1244
vn -0.4402 0.0199 0.8977
vn 0.8989 0.0352 0.4367
vn -0.0166 -0.9993 0.0337
vn -0.4306 -0.2089 0.8780
vn -0.5640 0.5744 0.5933
vn -0.3678 -0.5496 0.7501
vn -0.5400 0.2289 0.8099
vn -0.2876 -0.7572 0.5865
vn -0.5265 0.3147 0.7898
vn -0.2157 -0.8718 0.4398
vn -0.4754 0.0862 0.8756
vn -0.4241 0.5410 0.7263
vn -0.4773 -0.5852 0.6555
vn -0.6919 0.1812 0.6989
vn -0.3638 -0.7861 0.4997
vn -0.6650 0.3262 0.6718
vn -0.2683 -0.8901 0.3685
vn -0.6182 0.1727 0.7668
vn -0.1919 -0.9453 0.2636
vn -0.5749 0.2145 0.7896
vn -0.1290 -0.9757 0.1772
vn -0.5773 0.1947 0.7930
vn -0.0744 -0.9920 0.1022
vn -0.5885 0.0218 0.8082
vn -0.4822 0.4894 0.7266
vn -0.0194 -0.9995 0.0267
vn -0.5731 -0.2282 0.7871
vn -0.7128 0.2921 0.6376
vn -0.1479 -0.9801 0.1323
vn -0.7279 0.2151 0.6511
vn -0.0851 -0.9935 0.0761
vn -0.7451 0.0242 0.6665
vn -0.6204 0.4942 0.6089
vn -0.0216 -0.9996 0.0193
vn -0.7213 -0.2517 0.6452
vn -0.5679 0.6057 0.5574
vn -0.5817 -0.6252 0.5203
vn -0.2175 0.2489 0.9438
vn -0.4309 -0.8160 0.3854
vn -0.7862 0.3380 0.5173
vn -0.3123 -0.9080 0.2793
vn -0.7511 0.2602 0.6068
vn -0.2212 -0.9549 0.1979
vn -0.6683 -0.6620 0.3393
vn -0.5767 0.6764 0.4580
vn -0.4820 -0.8413 0.2447
vn -0.8959 -0.2922 0.3345
vn -0.3442 -0.9225 0.1748
vn -0.8576 0.3315 0.3932
vn -0.2419 -0.9625 0.1228
vn -0.8320 0.3598 0.4223
vn -0.1610 -0.9836 0.0817
vn -0.8665 0.2360 0.4399
vn -0.0924 -0.9946 0.0469
vn -0.8914 0.0267 0.4525
vn -0.7525 0.5080 0.4191
vn -0.0230 -0.9997 0.0117
vn -0.8571 -0.2756 0.4351
vn -0.6628 0.6515 0.3692
vn -0.1678 -0.9854 0.0277
vn -0.9553 0.2502 0.1575
vn -0.0962 -0.9952 0.0158
vn -0.9863 0.0284 0.1626
vn -0.8400 0.5209 0.1519
vn -0.0237 -0.9997 0.0039
vn -0.9437 -0.2918 0.1556
vn -0.7206 0.6810 0.1303
vn -0.7190 -0.6848 0.1185
vn -0.6342 0.7557 0.1635
vn -0.5101 -0.8560 0.0841
vn -0.9127 -0.3933 0.1107
vn -0.3612 -0.9306 0.0595
vn -0.9193 0.3689 0.1369
vn -0.2527 -0.9667 0.0416
vn -0.9051 0.3982 0.1492
vn -0.5101 -0.8560 -0.0841
vn -0.9127 -0.3933 -0.1107
vn -0.3612 -0.9306 -0.0595
vn -0.9193 0.3689 -0.1369
vn -0.2527 -0.9667 -0.0416
vn -0.9051 0.3982 -0.1492
vn -0.1678 -0.9854 -0.0277
vn -0.9553 0.2502 -0.1575
vn -0.0962 -0.9952 -0.0158
vn -0.9863 0.0284 -0.1626
vn -0.8400 0.5209 -0.1519
vn -0.0237 -0.9997 -0.0039
vn -0.9437 -0.2918 -0.1555
vn -0.7206 0.6810 -0.1303
vn -0.7190 -0.6848 -0.1185
vn -0.6342 0.7557 -0.1635
vn -0.0924 -0.9946 -0.0469
vn -0.8914 0.0267 -0.4525
vn -0.7525 0.5080 -0.4191
vn -0.0230 -0.9997 -0.0117
vn -0.8571 -0.2756 -0.4351
vn -0.6628 0.6515 -0.3692
vn -0.6683 -0.6620 -0.3393
vn -0.5767 0.6764 -0.4580
vn -0.4820 -0.8413 -0.2447
vn -0.8959 -0.2922 -0.3345
vn -0.3442 -0.9225 -0.1748
vn -0.8576 0.3315 -0.3932
vn -0.2419 -0.9625 -0.1228
vn -0.8320 0.3598 -0.4223
vn -0.1610 -0.9836 -0.0817
vn -0.8665 0.2360 -0.4399
vn -0.7862 0.3380 -0.5173
vn -0.3123 -0.9080 -0.2793
vn -0.7511 0.2602 -0.6068
vn -0.2212 -0.9549 -0.1979
vn -0.7128 0.2921 -0.6376
vn -0.1479 -0.9801 -0.1323
vn -0.7279 0.2151 -0.6511
vn -0.0851 -0.9935 -0.0761
vn -0.7451 0.0242 -0.6665
vn -0.6204 0.4942 -0.6089
vn -0.0216 -0.9996 -0.0193
vn -0.7213 -0.2517 -0.6452
vn -0.5679 0.6057 -0.5574
vn -0.5817 -0.6252 -0.5203
vn -0.2175 0.2489 -0.9438
vn -0.4309 -0.8160 -0.3854
vn -0.5885 0.0219 -0.8082
vn -0.4822 0.4894 -0.7266
vn -0.0194 -0.9995 -0.0267
vn -0.5731 -0.2281 -0.7871
vn -0.4241 0.5410 -0.7263
vn -0.4773 -0.5852 -0.6555
vn -0.6919 0.1812 -0.6989
vn -0.3638 -0.7861 -0.4997
vn -0.6650 0.3262 -0.6718
vn -0.2683 -0.8901 -0.3685
vn -0.6182 0.1727 -0.7668
vn -0.1919 -0.9453 -0.2636
vn -0.5749 0.2145 -0.7896
vn -0.1290 -0.9757 -0.1772
vn -0.5774 0.1947 -0.7929
vn -0.0744 -0.9920 -0.1022
vn -0.2157 -0.8718 -0.4398
vn -0.4754 0.0862 -0.8756
vn -0.1558 -0.9353 -0.3178
vn -0.4359 0.1416 -0.8888
vn -0.1054 -0.9709 -0.2149
vn -0.4333 0.1780 -0.8835
vn -0.0610 -0.9904 -0.1244
vn -0.4402 0.0199 -0.8977
vn 0.8989 0.0352 -0.4367
vn -0.0166 -0.9993 -0.0337
vn -0.4306 -0.2089 -0.8781
vn -0.5640 0.5744 -0.5933
vn -0.3678 -0.5496 -0.7501
vn -0.5400 0.2289 -0.8099
vn -0.2876 -0.7572 -0.5865
vn -0.5265 0.3147 -0.7898
vn -0.9902 0.0129 -0.1392
vn -0.0129 -0.9991 -0.0403
vn -0.2984 -0.1948 -0.9343
vn 0.5168 0.1903 0.8347
vn -0.2595 -0.5218 -0.8126
vn -0.3942 0.1424 -0.9079
vn -0.2069 -0.7331 -0.6479
vn -0.3793 0.3051 -0.8735
vn -0.1573 -0.8559 -0.4926
vn -0.3334 0.0127 -0.9427
vn -0.1147 -0.9262 -0.3591
vn -0.3032 0.0816 -0.9494
vn -0.0779 -0.9666 -0.2441
vn -0.3000 0.1659 -0.9394
vn -0.0453 -0.9889 -0.1417
vn -0.3042 0.0185 -0.9524
vn -0.1966 -0.0410 -0.9796
vn -0.0701 -0.9195 -0.3868
vn -0.1782 0.0386 -0.9832
vn -0.0478 -0.9634 -0.2639
vn -0.1761 0.1581 -0.9716
vn -0.0278 -0.9877 -0.1536
vn -0.1783 0.0176 -0.9838
vn -0.8848 -0.0429 0.4640
vn -0.0083 -0.9989 -0.0461
vn -0.1753 -0.1858 -0.9668
vn -0.2959 0.4508 -0.8421
vn -0.1541 -0.5033 -0.8503
vn -0.2386 0.0745 -0.9683
vn -0.1245 -0.7162 -0.6867
vn -0.2284 0.2983 -0.9268
vn -0.0956 -0.8443 -0.5273
vn -0.0434 -0.1815 -0.9824
vn -0.0548 0.4538 -0.8894
vn -0.0378 -0.4943 -0.8685
vn -0.0504 0.0311 -0.9982
vn -0.0299 -0.7078 -0.7058
vn -0.0523 0.2936 -0.9545
vn -0.0219 -0.8384 -0.5445
vn -0.0466 -0.0732 -0.9962
vn -0.1412 -0.8033 -0.5786
vn -0.0435 0.0130 -0.9990
vn -0.0088 -0.9610 -0.2762
vn -0.0436 0.1537 -0.9871
vn -0.0587 -0.9766 -0.2070
vn -0.0444 0.0171 -0.9989
vn -0.0342 0.5987 -0.8003
vn -0.0121 -0.9990 -0.0427
vn 0.0342 0.5987 0.8003
vn 0.0121 -0.9990 0.0427
vn 0.0434 -0.1815 0.9824
vn 0.0380 0.4573 0.8885
vn 0.0378 -0.4943 0.8685
vn 0.0615 0.0260 0.9978
vn 0.0299 -0.7078 0.7058
vn 0.0481 0.2953 0.9542
vn 0.0219 -0.8384 0.5445
vn 0.0545 -0.0783 0.9954
vn 0.1412 -0.8033 0.5787
vn 0.0468 0.0095 0.9989
vn 0.0505 -0.9770 0.2071
vn 0.0430 0.1545 0.9871
vn 0.0587 -0.9766 0.2070
vn 0.0441 0.0172 0.9989
vn 0.2389 -0.0561 0.9694
vn 0.0701 -0.9195 0.3868
vn 0.1967 0.0260 0.9801
vn 0.0478 -0.9634 0.2639
vn 0.1761 0.1581 0.9716
vn 0.0278 -0.9877 0.1536
vn 0.1783 0.0176 0.9838
vn 0.1036 -0.5655 -0.8182
vn 0.0083 -0.9989 0.0461
vn 0.1753 -0.1858 0.9668
vn 0.2959 0.4508 0.8421
vn 0.1541 -0.5033 0.8503
vn 0.3309 0.0603 0.9417
vn 0.1245 -0.7162 0.6867
vn 0.2284 0.2983 0.9267
vn 0.0956 -0.8443 0.5273
vn 0.2984 -0.1948 0.9343
vn 0.4381 0.5544 0.7076
vn 0.2595 -0.5218 0.8126
vn 0.5218 0.1322 0.8428
vn 0.2069 -0.7331 0.6479
vn 0.3793 0.3051 0.8735
vn 0.1573 -0.8559 0.4926
vn 0.3983 -0.0055 0.9172
vn 0.1147 -0.9262 0.3591
vn 0.3327 0.0643 0.9408
vn 0.0779 -0.9666 0.2441
vn 0.3000 0.1659 0.9394
vn 0.0453 -0.9889 0.1417
vn 0.3042 0.0185 0.9524
vn 1.0000 0.0015 0.0021
vn 0.0129 -0.9991 0.0403
vn 0.1558 -0.9353 0.3178
vn 0.4735 0.1226 0.8722
vn 0.1054 -0.9709 0.2149
vn 0.4333 0.1780 0.8835
vn 0.0610 -0.9904 0.1244
vn 0.4402 0.0199 0.8977
vn -0.8989 0.0352 0.4367
vn 0.0166 -0.9993 0.0337
vn 0.4306 -0.2089 0.8780
vn -0.6709 0.0322 0.7409
vn 0.3678 -0.5496 0.7501
vn 0.6714 0.2243 0.7063
vn 0.2876 -0.7572 0.5865
vn 0.5265 0.3147 0.7898
vn 0.2157 -0.8718 0.4398
vn 0.5534 0.0691 0.8300
vn 0.4626 0.5477 0.6971
vn 0.4773 -0.5852 0.6555
vn 0.4929 0.2109 0.8442
vn 0.3638 -0.7861 0.4997
vn 0.6650 0.3262 0.6718
vn 0.2683 -0.8901 0.3685
vn 0.6947 0.1581 0.7018
vn 0.1919 -0.9453 0.2636
vn 0.6154 0.1966 0.7634
vn 0.1290 -0.9757 0.1772
vn 0.5773 0.1947 0.7930
vn 0.0744 -0.9920 0.1022
vn 0.5885 0.0219 0.8082
vn 0.4822 0.4894 0.7266
vn 0.0194 -0.9995 0.0267
vn 0.5731 -0.2282 0.7871
vn 0.7475 0.2766 0.6039
vn 0.1479 -0.9801 0.1323
vn 0.7279 0.2151 0.6511
vn 0.0851 -0.9935 0.0761
vn 0.7451 0.0242 0.6665
vn 0.6204 0.4942 0.6089
vn 0.0216 -0.9996 0.0193
vn 0.7213 -0.2517 0.6452
vn 0.5679 0.6057 0.5574
vn 0.5817 -0.6252 0.5203
vn 0.7016 0.1835 0.6886
vn 0.4309 -0.8160 0.3854
vn 0.7862 0.3380 0.5173
vn 0.3123 -0.9080 0.2793
vn 0.8095 0.2468 0.5326
vn 0.2212 -0.9549 0.1979
vn 0.6683 -0.6620 0.3393
vn 0.6281 0.6950 0.3498
vn 0.4820 -0.8413 0.2447
vn 0.8959 -0.2922 0.3345
vn 0.3442 -0.9225 0.1748
vn 0.8878 0.3192 0.3315
vn 0.2419 -0.9625 0.1228
vn 0.8522 0.3478 0.3908
vn 0.1610 -0.9836 0.0817
vn 0.8665 0.2360 0.4399
vn 0.0924 -0.9946 0.0469
vn 0.8914 0.0267 0.4525
vn 0.7525 0.5080 0.4191
vn 0.0230 -0.9997 0.0117
vn 0.8571 -0.2756 0.4351
vn 0.6628 0.6515 0.3692
vn 0.1678 -0.9854 0.0277
vn 0.9553 0.2502 0.1575
vn 0.0962 -0.9952 0.0158
vn 0.9863 0.0284 0.1626
vn 0.8400 0.5209 0.1519
vn 0.0237 -0.9997 0.0039
vn 0.9437 -0.2918 0.1556
vn 0.7206 0.6810 0.1303
vn 0.7190 -0.6848 0.1185
vn 0.6454 0.7549 0.1167
vn 0.5101 -0.8560 0.0841
vn 0.9127 -0.3933 0.1107
vn 0.3612 -0.9306 0.0595
vn 0.9252 0.3624 0.1122
vn 0.2527 -0.9667 0.0416
vn 0.9096 0.3928 0.1354
vn 0.5101 -0.8560 -0.0841
vn 0.8842 -0.4077 -0.2280
vn 0.3612 -0.9306 -0.0595
vn 0.9193 0.3689 -0.1369
vn 0.2527 -0.9667 -0.0416
vn 0.9051 0.3982 -0.1492
vn 0.1678 -0.9854 -0.0277
vn 0.9553 0.2502 -0.1575
vn 0.0962 -0.9952 -0.0158
vn 0.9863 0.0284 -0.1626
vn 0.8400 0.5209 -0.1519
vn 0.0237 -0.9997 -0.0039
vn 0.9437 -0.2918 -0.1556
vn 0.7206 0.6810 -0.1303
vn 0.7190 -0.6848 -0.1185
vn 0.6342 0.7557 -0.1635
vn 0.0924 -0.9946 -0.0469
vn 0.8914 0.0267 -0.4525
vn 0.7525 0.5080 -0.4191
vn 0.0230 -0.9997 -0.0117
vn 0.8571 -0.2756 -0.4351
vn 0.6628 0.6515 -0.3692
vn 0.6683 -0.6620 -0.3393
vn 0.5767 0.6764 -0.4580
vn 0.4820 -0.8413 -0.2447
vn 0.7489 -0.2923 -0.5948
vn 0.3442 -0.9225 -0.1748
vn 0.8576 0.3315 -0.3932
vn 0.2419 -0.9625 -0.1228
vn 0.8320 0.3598 -0.4223
vn 0.1610 -0.9836 -0.0817
vn 0.8665 0.2360 -0.4399
vn 0.2244 0.0322 -0.9740
vn 0.3123 -0.9080 -0.2793
vn 0.7511 0.2602 -0.6068
vn 0.2212 -0.9549 -0.1979
vn 0.7128 0.2921 -0.6376
vn 0.1479 -0.9801 -0.1323
vn 0.7279 0.2151 -0.6511
vn 0.0851 -0.9935 -0.0761
vn 0.7451 0.0242 -0.6665
vn 0.6204 0.4942 -0.6089
vn 0.0216 -0.9996 -0.0193
vn 0.7213 -0.2517 -0.6452
vn 0.5679 0.6057 -0.5574
vn 0.5817 -0.6252 -0.5203
vn 0.2175 0.2489 -0.9438
vn 0.4309 -0.8160 -0.3854
vn 0.5885 0.0219 -0.8082
vn 0.4822 0.4894 -0.7266
vn 0.0194 -0.9995 -0.0267
vn 0.5731 -0.2282 -0.7871
vn 0.4241 0.5410 -0.7263
vn 0.4773 -0.5852 -0.6555
vn 0.6919 0.1812 -0.6989
vn 0.3638 -0.7861 -0.4997
vn 0.6650 0.3262 -0.6718
vn 0.2683 -0.8901 -0.3685
vn 0.6182 0.1727 -0.7668
vn 0.1919 -0.9453 -0.2636
vn 0.5749 0.2145 -0.7896
vn 0.1290 -0.9757 -0.1772
vn 0.5774 0.1947 -0.7929
vn 0.0744 -0.9920 -0.1022
vn 0.2157 -0.8718 -0.4398
vn 0.4754 0.0862 -0.8756
vn 0.1558 -0.9353 -0.3178
vn 0.4359 0.1416 -0.8888
vn 0.1054 -0.9709 -0.2149
vn 0.4333 0.1780 -0.8835
vn 0.0610 -0.9904 -0.1244
vn 0.4402 0.0199 -0.8977
vn -0.8989 0.0352 -0.4367
vn 0.0166 -0.9993 -0.0337
vn 0.4306 -0.2089 -0.8781
vn 0.5640 0.5744 -0.5933
vn 0.3678 -0.5496 -0.7501
vn 0.5400 0.2289 -0.8099
vn 0.2876 -0.7572 -0.5865
vn 0.5265 0.3147 -0.7898
vn 0.9902 0.0129 -0.1392
vn 0.0129 -0.9991 -0.0403
vn 0.2984 -0.1948 -0.9343
vn -0.5168 0.1903 0.8347
vn 0.2595 -0.5219 -0.8126
vn 0.3942 0.1424 -0.9079
vn 0.2069 -0.7331 -0.6479
vn 0.3793 0.3051 -0.8735
vn 0.1573 -0.8559 -0.4926
vn 0.3334 0.0127 -0.9427
vn 0.1147 -0.9262 -0.3591
vn 0.3032 0.0816 -0.9494
vn 0.0779 -0.9666 -0.2441
vn 0.3000 0.1659 -0.9394
vn 0.0453 -0.9889 -0.1417
vn 0.3042 0.0185 -0.9524
vn 0.1966 -0.0410 -0.9796
vn 0.0701 -0.9195 -0.3868
vn 0.1782 0.0386 -0.9832
vn 0.0478 -0.9634 -0.2639
vn 0.1761 0.1581 -0.9716
vn 0.0278 -0.9877 -0.1536
vn 0.1783 0.0176 -0.9838
vn 0.8848 -0.0429 0.4640
vn 0.0083 -0.9989 -0.0461
vn 0.1753 -0.1858 -0.9668
vn 0.8250 -0.0391 0.5638
vn 0.1541 -0.5032 -0.8503
vn 0.2386 0.0745 -0.9683
vn 0.1245 -0.7162 -0.6867
vn 0.2284 0.2983 -0.9268
vn 0.0956 -0.8443 -0.5273
vn 0.0436 -0.1807 -0.9826
vn 0.0548 0.4538 -0.8894
vn 0.0384 -0.4925 -0.8695
vn 0.0504 0.0311 -0.9982
vn 0.0308 -0.7060 -0.7076
vn 0.0523 0.2936 -0.9545
vn 0.0231 -0.8371 -0.5466
vn 0.0466 -0.0732 -0.9962
vn 0.0162 -0.9152 -0.4028
vn 0.0435 0.0130 -0.9990
vn 0.0088 -0.9610 -0.2762
vn 0.0436 0.1537 -0.9871
vn 0.0051 -0.9869 -0.1610
vn 0.0444 0.0171 -0.9989
vn 0.0342 0.5987 -0.8003
vn 0.0121 -0.9990 -0.0427
vn 0.0321 -0.1689 -0.9851
vn -0.1029 -0.3031 -0.9474
vn -0.2301 -0.4296 -0.8732
vn -0.3446 -0.5434 -0.7655
vn -0.4421 -0.6402 -0.6283
vn -0.5186 -0.7163 -0.4669
vn -0.5713 -0.7687 -0.2875
vn -0.5982 -0.7954 -0.0971
vn -0.5982 -0.7954 0.0971
vn -0.5713 -0.7687 0.2875
vn -0.5186 -0.7163 0.4669
vn -0.4421 -0.6402 0.6283
vn -0.3446 -0.5434 0.7655
vn -0.2301 -0.4296 0.8732
vn -0.1029 -0.3031 0.9474
vn 0.0321 -0.1689 0.9851
vn 0.1698 -0.0321 0.9850
vn 0.3047 0.1020 0.9470
vn 0.4318 0.2283 0.8726
vn 0.5461 0.3419 0.7648
vn 0.6433 0.4385 0.6276
vn 0.7197 0.5144 0.4663
vn 0.7723 0.5667 0.2871
vn 0.7991 0.5934 0.0970
vn 0.7991 0.5934 -0.0970
vn 0.7723 0.5667 -0.2871
vn 0.7197 0.5144 -0.4663
vn 0.6433 0.4385 -0.6276
vn 0.5461 0.3419 -0.7648
vn 0.4318 0.2283 -0.8726
vn -0.7086 0.7057 -0.0000
vn 0.3047 0.1020 -0.9470
vn 0.1698 -0.0321 -0.9850
vn -0.0486 -0.1649 -0.9851
vn -0.2300 -0.2226 -0.9474
vn -0.4010 -0.2770 -0.8732
vn -0.5548 -0.3259 -0.7655
vn -0.6857 -0.3675 -0.6283
vn -0.7886 -0.4002 -0.4669
vn -0.8594 -0.4227 -0.2875
vn -0.8956 -0.4342 -0.0971
vn -0.8956 -0.4342 0.0971
vn -0.8594 -0.4227 0.2875
vn -0.7886 -0.4002 0.4669
vn -0.6857 -0.3675 0.6283
vn -0.5548 -0.3259 0.7655
vn -0.4010 -0.2770 0.8732
vn -0.2300 -0.2226 0.9474
vn -0.0486 -0.1649 0.9851
vn 0.1363 -0.1061 0.9850
vn 0.3176 -0.0485 0.9470
vn 0.4884 0.0058 0.8726
vn 0.6420 0.0546 0.7648
vn 0.7726 0.0962 0.6276
vn 0.8752 0.1288 0.4663
vn 0.9459 0.1513 0.2871
vn 0.9819 0.1627 0.0970
vn 0.9819 0.1627 -0.0970
vn 0.9459 0.1513 -0.2871
vn 0.8752 0.1288 -0.4663
vn 0.7726 0.0962 -0.6276
vn 0.6420 0.0546 -0.7648
vn 0.4884 0.0058 -0.8726
vn -0.3079 0.9514 -0.0000
vn 0.3176 -0.0485 -0.9470
vn 0.1363 -0.1061 -0.9850
vn -0.1559 -0.0725 -0.9851
vn -0.3191 0.0255 -0.9474
vn -0.4728 0.1179 -0.8732
vn -0.6112 0.2011 -0.7655
vn -0.7290 0.2718 -0.6283
vn -0.8215 0.3274 -0.4669
vn -0.8852 0.3657 -0.2875
vn -0.9177 0.3852 -0.0971
vn -0.9177 0.3852 0.0971
vn -0.8852 0.3657 0.2875
vn -0.8215 0.3274 0.4669
vn -0.7290 0.2718 0.6283
vn -0.6112 0.2011 0.7655
vn -0.4728 0.1179 0.8732
vn -0.3191 0.0255 0.9474
vn -0.1559 -0.0725 0.9851
vn 0.0104 -0.1725 0.9850
vn 0.1735 -0.2704 0.9470
vn 0.3271 -0.3627 0.8726
vn 0.4652 -0.4457 0.7648
vn 0.5827 -0.5163 0.6275
vn 0.6750 -0.5718 0.4663
vn 0.7386 -0.6100 0.2871
vn 0.7710 -0.6294 0.0970
vn 0.7710 -0.6294 -0.0970
vn 0.7386 -0.6100 -0.2871
vn 0.6750 -0.5718 -0.4663
vn 0.5827 -0.5163 -0.6275
vn 0.4652 -0.4457 -0.7648
vn 0.3271 -0.3627 -0.8726
vn 0.5106 0.8598 -0.0000
vn 0.1735 -0.2704 -0.9470
vn 0.0104 -0.1725 -0.9850
vn -0.1297 -0.1129 -0.9851
vn -0.3136 -0.0641 -0.9474
vn -0.4870 -0.0180 -0.8732
vn -0.6430 0.0234 -0.7655
vn -0.7758 0.0587 -0.6283
vn -0.8801 0.0864 -0.4669
vn -0.9519 0.1055 -0.2875
vn -0.9886 0.1152 -0.0971
vn -0.9886 0.1152 0.0971
vn -0.9519 0.1055 0.2875
vn -0.8801 0.0864 0.4669
vn -0.7758 0.0587 0.6283
vn -0.6430 0.0234 0.7655
vn -0.4870 -0.0180 0.8732
vn -0.3136 -0.0641 0.9474
vn -0.1297 -0.1129 0.9851
vn 0.0579 -0.1628 0.9850
vn 0.2418 -0.2116 0.9470
vn 0.4149 -0.2576 0.8726
vn 0.5707 -0.2990 0.7648
vn 0.7032 -0.3342 0.6276
vn 0.8073 -0.3618 0.4663
vn 0.8789 -0.3808 0.2871
vn 0.9155 -0.3905 0.0969
vn 0.9155 -0.3905 -0.0969
vn 0.8789 -0.3808 -0.2871
vn 0.8073 -0.3618 -0.4663
vn 0.7032 -0.3342 -0.6276
vn 0.5707 -0.2990 -0.7648
vn 0.4149 -0.2576 -0.8726
vn 0.2518 0.9678 -0.0000
vn 0.2418 -0.2116 -0.9470
vn 0.0579 -0.1628 -0.9850
vn -0.0436 -0.1807 0.9826
vn -0.0380 0.4573 0.8885
vn -0.0384 -0.4925 0.8695
vn -0.0615 0.0260 0.9978
vn -0.0308 -0.7060 0.7076
vn -0.0481 0.2953 0.9542
vn -0.0231 -0.8371 0.5466
vn -0.0545 -0.0783 0.9954
vn -0.0162 -0.9152 0.4028
vn -0.0468 0.0095 0.9989
vn -0.0505 -0.9770 0.2071
vn -0.0430 0.1545 0.9871
vn -0.0051 -0.9869 0.1610
vn -0.0441 0.0172 0.9989
vn -0.2389 -0.0561 0.9694
vn -0.1967 0.0260 0.9801
vn -0.1162 -0.3788 -0.9181
vn -0.1541 -0.5032 0.8503
vn -0.3309 0.0603 0.9417
vn -0.2284 0.2983 0.9267
vn -0.5122 0.0099 -0.8588
vn -0.2595 -0.5219 0.8126
vn -0.5218 0.1322 0.8428
vn -0.3983 -0.0055 0.9172
vn -0.3327 0.0643 0.9408
vn -0.4735 0.1226 0.8722
vn 0.6709 0.0322 0.7409
vn -0.6714 0.2243 0.7063
vn -0.5534 0.0691 0.8300
vn -0.4626 0.5477 0.6971
vn -0.4929 0.2109 0.8442
vn -0.6947 0.1581 0.7018
vn -0.6154 0.1966 0.7634
vn -0.5885 0.0219 0.8082
vn -0.5731 -0.2281 0.7871
vn -0.7475 0.2766 0.6039
vn -0.7016 0.1835 0.6886
vn -0.2244 0.0322 0.9740
vn -0.8095 0.2468 0.5326
vn -0.6281 0.6950 0.3498
vn -0.7489 -0.2923 0.5948
vn -0.8878 0.3192 0.3315
vn -0.8522 0.3478 0.3908
vn -0.9437 -0.2918 0.1555
vn -0.6454 0.7549 0.1167
vn -0.8842 -0.4077 0.2280
vn -0.9252 0.3624 0.1122
vn -0.9096 0.3928 0.1354
vn -0.8842 -0.4077 -0.2280
vn -0.9252 0.3624 -0.1122
vn -0.9096 0.3928 -0.1354
vn -0.9437 -0.2918 -0.1556
vn -0.6454 0.7549 -0.1167
vn -0.6281 0.6950 -0.3498
vn -0.7489 -0.2923 -0.5948
vn -0.8878 0.3192 -0.3315
vn -0.8522 0.3478 -0.3908
vn -0.2244 0.0322 -0.9740
vn -0.8095 0.2468 -0.5326
vn -0.7475 0.2766 -0.6039
vn -0.7016 0.1835 -0.6886
vn -0.5885 0.0218 -0.8082
vn -0.5731 -0.2282 -0.7871
vn -0.4626 0.5477 -0.6971
vn -0.4929 0.2109 -0.8442
vn -0.6947 0.1581 -0.7018
vn -0.6153 0.1966 -0.7634
vn -0.5774 0.1947 -0.7930
vn -0.5534 0.0691 -0.8300
vn -0.4735 0.1226 -0.8722
vn 0.6709 0.0322 -0.7409
vn -0.6714 0.2243 -0.7063
vn 0.9788 0.1519 0.1376
vn -0.2595 -0.5219 -0.8126
vn -0.5218 0.1322 -0.8428
vn -0.3983 -0.0055 -0.9172
vn -0.3327 0.0643 -0.9408
vn -0.2389 -0.0561 -0.9694
vn -0.1967 0.0260 -0.9801
vn -0.8250 -0.0391 0.5638
vn -0.1541 -0.5032 -0.8503
vn -0.3309 0.0603 -0.9417
vn -0.2284 0.2983 -0.9267
vn -0.0436 -0.1807 -0.9826
vn -0.0380 0.4573 -0.8885
vn -0.0384 -0.4925 -0.8695
vn -0.0615 0.0260 -0.9978
vn -0.0308 -0.7060 -0.7076
vn -0.0481 0.2953 -0.9542
vn -0.0231 -0.8371 -0.5466
vn -0.0545 -0.0783 -0.9954
vn -0.0162 -0.9152 -0.4028
vn -0.0468 0.0095 -0.9989
vn -0.0505 -0.9770 -0.2071
vn -0.0430 0.1545 -0.9871
vn -0.0051 -0.9869 -0.1610
vn -0.0441 0.0172 -0.9989
vn 0.0436 -0.1807 0.9826
vn 0.0548 0.4538 0.8894
vn 0.0384 -0.4925 0.8695
vn 0.0504 0.0311 0.9982
vn 0.0308 -0.7060 0.7076
vn 0.0523 0.2936 0.9545
vn 0.0231 -0.8371 0.5466
vn 0.0466 -0.0732 0.9962
vn 0.0162 -0.9152 0.4028
vn 0.0435 0.0130 0.9990
vn 0.0088 -0.9610 0.2762
vn 0.0436 0.1537 0.9871
vn 0.0051 -0.9869 0.1610
vn 0.0443 0.0171 0.9989
vn 0.1966 -0.0410 0.9796
vn 0.1782 0.0386 0.9832
vn 0.1162 -0.3788 -0.9181
vn 0.1541 -0.5032 0.8503
vn 0.2386 0.0745 0.9683
vn 0.2284 0.2983 0.9268
vn 0.5122 0.0099 -0.8588
vn 0.2595 -0.5219 0.8126
vn 0.3942 0.1424 0.9079
vn 0.3334 0.0127 0.9427
vn 0.3032 0.0816 0.9494
vn 0.4359 0.1416 0.8888
vn 0.5640 0.5744 0.5933
vn 0.5400 0.2289 0.8099
vn 0.4754 0.0862 0.8756
vn 0.4241 0.5410 0.7263
vn 0.6919 0.1812 0.6989
vn 0.6182 0.1727 0.7668
vn 0.5749 0.2145 0.7896
vn 0.5885 0.0218 0.8082
vn 0.5731 -0.2281 0.7871
vn 0.7128 0.2921 0.6376
vn 0.2175 0.2489 0.9438
vn 0.2244 0.0322 0.9740
vn 0.7511 0.2602 0.6068
vn 0.5767 0.6764 0.4580
vn 0.7489 -0.2923 0.5948
vn 0.8576 0.3315 0.3932
vn 0.8320 0.3598 0.4223
vn 0.9437 -0.2918 0.1555
vn 0.6342 0.7557 0.1635
vn 0.8842 -0.4077 0.2280
vn 0.9193 0.3689 0.1369
vn 0.9051 0.3982 0.1492
vn 0.9127 -0.3933 -0.1107
vn 0.9252 0.3624 -0.1122
vn 0.9096 0.3928 -0.1354
vn 0.9437 -0.2918 -0.1555
vn 0.6454 0.7549 -0.1167
vn 0.6281 0.6950 -0.3498
vn 0.8959 -0.2922 -0.3345
vn 0.8878 0.3192 -0.3315
vn 0.8522 0.3478 -0.3908
vn 0.7862 0.3380 -0.5173
vn 0.8095 0.2468 -0.5326
vn 0.7475 0.2766 -0.6039
vn 0.7016 0.1835 -0.6886
vn 0.5885 0.0218 -0.8082
vn 0.5731 -0.2281 -0.7871
vn 0.4626 0.5477 -0.6971
vn 0.4929 0.2109 -0.8442
vn 0.6947 0.1581 -0.7018
vn 0.6153 0.1966 -0.7634
vn 0.5774 0.1947 -0.7930
vn 0.5534 0.0691 -0.8300
vn 0.4735 0.1226 -0.8722
vn -0.6709 0.0322 -0.7409
vn 0.6714 0.2243 -0.7063
vn -0.9788 0.1519 0.1376
vn 0.2595 -0.5218 -0.8126
vn 0.5218 0.1322 -0.8428
vn 0.3983 -0.0055 -0.9172
vn 0.3327 0.0643 -0.9408
vn 0.2389 -0.0561 -0.9694
vn 0.1967 0.0260 -0.9801
vn 0.2959 0.4508 -0.8421
vn 0.1541 -0.5033 -0.8503
vn 0.3309 0.0603 -0.9417
vn 0.2284 0.2983 -0.9267
vn 0.0434 -0.1815 -0.9824
vn 0.0380 0.4573 -0.8885
vn 0.0378 -0.4943 -0.8685
vn 0.0615 0.0260 -0.9978
vn 0.0299 -0.7078 -0.7058
vn 0.0481 0.2953 -0.9542
vn 0.0219 -0.8384 -0.5445
vn 0.0545 -0.0783 -0.9954
vn 0.1412 -0.8033 -0.5786
vn 0.0468 0.0095 -0.9989
vn 0.0505 -0.9770 -0.2071
vn 0.0430 0.1545 -0.9871
vn 0.0587 -0.9766 -0.2070
vn 0.0441 0.0172 -0.9989
vn -0.7086 0.7057 0.0002
vn -0.7085 0.7057 -0.0000
vn -0.7086 0.7056 -0.0000
vn -0.7087 0.7055 -0.0000
vn -0.7084 0.7058 -0.0001
vn -0.7085 0.7057 -0.0001
vn -0.7086 0.7057 -0.0002
vn -0.7086 0.7056 -0.0001
vn -0.7086 0.7056 0.0001
vn -0.3079 0.9514 0.0001
vn -0.3078 0.9514 -0.0000
vn -0.3079 0.9514 -0.0001
vn -0.3078 0.9515 -0.0000
vn 0.5106 0.8598 -0.0002
vn 0.5106 0.8598 -0.0001
vn 0.5108 0.8597 0.0001
vn 0.5107 0.8598 0.0001
vn 0.5105 0.8599 -0.0000
vn 0.5107 0.8597 -0.0000
vn 0.5108 0.8597 -0.0001
vn 0.5106 0.8598 0.0001
vn 0.5106 0.8598 0.0002
vn 0.5104 0.8599 -0.0001
vn 0.5107 0.8598 -0.0000
vn 0.5104 0.8599 0.0001
vn 0.2518 0.9678 0.0002
vn 0.2518 0.9678 -0.0001
vn 0.2517 0.9678 -0.0000
vn 0.2516 0.9678 -0.0000
vn 0.2518 0.9678 0.0001
vn 0.2518 0.9678 -0.0002
vn 0.2517 0.9678 -0.0001
vn 0.2517 0.9678 0.0001
vt 0.457087 0.600340
vt 0.520175 0.633368
vt 0.448590 0.616669
vt 0.342062 0.540120
vt 0.342497 0.540348
vt 0.342249 0.540610
vt 0.344463 0.541377
vt 0.343659 0.542102
vt 0.344224 0.541252
vt 0.397751 0.569275
vt 0.390400 0.581662
vt 0.343467 0.541909
vt 0.343977 0.541123
vt 0.374123 0.556905
vt 0.368392 0.564875
vt 0.343262 0.541690
vt 0.343710 0.540983
vt 0.358979 0.548977
vt 0.356055 0.553070
vt 0.343037 0.541447
vt 0.343417 0.540830
vt 0.353089 0.545894
vt 0.350929 0.548887
vt 0.342793 0.541182
vt 0.343200 0.540716
vt 0.350381 0.544476
vt 0.348587 0.546911
vt 0.342764 0.540488
vt 0.342527 0.540901
vt 0.348277 0.543374
vt 0.346865 0.545301
vt 0.343853 0.542277
vt 0.353468 0.555351
vt 0.348896 0.550552
vt 0.342556 0.541463
vt 0.346891 0.548232
vt 0.342371 0.541096
vt 0.345566 0.546323
vt 0.342171 0.540710
vt 0.343284 0.542824
vt 0.447807 0.635823
vt 0.343140 0.542617
vt 0.385527 0.588638
vt 0.343008 0.542383
vt 0.363985 0.568600
vt 0.342872 0.542113
vt 0.342723 0.541805
vt 0.342593 0.542992
vt 0.378551 0.594402
vt 0.342522 0.542738
vt 0.359603 0.571173
vt 0.342457 0.542439
vt 0.350588 0.557123
vt 0.342385 0.542089
vt 0.346661 0.551683
vt 0.342300 0.541693
vt 0.345066 0.549064
vt 0.342200 0.541258
vt 0.344175 0.546978
vt 0.342085 0.540794
vt 0.342685 0.543213
vt 0.432050 0.711115
vt 0.399470 0.628426
vt 0.342039 0.541865
vt 0.344400 0.552291
vt 0.343292 0.549439
vt 0.342022 0.541383
vt 0.342830 0.547290
vt 0.341995 0.540860
vt 0.342108 0.543451
vt 0.387401 0.652607
vt 0.342064 0.543229
vt 0.369658 0.596514
vt 0.342048 0.542974
vt 0.354805 0.573140
vt 0.342046 0.542665
vt 0.347515 0.558412
vt 0.342045 0.542296
vt 0.380379 0.655997
vt 0.355608 0.597400
vt 0.341613 0.543102
vt 0.350149 0.574139
vt 0.341661 0.542798
vt 0.344309 0.559280
vt 0.341720 0.542424
vt 0.342251 0.552445
vt 0.341783 0.541977
vt 0.341697 0.549457
vt 0.341844 0.541466
vt 0.341623 0.547336
vt 0.341904 0.540904
vt 0.341587 0.543559
vt 0.341584 0.543347
vt 0.340325 0.552261
vt 0.340329 0.549246
vt 0.341674 0.541506
vt 0.340583 0.547205
vt 0.341816 0.540926
vt 0.341137 0.543568
vt 0.373781 0.659626
vt 0.341169 0.543371
vt 0.345101 0.598072
vt 0.341230 0.543141
vt 0.337183 0.571237
vt 0.341316 0.542848
vt 0.340909 0.559870
vt 0.341421 0.542479
vt 0.341542 0.542029
vt 0.340899 0.543106
vt 0.336955 0.598228
vt 0.334122 0.570722
vt 0.341010 0.542825
vt 0.337592 0.559439
vt 0.341151 0.542465
vt 0.338579 0.551860
vt 0.341321 0.542022
vt 0.339154 0.548913
vt 0.341517 0.541503
vt 0.339691 0.546969
vt 0.341733 0.540926
vt 0.340757 0.543503
vt 0.367940 0.663645
vt 0.340816 0.543322
vt 0.341376 0.541458
vt 0.338093 0.548509
vt 0.338891 0.546658
vt 0.341659 0.540902
vt 0.340432 0.543380
vt 0.362576 0.668576
vt 0.340511 0.543214
vt 0.329223 0.599226
vt 0.340610 0.543008
vt 0.331612 0.570288
vt 0.340742 0.542736
vt 0.334350 0.558694
vt 0.340913 0.542387
vt 0.336961 0.551315
vt 0.341125 0.541959
vt 0.340353 0.542842
vt 0.340506 0.542579
vt 0.328962 0.569916
vt 0.331131 0.557529
vt 0.340706 0.542245
vt 0.335367 0.550630
vt 0.340956 0.541840
vt 0.337048 0.548033
vt 0.341256 0.541372
vt 0.338116 0.546272
vt 0.341597 0.540856
vt 0.340130 0.543203
vt 0.357547 0.674720
vt 0.340235 0.543043
vt 0.320482 0.601243
vt 0.341160 0.541246
vt 0.341548 0.540789
vt 0.339838 0.542945
vt 0.352674 0.682871
vt 0.339974 0.542795
vt 0.308561 0.604776
vt 0.340119 0.542602
vt 0.325514 0.569424
vt 0.340299 0.542351
vt 0.327793 0.555905
vt 0.340530 0.542038
vt 0.333719 0.549712
vt 0.340817 0.541667
vt 0.335949 0.547408
vt 0.337321 0.545756
vt 0.306631 0.566473
vt 0.324958 0.552994
vt 0.340124 0.542042
vt 0.340390 0.541763
vt 0.332034 0.548434
vt 0.340713 0.541441
vt 0.334775 0.546523
vt 0.341092 0.541084
vt 0.336492 0.545040
vt 0.341514 0.540704
vt 0.339559 0.542581
vt 0.347512 0.693924
vt 0.339731 0.542448
vt 0.289331 0.608700
vt 0.339910 0.542271
vt 0.339315 0.542091
vt 0.342153 0.708870
vt 0.341498 0.540604
vt 0.339523 0.541987
vt 0.246501 0.612340
vt 0.339741 0.541839
vt 0.300082 0.562089
vt 0.339993 0.541648
vt 0.322444 0.549664
vt 0.340295 0.541421
vt 0.330389 0.546625
vt 0.340650 0.541165
vt 0.333588 0.545252
vt 0.341055 0.540890
vt 0.335674 0.544044
vt 0.339925 0.541172
vt 0.340256 0.541017
vt 0.329014 0.544233
vt 0.340634 0.540847
vt 0.332547 0.543504
vt 0.341051 0.540670
vt 0.334974 0.542716
vt 0.341499 0.540492
vt 0.339144 0.541467
vt 0.016564 0.980999
vt 0.339384 0.541404
vt 0.198397 0.609535
vt 0.339637 0.541304
vt 0.293945 0.555153
vt 0.320459 0.545735
vt 0.007687 0.992313
vt 0.341518 0.540372
vt 0.339090 0.540724
vt 0.339353 0.540716
vt 0.168821 0.572899
vt 0.339630 0.540681
vt 0.289391 0.545982
vt 0.339940 0.540628
vt 0.319265 0.541221
vt 0.340287 0.540565
vt 0.328171 0.541301
vt 0.340670 0.540499
vt 0.331884 0.541291
vt 0.341084 0.540434
vt 0.334547 0.541067
vt 0.328111 0.538015
vt 0.340396 0.540088
vt 0.340763 0.540134
vt 0.331827 0.538763
vt 0.341153 0.540190
vt 0.334546 0.539210
vt 0.341555 0.540250
vt 0.339198 0.539903
vt 0.007687 0.365064
vt 0.072336 0.428598
vt 0.339467 0.539960
vt 0.183296 0.532403
vt 0.339748 0.540005
vt 0.287497 0.534899
vt 0.340056 0.540046
vt 0.319131 0.536309
vt 0.339599 0.538831
vt 0.339850 0.538962
vt 0.215182 0.473695
vt 0.340109 0.539098
vt 0.292489 0.514167
vt 0.340388 0.539244
vt 0.321249 0.529224
vt 0.340691 0.539403
vt 0.329507 0.533548
vt 0.340914 0.539519
vt 0.332892 0.535319
vt 0.341358 0.539752
vt 0.335371 0.536618
vt 0.341628 0.539893
vt 0.085490 0.405796
vt 0.465666 0.584053
vt 0.342571 0.539995
vt 0.344600 0.540303
vt 0.344332 0.540256
vt 0.403742 0.556176
vt 0.344036 0.540212
vt 0.377408 0.547654
vt 0.343708 0.540166
vt 0.360676 0.544242
vt 0.343351 0.540116
vt 0.354319 0.542413
vt 0.351361 0.541613
vt 0.349057 0.541116
vt 0.361077 0.540816
vt 0.343447 0.539761
vt 0.354528 0.539793
vt 0.343039 0.539818
vt 0.342968 0.540058
vt 0.351479 0.539468
vt 0.342609 0.539874
vt 0.344855 0.540363
vt 0.349156 0.539466
vt 0.480960 0.572497
vt 0.344728 0.539583
vt 0.406699 0.548197
vt 0.344461 0.539608
vt 0.344161 0.539651
vt 0.377958 0.541911
vt 0.343823 0.539703
vt 0.344724 0.538920
vt 0.344980 0.539584
vt 0.407461 0.539180
vt 0.344476 0.539007
vt 0.344192 0.539124
vt 0.377576 0.536843
vt 0.343864 0.539264
vt 0.360893 0.537440
vt 0.343490 0.539420
vt 0.354184 0.537312
vt 0.343075 0.539585
vt 0.351124 0.537494
vt 0.342629 0.539756
vt 0.348901 0.537950
vt 0.447342 0.536986
vt 0.533859 0.516650
vt 0.343483 0.539107
vt 0.353396 0.535107
vt 0.343076 0.539368
vt 0.350421 0.535822
vt 0.342632 0.539644
vt 0.344959 0.538871
vt 0.348392 0.536667
vt 0.460337 0.513291
vt 0.344618 0.538350
vt 0.344399 0.538483
vt 0.404131 0.530669
vt 0.344144 0.538657
vt 0.376458 0.531779
vt 0.343840 0.538867
vt 0.360201 0.534180
vt 0.459123 0.505589
vt 0.344257 0.538052
vt 0.396854 0.518617
vt 0.344034 0.538265
vt 0.374627 0.527384
vt 0.343760 0.538527
vt 0.359088 0.531051
vt 0.343429 0.538833
vt 0.352299 0.533253
vt 0.343044 0.539175
vt 0.349527 0.534501
vt 0.342616 0.539544
vt 0.344825 0.538261
vt 0.347741 0.535648
vt 0.344442 0.537889
vt 0.351050 0.531775
vt 0.342980 0.539012
vt 0.348574 0.533496
vt 0.342584 0.539459
vt 0.344618 0.537770
vt 0.347042 0.534868
vt 0.458346 0.498099
vt 0.344224 0.537535
vt 0.344070 0.537716
vt 0.391419 0.509600
vt 0.343878 0.537953
vt 0.357636 0.527920
vt 0.343635 0.538250
vt 0.343334 0.538605
vt 0.343854 0.537463
vt 0.364854 0.518382
vt 0.386906 0.502816
vt 0.343686 0.537715
vt 0.355392 0.525440
vt 0.343470 0.538036
vt 0.343203 0.538428
vt 0.349725 0.530569
vt 0.342888 0.538884
vt 0.347631 0.532721
vt 0.342536 0.539391
vt 0.344369 0.537396
vt 0.346339 0.534270
vt 0.458320 0.491008
vt 0.343983 0.537272
vt 0.342771 0.538795
vt 0.346695 0.532078
vt 0.342475 0.539344
vt 0.344098 0.537121
vt 0.345628 0.533790
vt 0.459317 0.483791
vt 0.343721 0.537083
vt 0.343608 0.537282
vt 0.362687 0.516160
vt 0.383321 0.495894
vt 0.343460 0.537545
vt 0.352932 0.523200
vt 0.343270 0.537885
vt 0.343039 0.538303
vt 0.348356 0.529550
vt 0.343325 0.537165
vt 0.359085 0.512378
vt 0.360900 0.514345
vt 0.343196 0.537440
vt 0.346885 0.528630
vt 0.343036 0.537795
vt 0.345708 0.531491
vt 0.342845 0.538232
vt 0.344869 0.533373
vt 0.342631 0.538745
vt 0.343495 0.536776
vt 0.343812 0.536923
vt 0.461501 0.476158
vt 0.342401 0.539319
vt 0.379998 0.487561
vt 0.343423 0.536954
vt 0.342473 0.538738
vt 0.343116 0.536683
vt 0.465423 0.467508
vt 0.342319 0.539317
vt 0.376110 0.475750
vt 0.343070 0.536881
vt 0.356716 0.509825
vt 0.342994 0.537110
vt 0.350141 0.521219
vt 0.342891 0.537401
vt 0.345191 0.527799
vt 0.342765 0.537768
vt 0.344568 0.530944
vt 0.342624 0.538216
vt 0.343993 0.533013
vt 0.346904 0.519401
vt 0.343532 0.495988
vt 0.342537 0.537433
vt 0.343181 0.527143
vt 0.342460 0.537810
vt 0.343172 0.530484
vt 0.342379 0.538260
vt 0.342932 0.532740
vt 0.342301 0.538774
vt 0.342658 0.536661
vt 0.471566 0.456969
vt 0.342230 0.539338
vt 0.368378 0.457711
vt 0.342647 0.536878
vt 0.342603 0.537126
vt 0.342116 0.536740
vt 0.480795 0.444050
vt 0.342138 0.539381
vt 0.346967 0.420439
vt 0.342149 0.536971
vt 0.336198 0.493103
vt 0.342152 0.537233
vt 0.338728 0.518561
vt 0.342897 0.518729
vt 0.342139 0.537550
vt 0.340757 0.526821
vt 0.342124 0.537927
vt 0.341451 0.530232
vt 0.342116 0.538365
vt 0.341647 0.532635
vt 0.342120 0.538854
vt 0.341709 0.537764
vt 0.338008 0.527055
vt 0.341770 0.538125
vt 0.339421 0.530373
vt 0.341846 0.538532
vt 0.340157 0.532817
vt 0.341938 0.538976
vt 0.341506 0.536955
vt 0.518930 0.021428
vt 0.342046 0.539446
vt 0.317255 0.382504
vt 0.341592 0.537188
vt 0.327001 0.492012
vt 0.341653 0.537453
vt 0.334368 0.519168
vt 0.523170 0.007687
vt 0.341959 0.539530
vt 0.340865 0.537334
vt 0.270296 0.379072
vt 0.341008 0.537555
vt 0.316870 0.493495
vt 0.341137 0.537803
vt 0.329978 0.520758
vt 0.341270 0.538087
vt 0.335118 0.528032
vt 0.341416 0.538408
vt 0.337225 0.531089
vt 0.341580 0.538761
vt 0.338558 0.533405
vt 0.341762 0.539138
vt 0.332384 0.529855
vt 0.341086 0.538770
vt 0.335115 0.532482
vt 0.341333 0.539045
vt 0.337032 0.534462
vt 0.341602 0.539334
vt 0.340252 0.537891
vt 0.096734 0.381996
vt 0.341880 0.539630
vt 0.340452 0.538079
vt 0.306683 0.498253
vt 0.340649 0.538284
vt 0.325865 0.523446
vt 0.340858 0.538515
vt 0.245263 0.414040
vt 0.549232 0.238625
vt 0.623411 0.245958
vt 0.549294 0.253232
vt 0.552200 0.267536
vt 0.557833 0.280990
vt 0.565972 0.293083
vt 0.576303 0.303355
vt 0.588429 0.311419
vt 0.601888 0.316970
vt 0.616167 0.319799
vt 0.630723 0.319799
vt 0.645004 0.316970
vt 0.658466 0.311416
vt 0.670596 0.303347
vt 0.680931 0.293067
vt 0.689071 0.280964
vt 0.694701 0.267498
vt 0.697601 0.253181
vt 0.697652 0.238563
vt 0.694845 0.224206
vt 0.689284 0.210664
vt 0.681178 0.198463
vt 0.670836 0.188078
vt 0.658656 0.179914
vt 0.645110 0.174292
vt 0.630723 0.171430
vt 0.616054 0.171441
vt 0.601674 0.174324
vt 0.588140 0.179965
vt 0.575976 0.188142
vt 0.565653 0.198535
vt 0.557566 0.210738
vt 0.585398 0.788949
vt 0.550308 0.770194
vt 0.569064 0.735105
vt 0.552023 0.224276
vt 0.549232 0.402306
vt 0.623406 0.409695
vt 0.549283 0.416913
vt 0.552178 0.431219
vt 0.557801 0.444678
vt 0.565931 0.456777
vt 0.576254 0.467057
vt 0.588374 0.475130
vt 0.601828 0.480691
vt 0.616105 0.483531
vt 0.630661 0.483542
vt 0.644944 0.480723
vt 0.658411 0.475180
vt 0.670547 0.467121
vt 0.680889 0.456848
vt 0.689039 0.444751
vt 0.694679 0.431289
vt 0.697590 0.416975
vt 0.697652 0.402357
vt 0.694856 0.387998
vt 0.689305 0.374452
vt 0.681208 0.362245
vt 0.670874 0.351852
vt 0.658701 0.343679
vt 0.645159 0.338045
vt 0.630774 0.335173
vt 0.616105 0.335173
vt 0.601722 0.338045
vt 0.588184 0.343675
vt 0.576015 0.351843
vt 0.565684 0.362228
vt 0.557588 0.374425
vt 0.605229 0.836155
vt 0.574473 0.861396
vt 0.549232 0.830640
vt 0.552034 0.387959
vt 0.549283 0.089438
vt 0.623473 0.082215
vt 0.552182 0.103755
vt 0.557813 0.117221
vt 0.565953 0.129324
vt 0.576287 0.139604
vt 0.588418 0.147673
vt 0.601880 0.153227
vt 0.616161 0.156056
vt 0.630717 0.156056
vt 0.644996 0.153227
vt 0.658455 0.147676
vt 0.670581 0.139612
vt 0.680912 0.129340
vt 0.689051 0.117247
vt 0.694684 0.103793
vt 0.697590 0.089489
vt 0.697652 0.074882
vt 0.694860 0.060533
vt 0.689317 0.046995
vt 0.681231 0.034792
vt 0.670908 0.024399
vt 0.658744 0.016222
vt 0.645211 0.010581
vt 0.630830 0.007698
vt 0.616161 0.007687
vt 0.601774 0.010549
vt 0.588228 0.016171
vt 0.576048 0.024335
vt 0.565706 0.034720
vt 0.557600 0.046921
vt 0.552039 0.060463
vt 0.559383 0.926515
vt 0.555483 0.886920
vt 0.595079 0.883020
vt 0.549232 0.074820
vt 0.697652 0.580152
vt 0.623478 0.572763
vt 0.697601 0.565545
vt 0.694706 0.551239
vt 0.689083 0.537780
vt 0.680953 0.525681
vt 0.670630 0.515401
vt 0.658510 0.507328
vt 0.645055 0.501767
vt 0.630779 0.498927
vt 0.616222 0.498916
vt 0.601939 0.501734
vt 0.588473 0.507278
vt 0.576337 0.515337
vt 0.565995 0.525610
vt 0.557845 0.537707
vt 0.552204 0.551169
vt 0.549294 0.565483
vt 0.549232 0.580101
vt 0.552028 0.594460
vt 0.557579 0.608006
vt 0.565676 0.620213
vt 0.576010 0.630606
vt 0.588183 0.638779
vt 0.601725 0.644412
vt 0.616110 0.647285
vt 0.630779 0.647285
vt 0.645162 0.644413
vt 0.658700 0.638782
vt 0.670869 0.630614
vt 0.681200 0.620229
vt 0.689296 0.608033
vt 0.574473 0.662659
vt 0.595079 0.668909
vt 0.559383 0.712405
vt 0.694849 0.594499
vt 0.574473 0.734029
vt 0.579988 0.734029
vt 0.585398 0.735105
vt 0.590493 0.737215
vt 0.595079 0.740279
vt 0.598979 0.744179
vt 0.602043 0.748765
vt 0.604153 0.753860
vt 0.605229 0.759270
vt 0.605229 0.764785
vt 0.604153 0.770194
vt 0.602043 0.775289
vt 0.598979 0.779875
vt 0.595079 0.783775
vt 0.590493 0.786839
vt 0.579988 0.790025
vt 0.574473 0.790025
vt 0.569064 0.788949
vt 0.563969 0.786839
vt 0.559383 0.783775
vt 0.555483 0.779875
vt 0.552419 0.775289
vt 0.549232 0.764785
vt 0.549232 0.759270
vt 0.550308 0.753860
vt 0.552419 0.748765
vt 0.555483 0.744179
vt 0.559383 0.740279
vt 0.563969 0.737215
vt 0.579988 0.805399
vt 0.585397 0.806475
vt 0.590493 0.808585
vt 0.595079 0.811650
vt 0.598978 0.815549
vt 0.602042 0.820135
vt 0.604153 0.825230
vt 0.605229 0.830640
vt 0.604153 0.841564
vt 0.602042 0.846660
vt 0.598978 0.851245
vt 0.595079 0.855145
vt 0.590493 0.858209
vt 0.585397 0.860320
vt 0.579988 0.861396
vt 0.569064 0.860320
vt 0.563968 0.858209
vt 0.559383 0.855145
vt 0.555483 0.851245
vt 0.552419 0.846660
vt 0.550308 0.841564
vt 0.549232 0.836155
vt 0.550308 0.825230
vt 0.552419 0.820135
vt 0.555483 0.815549
vt 0.559383 0.811650
vt 0.563969 0.808585
vt 0.569064 0.806475
vt 0.574473 0.805399
vt 0.598978 0.886919
vt 0.602042 0.891505
vt 0.604153 0.896601
vt 0.605229 0.902010
vt 0.605229 0.907525
vt 0.604153 0.912934
vt 0.602043 0.918030
vt 0.598978 0.922615
vt 0.595079 0.926515
vt 0.590493 0.929579
vt 0.585398 0.931690
vt 0.579988 0.932766
vt 0.574473 0.932766
vt 0.569064 0.931690
vt 0.563969 0.929579
vt 0.555483 0.922615
vt 0.552419 0.918030
vt 0.550308 0.912934
vt 0.549232 0.907525
vt 0.549232 0.902010
vt 0.550308 0.896601
vt 0.552419 0.891505
vt 0.559383 0.883020
vt 0.574473 0.876769
vt 0.563968 0.879956
vt 0.569064 0.877845
vt 0.579988 0.876769
vt 0.585397 0.877845
vt 0.590493 0.879956
vt 0.598979 0.672809
vt 0.602043 0.677395
vt 0.604153 0.682490
vt 0.605229 0.687899
vt 0.605229 0.693415
vt 0.598979 0.708505
vt 0.604153 0.698824
vt 0.602043 0.703919
vt 0.595079 0.712405
vt 0.579988 0.718655
vt 0.590493 0.715469
vt 0.585398 0.717579
vt 0.574473 0.718655
vt 0.569064 0.717579
vt 0.563969 0.715469
vt 0.555483 0.708505
vt 0.552419 0.703919
vt 0.550308 0.698824
vt 0.549232 0.693415
vt 0.549232 0.687899
vt 0.550308 0.682490
vt 0.552419 0.677395
vt 0.555483 0.672809
vt 0.559383 0.668909
vt 0.563969 0.665845
vt 0.569064 0.663735
vt 0.579988 0.662659
vt 0.585398 0.663735
vt 0.590493 0.665845
s 0
usemtl マテリアル
f 8/1/1 7/2/1 23/3/1
f 83/4/2 22/5/2 37/6/2
f 15/7/3 31/8/3 16/9/3
f 9/10/4 23/3/4 24/11/4
f 16/9/5 32/12/5 17/13/5
f 10/14/6 24/11/6 25/15/6
f 17/13/7 33/16/7 18/17/7
f 11/18/8 25/15/8 26/19/8
f 18/17/9 34/20/9 19/21/9
f 12/22/10 26/19/10 27/23/10
f 19/21/11 35/24/11 20/25/11
f 13/26/12 27/23/12 28/27/12
f 21/28/13 35/24/13 36/29/13
f 14/30/14 28/27/14 29/31/14
f 21/28/15 37/6/15 22/5/15
f 15/7/16 29/31/16 30/32/16
f 27/23/17 41/33/17 42/34/17
f 34/20/18 50/35/18 35/24/18
f 28/27/19 42/34/19 43/36/19
f 35/24/20 51/37/20 36/29/20
f 29/31/21 43/36/21 44/38/21
f 36/29/22 52/39/22 37/6/22
f 30/32/23 44/38/23 45/40/23
f 23/3/24 7/2/24 38/41/24
f 83/4/25 37/6/25 52/39/25
f 30/32/26 46/42/26 31/8/26
f 23/3/27 39/43/27 24/11/27
f 31/8/28 47/44/28 32/12/28
f 25/15/29 39/43/29 40/45/29
f 32/12/30 48/46/30 33/16/30
f 26/19/31 40/45/31 41/33/31
f 33/16/32 49/47/32 34/20/32
f 45/40/33 61/48/33 46/42/33
f 38/41/34 54/49/34 39/43/34
f 46/42/35 62/50/35 47/44/35
f 40/45/36 54/49/36 55/51/36
f 47/44/37 63/52/37 48/46/37
f 41/33/38 55/51/38 56/53/38
f 48/46/39 64/54/39 49/47/39
f 42/34/40 56/53/40 57/55/40
f 49/47/41 65/56/41 50/35/41
f 43/36/42 57/55/42 58/57/42
f 50/35/43 66/58/43 51/37/43
f 44/38/44 58/57/44 59/59/44
f 51/37/45 67/60/45 52/39/45
f 45/40/46 59/59/46 60/61/46
f 38/41/47 7/62/47 53/63/47
f 83/4/48 52/39/48 67/60/48
f 64/54/49 80/64/49 65/56/49
f 58/57/50 72/65/50 73/66/50
f 65/56/51 81/67/51 66/58/51
f 59/59/52 73/66/52 74/68/52
f 66/58/53 82/69/53 67/60/53
f 60/61/54 74/68/54 75/70/54
f 53/63/55 7/62/55 68/71/55
f 83/4/56 67/60/56 82/69/56
f 60/61/57 76/72/57 61/48/57
f 54/49/58 68/71/58 69/73/58
f 61/48/59 77/74/59 62/50/59
f 55/51/60 69/73/60 70/75/60
f 62/50/61 78/76/61 63/52/61
f 56/53/62 70/75/62 71/77/62
f 63/52/63 79/78/63 64/54/63
f 57/55/64 71/77/64 72/65/64
f 69/73/65 84/79/65 85/80/65
f 76/72/66 93/81/66 77/74/66
f 70/75/67 85/80/67 86/82/67
f 77/74/68 94/83/68 78/76/68
f 71/77/69 86/82/69 87/84/69
f 78/76/70 95/85/70 79/78/70
f 72/65/71 87/84/71 88/86/71
f 79/78/72 96/87/72 80/64/72
f 73/66/73 88/86/73 89/88/73
f 80/64/74 97/89/74 81/67/74
f 74/68/75 89/88/75 90/90/75
f 81/67/76 98/91/76 82/69/76
f 75/70/77 90/90/77 91/92/77
f 68/71/78 7/62/78 84/79/78
f 83/4/79 82/69/79 98/91/79
f 75/70/80 92/93/80 76/72/80
f 89/88/81 103/94/81 104/95/81
f 96/87/82 112/96/82 97/89/82
f 90/90/83 104/95/83 105/97/83
f 97/89/84 113/98/84 98/91/84
f 91/92/85 105/97/85 106/99/85
f 84/79/86 7/62/86 99/100/86
f 83/4/87 98/91/87 113/98/87
f 91/92/88 107/101/88 92/93/88
f 85/80/89 99/100/89 100/102/89
f 92/93/90 108/103/90 93/81/90
f 86/82/91 100/102/91 101/104/91
f 93/81/92 109/105/92 94/83/92
f 86/82/93 102/106/93 87/84/93
f 94/83/94 110/107/94 95/85/94
f 88/86/95 102/106/95 103/94/95
f 95/85/96 111/108/96 96/87/96
f 107/101/97 123/109/97 108/103/97
f 101/104/98 115/110/98 116/111/98
f 108/103/99 124/112/99 109/105/99
f 101/104/100 117/113/100 102/106/100
f 109/105/101 125/114/101 110/107/101
f 103/94/102 117/113/102 118/115/102
f 110/107/103 126/116/103 111/108/103
f 104/95/104 118/115/104 119/117/104
f 111/108/105 127/118/105 112/96/105
f 105/97/106 119/117/106 120/119/106
f 112/96/107 128/120/107 113/98/107
f 106/99/108 120/119/108 121/121/108
f 99/100/109 7/62/109 114/122/109
f 83/4/110 113/98/110 128/120/110
f 106/99/111 122/123/111 107/101/111
f 100/102/112 114/122/112 115/110/112
f 126/116/113 142/124/113 127/118/113
f 120/119/114 134/125/114 135/126/114
f 127/118/115 143/127/115 128/120/115
f 121/121/116 135/126/116 136/128/116
f 114/122/117 7/62/117 129/129/117
f 83/4/118 128/120/118 143/127/118
f 121/121/119 137/130/119 122/123/119
f 115/110/120 129/129/120 130/131/120
f 122/123/121 138/132/121 123/109/121
f 116/111/122 130/131/122 131/133/122
f 123/109/123 139/134/123 124/112/123
f 116/111/124 132/135/124 117/113/124
f 124/112/125 140/136/125 125/114/125
f 118/115/126 132/135/126 133/137/126
f 125/114/127 141/138/127 126/116/127
f 119/117/128 133/137/128 134/125/128
f 139/134/129 153/139/129 154/140/129
f 132/135/130 146/141/130 147/142/130
f 140/136/131 154/140/131 155/143/131
f 132/135/132 148/144/132 133/137/132
f 141/138/133 155/143/133 156/145/133
f 133/137/134 149/146/134 134/125/134
f 142/124/135 156/145/135 157/147/135
f 134/125/136 150/148/136 135/126/136
f 143/127/137 157/147/137 158/149/137
f 135/126/138 151/150/138 136/128/138
f 129/129/139 7/62/139 144/151/139
f 83/4/140 143/127/140 158/149/140
f 137/130/141 151/150/141 152/152/141
f 129/129/142 145/153/142 130/131/142
f 138/132/143 152/152/143 153/139/143
f 130/131/144 146/141/144 131/133/144
f 158/149/145 172/154/145 173/155/145
f 150/148/146 166/156/146 151/150/146
f 144/151/147 7/62/147 159/157/147
f 83/4/148 158/149/148 173/155/148
f 152/152/149 166/156/149 167/158/149
f 144/151/150 160/159/150 145/153/150
f 153/139/151 167/158/151 168/160/151
f 145/153/152 161/161/152 146/141/152
f 154/140/153 168/160/153 169/162/153
f 147/142/154 161/161/154 162/163/154
f 155/143/155 169/162/155 170/164/155
f 147/142/156 163/165/156 148/144/156
f 156/145/157 170/164/157 171/166/157
f 148/144/158 164/167/158 149/146/158
f 157/147/159 171/166/159 172/154/159
f 149/146/160 165/168/160 150/148/160
f 162/163/161 176/169/161 177/170/161
f 170/164/162 184/171/162 185/172/162
f 162/163/163 178/173/163 163/165/163
f 171/166/164 185/172/164 186/174/164
f 163/165/165 179/175/165 164/167/165
f 172/154/166 186/174/166 187/176/166
f 164/167/167 180/177/167 165/168/167
f 173/155/168 187/176/168 188/178/168
f 165/168/169 181/179/169 166/156/169
f 159/157/170 7/62/170 174/180/170
f 83/4/171 173/155/171 188/178/171
f 167/158/172 181/179/172 182/181/172
f 159/157/173 175/182/173 160/159/173
f 168/160/174 182/181/174 183/183/174
f 160/159/175 176/169/175 161/161/175
f 169/162/176 183/183/176 184/171/176
f 180/177/177 196/184/177 181/179/177
f 174/180/178 7/62/178 189/185/178
f 83/4/179 188/178/179 203/186/179
f 182/181/180 196/184/180 197/187/180
f 174/180/181 190/188/181 175/182/181
f 183/183/182 197/187/182 198/189/182
f 175/182/183 191/190/183 176/169/183
f 184/171/184 198/189/184 199/191/184
f 176/169/185 192/192/185 177/170/185
f 185/172/186 199/191/186 200/193/186
f 177/170/187 193/194/187 178/173/187
f 186/174/188 200/193/188 201/195/188
f 178/173/189 194/196/189 179/175/189
f 187/176/190 201/195/190 202/197/190
f 179/175/191 195/198/191 180/177/191
f 188/178/192 202/197/192 203/186/192
f 200/193/193 214/199/193 215/200/193
f 192/192/194 208/201/194 193/194/194
f 201/195/195 215/200/195 216/202/195
f 193/194/196 209/203/196 194/196/196
f 202/197/197 216/202/197 217/204/197
f 194/196/198 210/205/198 195/198/198
f 203/186/199 217/204/199 218/206/199
f 195/198/200 211/207/200 196/184/200
f 189/185/201 7/62/201 204/208/201
f 83/4/202 203/186/202 218/206/202
f 197/187/203 211/207/203 212/209/203
f 189/185/204 205/210/204 190/188/204
f 198/189/205 212/209/205 213/211/205
f 190/188/206 206/212/206 191/190/206
f 199/191/207 213/211/207 214/199/207
f 191/190/208 207/213/208 192/192/208
f 204/208/209 7/62/209 219/214/209
f 83/4/210 218/206/210 233/215/210
f 212/209/211 226/216/211 227/217/211
f 204/208/212 220/218/212 205/210/212
f 213/211/213 227/217/213 228/219/213
f 205/210/214 221/220/214 206/212/214
f 214/199/215 228/219/215 229/221/215
f 206/212/216 222/222/216 207/213/216
f 215/200/217 229/221/217 230/223/217
f 207/213/218 223/224/218 208/201/218
f 216/202/219 230/223/219 231/225/219
f 208/201/220 224/226/220 209/203/220
f 217/204/221 231/225/221 232/227/221
f 209/203/222 225/228/222 210/205/222
f 218/206/223 232/227/223 233/215/223
f 210/205/224 226/216/224 211/207/224
f 222/222/225 238/229/225 223/224/225
f 231/225/226 245/230/226 246/231/226
f 223/224/227 239/232/227 224/226/227
f 232/227/228 246/231/228 247/233/228
f 224/226/229 240/234/229 225/228/229
f 233/215/230 247/233/230 248/235/230
f 225/228/231 241/236/231 226/216/231
f 219/214/232 7/237/232 234/238/232
f 83/4/233 233/215/233 248/235/233
f 227/217/234 241/236/234 242/239/234
f 220/218/235 234/238/235 235/240/235
f 228/219/236 242/239/236 243/241/236
f 220/218/237 236/242/237 221/220/237
f 229/221/238 243/241/238 244/243/238
f 221/220/239 237/244/239 222/222/239
f 230/223/240 244/243/240 245/230/240
f 242/239/241 4/245/241 5/246/241
f 234/238/242 250/247/242 235/240/242
f 243/241/243 5/246/243 253/248/243
f 235/240/244 1/249/244 236/242/244
f 244/243/245 253/248/245 6/250/245
f 236/242/246 251/251/246 237/244/246
f 245/230/247 6/250/247 254/252/247
f 237/244/248 2/253/248 238/229/248
f 246/231/249 254/252/249 255/254/249
f 238/229/250 252/255/250 239/232/250
f 246/231/251 256/256/251 247/233/251
f 239/232/252 3/257/252 240/234/252
f 248/235/253 256/256/253 257/258/253
f 240/234/254 4/245/254 241/236/254
f 234/238/255 7/237/255 249/259/255
f 83/4/256 248/235/256 257/258/256
f 8/1/257 258/260/257 7/2/257
f 83/4/258 272/261/258 22/5/258
f 266/262/259 15/7/259 16/9/259
f 9/10/260 258/260/260 8/1/260
f 267/263/261 16/9/261 17/13/261
f 10/14/262 259/264/262 9/10/262
f 268/265/263 17/13/263 18/17/263
f 11/18/264 260/266/264 10/14/264
f 269/267/265 18/17/265 19/21/265
f 12/22/266 261/268/266 11/18/266
f 270/269/267 19/21/267 20/25/267
f 13/26/268 262/270/268 12/22/268
f 21/28/269 270/269/269 20/25/269
f 14/30/270 263/271/270 13/26/270
f 272/261/271 21/28/271 22/5/271
f 15/7/272 264/272/272 14/30/272
f 262/270/273 275/273/273 261/268/273
f 284/274/274 269/267/274 270/269/274
f 263/271/275 276/275/275 262/270/275
f 285/276/276 270/269/276 271/277/276
f 264/272/277 277/278/277 263/271/277
f 286/279/278 271/277/278 272/261/278
f 265/280/279 278/281/279 264/272/279
f 258/260/280 38/282/280 7/2/280
f 83/4/281 286/279/281 272/261/281
f 280/283/282 265/280/282 266/262/282
f 273/284/283 258/260/283 259/264/283
f 281/285/284 266/262/284 267/263/284
f 260/266/285 273/284/285 259/264/285
f 282/286/286 267/263/286 268/265/286
f 261/268/287 274/287/287 260/266/287
f 283/288/288 268/265/288 269/267/288
f 295/289/289 279/290/289 280/283/289
f 288/291/290 38/282/290 273/284/290
f 296/292/291 280/283/291 281/285/291
f 274/287/292 288/291/292 273/284/292
f 297/293/293 281/285/293 282/286/293
f 275/273/294 289/294/294 274/287/294
f 298/295/295 282/286/295 283/288/295
f 276/275/296 290/296/296 275/273/296
f 299/297/297 283/288/297 284/274/297
f 277/278/298 291/298/298 276/275/298
f 300/299/299 284/274/299 285/276/299
f 278/281/300 292/300/300 277/278/300
f 301/301/301 285/276/301 286/279/301
f 279/290/302 293/302/302 278/281/302
f 38/282/303 287/303/303 7/304/303
f 83/4/304 301/301/304 286/279/304
f 314/305/305 298/295/305 299/297/305
f 292/300/306 306/306/306 291/298/306
f 315/307/307 299/297/307 300/299/307
f 293/302/308 307/308/308 292/300/308
f 316/309/309 300/299/309 301/301/309
f 294/310/310 308/311/310 293/302/310
f 287/303/311 302/312/311 7/304/311
f 83/4/312 316/309/312 301/301/312
f 310/313/313 294/310/313 295/289/313
f 288/291/314 302/312/314 287/303/314
f 311/314/315 295/289/315 296/292/315
f 289/294/316 303/315/316 288/291/316
f 312/316/317 296/292/317 297/293/317
f 290/296/318 304/317/318 289/294/318
f 313/318/319 297/293/319 298/295/319
f 291/298/320 305/319/320 290/296/320
f 303/315/321 317/320/321 302/312/321
f 326/321/322 310/313/322 311/314/322
f 304/317/323 318/322/323 303/315/323
f 327/323/324 311/314/324 312/316/324
f 305/319/325 319/324/325 304/317/325
f 328/325/326 312/316/326 313/318/326
f 306/306/327 320/326/327 305/319/327
f 329/327/328 313/318/328 314/305/328
f 307/308/329 321/328/329 306/306/329
f 330/329/330 314/305/330 315/307/330
f 308/311/331 322/330/331 307/308/331
f 331/331/332 315/307/332 316/309/332
f 309/332/333 323/333/333 308/311/333
f 302/312/334 317/320/334 7/304/334
f 83/4/335 331/331/335 316/309/335
f 325/334/336 309/332/336 310/313/336
f 322/330/337 336/335/337 321/328/337
f 345/336/338 329/327/338 330/329/338
f 323/333/339 337/337/339 322/330/339
f 346/338/340 330/329/340 331/331/340
f 324/339/341 338/340/341 323/333/341
f 317/320/342 332/341/342 7/304/342
f 83/4/343 346/338/343 331/331/343
f 340/342/344 324/339/344 325/334/344
f 318/322/345 332/341/345 317/320/345
f 341/343/346 325/334/346 326/321/346
f 319/324/347 333/344/347 318/322/347
f 342/345/348 326/321/348 327/323/348
f 335/346/349 319/324/349 320/326/349
f 343/347/350 327/323/350 328/325/350
f 321/328/351 335/346/351 320/326/351
f 344/348/352 328/325/352 329/327/352
f 356/349/353 340/342/353 341/343/353
f 334/350/354 348/351/354 333/344/354
f 357/352/355 341/343/355 342/345/355
f 350/353/356 334/350/356 335/346/356
f 358/354/357 342/345/357 343/347/357
f 336/335/358 350/353/358 335/346/358
f 359/355/359 343/347/359 344/348/359
f 337/337/360 351/356/360 336/335/360
f 360/357/361 344/348/361 345/336/361
f 338/340/362 352/358/362 337/337/362
f 361/359/363 345/336/363 346/338/363
f 339/360/364 353/361/364 338/340/364
f 332/341/365 347/362/365 7/304/365
f 83/4/366 361/359/366 346/338/366
f 355/363/367 339/360/367 340/342/367
f 333/344/368 347/362/368 332/341/368
f 375/364/369 359/355/369 360/357/369
f 353/361/370 367/365/370 352/358/370
f 376/366/371 360/357/371 361/359/371
f 354/367/372 368/368/372 353/361/372
f 347/362/373 362/369/373 7/304/373
f 83/4/374 376/366/374 361/359/374
f 370/370/375 354/367/375 355/363/375
f 348/351/376 362/369/376 347/362/376
f 371/371/377 355/363/377 356/349/377
f 349/372/378 363/373/378 348/351/378
f 372/374/379 356/349/379 357/352/379
f 365/375/380 349/372/380 350/353/380
f 373/376/381 357/352/381 358/354/381
f 351/356/382 365/375/382 350/353/382
f 374/377/383 358/354/383 359/355/383
f 352/358/384 366/378/384 351/356/384
f 372/374/385 386/379/385 371/371/385
f 365/375/386 379/380/386 364/381/386
f 373/376/387 387/382/387 372/374/387
f 381/383/388 365/375/388 366/378/388
f 374/377/389 388/384/389 373/376/389
f 382/385/390 366/378/390 367/365/390
f 375/364/391 389/386/391 374/377/391
f 383/387/392 367/365/392 368/368/392
f 376/366/393 390/388/393 375/364/393
f 384/389/394 368/368/394 369/390/394
f 362/369/395 377/391/395 7/304/395
f 83/4/396 391/392/396 376/366/396
f 370/370/397 384/389/397 369/390/397
f 378/393/398 362/369/398 363/373/398
f 371/371/399 385/394/399 370/370/399
f 379/380/400 363/373/400 364/381/400
f 391/392/401 405/395/401 390/388/401
f 399/396/402 383/387/402 384/389/402
f 377/391/403 392/397/403 7/304/403
f 83/4/404 406/398/404 391/392/404
f 385/394/405 399/396/405 384/389/405
f 393/399/406 377/391/406 378/393/406
f 386/379/407 400/400/407 385/394/407
f 394/401/408 378/393/408 379/380/408
f 387/382/409 401/402/409 386/379/409
f 380/403/410 394/401/410 379/380/410
f 388/384/411 402/404/411 387/382/411
f 396/405/412 380/403/412 381/383/412
f 389/386/413 403/406/413 388/384/413
f 397/407/414 381/383/414 382/385/414
f 390/388/415 404/408/415 389/386/415
f 398/409/416 382/385/416 383/387/416
f 395/410/417 409/411/417 394/401/417
f 403/406/418 417/412/418 402/404/418
f 411/413/419 395/410/419 396/405/419
f 404/408/420 418/414/420 403/406/420
f 412/415/421 396/405/421 397/407/421
f 405/395/422 419/416/422 404/408/422
f 413/417/423 397/407/423 398/409/423
f 406/398/424 420/418/424 405/395/424
f 414/419/425 398/409/425 399/396/425
f 392/397/426 407/420/426 7/304/426
f 83/4/427 421/421/427 406/398/427
f 400/400/428 414/419/428 399/396/428
f 408/422/429 392/397/429 393/399/429
f 401/402/430 415/423/430 400/400/430
f 409/411/431 393/399/431 394/401/431
f 402/404/432 416/424/432 401/402/432
f 429/425/433 413/417/433 414/419/433
f 407/420/434 422/426/434 7/304/434
f 83/4/435 436/427/435 421/421/435
f 415/423/436 429/425/436 414/419/436
f 423/428/437 407/420/437 408/422/437
f 416/424/438 430/429/438 415/423/438
f 424/430/439 408/422/439 409/411/439
f 417/412/440 431/431/440 416/424/440
f 425/432/441 409/411/441 410/433/441
f 418/414/442 432/434/442 417/412/442
f 426/435/443 410/433/443 411/413/443
f 419/416/444 433/436/444 418/414/444
f 427/437/445 411/413/445 412/415/445
f 420/418/446 434/438/446 419/416/446
f 428/439/447 412/415/447 413/417/447
f 421/421/448 435/440/448 420/418/448
f 433/436/449 447/441/449 432/434/449
f 441/442/450 425/432/450 426/435/450
f 434/438/451 448/443/451 433/436/451
f 442/444/452 426/435/452 427/437/452
f 435/440/453 449/445/453 434/438/453
f 443/446/454 427/437/454 428/439/454
f 436/427/455 450/447/455 435/440/455
f 444/448/456 428/439/456 429/425/456
f 422/426/457 437/449/457 7/304/457
f 83/4/458 451/450/458 436/427/458
f 430/429/459 444/448/459 429/425/459
f 438/451/460 422/426/460 423/428/460
f 431/431/461 445/452/461 430/429/461
f 439/453/462 423/428/462 424/430/462
f 432/434/463 446/454/463 431/431/463
f 440/455/464 424/430/464 425/432/464
f 437/449/465 219/456/465 7/304/465
f 83/4/466 465/457/466 451/450/466
f 445/452/467 458/458/467 444/448/467
f 452/459/468 437/449/468 438/451/468
f 446/454/469 459/460/469 445/452/469
f 453/461/470 438/451/470 439/453/470
f 447/441/471 460/462/471 446/454/471
f 454/463/472 439/453/472 440/455/472
f 448/443/473 461/464/473 447/441/473
f 455/465/474 440/455/474 441/442/474
f 449/445/475 462/466/475 448/443/475
f 456/467/476 441/442/476 442/444/476
f 450/447/477 463/468/477 449/445/477
f 457/469/478 442/444/478 443/446/478
f 451/450/479 464/470/479 450/447/479
f 458/458/480 443/446/480 444/448/480
f 470/471/481 454/463/481 455/465/481
f 463/468/482 477/472/482 462/466/482
f 471/473/483 455/465/483 456/467/483
f 464/470/484 478/474/484 463/468/484
f 472/475/485 456/467/485 457/469/485
f 465/457/486 479/476/486 464/470/486
f 473/477/487 457/469/487 458/458/487
f 219/456/488 466/478/488 7/237/488
f 83/4/489 480/479/489 465/457/489
f 459/460/490 473/477/490 458/458/490
f 452/459/491 466/478/491 219/456/491
f 460/462/492 474/480/492 459/460/492
f 468/481/493 452/459/493 453/461/493
f 461/464/494 475/482/494 460/462/494
f 469/483/495 453/461/495 454/463/495
f 462/466/496 476/484/496 461/464/496
f 474/480/497 4/245/497 473/477/497
f 250/247/498 466/478/498 467/485/498
f 475/482/499 5/246/499 474/480/499
f 1/249/500 467/485/500 468/481/500
f 476/484/501 253/248/501 475/482/501
f 251/251/502 468/481/502 469/483/502
f 477/472/503 6/250/503 476/484/503
f 2/253/504 469/483/504 470/471/504
f 478/474/505 254/252/505 477/472/505
f 252/255/506 470/471/506 471/473/506
f 256/256/507 478/474/507 479/476/507
f 3/257/508 471/473/508 472/475/508
f 480/479/509 256/256/509 479/476/509
f 4/245/510 472/475/510 473/477/510
f 466/478/511 249/259/511 7/237/511
f 83/4/512 257/258/512 480/479/512
f 481/486/513 513/487/513 482/488/513
f 482/488/514 513/487/514 483/489/514
f 483/489/515 513/487/515 484/490/515
f 484/490/516 513/487/516 485/491/516
f 485/491/517 513/487/517 486/492/517
f 486/492/518 513/487/518 487/493/518
f 487/493/519 513/487/519 488/494/519
f 488/494/520 513/487/520 489/495/520
f 489/495/521 513/487/521 490/496/521
f 490/496/522 513/487/522 491/497/522
f 491/497/523 513/487/523 492/498/523
f 492/498/524 513/487/524 493/499/524
f 493/499/525 513/487/525 494/500/525
f 494/500/526 513/487/526 495/501/526
f 495/501/527 513/487/527 496/502/527
f 496/502/528 513/487/528 497/503/528
f 497/503/529 513/487/529 498/504/529
f 498/504/530 513/487/530 499/505/530
f 499/505/531 513/487/531 500/506/531
f 500/506/532 513/487/532 501/507/532
f 501/507/533 513/487/533 502/508/533
f 502/508/534 513/487/534 503/509/534
f 503/509/535 513/487/535 504/510/535
f 504/510/536 513/487/536 505/511/536
f 505/511/537 513/487/537 506/512/537
f 506/512/538 513/487/538 507/513/538
f 507/513/539 513/487/539 508/514/539
f 508/514/540 513/487/540 509/515/540
f 509/515/541 513/487/541 510/516/541
f 510/516/542 513/487/542 511/517/542
f 496/518/543 504/519/543 512/520/543
f 511/517/544 513/487/544 512/521/544
f 512/521/545 513/487/545 481/486/545
f 514/522/546 546/523/546 515/524/546
f 515/524/547 546/523/547 516/525/547
f 516/525/548 546/523/548 517/526/548
f 517/526/549 546/523/549 518/527/549
f 518/527/550 546/523/550 519/528/550
f 519/528/551 546/523/551 520/529/551
f 520/529/552 546/523/552 521/530/552
f 521/530/553 546/523/553 522/531/553
f 522/531/554 546/523/554 523/532/554
f 523/532/555 546/523/555 524/533/555
f 524/533/556 546/523/556 525/534/556
f 525/534/557 546/523/557 526/535/557
f 526/535/558 546/523/558 527/536/558
f 527/536/559 546/523/559 528/537/559
f 528/537/560 546/523/560 529/538/560
f 529/538/561 546/523/561 530/539/561
f 530/539/562 546/523/562 531/540/562
f 531/540/563 546/523/563 532/541/563
f 532/541/564 546/523/564 533/542/564
f 533/542/565 546/523/565 534/543/565
f 534/543/566 546/523/566 535/544/566
f 535/544/567 546/523/567 536/545/567
f 536/545/568 546/523/568 537/546/568
f 537/546/569 546/523/569 538/547/569
f 538/547/570 546/523/570 539/548/570
f 539/548/571 546/523/571 540/549/571
f 540/549/572 546/523/572 541/550/572
f 541/550/573 546/523/573 542/551/573
f 542/551/574 546/523/574 543/552/574
f 543/552/575 546/523/575 544/553/575
f 521/554/576 529/555/576 537/556/576
f 544/553/577 546/523/577 545/557/577
f 545/557/578 546/523/578 514/522/578
f 547/558/579 579/559/579 548/560/579
f 548/560/580 579/559/580 549/561/580
f 549/561/581 579/559/581 550/562/581
f 550/562/582 579/559/582 551/563/582
f 551/563/583 579/559/583 552/564/583
f 552/564/584 579/559/584 553/565/584
f 553/565/585 579/559/585 554/566/585
f 554/566/586 579/559/586 555/567/586
f 555/567/587 579/559/587 556/568/587
f 556/568/588 579/559/588 557/569/588
f 557/569/589 579/559/589 558/570/589
f 558/570/590 579/559/590 559/571/590
f 559/571/591 579/559/591 560/572/591
f 560/572/592 579/559/592 561/573/592
f 561/573/593 579/559/593 562/574/593
f 562/574/594 579/559/594 563/575/594
f 563/575/595 579/559/595 564/576/595
f 564/576/596 579/559/596 565/577/596
f 565/577/597 579/559/597 566/578/597
f 566/578/598 579/559/598 567/579/598
f 567/579/599 579/559/599 568/580/599
f 568/580/600 579/559/600 569/581/600
f 569/581/601 579/559/601 570/582/601
f 570/582/602 579/559/602 571/583/602
f 571/583/603 579/559/603 572/584/603
f 572/584/604 579/559/604 573/585/604
f 573/585/605 579/559/605 574/586/605
f 574/586/606 579/559/606 575/587/606
f 575/587/607 579/559/607 576/588/607
f 576/588/608 579/559/608 577/589/608
f 562/590/609 570/591/609 578/592/609
f 577/589/610 579/559/610 578/593/610
f 578/593/611 579/559/611 547/558/611
f 580/594/612 612/595/612 581/596/612
f 581/596/613 612/595/613 582/597/613
f 582/597/614 612/595/614 583/598/614
f 583/598/615 612/595/615 584/599/615
f 584/599/616 612/595/616 585/600/616
f 585/600/617 612/595/617 586/601/617
f 586/601/618 612/595/618 587/602/618
f 587/602/619 612/595/619 588/603/619
f 588/603/620 612/595/620 589/604/620
f 589/604/621 612/595/621 590/605/621
f 590/605/622 612/595/622 591/606/622
f 591/606/623 612/595/623 592/607/623
f 592/607/624 612/595/624 593/608/624
f 593/608/625 612/595/625 594/609/625
f 594/609/626 612/595/626 595/610/626
f 595/610/627 612/595/627 596/611/627
f 596/611/628 612/595/628 597/612/628
f 597/612/629 612/595/629 598/613/629
f 598/613/630 612/595/630 599/614/630
f 599/614/631 612/595/631 600/615/631
f 600/615/632 612/595/632 601/616/632
f 601/616/633 612/595/633 602/617/633
f 602/617/634 612/595/634 603/618/634
f 603/618/635 612/595/635 604/619/635
f 604/619/636 612/595/636 605/620/636
f 605/620/637 612/595/637 606/621/637
f 606/621/638 612/595/638 607/622/638
f 607/622/639 612/595/639 608/623/639
f 608/623/640 612/595/640 609/624/640
f 609/624/641 612/595/641 610/625/641
f 607/626/642 611/627/642 595/628/642
f 610/625/643 612/595/643 611/629/643
f 611/629/644 612/595/644 580/594/644
f 15/7/645 30/32/645 31/8/645
f 9/10/646 8/1/646 23/3/646
f 16/9/647 31/8/647 32/12/647
f 10/14/648 9/10/648 24/11/648
f 17/13/649 32/12/649 33/16/649
f 11/18/650 10/14/650 25/15/650
f 18/17/651 33/16/651 34/20/651
f 12/22/652 11/18/652 26/19/652
f 19/21/653 34/20/653 35/24/653
f 13/26/654 12/22/654 27/23/654
f 21/28/655 20/25/655 35/24/655
f 14/30/656 13/26/656 28/27/656
f 21/28/657 36/29/657 37/6/657
f 15/7/658 14/30/658 29/31/658
f 27/23/659 26/19/659 41/33/659
f 34/20/18 49/47/18 50/35/18
f 28/27/660 27/23/660 42/34/660
f 35/24/20 50/35/20 51/37/20
f 29/31/21 28/27/21 43/36/21
f 36/29/22 51/37/22 52/39/22
f 30/32/23 29/31/23 44/38/23
f 30/32/26 45/40/26 46/42/26
f 23/3/661 38/41/661 39/43/661
f 31/8/662 46/42/662 47/44/662
f 25/15/663 24/11/663 39/43/663
f 32/12/30 47/44/30 48/46/30
f 26/19/664 25/15/664 40/45/664
f 33/16/32 48/46/32 49/47/32
f 45/40/33 60/61/33 61/48/33
f 38/41/665 53/63/665 54/49/665
f 46/42/666 61/48/666 62/50/666
f 40/45/667 39/43/667 54/49/667
f 47/44/37 62/50/37 63/52/37
f 41/33/38 40/45/38 55/51/38
f 48/46/39 63/52/39 64/54/39
f 42/34/668 41/33/668 56/53/668
f 49/47/41 64/54/41 65/56/41
f 43/36/669 42/34/669 57/55/669
f 50/35/43 65/56/43 66/58/43
f 44/38/44 43/36/44 58/57/44
f 51/37/45 66/58/45 67/60/45
f 45/40/46 44/38/46 59/59/46
f 64/54/49 79/78/49 80/64/49
f 58/57/670 57/55/670 72/65/670
f 65/56/51 80/64/51 81/67/51
f 59/59/52 58/57/52 73/66/52
f 66/58/53 81/67/53 82/69/53
f 60/61/54 59/59/54 74/68/54
f 60/61/57 75/70/57 76/72/57
f 54/49/671 53/63/671 68/71/671
f 61/48/59 76/72/59 77/74/59
f 55/51/672 54/49/672 69/73/672
f 62/50/61 77/74/61 78/76/61
f 56/53/62 55/51/62 70/75/62
f 63/52/63 78/76/63 79/78/63
f 57/55/673 56/53/673 71/77/673
f 69/73/674 68/71/674 84/79/674
f 76/72/66 92/93/66 93/81/66
f 70/75/675 69/73/675 85/80/675
f 77/74/68 93/81/68 94/83/68
f 71/77/69 70/75/69 86/82/69
f 78/76/70 94/83/70 95/85/70
f 72/65/676 71/77/676 87/84/676
f 79/78/72 95/85/72 96/87/72
f 73/66/677 72/65/677 88/86/677
f 80/64/74 96/87/74 97/89/74
f 74/68/75 73/66/75 89/88/75
f 81/67/76 97/89/76 98/91/76
f 75/70/678 74/68/678 90/90/678
f 75/70/679 91/92/679 92/93/679
f 89/88/680 88/86/680 103/94/680
f 96/87/82 111/108/82 112/96/82
f 90/90/83 89/88/83 104/95/83
f 97/89/84 112/96/84 113/98/84
f 91/92/85 90/90/85 105/97/85
f 91/92/88 106/99/88 107/101/88
f 85/80/89 84/79/89 99/100/89
f 92/93/90 107/101/90 108/103/90
f 86/82/681 85/80/681 100/102/681
f 93/81/92 108/103/92 109/105/92
f 86/82/682 101/104/682 102/106/682
f 94/83/94 109/105/94 110/107/94
f 88/86/683 87/84/683 102/106/683
f 95/85/96 110/107/96 111/108/96
f 107/101/97 122/123/97 123/109/97
f 101/104/684 100/102/684 115/110/684
f 108/103/99 123/109/99 124/112/99
f 101/104/685 116/111/685 117/113/685
f 109/105/101 124/112/101 125/114/101
f 103/94/686 102/106/686 117/113/686
f 110/107/103 125/114/103 126/116/103
f 104/95/687 103/94/687 118/115/687
f 111/108/105 126/116/105 127/118/105
f 105/97/106 104/95/106 119/117/106
f 112/96/107 127/118/107 128/120/107
f 106/99/108 105/97/108 120/119/108
f 106/99/111 121/121/111 122/123/111
f 100/102/112 99/100/112 114/122/112
f 126/116/113 141/138/113 142/124/113
f 120/119/114 119/117/114 134/125/114
f 127/118/115 142/124/115 143/127/115
f 121/121/116 120/119/116 135/126/116
f 121/121/688 136/128/688 137/130/688
f 115/110/120 114/122/120 129/129/120
f 122/123/121 137/130/121 138/132/121
f 116/111/689 115/110/689 130/131/689
f 123/109/123 138/132/123 139/134/123
f 116/111/690 131/133/690 132/135/690
f 124/112/125 139/134/125 140/136/125
f 118/115/691 117/113/691 132/135/691
f 125/114/127 140/136/127 141/138/127
f 119/117/692 118/115/692 133/137/692
f 139/134/129 138/132/129 153/139/129
f 132/135/693 131/133/693 146/141/693
f 140/136/131 139/134/131 154/140/131
f 132/135/694 147/142/694 148/144/694
f 141/138/133 140/136/133 155/143/133
f 133/137/695 148/144/695 149/146/695
f 142/124/135 141/138/135 156/145/135
f 134/125/136 149/146/136 150/148/136
f 143/127/137 142/124/137 157/147/137
f 135/126/138 150/148/138 151/150/138
f 137/130/696 136/128/696 151/150/696
f 129/129/142 144/151/142 145/153/142
f 138/132/143 137/130/143 152/152/143
f 130/131/697 145/153/697 146/141/697
f 158/149/145 157/147/145 172/154/145
f 150/148/146 165/168/146 166/156/146
f 152/152/149 151/150/149 166/156/149
f 144/151/150 159/157/150 160/159/150
f 153/139/151 152/152/151 167/158/151
f 145/153/698 160/159/698 161/161/698
f 154/140/153 153/139/153 168/160/153
f 147/142/699 146/141/699 161/161/699
f 155/143/155 154/140/155 169/162/155
f 147/142/700 162/163/700 163/165/700
f 156/145/157 155/143/157 170/164/157
f 148/144/701 163/165/701 164/167/701
f 157/147/159 156/145/159 171/166/159
f 149/146/160 164/167/160 165/168/160
f 162/163/702 161/161/702 176/169/702
f 170/164/162 169/162/162 184/171/162
f 162/163/703 177/170/703 178/173/703
f 171/166/164 170/164/164 185/172/164
f 163/165/704 178/173/704 179/175/704
f 172/154/166 171/166/166 186/174/166
f 164/167/167 179/175/167 180/177/167
f 173/155/168 172/154/168 187/176/168
f 165/168/169 180/177/169 181/179/169
f 167/158/172 166/156/172 181/179/172
f 159/157/173 174/180/173 175/182/173
f 168/160/174 167/158/174 182/181/174
f 160/159/705 175/182/705 176/169/705
f 169/162/176 168/160/176 183/183/176
f 180/177/706 195/198/706 196/184/706
f 182/181/707 181/179/707 196/184/707
f 174/180/708 189/185/708 190/188/708
f 183/183/182 182/181/182 197/187/182
f 175/182/709 190/188/709 191/190/709
f 184/171/184 183/183/184 198/189/184
f 176/169/185 191/190/185 192/192/185
f 185/172/186 184/171/186 199/191/186
f 177/170/710 192/192/710 193/194/710
f 186/174/188 185/172/188 200/193/188
f 178/173/711 193/194/711 194/196/711
f 187/176/190 186/174/190 201/195/190
f 179/175/712 194/196/712 195/198/712
f 188/178/192 187/176/192 202/197/192
f 200/193/193 199/191/193 214/199/193
f 192/192/713 207/213/713 208/201/713
f 201/195/195 200/193/195 215/200/195
f 193/194/714 208/201/714 209/203/714
f 202/197/197 201/195/197 216/202/197
f 194/196/198 209/203/198 210/205/198
f 203/186/199 202/197/199 217/204/199
f 195/198/200 210/205/200 211/207/200
f 197/187/203 196/184/203 211/207/203
f 189/185/715 204/208/715 205/210/715
f 198/189/205 197/187/205 212/209/205
f 190/188/716 205/210/716 206/212/716
f 199/191/207 198/189/207 213/211/207
f 191/190/208 206/212/208 207/213/208
f 212/209/211 211/207/211 226/216/211
f 204/208/717 219/214/717 220/218/717
f 213/211/718 212/209/718 227/217/718
f 205/210/719 220/218/719 221/220/719
f 214/199/215 213/211/215 228/219/215
f 206/212/216 221/220/216 222/222/216
f 215/200/217 214/199/217 229/221/217
f 207/213/720 222/222/720 223/224/720
f 216/202/219 215/200/219 230/223/219
f 208/201/721 223/224/721 224/226/721
f 217/204/221 216/202/221 231/225/221
f 209/203/222 224/226/222 225/228/222
f 218/206/223 217/204/223 232/227/223
f 210/205/224 225/228/224 226/216/224
f 222/222/722 237/244/722 238/229/722
f 231/225/226 230/223/226 245/230/226
f 223/224/723 238/229/723 239/232/723
f 232/227/228 231/225/228 246/231/228
f 224/226/229 239/232/229 240/234/229
f 233/215/230 232/227/230 247/233/230
f 225/228/231 240/234/231 241/236/231
f 227/217/234 226/216/234 241/236/234
f 220/218/724 219/214/724 234/238/724
f 228/219/725 227/217/725 242/239/725
f 220/218/726 235/240/726 236/242/726
f 229/221/238 228/219/238 243/241/238
f 221/220/727 236/242/727 237/244/727
f 230/223/240 229/221/240 244/243/240
f 242/239/728 241/236/728 4/245/728
f 234/238/729 249/259/729 250/247/729
f 243/241/730 242/239/730 5/246/730
f 235/240/731 250/247/731 1/249/731
f 244/243/732 243/241/732 253/248/732
f 236/242/733 1/249/733 251/251/733
f 245/230/734 244/243/734 6/250/734
f 237/244/735 251/251/735 2/253/735
f 246/231/736 245/230/736 254/252/736
f 238/229/737 2/253/737 252/255/737
f 246/231/738 255/254/738 256/256/738
f 239/232/739 252/255/739 3/257/739
f 248/235/740 247/233/740 256/256/740
f 240/234/741 3/257/741 4/245/741
f 266/262/742 265/280/742 15/7/742
f 9/10/743 259/264/743 258/260/743
f 267/263/744 266/262/744 16/9/744
f 10/14/745 260/266/745 259/264/745
f 268/265/746 267/263/746 17/13/746
f 11/18/747 261/268/747 260/266/747
f 269/267/748 268/265/748 18/17/748
f 12/22/749 262/270/749 261/268/749
f 270/269/750 269/267/750 19/21/750
f 13/26/751 263/271/751 262/270/751
f 21/28/752 271/277/752 270/269/752
f 14/30/753 264/272/753 263/271/753
f 272/261/754 271/277/754 21/28/754
f 15/7/755 265/280/755 264/272/755
f 262/270/756 276/275/756 275/273/756
f 284/274/274 283/288/274 269/267/274
f 263/271/757 277/278/757 276/275/757
f 285/276/276 284/274/276 270/269/276
f 264/272/277 278/281/277 277/278/277
f 286/279/278 285/276/278 271/277/278
f 265/280/279 279/290/279 278/281/279
f 280/283/282 279/290/282 265/280/282
f 273/284/758 38/282/758 258/260/758
f 281/285/759 280/283/759 266/262/759
f 260/266/760 274/287/760 273/284/760
f 282/286/286 281/285/286 267/263/286
f 261/268/761 275/273/761 274/287/761
f 283/288/288 282/286/288 268/265/288
f 295/289/289 294/310/289 279/290/289
f 288/291/762 287/303/762 38/282/762
f 296/292/763 295/289/763 280/283/763
f 274/287/764 289/294/764 288/291/764
f 297/293/293 296/292/293 281/285/293
f 275/273/294 290/296/294 289/294/294
f 298/295/295 297/293/295 282/286/295
f 276/275/765 291/298/765 290/296/765
f 299/297/297 298/295/297 283/288/297
f 277/278/766 292/300/766 291/298/766
f 300/299/299 299/297/299 284/274/299
f 278/281/300 293/302/300 292/300/300
f 301/301/301 300/299/301 285/276/301
f 279/290/302 294/310/302 293/302/302
f 314/305/305 313/318/305 298/295/305
f 292/300/767 307/308/767 306/306/767
f 315/307/307 314/305/307 299/297/307
f 293/302/308 308/311/308 307/308/308
f 316/309/309 315/307/309 300/299/309
f 294/310/310 309/332/310 308/311/310
f 310/313/313 309/332/313 294/310/313
f 288/291/768 303/315/768 302/312/768
f 311/314/315 310/313/315 295/289/315
f 289/294/769 304/317/769 303/315/769
f 312/316/317 311/314/317 296/292/317
f 290/296/318 305/319/318 304/317/318
f 313/318/319 312/316/319 297/293/319
f 291/298/770 306/306/770 305/319/770
f 303/315/771 318/322/771 317/320/771
f 326/321/322 325/334/322 310/313/322
f 304/317/772 319/324/772 318/322/772
f 327/323/324 326/321/324 311/314/324
f 305/319/325 320/326/325 319/324/325
f 328/325/326 327/323/326 312/316/326
f 306/306/773 321/328/773 320/326/773
f 329/327/328 328/325/328 313/318/328
f 307/308/774 322/330/774 321/328/774
f 330/329/330 329/327/330 314/305/330
f 308/311/331 323/333/331 322/330/331
f 331/331/332 330/329/332 315/307/332
f 309/332/775 324/339/775 323/333/775
f 325/334/776 324/339/776 309/332/776
f 322/330/777 337/337/777 336/335/777
f 345/336/338 344/348/338 329/327/338
f 323/333/339 338/340/339 337/337/339
f 346/338/340 345/336/340 330/329/340
f 324/339/341 339/360/341 338/340/341
f 340/342/344 339/360/344 324/339/344
f 318/322/345 333/344/345 332/341/345
f 341/343/346 340/342/346 325/334/346
f 319/324/778 334/350/778 333/344/778
f 342/345/348 341/343/348 326/321/348
f 335/346/779 334/350/779 319/324/779
f 343/347/350 342/345/350 327/323/350
f 321/328/780 336/335/780 335/346/780
f 344/348/352 343/347/352 328/325/352
f 356/349/353 355/363/353 340/342/353
f 334/350/781 349/372/781 348/351/781
f 357/352/355 356/349/355 341/343/355
f 350/353/782 349/372/782 334/350/782
f 358/354/357 357/352/357 342/345/357
f 336/335/783 351/356/783 350/353/783
f 359/355/359 358/354/359 343/347/359
f 337/337/784 352/358/784 351/356/784
f 360/357/361 359/355/361 344/348/361
f 338/340/362 353/361/362 352/358/362
f 361/359/363 360/357/363 345/336/363
f 339/360/364 354/367/364 353/361/364
f 355/363/367 354/367/367 339/360/367
f 333/344/368 348/351/368 347/362/368
f 375/364/369 374/377/369 359/355/369
f 353/361/370 368/368/370 367/365/370
f 376/366/371 375/364/371 360/357/371
f 354/367/372 369/390/372 368/368/372
f 370/370/785 369/390/785 354/367/785
f 348/351/376 363/373/376 362/369/376
f 371/371/377 370/370/377 355/363/377
f 349/372/786 364/381/786 363/373/786
f 372/374/379 371/371/379 356/349/379
f 365/375/787 364/381/787 349/372/787
f 373/376/381 372/374/381 357/352/381
f 351/356/788 366/378/788 365/375/788
f 374/377/383 373/376/383 358/354/383
f 352/358/789 367/365/789 366/378/789
f 372/374/385 387/382/385 386/379/385
f 365/375/790 380/403/790 379/380/790
f 373/376/387 388/384/387 387/382/387
f 381/383/791 380/403/791 365/375/791
f 374/377/389 389/386/389 388/384/389
f 382/385/792 381/383/792 366/378/792
f 375/364/391 390/388/391 389/386/391
f 383/387/392 382/385/392 367/365/392
f 376/366/393 391/392/393 390/388/393
f 384/389/394 383/387/394 368/368/394
f 370/370/793 385/394/793 384/389/793
f 378/393/398 377/391/398 362/369/398
f 371/371/399 386/379/399 385/394/399
f 379/380/794 378/393/794 363/373/794
f 391/392/401 406/398/401 405/395/401
f 399/396/402 398/409/402 383/387/402
f 385/394/405 400/400/405 399/396/405
f 393/399/406 392/397/406 377/391/406
f 386/379/407 401/402/407 400/400/407
f 394/401/795 393/399/795 378/393/795
f 387/382/409 402/404/409 401/402/409
f 380/403/796 395/410/796 394/401/796
f 388/384/411 403/406/411 402/404/411
f 396/405/797 395/410/797 380/403/797
f 389/386/413 404/408/413 403/406/413
f 397/407/798 396/405/798 381/383/798
f 390/388/415 405/395/415 404/408/415
f 398/409/416 397/407/416 382/385/416
f 395/410/799 410/433/799 409/411/799
f 403/406/418 418/414/418 417/412/418
f 411/413/800 410/433/800 395/410/800
f 404/408/420 419/416/420 418/414/420
f 412/415/801 411/413/801 396/405/801
f 405/395/422 420/418/422 419/416/422
f 413/417/423 412/415/423 397/407/423
f 406/398/424 421/421/424 420/418/424
f 414/419/425 413/417/425 398/409/425
f 400/400/428 415/423/428 414/419/428
f 408/422/429 407/420/429 392/397/429
f 401/402/430 416/424/430 415/423/430
f 409/411/802 408/422/802 393/399/802
f 402/404/432 417/412/432 416/424/432
f 429/425/803 428/439/803 413/417/803
f 415/423/804 430/429/804 429/425/804
f 423/428/805 422/426/805 407/420/805
f 416/424/438 431/431/438 430/429/438
f 424/430/806 423/428/806 408/422/806
f 417/412/440 432/434/440 431/431/440
f 425/432/441 424/430/441 409/411/441
f 418/414/442 433/436/442 432/434/442
f 426/435/807 425/432/807 410/433/807
f 419/416/444 434/438/444 433/436/444
f 427/437/808 426/435/808 411/413/808
f 420/418/446 435/440/446 434/438/446
f 428/439/809 427/437/809 412/415/809
f 421/421/448 436/427/448 435/440/448
f 433/436/449 448/443/449 447/441/449
f 441/442/810 440/455/810 425/432/810
f 434/438/451 449/445/451 448/443/451
f 442/444/811 441/442/811 426/435/811
f 435/440/453 450/447/453 449/445/453
f 443/446/454 442/444/454 427/437/454
f 436/427/455 451/450/455 450/447/455
f 444/448/456 443/446/456 428/439/456
f 430/429/459 445/452/459 444/448/459
f 438/451/812 437/449/812 422/426/812
f 431/431/461 446/454/461 445/452/461
f 439/453/813 438/451/813 423/428/813
f 432/434/463 447/441/463 446/454/463
f 440/455/464 439/453/464 424/430/464
f 445/452/467 459/460/467 458/458/467
f 452/459/814 219/456/814 437/449/814
f 446/454/815 460/462/815 459/460/815
f 453/461/816 452/459/816 438/451/816
f 447/441/471 461/464/471 460/462/471
f 454/463/472 453/461/472 439/453/472
f 448/443/473 462/466/473 461/464/473
f 455/465/817 454/463/817 440/455/817
f 449/445/475 463/468/475 462/466/475
f 456/467/818 455/465/818 441/442/818
f 450/447/477 464/470/477 463/468/477
f 457/469/478 456/467/478 442/444/478
f 451/450/479 465/457/479 464/470/479
f 458/458/480 457/469/480 443/446/480
f 470/471/819 469/483/819 454/463/819
f 463/468/482 478/474/482 477/472/482
f 471/473/820 470/471/820 455/465/820
f 464/470/484 479/476/484 478/474/484
f 472/475/485 471/473/485 456/467/485
f 465/457/486 480/479/486 479/476/486
f 473/477/487 472/475/487 457/469/487
f 459/460/490 474/480/490 473/477/490
f 452/459/821 467/485/821 466/478/821
f 460/462/822 475/482/822 474/480/822
f 468/481/823 467/485/823 452/459/823
f 461/464/494 476/484/494 475/482/494
f 469/483/824 468/481/824 453/461/824
f 462/466/496 477/472/496 476/484/496
f 474/480/825 5/246/825 4/245/825
f 250/247/826 249/259/826 466/478/826
f 475/482/827 253/248/827 5/246/827
f 1/249/828 250/247/828 467/485/828
f 476/484/829 6/250/829 253/248/829
f 251/251/830 1/249/830 468/481/830
f 477/472/831 254/252/831 6/250/831
f 2/253/832 251/251/832 469/483/832
f 478/474/833 255/254/833 254/252/833
f 252/255/834 2/253/834 470/471/834
f 256/256/835 255/254/835 478/474/835
f 3/257/836 252/255/836 471/473/836
f 480/479/837 257/258/837 256/256/837
f 4/245/838 3/257/838 472/475/838
f 512/520/839 481/630/839 482/631/839
f 482/631/543 483/632/543 512/520/543
f 483/632/840 484/633/840 512/520/840
f 484/633/840 485/634/840 486/635/840
f 486/635/841 487/636/841 484/633/841
f 487/636/840 488/637/840 484/633/840
f 488/637/842 489/638/842 490/639/842
f 490/639/843 491/640/843 492/641/843
f 492/641/840 493/642/840 496/518/840
f 493/642/841 494/643/841 496/518/841
f 494/643/844 495/644/844 496/518/844
f 496/518/845 497/645/845 498/646/845
f 498/646/846 499/647/846 500/648/846
f 500/648/840 501/649/840 504/519/840
f 501/649/841 502/650/841 504/519/841
f 502/650/841 503/651/841 504/519/841
f 504/519/840 505/652/840 506/653/840
f 506/653/840 507/654/840 504/519/840
f 507/654/841 508/655/841 504/519/841
f 508/655/840 509/656/840 510/657/840
f 510/657/847 511/658/847 512/520/847
f 488/637/543 490/639/543 496/518/543
f 490/639/543 492/641/543 496/518/543
f 496/518/543 498/646/543 504/519/543
f 498/646/543 500/648/543 504/519/543
f 508/655/543 510/657/543 504/519/543
f 510/657/543 512/520/543 504/519/543
f 512/520/543 484/633/543 488/637/543
f 512/520/543 488/637/543 496/518/543
f 545/659/848 514/660/848 515/661/848
f 515/661/576 516/662/576 517/663/576
f 517/663/576 518/664/576 519/665/576
f 519/665/849 520/666/849 517/663/849
f 520/666/576 521/554/576 517/663/576
f 521/554/849 522/667/849 523/668/849
f 523/668/576 524/669/576 521/554/576
f 524/669/576 525/670/576 521/554/576
f 525/670/576 526/671/576 527/672/576
f 527/672/576 528/673/576 529/555/576
f 529/555/850 530/674/850 531/675/850
f 531/675/576 532/676/576 533/677/576
f 533/677/576 534/678/576 537/556/576
f 534/678/576 535/679/576 537/556/576
f 535/679/849 536/680/849 537/556/849
f 537/556/849 538/681/849 539/682/849
f 539/682/851 540/683/851 541/684/851
f 541/684/576 542/685/576 545/659/576
f 542/685/576 543/686/576 545/659/576
f 543/686/576 544/687/576 545/659/576
f 545/659/576 515/661/576 517/663/576
f 525/670/576 527/672/576 529/555/576
f 529/555/576 531/675/576 537/556/576
f 531/675/576 533/677/576 537/556/576
f 537/556/576 539/682/576 545/659/576
f 539/682/576 541/684/576 545/659/576
f 545/659/576 517/663/576 521/554/576
f 521/554/576 525/670/576 529/555/576
f 545/659/576 521/554/576 537/556/576
f 578/592/852 547/688/852 548/689/852
f 548/689/853 549/690/853 550/691/853
f 550/691/854 551/692/854 552/693/854
f 552/693/855 553/694/855 550/691/855
f 553/694/609 554/695/609 550/691/609
f 554/695/856 555/696/856 556/697/856
f 556/697/857 557/698/857 554/695/857
f 557/698/609 558/699/609 554/695/609
f 558/699/858 559/700/858 560/701/858
f 560/701/859 561/702/859 562/590/859
f 562/590/860 563/703/860 564/704/860
f 564/704/853 565/705/853 566/706/853
f 566/706/609 567/707/609 568/708/609
f 568/708/861 569/709/861 570/591/861
f 570/591/609 571/710/609 574/711/609
f 571/710/862 572/712/862 574/711/862
f 572/712/863 573/713/863 574/711/863
f 574/711/609 575/714/609 576/715/609
f 576/715/859 577/716/859 578/592/859
f 578/592/609 548/689/609 550/691/609
f 558/699/609 560/701/609 554/695/609
f 560/701/862 562/590/862 554/695/862
f 562/590/609 564/704/609 566/706/609
f 566/706/609 568/708/609 570/591/609
f 574/711/609 576/715/609 570/591/609
f 576/715/862 578/592/862 570/591/862
f 578/592/609 550/691/609 562/590/609
f 550/691/609 554/695/609 562/590/609
f 562/590/609 566/706/609 570/591/609
f 611/627/864 580/717/864 581/718/864
f 581/718/865 582/719/865 583/720/865
f 583/720/866 584/721/866 587/722/866
f 584/721/642 585/723/642 587/722/642
f 585/723/867 586/724/867 587/722/867
f 587/722/866 588/725/866 591/726/866
f 588/725/642 589/727/642 591/726/642
f 589/727/866 590/728/866 591/726/866
f 591/726/866 592/729/866 595/628/866
f 592/729/865 593/730/865 595/628/865
f 593/730/868 594/731/868 595/628/868
f 595/628/869 596/732/869 597/733/869
f 597/733/642 598/734/642 599/735/642
f 599/735/870 600/736/870 601/737/870
f 601/737/642 602/738/642 599/735/642
f 602/738/866 603/739/866 599/735/866
f 603/739/866 604/740/866 607/626/866
f 604/740/642 605/741/642 607/626/642
f 605/741/867 606/742/867 607/626/867
f 607/626/871 608/743/871 609/744/871
f 609/744/642 610/745/642 611/627/642
f 611/627/642 581/718/642 587/722/642
f 581/718/642 583/720/642 587/722/642
f 595/628/642 597/733/642 599/735/642
f 607/626/642 609/744/642 611/627/642
f 587/722/642 591/726/642 611/627/642
f 591/726/642 595/628/642 611/627/642
f 595/628/642 599/735/642 603/739/642
f 603/739/642 607/626/642 595/628/642
